step,time_s,cmd_vx,cmd_vy,cmd_wz,act_vx,act_vy,act_vz,act_wx,act_wy,act_wz,pos_x,pos_y,pos_z,pitch_rad,roll_rad,action_0,action_1,action_2,action_3,lqr_left,lqr_right
0,0.0000,0.7467,0.0000,0.1528,-0.0622,-0.0802,-0.2786,0.3744,2.7748,-0.0504,-28.1770,-76.2729,0.9097,0.11190,3.12828,1.4486,0.9002,-1.5000,-0.4600,0.00000,0.00000
1,0.0400,0.7467,0.0000,0.1528,0.2094,-0.0934,-0.7880,0.9339,1.3480,-2.5311,-28.1819,-76.2713,0.8845,0.15997,3.11214,1.9815,3.6998,0.8340,1.6259,0.00000,0.00000
2,0.0800,0.7467,0.0000,0.1528,0.3980,-0.1042,-1.2684,0.9636,2.0373,-3.0272,-28.1874,-76.2697,0.8403,0.23260,3.10712,4.0849,3.6992,0.9892,3.2634,0.00000,0.00000
3,0.1200,0.7467,0.0000,0.1528,0.5428,-0.0678,-1.5415,-0.7234,0.6266,0.1335,-28.1938,-76.2692,0.7802,0.26242,3.12795,1.5499,2.0879,0.8711,1.7609,0.00000,0.00000
4,0.1600,0.7467,0.0000,0.1528,0.6419,-0.0227,-1.8563,-1.1296,0.7428,2.6791,-28.1974,-76.2693,0.7106,0.29307,-3.13178,-0.1550,-0.1740,-0.1479,0.0348,0.00000,0.00000
5,0.2000,0.7467,0.0000,0.1528,0.2788,0.0330,0.2291,-0.1764,0.7184,0.0311,-28.2063,-76.2742,0.6848,0.32443,-3.13394,-0.1627,-0.8238,-0.4090,0.2728,0.00000,0.00000
6,0.2400,0.7467,0.0000,0.1528,0.3931,0.0319,0.3371,-0.1493,-0.5740,0.3129,-28.2220,-76.2806,0.6922,0.32358,-3.13086,0.3432,-0.4343,-0.4346,-0.4882,0.00000,0.00000
7,0.2800,0.7467,0.0000,0.1528,0.5512,-0.0200,0.0480,0.0366,-1.1154,0.5521,-28.2407,-76.2872,0.6918,0.27915,-3.13534,-0.3088,-0.6928,-0.3503,-0.3606,0.00000,0.00000
8,0.3200,0.7467,0.0000,0.1528,0.6043,-0.0430,0.0631,0.1962,-1.0967,0.2103,-28.2618,-76.2929,0.6861,0.22803,3.13758,-0.3531,-0.5590,-0.1833,-0.0367,0.00000,0.00000
9,0.3600,0.7467,0.0000,0.1528,0.6280,0.0118,0.1849,-0.0698,-0.6604,0.0896,-28.2847,-76.3005,0.6848,0.19586,3.13471,-0.0822,-0.1871,-0.0196,0.0616,0.00000,0.00000
10,0.4000,0.7467,0.0000,0.1528,0.6860,0.0327,0.1789,-0.1755,-0.7590,0.1213,-28.3090,-76.3107,0.6859,0.16843,3.13996,0.0350,-0.0843,-0.0492,0.0494,0.00000,0.00000
11,0.4400,0.7467,0.0000,0.1528,0.7349,0.0219,0.1402,-0.1223,-0.7151,0.1747,-28.3352,-76.3216,0.6863,0.13896,-3.13848,0.0376,-0.0785,-0.0780,-0.0060,0.00000,0.00000
12,0.4800,0.7467,0.0000,0.1528,0.7920,0.0183,0.1312,-0.0997,-0.9880,0.1176,-28.3630,-76.3332,0.6864,0.10320,-3.13448,0.0573,-0.0783,-0.0687,0.0339,0.00000,0.00000
13,0.5200,0.7467,0.0000,0.1528,0.8024,-0.0014,0.1197,0.0016,-0.5113,0.1167,-28.3922,-76.3447,0.6872,0.07617,-3.13408,0.0340,-0.0751,-0.1353,-0.0440,0.00000,0.00000
14,0.5600,0.7467,0.0000,0.1528,0.8292,0.0211,0.0808,-0.1130,-0.5156,0.1657,-28.4222,-76.3569,0.6875,0.05380,-3.13198,0.0361,-0.1124,-0.0554,-0.0261,0.00000,0.00000
15,0.6000,0.7467,0.0000,0.1528,0.8536,0.0027,0.0717,-0.0192,-0.6104,0.2307,-28.4526,-76.3698,0.6875,0.03251,-3.12930,0.0675,-0.0627,-0.1132,0.0589,0.00000,0.00000
16,0.6400,0.7467,0.0000,0.1528,0.8491,-0.0001,0.0580,-0.0025,-0.1840,0.1984,-28.4839,-76.3824,0.6877,0.01803,-3.13047,0.0545,-0.0797,-0.1045,-0.0641,0.00000,0.00000
17,0.6800,0.7467,0.0000,0.1528,0.8656,-0.0098,0.0562,0.0467,-0.2843,0.2315,-28.5153,-76.3955,0.6880,0.00879,-3.13114,0.0463,-0.0776,-0.1182,0.0653,0.00000,0.00000
18,0.7200,0.7467,0.0000,0.1528,0.8618,0.0099,0.0426,-0.0518,-0.0096,0.1907,-28.5470,-76.4091,0.6883,0.00297,-3.13201,0.0689,-0.0910,-0.0708,-0.0431,0.00000,0.00000
19,0.7600,0.7467,0.0000,0.1528,0.8793,0.0207,0.0302,-0.1068,-0.2216,0.1506,-28.5783,-76.4239,0.6881,-0.00239,-3.12756,0.0693,-0.0856,-0.0669,0.0459,0.00000,0.00000
20,0.8000,0.7467,0.0000,0.1528,0.8835,-0.0061,0.0452,0.0294,-0.1288,0.1894,-28.6101,-76.4385,0.6884,-0.00793,-3.12644,0.0737,-0.0855,-0.1302,0.0185,0.00000,0.00000
21,0.8400,0.7467,0.0000,0.1528,0.8824,0.0082,0.0197,-0.0431,0.0102,0.2429,-28.6423,-76.4532,0.6886,-0.01105,-3.12673,0.0551,-0.1061,-0.0624,-0.0698,0.00000,0.00000
22,0.8800,0.7467,0.0000,0.1528,0.9022,-0.0062,0.0229,0.0303,-0.3237,0.2826,-28.6741,-76.4684,0.6883,-0.01730,-3.12559,0.0823,-0.0689,-0.1124,0.0913,0.00000,0.00000
23,0.9200,0.7467,0.0000,0.1528,0.8949,0.0264,0.0317,-0.1339,-0.1081,0.1973,-28.7062,-76.4843,0.6887,-0.02631,-3.12410,0.1242,-0.1128,-0.0745,-0.0974,0.00000,0.00000
24,0.9600,0.7467,0.0000,0.1528,0.8947,-0.0008,0.0076,0.0028,-0.1279,0.2387,-28.7376,-76.5008,0.6890,-0.02894,-3.12006,0.0690,-0.0636,-0.1272,0.0413,0.00000,0.00000
25,1.0000,0.7467,0.0000,0.1528,0.8977,-0.0018,-0.0088,0.0094,-0.1788,0.1734,-28.7696,-76.5168,0.6885,-0.03651,-3.12103,0.0941,-0.0864,-0.0656,-0.0353,0.00000,0.00000
26,1.0400,0.7467,0.0000,0.1528,0.8871,0.0078,0.0063,-0.0388,-0.0309,0.2302,-28.8010,-76.5332,0.6884,-0.03972,-3.11990,0.0695,-0.1104,-0.1040,-0.0216,0.00000,0.00000
27,1.0800,0.7467,0.0000,0.1528,0.8793,0.0098,0.0007,-0.0487,0.0885,0.2680,-28.8320,-76.5501,0.6884,-0.03827,-3.11743,0.0591,-0.1179,-0.0723,-0.0205,0.00000,0.00000
28,1.1200,0.7467,0.0000,0.1528,0.8822,-0.0175,-0.0134,0.0902,0.0068,0.2076,-28.8630,-76.5667,0.6878,-0.03546,-3.11809,0.0546,-0.0608,-0.0817,0.0351,0.00000,0.00000
29,1.1600,0.7467,0.0000,0.1528,0.8890,-0.0180,0.0157,0.0933,-0.0978,0.2272,-28.8944,-76.5831,0.6878,-0.03821,-3.12248,0.0637,-0.1069,-0.0950,-0.0002,0.00000,0.00000
30,1.2000,0.7467,0.0000,0.1528,0.8806,-0.0148,0.0047,0.0772,0.0370,0.2248,-28.9254,-76.5999,0.6882,-0.03850,-3.12628,0.0518,-0.0710,-0.0781,0.0001,0.00000,0.00000
31,1.2400,0.7467,0.0000,0.1528,0.8881,0.0244,-0.0020,-0.1219,-0.1798,0.1834,-28.9558,-76.6178,0.6881,-0.04323,-3.12437,0.1085,-0.0979,-0.0414,0.0012,0.00000,0.00000
32,1.2800,0.7467,0.0000,0.1528,0.8722,0.0043,-0.0126,-0.0214,0.0875,0.1591,-28.9856,-76.6362,0.6878,-0.04216,-3.12075,0.0641,-0.0558,-0.0999,0.0033,0.00000,0.00000
33,1.3200,0.7467,0.0000,0.1528,0.8748,-0.0012,-0.0045,0.0067,0.0436,0.1226,-29.0156,-76.6542,0.6873,-0.04056,-3.12049,0.0598,-0.0936,-0.0650,-0.0035,0.00000,0.00000
34,1.3600,0.7467,0.0000,0.1528,0.8646,0.0123,0.0185,-0.0628,0.2398,0.1454,-29.0453,-76.6725,0.6875,-0.03455,-3.11911,0.0638,-0.1199,-0.0593,-0.0207,0.00000,0.00000
35,1.4000,0.7467,0.0000,0.1528,0.8795,-0.0095,0.0167,0.0488,-0.0430,0.1941,-29.0749,-76.6910,0.6879,-0.03044,-3.11790,0.0588,-0.0910,-0.0972,0.0445,0.00000,0.00000
36,1.4400,0.7467,0.0000,0.1528,0.8811,-0.0384,-0.0163,0.1971,-0.0063,0.1207,-29.1052,-76.7088,0.6879,-0.03258,-3.12322,0.0563,-0.0974,-0.0761,-0.0051,0.00000,0.00000
37,1.4800,0.7467,0.0000,0.1528,0.8806,-0.1359,-0.2042,0.6954,-0.0450,-0.0306,-29.1370,-76.7246,0.6835,-0.03412,3.14027,0.1499,-0.1261,-0.0370,-0.0345,0.00000,0.00000
38,1.5200,0.7467,0.0000,0.1528,0.8625,-0.2380,-0.4207,1.2590,0.2390,0.1051,-29.1711,-76.7370,0.6711,-0.02961,3.09595,0.4169,-0.4145,0.0048,-0.2523,0.00000,0.00000
39,1.5600,0.7467,0.0000,0.1528,0.8587,0.0400,0.0533,0.0259,0.2368,0.1177,-29.2037,-76.7510,0.6609,-0.02824,3.06838,0.8054,-0.4825,-0.1150,-0.2381,0.00000,0.00000
40,1.6000,0.7467,0.0000,0.1528,0.8727,0.0319,0.0505,0.1073,-0.0348,-0.0284,-29.2310,-76.7722,0.6648,-0.01753,3.08214,-0.0674,-0.1939,-0.0347,-0.2274,0.00000,0.00000
41,1.6400,0.7467,0.0000,0.1528,0.8929,-0.0701,-0.0949,0.3619,-0.5770,-0.0592,-29.2612,-76.7899,0.6619,-0.02792,3.06973,0.2022,-0.1496,0.0125,-0.0039,0.00000,0.00000
42,1.6800,0.7467,0.0000,0.1528,0.8599,-0.0850,-0.0433,0.4441,0.0292,0.2035,-29.2925,-76.8056,0.6585,-0.03755,3.04701,0.1415,-0.1833,-0.0605,-0.1536,0.00000,0.00000
43,1.7200,0.7467,0.0000,0.1528,0.8557,-0.0125,-0.0045,0.0685,0.0782,0.0420,-29.3224,-76.8227,0.6575,-0.03675,3.03429,0.1276,-0.2293,-0.0007,-0.1175,0.00000,0.00000
44,1.7600,0.7467,0.0000,0.1528,0.8677,0.0476,-0.1092,-0.2028,-0.1629,-0.0576,-29.3507,-76.8423,0.6554,-0.03763,3.03724,0.1067,-0.1494,-0.0717,0.0075,0.00000,0.00000
45,1.8000,0.7467,0.0000,0.1528,0.8546,0.1240,-0.2740,-0.5869,0.0066,-0.0190,-29.3775,-76.8645,0.6479,-0.03682,3.05405,0.0666,-0.0878,-0.3255,0.2334,0.00000,0.00000
46,1.8400,0.7467,0.0000,0.1528,0.8062,0.1606,-0.3078,-0.7727,0.6357,0.0337,-29.4011,-76.8898,0.6343,-0.02159,3.09241,0.1615,0.1542,-0.5102,0.4643,0.00000,0.00000
47,1.8800,0.7467,0.0000,0.1528,0.8722,-0.0382,-0.2863,0.1784,-0.0753,-0.0887,-29.4281,-76.9118,0.6223,-0.01942,3.10848,-0.0052,-0.0616,-0.1621,0.0091,0.00000,0.00000
48,1.9200,0.7467,0.0000,0.1528,0.8962,-0.1183,-0.3054,0.6034,0.0145,-0.2140,-29.4601,-76.9290,0.6108,-0.02758,3.09012,0.2651,-0.4423,0.0645,-0.2722,0.00000,0.00000
49,1.9600,0.7467,0.0000,0.1528,0.9008,-0.0244,-0.1300,0.1267,-0.0319,0.1692,-29.4931,-76.9443,0.5985,-0.02510,3.06061,0.6986,-0.5552,-0.0399,-0.2415,0.00000,0.00000
50,2.0000,0.7467,0.0000,0.1528,0.9034,-0.0540,-0.0259,0.2731,-0.1064,0.1406,-29.5233,-76.9632,0.5962,-0.01956,3.05652,-0.0853,-0.1547,-0.0875,-0.0483,0.00000,0.00000
51,2.0400,0.7467,0.0000,0.1528,0.9137,-0.0978,-0.0658,0.5015,-0.2241,0.0866,-29.5560,-76.9797,0.5930,-0.03016,3.03350,0.1221,-0.1628,0.0359,-0.0841,0.00000,0.00000
52,2.0800,0.7467,0.0000,0.1528,0.8924,-0.0258,0.0015,0.1351,0.1450,0.1608,-29.5877,-76.9971,0.5913,-0.03138,3.01665,0.1390,-0.2028,-0.0491,-0.1244,0.00000,0.00000
53,2.1200,0.7467,0.0000,0.1528,0.8944,0.0156,0.0057,-0.0808,0.0615,0.1499,-29.6174,-77.0170,0.5912,-0.02763,3.01637,0.1290,-0.1805,-0.0210,-0.0680,0.00000,0.00000
54,2.1600,0.7467,0.0000,0.1528,0.9169,0.0242,-0.0862,-0.1278,-0.2604,-0.0324,-29.6470,-77.0377,0.5895,-0.03145,3.01845,0.1182,-0.1220,-0.0610,-0.0084,0.00000,0.00000
55,2.2000,0.7467,0.0000,0.1528,0.9060,0.1335,-0.1603,-0.6260,-0.0805,0.0478,-29.6754,-77.0607,0.5849,-0.03599,3.03327,0.1650,-0.1568,-0.3185,0.1631,0.00000,0.00000
56,2.2400,0.7467,0.0000,0.1528,0.8589,0.1928,-0.3489,-0.6425,0.5584,0.1216,-29.7003,-77.0876,0.5744,-0.02362,3.07211,0.1341,0.1265,-0.5520,0.4182,0.00000,0.00000
57,2.2800,0.7467,0.0000,0.1528,0.9026,0.0610,-0.3659,-0.2955,-0.0345,-0.0941,-29.7263,-77.1135,0.5594,-0.02193,3.10268,0.1282,-0.0898,-0.1353,0.0454,0.00000,0.00000
58,2.3200,0.7467,0.0000,0.1528,0.9308,-0.1081,-0.3644,0.5547,-0.1636,-0.3349,-29.7573,-77.1342,0.5452,-0.02936,3.09839,0.2930,-0.4025,-0.0542,-0.1531,0.00000,0.00000
59,2.3600,0.7467,0.0000,0.1528,0.9375,-0.0295,-0.0981,0.1532,-0.0979,-0.0175,-29.7917,-77.1507,0.5329,-0.03442,3.06780,0.6764,-0.5727,-0.0280,-0.3010,0.00000,0.00000
60,2.4000,0.7467,0.0000,0.1528,0.9341,-0.0578,-0.0062,0.2893,-0.1674,0.1106,-29.8230,-77.1702,0.5323,-0.03037,3.06261,-0.0655,-0.1810,-0.1060,-0.0914,0.00000,0.00000
61,2.4400,0.7467,0.0000,0.1528,0.9365,-0.0831,-0.1035,0.4222,-0.2939,-0.0143,-29.8563,-77.1876,0.5290,-0.04339,3.04121,0.1879,-0.1440,0.0666,-0.0845,0.00000,0.00000
62,2.4800,0.7467,0.0000,0.1528,0.9036,-0.0176,-0.0418,0.0930,0.2244,0.0969,-29.8882,-77.2060,0.5261,-0.04344,3.02771,0.1505,-0.2048,-0.0385,-0.1199,0.00000,0.00000
63,2.5200,0.7467,0.0000,0.1528,0.9173,-0.0049,-0.0261,0.0253,-0.1127,0.0524,-29.9186,-77.2261,0.5249,-0.04121,3.02613,0.1254,-0.1537,-0.0161,-0.0380,0.00000,0.00000
64,2.5600,0.7467,0.0000,0.1528,0.9216,0.0552,-0.1009,-0.2367,-0.1716,-0.1546,-29.9489,-77.2470,0.5230,-0.04768,3.02855,0.1522,-0.1762,-0.0658,-0.0649,0.00000,0.00000
65,2.6000,0.7467,0.0000,0.1528,0.9051,0.1226,-0.2862,-0.5854,-0.0912,-0.0855,-29.9772,-77.2705,0.5161,-0.04740,3.04715,0.0433,-0.0550,-0.3817,0.2784,0.00000,0.00000
66,2.6400,0.7467,0.0000,0.1528,0.8517,0.1168,-0.3498,-0.5621,0.6402,0.1916,-30.0030,-77.2963,0.5016,-0.03470,3.08043,0.1360,0.1987,-0.5463,0.4512,0.00000,0.00000
67,2.6800,0.7467,0.0000,0.1528,0.9098,-0.0288,-0.3059,0.1361,0.0924,-0.2370,-30.0321,-77.3189,0.4887,-0.03145,3.09199,0.0454,-0.0972,-0.1084,-0.0025,0.00000,0.00000
68,2.7200,0.7467,0.0000,0.1528,0.9316,-0.1253,-0.3122,0.6317,0.1890,-0.2514,-30.0652,-77.3373,0.4775,-0.02966,3.07578,0.2916,-0.4900,-0.0146,-0.2310,0.00000,0.00000
69,2.7600,0.7467,0.0000,0.1528,0.9395,0.0294,-0.0445,-0.1403,0.0472,-0.0951,-30.0993,-77.3542,0.4667,-0.02711,3.05409,0.7635,-0.5444,-0.0322,-0.2026,0.00000,0.00000
70,2.8000,0.7467,0.0000,0.1528,0.9562,-0.0028,-0.0075,0.0070,-0.4356,0.0261,-30.1298,-77.3757,0.4672,-0.02593,3.06472,-0.0302,-0.1553,-0.0895,-0.1053,0.00000,0.00000
71,2.8400,0.7467,0.0000,0.1528,0.9603,-0.1025,-0.1263,0.5204,-0.6392,0.0041,-30.1636,-77.3932,0.4631,-0.04643,3.04674,0.2237,-0.0733,-0.0383,-0.0622,0.00000,0.00000
72,2.8800,0.7467,0.0000,0.1528,0.9073,0.0278,-0.0033,-0.1409,0.2150,0.0341,-30.1964,-77.4113,0.4610,-0.05680,3.03521,0.2756,-0.2970,-0.0664,-0.2696,0.00000,0.00000
73,2.9200,0.7467,0.0000,0.1528,0.9090,0.0143,-0.0968,-0.0727,0.0452,-0.0169,-30.2263,-77.4318,0.4602,-0.04687,3.04243,0.0214,-0.1420,-0.0291,-0.0181,0.00000,0.00000
74,2.9600,0.7467,0.0000,0.1528,0.9183,0.0707,-0.1763,-0.3229,-0.1805,-0.0344,-30.2567,-77.4526,0.4550,-0.05136,3.04745,0.1903,-0.1741,-0.1638,0.1226,0.00000,0.00000
75,3.0000,0.7467,0.0000,0.1528,0.8826,0.2002,-0.3126,-0.9395,0.0917,-0.1287,-30.2841,-77.4768,0.4463,-0.04591,3.07600,0.2229,0.0458,-0.5548,0.4181,0.00000,0.00000
76,3.0400,0.7467,0.0000,0.1528,0.8724,-0.0402,-0.2855,0.1906,0.3447,-0.3263,-30.3111,-77.4997,0.4335,-0.02401,3.09672,0.2301,0.4093,-0.5529,0.4698,0.00000,0.00000
77,3.0800,0.7467,0.0000,0.1528,0.9310,-0.0891,-0.2683,0.4143,-0.0832,-0.2805,-30.3449,-77.5169,0.4227,-0.03979,3.07998,0.1738,-0.3523,-0.0185,-0.3892,0.00000,0.00000
78,3.1200,0.7467,0.0000,0.1528,0.9194,-0.1683,-0.4356,0.5959,0.1455,0.2440,-30.3791,-77.5322,0.4089,-0.03362,3.05484,0.4115,-0.5379,-0.0698,-0.1682,0.00000,0.00000
79,3.1600,0.7467,0.0000,0.1528,0.9191,-0.0608,-0.1487,0.3118,-0.2930,0.4059,-30.4132,-77.5474,0.3962,-0.04674,3.02606,0.2671,-0.2441,-0.0735,-0.0365,0.00000,0.00000
80,3.2000,0.7467,0.0000,0.1528,0.9008,0.0228,-0.0176,-0.1162,-0.0182,0.0893,-30.4441,-77.5663,0.3943,-0.05188,3.02335,0.0750,-0.2039,-0.0114,-0.2272,0.00000,0.00000
81,3.2400,0.7467,0.0000,0.1528,0.8920,-0.0126,-0.0675,0.0631,-0.0239,0.0180,-30.4743,-77.5857,0.3930,-0.05205,3.02440,0.0628,-0.1600,-0.0038,-0.0314,0.00000,0.00000
82,3.2800,0.7467,0.0000,0.1528,0.8723,0.0041,-0.0365,-0.0228,0.3050,-0.0539,-30.5046,-77.6043,0.3910,-0.04718,3.02126,0.1151,-0.2176,0.0244,-0.0981,0.00000,0.00000
83,3.3200,0.7467,0.0000,0.1528,0.8944,0.0325,-0.0540,-0.1850,-0.0723,-0.1781,-30.5342,-77.6237,0.3899,-0.04122,3.02521,0.0974,-0.1745,-0.0094,-0.0274,0.00000,0.00000
84,3.3600,0.7467,0.0000,0.1528,0.9014,0.0639,-0.1744,-0.3218,-0.1980,0.1091,-30.5636,-77.6441,0.3859,-0.04405,3.03313,0.0735,-0.1185,-0.2596,0.1675,0.00000,0.00000
85,3.4000,0.7467,0.0000,0.1528,0.8725,0.1626,-0.3765,-0.9784,0.0189,0.0222,-30.5911,-77.6675,0.3750,-0.04233,3.05748,0.1097,0.1136,-0.5118,0.4050,0.00000,0.00000
86,3.4400,0.7467,0.0000,0.1528,0.8640,-0.0637,-0.2753,0.2953,0.3151,-0.1136,-30.6183,-77.6893,0.3618,-0.02426,3.07122,0.1140,0.3342,-0.5385,0.4011,0.00000,0.00000
87,3.4800,0.7467,0.0000,0.1528,0.9275,-0.0580,-0.2587,0.2838,-0.1023,-0.2925,-30.6514,-77.7075,0.3520,-0.04204,3.05723,0.1971,-0.4135,0.0472,-0.4089,0.00000,0.00000
88,3.5200,0.7467,0.0000,0.1528,0.9269,-0.0492,-0.4062,0.2134,-0.1800,0.4094,-30.6842,-77.7252,0.3369,-0.04201,3.04173,0.5332,-0.5748,0.0617,-0.2108,0.00000,0.00000
89,3.5600,0.7467,0.0000,0.1528,0.9094,-0.0612,-0.1690,0.3195,-0.0154,0.3107,-30.7159,-77.7435,0.3255,-0.04272,3.02861,-0.0539,-0.1579,-0.0586,0.0909,0.00000,0.00000
90,3.6000,0.7467,0.0000,0.1528,0.9302,-0.0172,0.0531,0.0907,-0.1066,-0.0661,-30.7479,-77.7618,0.3239,-0.04709,3.01755,0.1386,-0.2276,-0.0111,-0.1377,0.00000,0.00000
91,3.6400,0.7467,0.0000,0.1528,0.9336,-0.0158,0.0398,0.0771,-0.2511,0.0595,-30.7796,-77.7809,0.3268,-0.05371,3.01367,0.0975,-0.2020,-0.0428,-0.1077,0.00000,0.00000
92,3.6800,0.7467,0.0000,0.1528,0.9043,0.0026,-0.0624,-0.0117,0.0876,0.1575,-30.8107,-77.8002,0.3264,-0.05623,3.00997,0.1522,-0.1537,-0.0200,-0.0979,0.00000,0.00000
93,3.7200,0.7467,0.0000,0.1528,0.9070,0.0820,-0.1175,-0.4154,-0.0292,-0.0548,-30.8402,-77.8216,0.3236,-0.05598,3.01828,0.1358,-0.1842,-0.0276,-0.0539,0.00000,0.00000
94,3.7600,0.7467,0.0000,0.1528,0.9042,0.0717,-0.2009,-0.3281,0.1523,0.0767,-30.8686,-77.8444,0.3184,-0.04709,3.03323,0.0137,-0.0873,-0.3381,0.2503,0.00000,0.00000
95,3.8000,0.7467,0.0000,0.1528,0.8646,0.2268,-0.3060,-0.7226,0.6559,-0.1183,-30.8954,-77.8697,0.3081,-0.02987,3.06440,0.2559,0.1025,-0.4488,0.4423,0.00000,0.00000
96,3.8400,0.7467,0.0000,0.1528,0.9056,0.0907,-0.3324,-0.4453,0.0790,0.0604,-30.9211,-77.8966,0.2955,-0.01846,3.10357,0.0124,-0.0118,-0.1854,0.0170,0.00000,0.00000
97,3.8800,0.7467,0.0000,0.1528,0.9408,-0.1125,-0.3452,0.5724,-0.2526,-0.3024,-30.9525,-77.9169,0.2816,-0.02734,3.10090,0.1752,-0.2969,-0.0856,-0.0209,0.00000,0.00000
98,3.9200,0.7467,0.0000,0.1528,0.9587,-0.1681,-0.2411,0.8471,-0.2488,0.2066,-30.9887,-77.9308,0.2677,-0.02871,3.05830,0.5936,-0.5337,-0.0381,-0.3146,0.00000,0.00000
99,3.9600,0.7467,0.0000,0.1528,0.9502,-0.0551,0.0003,0.2801,-0.3362,0.3136,-31.0228,-77.9473,0.2635,-0.03978,3.03317,0.0863,-0.2528,-0.0916,-0.1127,0.00000,0.00000
100,4.0000,0.7467,0.0000,0.1528,0.9409,-0.0162,-0.0564,0.0819,-0.3165,0.1706,-31.0550,-77.9664,0.2628,-0.05221,3.02446,0.1593,-0.1225,0.0099,-0.1413,0.00000,0.00000
101,4.0400,0.7467,0.0000,0.1528,0.9131,-0.0161,-0.0568,0.0841,0.0066,0.2047,-31.0862,-77.9861,0.2606,-0.05670,3.01896,0.1800,-0.1361,-0.1043,-0.0490,0.00000,0.00000
102,4.0800,0.7467,0.0000,0.1528,0.9053,0.0030,-0.0363,-0.0144,0.0370,0.1376,-31.1166,-78.0063,0.2595,-0.05782,3.01654,0.1193,-0.1957,-0.0347,-0.1213,0.00000,0.00000
103,4.1200,0.7467,0.0000,0.1528,0.9030,0.0892,-0.1045,-0.4260,-0.0273,-0.0797,-31.1456,-78.0283,0.2578,-0.05946,3.02565,0.1315,-0.2193,-0.0139,-0.0858,0.00000,0.00000
104,4.1600,0.7467,0.0000,0.1528,0.8900,0.1130,-0.2060,-0.5588,0.2045,-0.0430,-31.1727,-78.0523,0.2526,-0.04936,3.04738,0.0955,-0.0943,-0.3263,0.2887,0.00000,0.00000
105,4.2000,0.7467,0.0000,0.1528,0.8516,0.1643,-0.3120,-0.7191,0.5072,0.0451,-31.1981,-78.0781,0.2411,-0.03193,3.08271,0.2323,0.1671,-0.5313,0.4672,0.00000,0.00000
106,4.2400,0.7467,0.0000,0.1528,0.8899,0.0840,-0.1803,-0.4062,0.0350,-0.1036,-31.2245,-78.1031,0.2309,-0.02803,3.11137,-0.0192,-0.0158,-0.1762,0.0803,0.00000,0.00000
107,4.2800,0.7467,0.0000,0.1528,0.9127,0.0202,-0.0584,-0.1049,-0.2367,0.0516,-31.2534,-78.1251,0.2262,-0.03616,3.12270,-0.0753,-0.1236,-0.0746,0.0155,0.00000,0.00000
108,4.3200,0.7467,0.0000,0.1528,0.9061,0.0110,0.0129,-0.0549,-0.0870,0.1478,-31.2833,-78.1456,0.2256,-0.04262,3.12509,0.0048,-0.1298,-0.0910,0.0322,0.00000,0.00000
109,4.3600,0.7467,0.0000,0.1528,0.8985,0.0423,-0.0229,-0.2092,-0.0453,0.1794,-31.3124,-78.1667,0.2256,-0.04552,3.13155,0.0618,-0.0757,-0.0375,-0.0111,0.00000,0.00000
110,4.4000,0.7467,0.0000,0.1528,0.8872,0.0459,-0.0354,-0.2300,0.0921,0.1699,-31.3407,-78.1885,0.2243,-0.04302,-3.14060,0.0709,-0.0642,-0.0951,0.0253,0.00000,0.00000
111,4.4400,0.7467,0.0000,0.1528,0.8973,0.0036,-0.0176,-0.0187,-0.0566,0.0808,-31.3694,-78.2098,0.2232,-0.04198,-3.13438,0.0301,-0.0559,-0.1205,0.0435,0.00000,0.00000
112,4.4800,0.7467,0.0000,0.1528,0.8861,0.0130,0.0195,-0.0666,0.2174,0.1245,-31.3986,-78.2304,0.2234,-0.03954,-3.13349,0.0445,-0.1287,-0.0736,-0.0566,0.00000,0.00000
113,4.5200,0.7467,0.0000,0.1528,0.8843,-0.0036,-0.0006,0.0190,0.2278,0.2329,-31.4274,-78.2513,0.2236,-0.02961,-3.13158,0.0041,-0.0814,-0.0800,0.0466,0.00000,0.00000
114,4.5600,0.7467,0.0000,0.1528,0.8957,0.0399,0.0134,-0.2028,0.0344,0.1470,-31.4560,-78.2728,0.2232,-0.02693,-3.12704,0.1156,-0.1104,-0.0178,-0.0195,0.00000,0.00000
115,4.6000,0.7467,0.0000,0.1528,0.9139,0.0303,0.0039,-0.1561,-0.2992,0.1191,-31.4839,-78.2955,0.2231,-0.03201,-3.11651,0.1015,-0.0591,-0.0512,0.0195,0.00000,0.00000
116,4.6400,0.7467,0.0000,0.1528,0.9153,-0.0351,-0.0070,0.1803,-0.2640,0.2215,-31.5132,-78.3168,0.2228,-0.04155,-3.11829,0.0560,-0.0485,-0.1364,0.0013,0.00000,0.00000
117,4.6800,0.7467,0.0000,0.1528,0.8967,-0.0136,0.0091,0.0732,0.0768,0.2492,-31.5429,-78.3374,0.2230,-0.04577,-3.12571,0.0497,-0.1146,-0.0870,-0.0618,0.00000,0.00000
118,4.7200,0.7467,0.0000,0.1528,0.8902,0.0241,0.0156,-0.1203,0.1022,0.2411,-31.5709,-78.3596,0.2237,-0.04184,-3.12263,0.0706,-0.1170,-0.0791,0.0131,0.00000,0.00000
119,4.7600,0.7467,0.0000,0.1528,0.8891,0.0277,-0.0061,-0.1416,0.0832,0.1535,-31.5981,-78.3826,0.2237,-0.03782,-3.11516,0.0954,-0.0848,-0.0504,-0.0135,0.00000,0.00000
120,4.8000,0.7467,0.0000,0.1528,0.8896,0.0029,0.0125,-0.0152,0.0997,0.1196,-31.6255,-78.4053,0.2235,-0.03345,-3.11104,0.0824,-0.0982,-0.0978,0.0227,0.00000,0.00000
121,4.8400,0.7467,0.0000,0.1528,0.8921,0.0023,0.0159,-0.0126,0.1004,0.1307,-31.6533,-78.4278,0.2239,-0.03037,-3.11056,0.0654,-0.1256,-0.0542,-0.0477,0.00000,0.00000
122,4.8800,0.7467,0.0000,0.1528,0.8987,-0.0068,0.0213,0.0349,-0.0203,0.1858,-31.6810,-78.4504,0.2242,-0.02862,-3.11058,0.0801,-0.1092,-0.0833,0.0406,0.00000,0.00000
123,4.9200,0.7467,0.0000,0.1528,0.9026,-0.0231,0.0070,0.1177,-0.0618,0.1610,-31.7092,-78.4727,0.2243,-0.02964,-3.11487,0.0762,-0.0711,-0.0920,-0.0008,0.00000,0.00000
124,4.9600,0.7467,0.0000,0.1528,0.9140,-0.0025,0.0153,0.0142,-0.3008,0.2711,-31.7372,-78.4955,0.2246,-0.03848,-3.11776,0.0943,-0.1217,-0.1019,-0.0195,0.00000,0.00000
125,5.0000,0.7467,0.0000,0.1528,0.8982,-0.0138,-0.0126,0.0714,-0.0568,0.2010,-31.7647,-78.5186,0.2245,-0.04313,-3.11988,0.0711,-0.0507,-0.1146,-0.0003,0.00000,0.00000
126,5.0400,0.7467,0.0000,0.1528,0.8862,0.0162,-0.0188,-0.0811,0.1123,0.2195,-31.7917,-78.5421,0.2239,-0.04275,-3.11941,0.0716,-0.1049,-0.0606,-0.0574,0.00000,0.00000
127,5.0800,0.7467,0.0000,0.1528,0.8849,0.0145,0.0011,-0.0738,0.0924,0.1844,-31.8175,-78.5663,0.2235,-0.03789,-3.11371,0.0660,-0.0969,-0.0826,0.0387,0.00000,0.00000
128,5.1200,0.7467,0.0000,0.1528,0.8942,-0.0014,0.0071,0.0073,-0.0691,0.1953,-31.8437,-78.5904,0.2235,-0.03792,-3.11167,0.0751,-0.0989,-0.0699,-0.0189,0.00000,0.00000
129,5.1600,0.7467,0.0000,0.1528,0.8833,-0.0221,0.0048,0.1134,0.1252,0.1471,-31.8703,-78.6139,0.2236,-0.03529,-3.11555,0.0531,-0.0765,-0.0937,0.0070,0.00000,0.00000
130,5.2000,0.7467,0.0000,0.1528,0.8977,0.0061,0.0195,-0.0306,-0.1738,0.1504,-31.8966,-78.6379,0.2240,-0.03852,-3.11702,0.0977,-0.1155,-0.0601,0.0024,0.00000,0.00000
131,5.2400,0.7467,0.0000,0.1528,0.8859,0.0144,0.0100,-0.0728,-0.0030,0.1950,-31.9220,-78.6626,0.2245,-0.04039,-3.11369,0.1009,-0.0953,-0.0962,-0.0293,0.00000,0.00000
132,5.2800,0.7467,0.0000,0.1528,0.8697,-0.0025,-0.0289,0.0129,0.2904,0.1531,-31.9473,-78.6871,0.2238,-0.03312,-3.11210,0.0441,-0.0646,-0.0678,-0.0190,0.00000,0.00000
133,5.3200,0.7467,0.0000,0.1528,0.8843,-0.0105,-0.0080,0.0547,0.0349,0.2518,-31.9728,-78.7114,0.2226,-0.02798,-3.11324,0.0429,-0.0919,-0.0590,0.0228,0.00000,0.00000
134,5.3600,0.7467,0.0000,0.1528,0.8837,-0.0019,0.0222,0.0105,0.1120,0.1287,-31.9982,-78.7360,0.2224,-0.02484,-3.11532,0.0725,-0.0826,-0.0535,-0.0145,0.00000,0.00000
135,5.4000,0.7467,0.0000,0.1528,0.8849,0.0181,0.0408,-0.0937,0.1455,0.1330,-32.0229,-78.7615,0.2231,-0.01981,-3.11223,0.0758,-0.1217,-0.0666,-0.0297,0.00000,0.00000
136,5.4400,0.7467,0.0000,0.1528,0.8950,-0.0160,0.0103,0.0809,0.0172,0.2312,-32.0478,-78.7869,0.2233,-0.01583,-3.11135,0.0433,-0.0689,-0.0809,0.0237,0.00000,0.00000
137,5.4800,0.7467,0.0000,0.1528,0.9161,-0.0279,0.0153,0.1433,-0.3002,0.2101,-32.0737,-78.8120,0.2229,-0.02311,-3.11839,0.0795,-0.0662,-0.0760,0.0361,0.00000,0.00000
138,5.5200,0.7467,0.0000,0.1528,0.9023,0.0125,0.0341,-0.0623,-0.0004,0.1960,-32.0989,-78.8379,0.2235,-0.02868,-3.12105,0.0872,-0.1087,-0.0787,-0.0668,0.00000,0.00000
139,5.5600,0.7467,0.0000,0.1528,0.9088,0.0190,0.0131,-0.0969,-0.1771,0.1823,-32.1228,-78.8649,0.2240,-0.03186,-3.11439,0.0899,-0.0828,-0.0853,0.0288,0.00000,0.00000
140,5.6000,0.7467,0.0000,0.1528,0.9063,-0.0033,0.0003,0.0166,-0.1338,0.0955,-32.1471,-78.8915,0.2239,-0.03713,-3.11236,0.0997,-0.0624,-0.1017,-0.0015,0.00000,0.00000
141,5.6400,0.7467,0.0000,0.1528,0.8974,-0.0206,-0.0030,0.1051,0.0330,0.1838,-32.1718,-78.9177,0.2238,-0.03849,-3.11642,0.0362,-0.0877,-0.1099,-0.0258,0.00000,0.00000
142,5.6800,0.7467,0.0000,0.1528,0.9055,-0.0013,0.0061,0.0082,-0.1846,0.2187,-32.1962,-78.9441,0.2238,-0.04321,-3.11894,0.0779,-0.1076,-0.0739,0.0177,0.00000,0.00000
143,5.7200,0.7467,0.0000,0.1528,0.9014,0.0013,-0.0007,-0.0051,-0.1945,0.1942,-32.2198,-78.9710,0.2241,-0.04971,-3.11828,0.0961,-0.0703,-0.0993,0.0038,0.00000,0.00000
144,5.7600,0.7467,0.0000,0.1528,0.8864,-0.0108,-0.0242,0.0559,0.0149,0.1400,-32.2434,-78.9977,0.2239,-0.05216,-3.12006,0.0568,-0.0594,-0.0945,-0.0027,0.00000,0.00000
145,5.8000,0.7467,0.0000,0.1528,0.8839,0.0163,-0.0049,-0.0809,-0.0321,0.1848,-32.2663,-79.0247,0.2237,-0.05380,-3.11837,0.0709,-0.1283,-0.0784,-0.0149,0.00000,0.00000
146,5.8400,0.7467,0.0000,0.1528,0.8689,0.0106,-0.0084,-0.0530,0.1679,0.1728,-32.2884,-79.0519,0.2238,-0.04920,-3.11340,0.0616,-0.0888,-0.0870,-0.0040,0.00000,0.00000
147,5.8800,0.7467,0.0000,0.1528,0.8703,-0.0176,-0.0167,0.0901,0.1114,0.1045,-32.3109,-79.0786,0.2233,-0.04338,-3.11453,0.0374,-0.0716,-0.0892,0.0296,0.00000,0.00000
148,5.9200,0.7467,0.0000,0.1528,0.8759,-0.0142,0.0324,0.0734,0.0228,0.1491,-32.3337,-79.1050,0.2238,-0.04170,-3.11974,0.0667,-0.1247,-0.1032,0.0313,0.00000,0.00000
149,5.9600,0.7467,0.0000,0.1528,0.8686,-0.0018,0.0052,0.0101,0.1037,0.1773,-32.3559,-79.1319,0.2246,-0.03888,-3.12222,0.0511,-0.0926,-0.0660,-0.0219,0.00000,0.00000
150,6.0000,0.7467,0.0000,0.1528,0.8586,0.0173,-0.0120,-0.0865,0.2559,0.2030,-32.3773,-79.1592,0.2240,-0.03127,-3.11928,0.0586,-0.1003,-0.0717,-0.0031,0.00000,0.00000
151,6.0400,0.7467,0.0000,0.1528,0.8794,0.0190,0.0134,-0.0973,-0.0984,0.1497,-32.3980,-79.1871,0.2236,-0.02938,-3.11144,0.0739,-0.1106,-0.0751,0.0410,0.00000,0.00000
152,6.0800,0.7467,0.0000,0.1528,0.8792,-0.0310,0.0106,0.1577,0.0084,0.1546,-32.4199,-79.2146,0.2237,-0.02946,-3.11437,0.0294,-0.0680,-0.1090,0.0127,0.00000,0.00000
153,6.1200,0.7467,0.0000,0.1528,0.8829,0.0050,0.0286,-0.0241,-0.0247,0.1752,-32.4419,-79.2421,0.2241,-0.03203,-3.11928,0.0803,-0.1386,-0.0615,-0.0274,0.00000,0.00000
154,6.1600,0.7467,0.0000,0.1528,0.8845,0.0148,0.0023,-0.0749,-0.0991,0.1844,-32.4625,-79.2706,0.2244,-0.03342,-3.11410,0.0776,-0.0750,-0.0734,0.0155,0.00000,0.00000
155,6.2000,0.7467,0.0000,0.1528,0.8809,-0.0191,-0.0189,0.0982,0.0025,0.1970,-32.4837,-79.2987,0.2236,-0.03412,-3.11538,0.0362,-0.0622,-0.1088,0.0127,0.00000,0.00000
156,6.2400,0.7467,0.0000,0.1528,0.8784,0.0297,0.0337,-0.1502,0.0869,0.1564,-32.5043,-79.3273,0.2237,-0.03409,-3.11341,0.0942,-0.1591,-0.0685,-0.0498,0.00000,0.00000
157,6.2800,0.7467,0.0000,0.1528,0.8861,-0.0040,0.0017,0.0199,-0.0698,0.2185,-32.5241,-79.3563,0.2242,-0.03217,-3.10662,0.0341,-0.0737,-0.0858,0.0431,0.00000,0.00000
158,6.3200,0.7467,0.0000,0.1528,0.8806,0.0005,0.0098,-0.0020,0.0865,0.0673,-32.5448,-79.3850,0.2238,-0.03239,-3.10915,0.1093,-0.0979,-0.0624,-0.0083,0.00000,0.00000
159,6.3600,0.7467,0.0000,0.1528,0.8854,-0.0102,0.0105,0.0514,0.0210,0.1742,-32.5651,-79.4138,0.2241,-0.02954,-3.10936,0.0333,-0.0906,-0.0874,0.0166,0.00000,0.00000
160,6.4000,0.7467,0.0000,0.1528,0.8895,0.0074,0.0174,-0.0365,-0.0341,0.1960,-32.5854,-79.4430,0.2241,-0.03100,-3.11004,0.1022,-0.1144,-0.0610,-0.0032,0.00000,0.00000
161,6.4400,0.7467,0.0000,0.1528,0.8877,0.0098,0.0097,-0.0491,-0.0008,0.2130,-32.6048,-79.4726,0.2243,-0.03055,-3.10570,0.0799,-0.0919,-0.0872,-0.0084,0.00000,0.00000
162,6.4800,0.7467,0.0000,0.1528,0.8939,-0.0287,-0.0195,0.1469,-0.0867,0.2113,-32.6249,-79.5018,0.2236,-0.03177,-3.10910,0.0407,-0.0456,-0.0851,0.0351,0.00000,0.00000
163,6.5200,0.7467,0.0000,0.1528,0.8899,0.0036,0.0130,-0.0169,0.0186,0.1347,-32.6450,-79.5313,0.2231,-0.03434,-3.11459,0.0891,-0.1017,-0.0514,-0.0234,0.00000,0.00000
164,6.5600,0.7467,0.0000,0.1528,0.8786,0.0189,0.0166,-0.0965,0.2259,0.1911,-32.6636,-79.5615,0.2236,-0.02773,-3.10860,0.0576,-0.0941,-0.0728,-0.0187,0.00000,0.00000
165,6.6000,0.7467,0.0000,0.1528,0.8982,0.0025,0.0020,-0.0128,-0.1166,0.1922,-32.6821,-79.5918,0.2232,-0.02680,-3.10314,0.0695,-0.0866,-0.0613,0.0366,0.00000,0.00000
166,6.6400,0.7467,0.0000,0.1528,0.8993,-0.0089,0.0235,0.0462,-0.0693,0.1746,-32.7013,-79.6221,0.2233,-0.03005,-3.10507,0.0805,-0.0952,-0.0947,-0.0095,0.00000,0.00000
167,6.6800,0.7467,0.0000,0.1528,0.8952,-0.0054,0.0263,0.0277,0.0351,0.1891,-32.7202,-79.6525,0.2240,-0.03023,-3.10756,0.0618,-0.1070,-0.0996,-0.0214,0.00000,0.00000
168,6.7200,0.7467,0.0000,0.1528,0.8999,-0.0055,0.0030,0.0287,-0.0621,0.1972,-32.7388,-79.6831,0.2242,-0.03113,-3.10877,0.0620,-0.0882,-0.0752,0.0176,0.00000,0.00000
169,6.7600,0.7467,0.0000,0.1528,0.9014,-0.0065,-0.0028,0.0342,-0.0929,0.1890,-32.7573,-79.7138,0.2238,-0.03396,-3.11093,0.0693,-0.0769,-0.0899,0.0030,0.00000,0.00000
170,6.8000,0.7467,0.0000,0.1528,0.9025,0.0134,0.0135,-0.0676,-0.1206,0.1385,-32.7751,-79.7450,0.2238,-0.03876,-3.10871,0.0999,-0.0963,-0.0737,-0.0055,0.00000,0.00000
171,6.8400,0.7467,0.0000,0.1528,0.8934,-0.0058,0.0005,0.0296,0.0345,0.1396,-32.7927,-79.7762,0.2241,-0.03857,-3.10668,0.0559,-0.0737,-0.1132,-0.0015,0.00000,0.00000
172,6.8800,0.7467,0.0000,0.1528,0.8963,-0.0096,0.0029,0.0497,-0.0327,0.2018,-32.8106,-79.8072,0.2240,-0.03953,-3.10972,0.0573,-0.1089,-0.0920,0.0074,0.00000,0.00000
173,6.9200,0.7467,0.0000,0.1528,0.9007,0.0157,-0.0038,-0.0788,-0.1894,0.1667,-32.8277,-79.8386,0.2240,-0.04498,-3.10721,0.0995,-0.0928,-0.0511,-0.0147,0.00000,0.00000
174,6.9600,0.7467,0.0000,0.1528,0.8983,0.0108,-0.0243,-0.0538,-0.2421,0.2219,-32.8441,-79.8702,0.2236,-0.05276,-3.09996,0.0831,-0.0765,-0.0879,-0.0188,0.00000,0.00000
175,7.0000,0.7467,0.0000,0.1528,0.8781,-0.0033,-0.0249,0.0221,0.0023,0.3017,-32.8606,-79.9015,0.2230,-0.05609,-3.09849,0.0703,-0.0785,-0.0962,-0.0367,0.00000,0.00000
176,7.0400,0.7467,0.0000,0.1528,0.8683,0.0023,-0.0005,-0.0092,0.1148,0.1715,-32.8767,-79.9325,0.2229,-0.05352,-3.09735,0.0645,-0.1041,-0.0872,-0.0006,0.00000,0.00000
177,7.0800,0.7467,0.0000,0.1528,0.8607,-0.0012,0.0044,0.0070,0.2050,0.1683,-32.8922,-79.9635,0.2234,-0.04659,-3.09595,0.0428,-0.1103,-0.0769,-0.0179,0.00000,0.00000
178,7.1200,0.7467,0.0000,0.1528,0.8684,-0.0175,0.0145,0.0905,0.0165,0.2182,-32.9079,-79.9943,0.2239,-0.04244,-3.09893,0.0555,-0.1119,-0.1050,0.0482,0.00000,0.00000
179,7.1600,0.7467,0.0000,0.1528,0.8804,-0.0246,0.0130,0.1267,-0.2519,0.2283,-32.9240,-80.0251,0.2245,-0.04788,-3.10813,0.0803,-0.0893,-0.1044,0.0239,0.00000,0.00000
180,7.2000,0.7467,0.0000,0.1528,0.8730,-0.0075,-0.0084,0.0411,-0.2210,0.2125,-32.9396,-80.0562,0.2250,-0.05736,-3.11552,0.0897,-0.0817,-0.0975,-0.0088,0.00000,0.00000
181,7.2400,0.7467,0.0000,0.1528,0.8433,0.0328,-0.0140,-0.1638,0.1797,0.1531,-32.9535,-80.0875,0.2249,-0.05698,-3.10859,0.0774,-0.1235,-0.0975,-0.0433,0.00000,0.00000
182,7.2800,0.7467,0.0000,0.1528,0.8370,-0.0098,-0.0317,0.0506,0.2368,0.2526,-32.9668,-80.1185,0.2243,-0.04681,-3.10013,-0.0135,-0.0919,-0.1168,0.0486,0.00000,0.00000
183,7.3200,0.7467,0.0000,0.1528,0.8443,-0.0229,-0.0166,0.1193,0.1234,0.2100,-32.9813,-80.1491,0.2232,-0.04133,-3.10950,0.0279,-0.0952,-0.0480,0.0228,0.00000,0.00000
184,7.3600,0.7467,0.0000,0.1528,0.8477,0.0044,0.0149,-0.0204,0.0584,0.1666,-32.9951,-80.1800,0.2232,-0.03801,-3.11305,0.0559,-0.0990,-0.0606,-0.0016,0.00000,0.00000
185,7.4000,0.7467,0.0000,0.1528,0.8387,0.0066,0.0131,-0.0330,0.2554,0.1591,-33.0080,-80.2113,0.2235,-0.03037,-3.10933,0.0446,-0.0874,-0.0802,0.0027,0.00000,0.00000
186,7.4400,0.7467,0.0000,0.1528,0.8494,0.0087,0.0129,-0.0440,0.1130,0.1686,-33.0207,-80.2428,0.2234,-0.02418,-3.10395,0.0462,-0.1106,-0.0594,0.0216,0.00000,0.00000
187,7.4800,0.7467,0.0000,0.1528,0.8604,-0.0047,0.0243,0.0242,-0.0014,0.1719,-33.0335,-80.2745,0.2234,-0.02185,-3.10223,0.0539,-0.0947,-0.0845,0.0331,0.00000,0.00000
188,7.5200,0.7467,0.0000,0.1528,0.8655,0.0004,0.0156,-0.0031,-0.0059,0.0459,-33.0464,-80.3064,0.2235,-0.02242,-3.10401,0.0750,-0.0692,-0.0445,0.0006,0.00000,0.00000
189,7.5600,0.7467,0.0000,0.1528,0.8739,0.0056,0.0254,-0.0282,-0.1037,0.2042,-33.0589,-80.3388,0.2237,-0.02486,-3.10075,0.0618,-0.1119,-0.0919,0.0091,0.00000,0.00000
190,7.6000,0.7467,0.0000,0.1528,0.8672,-0.0079,0.0054,0.0410,0.0959,0.1714,-33.0716,-80.3711,0.2236,-0.02376,-3.10188,0.0426,-0.0740,-0.0836,0.0038,0.00000,0.00000
191,7.6400,0.7467,0.0000,0.1528,0.8663,0.0054,0.0199,-0.0270,0.1940,0.1783,-33.0840,-80.4037,0.2234,-0.01812,-3.10219,0.0521,-0.1044,-0.0748,-0.0023,0.00000,0.00000
192,7.6800,0.7467,0.0000,0.1528,0.8735,0.0045,0.0182,-0.0236,0.1555,0.1732,-33.0958,-80.4365,0.2232,-0.01096,-3.09753,0.0472,-0.0776,-0.0577,0.0125,0.00000,0.00000
193,7.7200,0.7467,0.0000,0.1528,0.9011,-0.0171,0.0406,0.0864,-0.2394,0.2116,-33.1080,-80.4697,0.2233,-0.01351,-3.09998,0.0779,-0.0753,-0.1072,0.0682,0.00000,0.00000
194,7.7600,0.7467,0.0000,0.1528,0.9008,0.0025,0.0445,-0.0131,-0.1213,0.0547,-33.1203,-80.5034,0.2242,-0.02108,-3.10633,0.1037,-0.0881,-0.0833,-0.0410,0.00000,0.00000
195,7.8000,0.7467,0.0000,0.1528,0.9038,0.0314,0.0142,-0.1600,-0.2005,0.1837,-33.1312,-80.5376,0.2248,-0.02798,-3.09251,0.0931,-0.1094,-0.0790,-0.0349,0.00000,0.00000
196,7.8400,0.7467,0.0000,0.1528,0.8952,0.0002,-0.0264,-0.0012,-0.0381,0.2476,-33.1420,-80.5717,0.2239,-0.03081,-3.08128,0.0514,-0.0656,-0.1034,0.0002,0.00000,0.00000
197,7.8800,0.7467,0.0000,0.1528,0.9064,-0.0049,-0.0018,0.0259,-0.2299,0.2182,-33.1534,-80.6058,0.2230,-0.03746,-3.08121,0.0779,-0.0903,-0.0785,0.0061,0.00000,0.00000
198,7.9200,0.7467,0.0000,0.1528,0.9017,-0.0081,0.0196,0.0419,-0.1477,0.1152,-33.1646,-80.6398,0.2235,-0.04395,-3.08463,0.0796,-0.0823,-0.1075,-0.0085,0.00000,0.00000
199,7.9600,0.7467,0.0000,0.1528,0.8860,0.0025,0.0073,-0.0124,0.0975,0.1806,-33.1753,-80.6739,0.2242,-0.04433,-3.08598,0.0641,-0.1085,-0.0941,-0.0462,0.00000,0.00000
200,8.0000,0.7467,0.0000,0.1528,0.8893,-0.0018,-0.0143,0.0109,-0.0631,0.2789,-33.1855,-80.7078,0.2240,-0.04383,-3.08144,0.0615,-0.0895,-0.0844,0.0323,0.00000,0.00000
201,8.0400,0.7467,0.0000,0.1528,0.8825,-0.0045,-0.0038,0.0242,0.0378,0.1126,-33.1957,-80.7417,0.2236,-0.04378,-3.08342,0.0824,-0.0743,-0.0834,0.0188,0.00000,0.00000
202,8.0800,0.7467,0.0000,0.1528,0.8811,-0.0156,-0.0034,0.0797,0.0410,0.1961,-33.2057,-80.7755,0.2237,-0.04165,-3.08893,0.0295,-0.0818,-0.0998,-0.0123,0.00000,0.00000
203,8.1200,0.7467,0.0000,0.1528,0.8802,-0.0028,0.0081,0.0162,0.0218,0.2145,-33.2156,-80.8093,0.2237,-0.04125,-3.09460,0.0606,-0.1107,-0.0880,0.0123,0.00000,0.00000
204,8.1600,0.7467,0.0000,0.1528,0.8901,-0.0035,0.0098,0.0192,-0.2200,0.2262,-33.2246,-80.8433,0.2242,-0.04537,-3.09276,0.0720,-0.0865,-0.1015,0.0379,0.00000,0.00000
205,8.2000,0.7467,0.0000,0.1528,0.8749,-0.0238,-0.0033,0.1223,0.0435,0.1632,-33.2342,-80.8771,0.2244,-0.04720,-3.10550,0.0468,-0.0660,-0.1249,0.0187,0.00000,0.00000
206,8.2400,0.7467,0.0000,0.1528,0.8624,0.0253,-0.0053,-0.1259,0.2103,0.2207,-33.2426,-80.9110,0.2244,-0.04314,-3.10341,0.0676,-0.1188,-0.0627,-0.0600,0.00000,0.00000
207,8.2800,0.7467,0.0000,0.1528,0.8697,0.0252,-0.0129,-0.1276,0.0002,0.2109,-33.2493,-80.9450,0.2238,-0.03879,-3.07348,0.0595,-0.0901,-0.0774,0.0508,0.00000,0.00000
208,8.3200,0.7467,0.0000,0.1528,0.8803,-0.0211,-0.0139,0.1080,-0.1671,0.1687,-33.2571,-80.9789,0.2231,-0.04174,-3.07117,0.0566,-0.0484,-0.0944,0.0282,0.00000,0.00000
209,8.3600,0.7467,0.0000,0.1528,0.8660,0.0194,0.0284,-0.0972,0.1145,0.1525,-33.2650,-81.0130,0.2236,-0.04387,-3.07311,0.0861,-0.1511,-0.0706,-0.0762,0.00000,0.00000
210,8.4000,0.7467,0.0000,0.1528,0.8573,0.0053,0.0189,-0.0274,0.2230,0.1244,-33.2715,-81.0468,0.2245,-0.03456,-3.05448,0.0554,-0.0848,-0.1069,0.0566,0.00000,0.00000
211,8.4400,0.7467,0.0000,0.1528,0.8632,0.0164,-0.0029,-0.0846,0.1382,0.0724,-33.2782,-81.0808,0.2243,-0.02943,-3.04417,0.0901,-0.1099,-0.0236,-0.0325,0.00000,0.00000
212,8.4800,0.7467,0.0000,0.1528,0.8855,-0.0205,0.0103,0.1046,-0.2675,0.1778,-33.2852,-81.1148,0.2240,-0.03187,-3.03950,0.0502,-0.0911,-0.1244,0.0856,0.00000,0.00000
213,8.5200,0.7467,0.0000,0.1528,0.8799,-0.0126,0.0133,0.0647,-0.0904,0.1238,-33.2931,-81.1491,0.2243,-0.03974,-3.06025,0.0785,-0.1081,-0.0637,-0.0482,0.00000,0.00000
214,8.5600,0.7467,0.0000,0.1528,0.8695,0.0005,-0.0002,-0.0013,0.0457,0.1663,-33.2999,-81.1833,0.2245,-0.03920,-3.06143,0.0614,-0.0826,-0.0855,0.0237,0.00000,0.00000
215,8.6000,0.7467,0.0000,0.1528,0.8682,0.0013,-0.0022,-0.0046,0.0627,0.2472,-33.3062,-81.2175,0.2242,-0.03677,-3.05562,0.0657,-0.0960,-0.0924,0.0087,0.00000,0.00000
216,8.6400,0.7467,0.0000,0.1528,0.8690,-0.0047,-0.0122,0.0251,0.0501,0.1738,-33.3123,-81.2517,0.2236,-0.03428,-3.05369,0.0570,-0.0622,-0.0690,0.0082,0.00000,0.00000
217,8.6800,0.7467,0.0000,0.1528,0.8811,0.0012,0.0136,-0.0049,-0.1679,0.1621,-33.3182,-81.2861,0.2234,-0.03779,-3.05022,0.0820,-0.0927,-0.0787,0.0273,0.00000,0.00000
218,8.7200,0.7467,0.0000,0.1528,0.8784,-0.0013,0.0004,0.0070,-0.1303,0.1073,-33.3238,-81.3207,0.2237,-0.04326,-3.04810,0.0704,-0.0704,-0.0748,-0.0127,0.00000,0.00000
219,8.7600,0.7467,0.0000,0.1528,0.8677,0.0123,0.0118,-0.0616,0.0377,0.1111,-33.3289,-81.3551,0.2240,-0.04494,-3.03785,0.0750,-0.1210,-0.0927,0.0019,0.00000,0.00000
220,8.8000,0.7467,0.0000,0.1528,0.8650,-0.0047,-0.0078,0.0243,0.0507,0.1709,-33.3339,-81.3894,0.2241,-0.04217,-3.02636,0.0334,-0.0927,-0.0967,0.0057,0.00000,0.00000
221,8.8400,0.7467,0.0000,0.1528,0.8688,-0.0161,-0.0093,0.0838,-0.0348,0.2007,-33.3393,-81.4236,0.2237,-0.04256,-3.03694,0.0420,-0.0980,-0.0846,0.0256,0.00000,0.00000
222,8.8800,0.7467,0.0000,0.1528,0.8560,0.0012,0.0179,-0.0034,0.2104,0.2446,-33.3444,-81.4577,0.2239,-0.03810,-3.04251,0.0543,-0.1173,-0.0990,-0.0214,0.00000,0.00000
223,8.9200,0.7467,0.0000,0.1528,0.8658,-0.0029,0.0041,0.0156,0.0128,0.1936,-33.3485,-81.4919,0.2241,-0.03395,-3.03103,0.0445,-0.0855,-0.0804,0.0434,0.00000,0.00000
224,8.9600,0.7467,0.0000,0.1528,0.8712,0.0028,0.0091,-0.0134,-0.0629,0.1734,-33.3526,-81.5264,0.2240,-0.03572,-3.02537,0.0715,-0.1049,-0.0807,-0.0006,0.00000,0.00000
225,9.0000,0.7467,0.0000,0.1528,0.8646,0.0051,-0.0032,-0.0259,0.0692,0.1182,-33.3562,-81.5608,0.2238,-0.03480,-3.01180,0.0525,-0.0787,-0.0685,-0.0044,0.00000,0.00000
226,9.0400,0.7467,0.0000,0.1528,0.8819,0.0009,-0.0037,-0.0035,-0.2659,0.2069,-33.3596,-81.5955,0.2235,-0.04001,-2.99130,0.0683,-0.0876,-0.0697,0.0337,0.00000,0.00000
227,9.0800,0.7467,0.0000,0.1528,0.8724,0.0021,0.0061,-0.0090,-0.0940,0.1553,-33.3629,-81.6301,0.2235,-0.04605,-2.98074,0.0897,-0.0819,-0.0979,-0.0211,0.00000,0.00000
228,9.1200,0.7467,0.0000,0.1528,0.8682,-0.0087,-0.0122,0.0448,-0.0643,0.1247,-33.3661,-81.6646,0.2236,-0.04861,-2.97599,0.0445,-0.0678,-0.0911,0.0090,0.00000,0.00000
229,9.1600,0.7467,0.0000,0.1528,0.8576,0.0020,-0.0031,-0.0074,0.0906,0.2201,-33.3692,-81.6990,0.2235,-0.04814,-2.97077,0.0513,-0.1137,-0.0883,-0.0183,0.00000,0.00000
230,9.2000,0.7467,0.0000,0.1528,0.8511,0.0035,0.0023,-0.0163,0.1720,0.1806,-33.3715,-81.7331,0.2235,-0.04212,-2.93731,0.0395,-0.1004,-0.0883,0.0226,0.00000,0.00000
231,9.2400,0.7467,0.0000,0.1528,0.8545,0.0038,0.0062,-0.0184,0.1084,0.1731,-33.3736,-81.7673,0.2236,-0.03689,-2.90229,0.0621,-0.0952,-0.0631,0.0105,0.00000,0.00000
232,9.2800,0.7467,0.0000,0.1528,0.8576,-0.0014,0.0058,0.0082,0.0566,0.2337,-33.3756,-81.8015,0.2236,-0.03349,-2.85914,0.0484,-0.1010,-0.0878,-0.0051,0.00000,0.00000
233,9.3200,0.7467,0.0000,0.1528,0.8626,0.0142,0.0192,-0.0715,-0.0237,0.1976,-33.3769,-81.8358,0.2237,-0.03359,-2.77705,0.0879,-0.1126,-0.0721,-0.0046,0.00000,0.00000
234,9.3600,0.7467,0.0000,0.1528,0.8616,-0.0137,-0.0024,0.0695,0.0316,0.0680,-33.3783,-81.8702,0.2236,-0.03212,-2.73481,0.0376,-0.0600,-0.0841,0.0332,0.00000,0.00000
235,9.4000,0.7467,0.0000,0.1528,0.8658,-0.0051,0.0207,0.0263,0.0029,0.1388,-33.3801,-81.9047,0.2237,-0.03248,-2.73695,0.0717,-0.1117,-0.0768,-0.0003,0.00000,0.00000
236,9.4400,0.7467,0.0000,0.1528,0.8516,0.0092,0.0192,-0.0462,0.3050,0.1748,-33.3811,-81.9391,0.2241,-0.02514,-2.64271,0.0451,-0.1139,-0.0748,-0.0155,0.00000,0.00000
237,9.4800,0.7467,0.0000,0.1528,0.8707,-0.0006,0.0200,0.0028,0.0017,0.1365,-33.3816,-81.9737,0.2241,-0.01980,-2.47373,0.0606,-0.0988,-0.0801,0.0743,0.00000,0.00000
238,9.5200,0.7467,0.0000,0.1528,0.8811,-0.0025,0.0293,0.0120,-0.0808,0.1164,-33.3824,-82.0086,0.2244,-0.02203,-2.35377,0.0832,-0.1024,-0.0718,-0.0014,0.00000,0.00000
239,9.5600,0.7467,0.0000,0.1528,0.8742,0.0089,0.0150,-0.0450,0.1161,0.1661,-33.3827,-82.0437,0.2246,-0.02080,-2.11094,0.0554,-0.1135,-0.0730,-0.0288,0.00000,0.00000
240,9.6000,0.7467,0.0000,0.1528,0.8815,0.0043,0.0067,-0.0221,0.0356,0.2158,-33.3826,-82.0788,0.2241,-0.01743,-1.67597,0.0628,-0.0894,-0.0788,0.0246,0.00000,0.00000
241,9.6400,0.7467,0.0000,0.1528,0.8948,-0.0171,0.0150,0.0870,-0.0968,0.1543,-33.3828,-82.1143,0.2236,-0.01874,-1.22530,0.0609,-0.0707,-0.0885,0.0354,0.00000,0.00000
242,9.6800,0.7467,0.0000,0.1528,0.8957,-0.0126,0.0242,0.0642,-0.0132,0.1750,-33.3833,-82.1500,0.2237,-0.02099,-0.79690,0.0613,-0.0827,-0.0771,-0.0171,0.00000,0.00000
243,9.7200,0.7467,0.0000,0.1528,0.9019,0.0192,0.0205,-0.0973,-0.1178,0.1989,-33.3824,-82.1859,0.2240,-0.02446,-0.60331,0.0910,-0.1001,-0.0665,-0.0110,0.00000,0.00000
244,9.7600,0.7467,0.0000,0.1528,0.9091,-0.0003,0.0142,0.0016,-0.2280,0.1286,-33.3810,-82.2217,0.2241,-0.03032,-0.53914,0.0935,-0.0584,-0.1111,0.0535,0.00000,0.00000
245,9.8000,0.7467,0.0000,0.1528,0.9098,-0.0136,-0.0052,0.0685,-0.2146,0.1177,-33.3804,-82.2579,0.2240,-0.03934,-0.41592,0.0685,-0.0691,-0.0958,-0.0362,0.00000,0.00000
246,9.8400,0.7467,0.0000,0.1528,0.8946,0.0180,0.0074,-0.0903,0.0142,0.1724,-33.3790,-82.2938,0.2241,-0.04342,-0.35901,0.0801,-0.1258,-0.0917,-0.0324,0.00000,0.00000
247,9.8800,0.7467,0.0000,0.1528,0.8884,0.0055,-0.0140,-0.0282,0.0726,0.1279,-33.3768,-82.3293,0.2239,-0.04018,-0.38029,0.0535,-0.0678,-0.0817,0.0247,0.00000,0.00000
248,9.9200,0.7467,0.0000,0.1528,0.9002,0.0009,-0.0056,-0.0044,-0.1822,0.1826,-33.3749,-82.3650,0.2234,-0.04377,-0.34413,0.0880,-0.0960,-0.0755,-0.0032,0.00000,0.00000
249,9.9600,0.5022,0.0000,0.0428,0.0299,0.0484,0.0000,-0.0374,0.0015,0.0489,-20.0257,-75.7543,0.9946,0.00000,3.14159,0.0693,-0.0972,-0.0790,-0.0250,0.00000,0.00000
250,10.0000,0.5022,0.0000,0.0428,-0.0189,0.0341,-0.2782,0.3902,1.7237,-0.0892,-20.0244,-75.7548,0.9897,0.07233,3.10571,1.0288,0.4600,-1.1554,-0.1295,0.00000,0.00000
251,10.0400,0.5022,0.0000,0.0428,0.1533,0.0202,-0.8112,0.5455,1.1443,-1.7091,-20.0244,-75.7586,0.9633,0.11078,3.06598,1.4175,2.1527,0.6302,1.1972,0.00000,0.00000
252,10.0800,0.5022,0.0000,0.0428,0.2604,0.0055,-1.1852,0.8010,1.0345,-3.3148,-20.0243,-75.7627,0.9228,0.15515,3.07376,2.7969,2.1144,0.8250,2.5960,0.00000,0.00000
253,10.1200,0.5022,0.0000,0.0428,0.3391,0.0344,-1.5832,-0.4621,0.3052,-0.0471,-20.0236,-75.7674,0.8640,0.16772,3.10537,1.4952,1.4248,0.7864,1.6567,0.00000,0.00000
254,10.1600,0.5022,0.0000,0.0428,0.4038,0.1071,-1.9372,0.3068,0.4600,2.0518,-20.0212,-75.7704,0.7924,0.18541,-3.14091,0.1137,0.0530,0.0718,0.1080,0.00000,0.00000
255,10.2000,0.5022,0.0000,0.0428,0.2349,0.0300,0.1406,-0.1512,0.1226,0.1494,-20.0216,-75.7780,0.7662,0.21010,3.11681,-0.1660,-0.3233,-0.4362,0.2432,0.00000,0.00000
256,10.2400,0.5022,0.0000,0.0428,0.3327,0.0020,0.1194,-0.1805,-0.4875,0.0937,-20.0260,-75.7899,0.7701,0.19919,3.11561,-0.1565,-0.6071,-0.4450,-0.7836,0.00000,0.00000
257,10.2800,0.5022,0.0000,0.0428,0.4173,-0.0187,0.0196,0.0839,-0.9784,0.1393,-20.0315,-75.8036,0.7680,0.15772,3.10887,-0.6167,-0.9249,-0.3857,-0.1835,0.00000,0.00000
258,10.3200,0.5022,0.0000,0.0428,0.4290,0.0253,0.1301,-0.1307,-0.5690,-0.0367,-20.0372,-75.8187,0.7671,0.12793,3.11228,-0.1638,-0.3973,-0.0793,0.0702,0.00000,0.00000
259,10.3600,0.5022,0.0000,0.0428,0.4644,0.0249,0.1076,-0.1303,-0.5253,0.0527,-20.0424,-75.8355,0.7684,0.11039,3.12942,0.0419,-0.0613,-0.0463,0.0871,0.00000,0.00000
260,10.4000,0.5022,0.0000,0.0428,0.5083,0.0013,0.0625,-0.0133,-0.6473,0.1835,-20.0489,-75.8535,0.7681,0.08657,3.13279,0.0209,-0.0712,-0.1206,0.0183,0.00000,0.00000
261,10.4400,0.5022,0.0000,0.0428,0.5379,0.0148,0.0672,-0.0774,-0.6011,0.0502,-20.0559,-75.8727,0.7676,0.06035,3.13563,0.0064,-0.0979,-0.0839,0.0087,0.00000,0.00000
262,10.4800,0.5022,0.0000,0.0428,0.5605,0.0130,0.0768,-0.0679,-0.5407,-0.0055,-20.0628,-75.8931,0.7679,0.03830,-3.13882,0.0376,-0.0718,-0.0826,0.0569,0.00000,0.00000
263,10.5200,0.5022,0.0000,0.0428,0.5617,0.0089,0.0652,-0.0472,-0.1659,0.0769,-20.0703,-75.9139,0.7686,0.02586,-3.13484,0.0343,-0.0974,-0.1157,-0.0166,0.00000,0.00000
264,10.5600,0.5022,0.0000,0.0428,0.5747,0.0250,0.0268,-0.1288,-0.1305,-0.0212,-20.0775,-75.9355,0.7683,0.01925,-3.12440,0.0386,-0.0820,-0.0537,0.0009,0.00000,0.00000
265,10.6000,0.5022,0.0000,0.0428,0.5889,0.0109,0.0200,-0.0584,-0.1186,0.0477,-20.0848,-75.9574,0.7672,0.01468,-3.11339,0.0129,-0.0789,-0.0745,0.0142,0.00000,0.00000
266,10.6400,0.5022,0.0000,0.0428,0.6119,-0.0107,0.0401,0.0533,-0.2553,0.0745,-20.0931,-75.9798,0.7666,0.00666,-3.11399,0.0152,-0.0827,-0.0863,0.0316,0.00000,0.00000
267,10.6800,0.5022,0.0000,0.0428,0.6222,0.0113,0.0735,-0.0588,-0.2058,0.0030,-20.1016,-76.0028,0.7675,-0.00313,-3.11474,0.0652,-0.1202,-0.0869,-0.0171,0.00000,0.00000
268,10.7200,0.5022,0.0000,0.0428,0.6253,-0.0069,0.0580,0.0331,-0.0993,0.1335,-20.1099,-76.0260,0.7689,-0.00746,-3.11260,0.0385,-0.0953,-0.1322,0.0319,0.00000,0.00000
269,10.7600,0.5022,0.0000,0.0428,0.6300,0.0149,0.0306,-0.0764,-0.0583,0.0304,-20.1184,-76.0497,0.7692,-0.01195,-3.11135,0.0800,-0.1092,-0.0690,-0.0058,0.00000,0.00000
270,10.8000,0.5022,0.0000,0.0428,0.6382,0.0100,0.0076,-0.0523,-0.1281,0.0617,-20.1262,-76.0736,0.7688,-0.01493,-3.10186,0.0392,-0.0807,-0.0958,0.0078,0.00000,0.00000
271,10.8400,0.5022,0.0000,0.0428,0.6499,0.0016,0.0224,-0.0094,-0.2210,0.0072,-20.1346,-76.0978,0.7683,-0.02276,-3.09885,0.0656,-0.0960,-0.0906,0.0268,0.00000,0.00000
272,10.8800,0.5022,0.0000,0.0428,0.6521,0.0027,0.0287,-0.0147,-0.1868,0.1230,-20.1431,-76.1222,0.7687,-0.03065,-3.09747,0.0563,-0.1090,-0.0987,-0.0361,0.00000,0.00000
273,10.9200,0.5022,0.0000,0.0428,0.6576,0.0061,0.0079,-0.0314,-0.3056,0.0624,-20.1514,-76.1467,0.7687,-0.04102,-3.09371,0.0803,-0.0872,-0.0786,0.0199,0.00000,0.00000
274,10.9600,0.5022,0.0000,0.0428,0.6392,-0.0002,-0.0001,0.0011,0.0281,0.0967,-20.1598,-76.1710,0.7684,-0.04448,-3.09270,0.0516,-0.0859,-0.1137,-0.0369,0.00000,0.00000
275,11.0000,0.5022,0.0000,0.0428,0.6275,0.0107,0.0093,-0.0546,0.2300,0.1388,-20.1677,-76.1952,0.7682,-0.03885,-3.08826,0.0446,-0.1190,-0.1014,-0.0328,0.00000,0.00000
276,11.0400,0.5022,0.0000,0.0428,0.6361,-0.0159,0.0046,0.0806,0.0774,0.0764,-20.1758,-76.2192,0.7679,-0.03253,-3.08791,0.0185,-0.0804,-0.0980,0.0425,0.00000,0.00000
277,11.0800,0.5022,0.0000,0.0428,0.6387,-0.0223,0.0320,0.1136,0.1057,0.1092,-20.1848,-76.2432,0.7680,-0.02929,-3.10194,0.0300,-0.1148,-0.1116,-0.0076,0.00000,0.00000
278,11.1200,0.5022,0.0000,0.0428,0.6457,-0.0061,0.0344,0.0305,0.0032,0.1125,-20.1933,-76.2674,0.7687,-0.02787,-3.10985,0.0359,-0.1122,-0.0937,0.0103,0.00000,0.00000
279,11.1600,0.5022,0.0000,0.0428,0.6497,0.0054,0.0046,-0.0282,-0.0629,0.0766,-20.2011,-76.2920,0.7686,-0.02938,-3.10919,0.0493,-0.0811,-0.0735,0.0010,0.00000,0.00000
280,11.2000,0.5022,0.0000,0.0428,0.6539,0.0270,0.0231,-0.1385,-0.1187,0.0027,-20.2082,-76.3170,0.7684,-0.03350,-3.09689,0.0932,-0.1050,-0.0860,0.0085,0.00000,0.00000
281,11.2400,0.5022,0.0000,0.0428,0.6487,-0.0096,0.0172,0.0472,0.0314,0.0888,-20.2155,-76.3419,0.7687,-0.03319,-3.09075,0.0355,-0.0771,-0.1220,0.0128,0.00000,0.00000
282,11.2800,0.5022,0.0000,0.0428,0.6581,-0.0024,0.0057,0.0110,-0.1381,0.0230,-20.2237,-76.3667,0.7685,-0.03732,-3.09602,0.0698,-0.0940,-0.0673,-0.0099,0.00000,0.00000
283,11.3200,0.5022,0.0000,0.0428,0.6505,0.0011,0.0157,-0.0061,-0.0038,0.0578,-20.2313,-76.3915,0.7685,-0.03905,-3.09572,0.0501,-0.0940,-0.1065,0.0057,0.00000,0.00000
284,11.3600,0.5022,0.0000,0.0428,0.6462,0.0103,0.0222,-0.0539,0.0813,-0.0050,-20.2387,-76.4164,0.7687,-0.03739,-3.09154,0.0759,-0.0992,-0.0870,0.0043,0.00000,0.00000
285,11.4000,0.5022,0.0000,0.0428,0.6453,0.0048,0.0042,-0.0257,0.0886,0.1321,-20.2459,-76.4413,0.7688,-0.03370,-3.08506,0.0342,-0.1081,-0.0970,-0.0322,0.00000,0.00000
286,11.4400,0.5022,0.0000,0.0428,0.6490,-0.0130,-0.0050,0.0659,0.0299,0.0693,-20.2536,-76.4660,0.7679,-0.03128,-3.08784,0.0443,-0.0660,-0.0869,0.0324,0.00000,0.00000
287,11.4800,0.5022,0.0000,0.0428,0.6616,-0.0051,0.0277,0.0257,-0.1649,0.0949,-20.2614,-76.4910,0.7678,-0.03513,-3.09343,0.0582,-0.1055,-0.1010,-0.0085,0.00000,0.00000
288,11.5200,0.5022,0.0000,0.0428,0.6475,-0.0095,0.0192,0.0477,0.1214,0.0898,-20.2691,-76.5159,0.7683,-0.03449,-3.09929,0.0350,-0.0815,-0.1022,-0.0127,0.00000,0.00000
289,11.5600,0.5022,0.0000,0.0428,0.6399,0.0024,0.0131,-0.0122,0.2856,0.1428,-20.2764,-76.5408,0.7682,-0.02634,-3.10113,0.0288,-0.1061,-0.0814,0.0031,0.00000,0.00000
290,11.6000,0.5022,0.0000,0.0428,0.6571,-0.0035,0.0089,0.0169,0.0076,0.0644,-20.2833,-76.5659,0.7677,-0.02117,-3.09885,0.0302,-0.0758,-0.0801,0.0445,0.00000,0.00000
291,11.6400,0.5022,0.0000,0.0428,0.6715,0.0143,0.0240,-0.0749,-0.1753,-0.0103,-20.2902,-76.5915,0.7675,-0.02627,-3.09486,0.0757,-0.0943,-0.0506,-0.0216,0.00000,0.00000
292,11.6800,0.5022,0.0000,0.0428,0.6766,0.0076,0.0361,-0.0406,-0.2316,-0.0084,-20.2968,-76.6173,0.7681,-0.03365,-3.08525,0.0884,-0.0793,-0.1004,0.0303,0.00000,0.00000
293,11.7200,0.5022,0.0000,0.0428,0.6746,-0.0209,-0.0042,0.1060,-0.1746,0.1333,-20.3044,-76.6430,0.7682,-0.04132,-3.09181,0.0240,-0.0747,-0.0989,-0.0225,0.00000,0.00000
294,11.7600,0.5022,0.0000,0.0428,0.6664,-0.0158,0.0139,0.0823,-0.0403,0.1263,-20.3123,-76.6685,0.7680,-0.04551,-3.10663,0.0399,-0.1033,-0.1174,0.0445,0.00000,0.00000
295,11.8000,0.5022,0.0000,0.0428,0.6707,0.0146,0.0060,-0.0749,-0.1801,0.0360,-20.3190,-76.6943,0.7683,-0.05083,-3.10449,0.0665,-0.0825,-0.0524,-0.0113,0.00000,0.00000
296,11.8400,0.5022,0.0000,0.0428,0.6611,-0.0201,-0.0167,0.1027,-0.0643,0.1198,-20.3259,-76.7197,0.7679,-0.05353,-3.10644,0.0175,-0.0484,-0.1249,0.0460,0.00000,0.00000
297,11.8800,0.5022,0.0000,0.0428,0.6556,0.0117,-0.0032,-0.0586,-0.0170,0.0911,-20.3328,-76.7452,0.7674,-0.05675,-3.11106,0.0592,-0.0995,-0.0608,-0.0401,0.00000,0.00000
298,11.9200,0.5022,0.0000,0.0428,0.6538,0.0112,-0.0015,-0.0571,-0.0865,0.0714,-20.3385,-76.7706,0.7673,-0.05794,-3.09729,0.0329,-0.0811,-0.0992,0.0283,0.00000,0.00000
299,11.9600,0.5022,0.0000,0.0428,0.6426,-0.0065,0.0050,0.0339,0.0965,0.0982,-20.3448,-76.7957,0.7674,-0.05705,-3.09684,0.0233,-0.1001,-0.1053,-0.0024,0.00000,0.00000
300,12.0000,0.5022,0.0000,0.0428,0.6457,-0.0036,0.0104,0.0190,-0.0330,0.0884,-20.3511,-76.8206,0.7677,-0.05650,-3.09974,0.0415,-0.0973,-0.0810,0.0271,0.00000,0.00000
301,12.0400,0.5022,0.0000,0.0428,0.6364,0.0192,0.0142,-0.0988,0.0672,-0.0039,-20.3568,-76.8456,0.7682,-0.05573,-3.09307,0.0773,-0.1024,-0.0741,-0.0112,0.00000,0.00000
302,12.0800,0.5022,0.0000,0.0428,0.6268,-0.0005,-0.0144,0.0015,0.1776,0.0598,-20.3623,-76.8703,0.7680,-0.04927,-3.08385,0.0176,-0.0720,-0.0950,-0.0000,0.00000,0.00000
303,12.1200,0.5022,0.0000,0.0428,0.6348,0.0074,0.0104,-0.0384,0.0133,0.0368,-20.3680,-76.8950,0.7676,-0.04723,-3.08037,0.0570,-0.1207,-0.0803,0.0161,0.00000,0.00000
304,12.1600,0.5022,0.0000,0.0428,0.6310,-0.0118,0.0062,0.0596,0.0869,0.0852,-20.3739,-76.9196,0.7677,-0.04412,-3.08166,0.0098,-0.0855,-0.0872,-0.0009,0.00000,0.00000
305,12.2000,0.5022,0.0000,0.0428,0.6223,0.0143,0.0115,-0.0744,0.2494,-0.0209,-20.3797,-76.9441,0.7675,-0.03789,-3.08221,0.0681,-0.0990,-0.0477,-0.0182,0.00000,0.00000
306,12.2400,0.5022,0.0000,0.0428,0.6293,0.0037,0.0225,-0.0202,0.1445,0.0635,-20.3848,-76.9688,0.7677,-0.02928,-3.06986,0.0159,-0.1121,-0.1161,0.0146,0.00000,0.00000
307,12.2800,0.5022,0.0000,0.0428,0.6445,0.0137,0.0377,-0.0715,-0.0675,0.0136,-20.3902,-76.9937,0.7681,-0.02972,-3.06218,0.0944,-0.1225,-0.0639,-0.0082,0.00000,0.00000
308,12.3200,0.5022,0.0000,0.0428,0.6421,-0.0164,0.0004,0.0825,0.0103,0.0807,-20.3960,-77.0187,0.7682,-0.02926,-3.06334,0.0229,-0.0648,-0.0910,-0.0078,0.00000,0.00000
309,12.3600,0.5022,0.0000,0.0428,0.6466,-0.0128,0.0318,0.0655,-0.0117,0.0603,-20.4024,-77.0436,0.7680,-0.03007,-3.07761,0.0653,-0.1108,-0.1131,0.0352,0.00000,0.00000
310,12.4000,0.5022,0.0000,0.0428,0.6545,0.0080,0.0243,-0.0421,-0.1374,0.0312,-20.4080,-77.0689,0.7686,-0.03365,-3.07752,0.0614,-0.0977,-0.0783,-0.0401,0.00000,0.00000
311,12.4400,0.5022,0.0000,0.0428,0.6653,-0.0053,0.0131,0.0267,-0.3710,0.0844,-20.4134,-77.0944,0.7688,-0.04410,-3.07360,0.0722,-0.0887,-0.1186,0.0523,0.00000,0.00000
312,12.4800,0.5022,0.0000,0.0428,0.6457,-0.0194,-0.0124,0.0989,-0.0196,0.1278,-20.4197,-77.1197,0.7686,-0.05032,-3.08872,0.0233,-0.0761,-0.1134,-0.0464,0.00000,0.00000
313,12.5200,0.5022,0.0000,0.0428,0.6440,0.0101,0.0110,-0.0500,-0.0622,0.1095,-20.4251,-77.1448,0.7683,-0.05301,-3.08927,0.0432,-0.1332,-0.1084,0.0174,0.00000,0.00000
314,12.5600,0.5022,0.0000,0.0428,0.6527,0.0378,-0.0242,-0.1977,-0.1948,-0.0798,-20.4294,-77.1702,0.7683,-0.05720,-3.06755,0.0571,-0.0949,-0.0904,0.0087,0.00000,0.00000
315,12.6000,0.5022,0.0000,0.0428,0.6388,0.1002,-0.1507,-0.5044,0.1173,0.1214,-20.4320,-77.1961,0.7649,-0.05708,-3.00506,0.0143,-0.0774,-0.1879,0.0412,0.00000,0.00000
316,12.6400,0.5022,0.0000,0.0428,0.6485,0.1721,-0.2900,-0.8873,-0.1464,0.0652,-20.4319,-77.2227,0.7558,-0.05568,-2.87574,-0.0010,0.0276,-0.4330,0.4359,0.00000,0.00000
317,12.6800,0.5022,0.0000,0.0428,0.6197,0.0889,-0.3842,-0.4207,-0.0118,0.2457,-20.4306,-77.2492,0.7391,-0.05587,-2.74292,-0.0283,0.4204,-0.5126,0.6339,0.00000,0.00000
318,12.7200,0.5022,0.0000,0.0428,0.6471,0.0108,-0.2535,-0.0586,0.2571,0.1225,-20.4345,-77.2756,0.7270,-0.05788,-2.68303,0.1119,-0.0649,-0.1808,-0.0655,0.00000,0.00000
319,12.7600,0.5022,0.0000,0.0428,0.6773,-0.0787,-0.2895,0.3667,0.0910,0.1413,-20.4408,-77.3024,0.7176,-0.05290,-2.67295,0.2320,-0.4668,-0.1858,-0.0895,0.00000,0.00000
320,12.8000,0.5022,0.0000,0.0428,0.7088,-0.1044,-0.2578,0.4886,-0.5750,0.3987,-20.4524,-77.3287,0.7049,-0.05873,-2.77949,0.5089,-0.5838,-0.0759,-0.0911,0.00000,0.00000
321,12.8400,0.5022,0.0000,0.0428,0.6798,-0.0943,-0.1133,0.4737,-0.1753,0.2777,-20.4613,-77.3549,0.6987,-0.06534,-2.85480,-0.0788,-0.1165,-0.1120,0.0400,0.00000,0.00000
322,12.8800,0.5022,0.0000,0.0428,0.6770,-0.0740,-0.0973,0.3711,-0.2079,-0.0089,-20.4698,-77.3810,0.6950,-0.07300,-2.95205,0.0815,-0.0412,-0.0238,-0.0290,0.00000,0.00000
323,12.9200,0.5022,0.0000,0.0428,0.6576,-0.0163,-0.0628,0.0844,-0.0179,0.0622,-20.4760,-77.4071,0.6926,-0.07713,-3.00227,0.0477,-0.0937,-0.0690,-0.0480,0.00000,0.00000
324,12.9600,0.5022,0.0000,0.0428,0.6318,-0.0055,-0.0483,0.0281,0.3377,0.0124,-20.4804,-77.4327,0.6908,-0.06822,-3.01099,0.0259,-0.0607,-0.0731,0.0156,0.00000,0.00000
325,13.0000,0.5022,0.0000,0.0428,0.6423,0.0175,-0.0060,-0.0912,0.0548,-0.0059,-20.4839,-77.4582,0.6900,-0.06236,-2.99781,0.0737,-0.1213,-0.0550,-0.0128,0.00000,0.00000
326,13.0400,0.5022,0.0000,0.0428,0.6529,0.0205,-0.0531,-0.1197,-0.0529,-0.1381,-20.4873,-77.4839,0.6893,-0.06151,-2.98153,0.0145,-0.0945,-0.0933,0.0085,0.00000,0.00000
327,13.0800,0.5022,0.0000,0.0428,0.6569,0.0802,-0.1359,-0.3963,-0.0095,0.1198,-20.4896,-77.5101,0.6858,-0.06181,-2.92539,0.0118,-0.1033,-0.2509,0.1412,0.00000,0.00000
328,13.1200,0.5022,0.0000,0.0428,0.6476,0.1541,-0.3603,-0.8580,-0.1650,0.1460,-20.4892,-77.5369,0.6762,-0.06332,-2.78091,-0.0008,0.0992,-0.4712,0.4742,0.00000,0.00000
329,13.1600,0.5022,0.0000,0.0428,0.6195,-0.0069,-0.4985,0.0076,0.0603,0.2004,-20.4892,-77.5631,0.6564,-0.05913,-2.64446,0.1222,0.3287,-0.4990,0.5424,0.00000,0.00000
330,13.2000,0.5022,0.0000,0.0428,0.6530,-0.1552,-0.4660,0.7308,-0.0068,-0.0957,-20.4977,-77.5895,0.6384,-0.06689,-2.71604,0.1883,-0.3449,-0.1469,-0.1715,0.00000,0.00000
331,13.2400,0.5022,0.0000,0.0428,0.6840,-0.0927,-0.2520,0.4577,-0.5325,0.4029,-20.5104,-77.6156,0.6221,-0.07840,-2.92437,0.4332,-0.6393,-0.0750,-0.1432,0.00000,0.00000
332,13.2800,0.5022,0.0000,0.0428,0.6530,-0.0281,-0.0618,0.1419,-0.1418,0.0768,-20.5155,-77.6413,0.6181,-0.08208,-2.97332,-0.1647,-0.0802,-0.0819,0.0692,0.00000,0.00000
333,13.3200,0.5022,0.0000,0.0428,0.6292,-0.0301,-0.0794,0.1482,0.1907,-0.0546,-20.5206,-77.6668,0.6158,-0.07969,-3.02891,0.0666,-0.0397,-0.0332,-0.0303,0.00000,0.00000
334,13.3600,0.5022,0.0000,0.0428,0.6180,-0.0003,-0.0577,0.0020,0.2298,0.0298,-20.5245,-77.6917,0.6135,-0.07117,-3.04707,0.0163,-0.0832,-0.0765,-0.0030,0.00000,0.00000
335,13.4000,0.5022,0.0000,0.0428,0.6085,0.0029,-0.0099,-0.0143,0.3663,0.0658,-20.5275,-77.7164,0.6124,-0.05862,-3.03988,0.0119,-0.1079,-0.0914,0.0231,0.00000,0.00000
336,13.4400,0.5022,0.0000,0.0428,0.6215,-0.0073,-0.0052,0.0360,0.0943,0.0003,-20.5307,-77.7411,0.6121,-0.05046,-3.04071,0.0163,-0.0868,-0.0625,0.0151,0.00000,0.00000
337,13.4800,0.5022,0.0000,0.0428,0.6266,0.0062,0.0089,-0.0330,-0.0265,-0.0022,-20.5338,-77.7658,0.6119,-0.05021,-3.04294,0.0533,-0.1064,-0.0676,-0.0173,0.00000,0.00000
338,13.5200,0.5022,0.0000,0.0428,0.6352,0.0294,-0.0279,-0.1577,-0.0625,-0.0793,-20.5364,-77.7908,0.6117,-0.05119,-3.02148,0.0132,-0.1109,-0.1158,0.0253,0.00000,0.00000
339,13.5600,0.5022,0.0000,0.0428,0.6432,0.0973,-0.1481,-0.4723,-0.1530,0.1211,-20.5371,-77.8166,0.6082,-0.05489,-2.92844,0.0019,-0.0814,-0.2207,0.1154,0.00000,0.00000
340,13.6000,0.5022,0.0000,0.0428,0.6287,0.1315,-0.3982,-0.6957,-0.0367,-0.0988,-20.5358,-77.8426,0.5974,-0.05509,-2.76789,0.0049,0.1245,-0.4539,0.4999,0.00000,0.00000
341,13.6400,0.5022,0.0000,0.0428,0.5992,-0.0266,-0.5276,0.0963,0.2335,0.0415,-20.5359,-77.8679,0.5762,-0.04441,-2.65451,0.1601,0.2478,-0.5478,0.4845,0.00000,0.00000
342,13.6800,0.5022,0.0000,0.0428,0.6620,-0.1452,-0.4672,0.6855,-0.0800,-0.2256,-20.5435,-77.8943,0.5577,-0.05205,-2.74754,0.2665,-0.4469,-0.1352,-0.2037,0.00000,0.00000
343,13.7200,0.5022,0.0000,0.0428,0.6772,0.0007,-0.1231,0.0100,-0.3633,0.1607,-20.5535,-77.9209,0.5434,-0.06942,-2.91506,0.4916,-0.5488,-0.0535,-0.1258,0.00000,0.00000
344,13.7600,0.5022,0.0000,0.0428,0.6342,0.0042,-0.0394,-0.0229,0.2432,0.0520,-20.5552,-77.9466,0.5424,-0.05815,-2.87635,-0.1859,-0.0604,-0.1257,-0.0262,0.00000,0.00000
345,13.8000,0.5022,0.0000,0.0428,0.6437,-0.0506,-0.1097,0.2517,-0.0506,-0.0685,-20.5600,-77.9721,0.5386,-0.05794,-2.92931,0.0919,-0.0549,-0.0153,0.0442,0.00000,0.00000
346,13.8400,0.5022,0.0000,0.0428,0.6329,-0.0273,-0.0277,0.1398,0.1052,0.0606,-20.5651,-77.9973,0.5361,-0.05655,-2.98866,0.0062,-0.1334,-0.1119,-0.0314,0.00000,0.00000
347,13.8800,0.5022,0.0000,0.0428,0.6312,0.0218,0.0080,-0.1122,0.0842,-0.0082,-20.5681,-78.0226,0.5359,-0.05378,-2.98558,0.0546,-0.1401,-0.0465,-0.0275,0.00000,0.00000
348,13.9200,0.5022,0.0000,0.0428,0.6219,-0.0049,-0.0169,0.0239,0.1905,0.0393,-20.5707,-78.0475,0.5355,-0.04581,-2.96861,0.0289,-0.0776,-0.1022,0.0044,0.00000,0.00000
349,13.9600,0.5022,0.0000,0.0428,0.6331,-0.0203,-0.0081,0.1035,0.0134,-0.0018,-20.5744,-78.0725,0.5345,-0.04270,-2.99201,0.0359,-0.0935,-0.0909,0.0137,0.00000,0.00000
350,14.0000,0.5022,0.0000,0.0428,0.6504,0.0412,-0.0415,-0.2240,-0.1354,-0.1016,-20.5772,-78.0980,0.5336,-0.04680,-2.98460,0.0345,-0.1172,-0.1062,-0.0069,0.00000,0.00000
351,14.0400,0.5022,0.0000,0.0428,0.6530,0.1032,-0.1317,-0.5102,-0.0425,0.1168,-20.5774,-78.1242,0.5300,-0.04744,-2.87029,0.0190,-0.0795,-0.3276,0.2486,0.00000,0.00000
352,14.0800,0.5022,0.0000,0.0428,0.6347,0.1159,-0.4821,-0.5178,-0.0047,0.0100,-20.5764,-78.1506,0.5178,-0.04596,-2.73800,0.0688,0.1688,-0.4828,0.5335,0.00000,0.00000
353,14.1200,0.5022,0.0000,0.0428,0.6310,-0.0470,-0.5721,0.2001,-0.2133,-0.3353,-20.5776,-78.1764,0.4945,-0.04619,-2.68040,0.3608,0.1422,-0.3933,0.4045,0.00000,0.00000
354,14.1600,0.5022,0.0000,0.0428,0.6698,-0.2223,-0.5679,0.9949,-0.4255,0.1966,-20.5888,-78.2025,0.4719,-0.06108,-2.89587,0.3023,-0.4790,-0.0637,-0.2817,0.00000,0.00000
355,14.2000,0.5022,0.0000,0.0428,0.6563,-0.1644,-0.1656,0.8512,-0.4887,0.4804,-20.6015,-78.2278,0.4581,-0.08439,3.08790,-0.3111,-0.2383,-0.1872,0.1552,0.00000,0.00000
356,14.2400,0.5022,0.0000,0.0428,0.6191,0.0682,0.0973,-0.3395,0.3346,-0.0352,-20.6060,-78.2529,0.4591,-0.08556,3.01689,0.0292,-0.2049,-0.0314,-0.1475,0.00000,0.00000
357,14.2800,0.5022,0.0000,0.0428,0.5996,0.0701,-0.0483,-0.3492,0.3334,0.0527,-20.6048,-78.2775,0.4608,-0.06726,-3.10913,0.0151,-0.0553,-0.0868,0.0176,0.00000,0.00000
358,14.3200,0.5022,0.0000,0.0428,0.6149,-0.0029,-0.0850,0.0137,-0.0543,0.0699,-20.6062,-78.3021,0.4573,-0.06380,-3.05374,0.0350,-0.0608,-0.1019,0.1016,0.00000,0.00000
359,14.3600,0.5022,0.0000,0.0428,0.6186,-0.0126,0.0129,0.0645,-0.0488,0.0692,-20.6092,-78.3266,0.4562,-0.06633,-3.07238,0.0185,-0.1167,-0.1192,-0.0092,0.00000,0.00000
360,14.4000,0.5022,0.0000,0.0428,0.6135,-0.0119,0.0097,0.0613,-0.0333,0.1188,-20.6122,-78.3509,0.4572,-0.06789,-3.09568,0.0052,-0.0975,-0.0910,-0.0171,0.00000,0.00000
361,14.4400,0.5022,0.0000,0.0428,0.5883,0.0255,-0.0191,-0.1268,0.3161,0.0864,-20.6143,-78.3750,0.4569,-0.06173,-3.08297,0.0404,-0.0995,-0.0483,-0.0165,0.00000,0.00000
362,14.4800,0.5022,0.0000,0.0428,0.5910,0.0741,-0.0650,-0.3965,0.3716,-0.1523,-20.6143,-78.3990,0.4551,-0.04699,-2.97603,0.0136,-0.0942,-0.0768,0.0150,0.00000,0.00000
363,14.5200,0.5022,0.0000,0.0428,0.6247,0.0923,-0.1254,-0.5132,0.2169,-0.0379,-20.6130,-78.4239,0.4510,-0.03525,-2.81361,-0.0282,-0.0929,-0.2166,0.1555,0.00000,0.00000
364,14.5600,0.5022,0.0000,0.0428,0.6484,0.0829,-0.3502,-0.4363,0.0416,-0.0030,-20.6122,-78.4499,0.4416,-0.02812,-2.67071,0.0197,0.0043,-0.4055,0.4034,0.00000,0.00000
365,14.6000,0.5022,0.0000,0.0428,0.6274,0.0124,-0.5378,-0.0892,0.0385,-0.1087,-20.6118,-78.4758,0.4207,-0.02237,-2.57661,0.3279,0.0485,-0.4847,0.4609,0.00000,0.00000
366,14.6400,0.5022,0.0000,0.0428,0.6673,-0.2044,-0.6244,0.9867,-0.1695,-0.2695,-20.6198,-78.5021,0.3972,-0.03568,-2.75460,0.3478,-0.3724,-0.0681,-0.1427,0.00000,0.00000
367,14.6800,0.5022,0.0000,0.0428,0.6611,-0.1401,-0.1094,0.7122,-0.0934,0.2456,-20.6317,-78.5279,0.3827,-0.04617,-3.07299,0.0865,-0.1456,-0.2601,0.0866,0.00000,0.00000
368,14.7200,0.5022,0.0000,0.0428,0.6601,0.0201,0.0687,-0.1032,-0.0314,-0.1071,-20.6362,-78.5541,0.3837,-0.05124,3.11900,-0.0291,-0.1487,-0.0161,-0.1653,0.00000,0.00000
369,14.7600,0.5022,0.0000,0.0428,0.6539,0.0207,-0.0600,-0.1028,-0.2029,0.1486,-20.6375,-78.5800,0.3836,-0.05410,-3.10618,0.0248,-0.0625,-0.0883,0.0595,0.00000,0.00000
370,14.8000,0.5022,0.0000,0.0428,0.6409,0.0085,-0.0894,-0.0416,-0.0910,0.1079,-20.6395,-78.6058,0.3799,-0.06001,-3.08197,0.0451,-0.0459,-0.0719,0.0229,0.00000,0.00000
371,14.8400,0.5022,0.0000,0.0428,0.6360,0.0097,-0.0221,-0.0505,-0.0334,-0.0324,-20.6414,-78.6313,0.3778,-0.06201,-3.05709,0.0234,-0.0598,-0.0805,0.0249,0.00000,0.00000
372,14.8800,0.5022,0.0000,0.0428,0.6229,-0.0186,0.0281,0.0942,0.2268,0.0612,-20.6439,-78.6563,0.3783,-0.05644,-3.06997,-0.0102,-0.1025,-0.1370,0.0097,0.00000,0.00000
373,14.9200,0.5022,0.0000,0.0428,0.6282,0.0062,0.0048,-0.0319,0.0615,-0.0052,-20.6465,-78.6814,0.3790,-0.05215,-3.08926,0.0405,-0.0952,-0.0511,-0.0105,0.00000,0.00000
374,14.9600,0.5022,0.0000,0.0428,0.6286,0.0869,-0.0649,-0.4604,0.0936,-0.1030,-20.6467,-78.7067,0.3777,-0.04963,-2.99025,0.0469,-0.1117,-0.1065,0.0183,0.00000,0.00000
375,15.0000,0.5022,0.0000,0.0428,0.6440,0.1000,-0.1996,-0.5123,0.0241,0.1165,-20.6447,-78.7325,0.3726,-0.04450,-2.77788,-0.0109,-0.0754,-0.3326,0.2558,0.00000,0.00000
376,15.0400,0.5022,0.0000,0.0428,0.6271,0.1127,-0.5604,-0.3205,0.0461,-0.0074,-20.6433,-78.7588,0.3573,-0.04251,-2.71354,0.1662,0.1167,-0.4677,0.5460,0.00000,0.00000
377,15.0800,0.5022,0.0000,0.0428,0.6358,-0.0856,-0.6408,0.3807,-0.2742,-0.3716,-20.6448,-78.7844,0.3318,-0.03977,-2.66960,0.4671,-0.0027,-0.3573,0.2995,0.00000,0.00000
378,15.1200,0.5022,0.0000,0.0428,0.6708,-0.1091,-0.3293,0.5344,-0.5143,0.1207,-20.6553,-78.8110,0.3099,-0.06213,-2.96727,0.3155,-0.4579,-0.0839,-0.2073,0.00000,0.00000
379,15.1600,0.5022,0.0000,0.0428,0.6267,-0.0035,0.0025,0.0199,0.2041,0.1150,-20.6594,-78.8364,0.3056,-0.06299,-3.04032,-0.2410,-0.2316,-0.1140,-0.0327,0.00000,0.00000
380,15.2000,0.5022,0.0000,0.0428,0.6187,0.0114,-0.0252,-0.0599,0.2252,-0.0598,-20.6615,-78.8614,0.3054,-0.05302,-3.03153,0.0328,-0.0949,-0.0325,-0.0134,0.00000,0.00000
381,15.2400,0.5022,0.0000,0.0428,0.6221,-0.0013,-0.0612,0.0058,0.0460,0.0710,-20.6636,-78.8863,0.3032,-0.04792,-3.01890,0.0195,-0.0773,-0.0716,0.0265,0.00000,0.00000
382,15.2800,0.5022,0.0000,0.0428,0.6236,-0.0072,-0.0154,0.0374,0.0427,0.1172,-20.6661,-78.9111,0.3013,-0.04618,-3.02367,0.0147,-0.1021,-0.1090,0.0132,0.00000,0.00000
383,15.3200,0.5022,0.0000,0.0428,0.6261,-0.0166,0.0101,0.0845,0.0359,0.0821,-20.6688,-78.9360,0.3011,-0.04430,-3.04667,-0.0006,-0.0886,-0.1033,0.0055,0.00000,0.00000
384,15.3600,0.5022,0.0000,0.0428,0.6273,0.0150,0.0161,-0.0769,0.0018,0.0429,-20.6709,-78.9610,0.3012,-0.04483,-3.04657,0.0542,-0.1109,-0.0639,-0.0254,0.00000,0.00000
385,15.4000,0.5022,0.0000,0.0428,0.6407,0.0071,-0.0205,-0.0348,-0.2724,-0.0025,-20.6724,-78.9860,0.3009,-0.04890,-3.01523,0.0370,-0.0521,-0.0957,0.0351,0.00000,0.00000
386,15.4400,0.5022,0.0000,0.0428,0.6461,0.0440,-0.0841,-0.2246,-0.1867,0.0215,-20.6737,-79.0116,0.2989,-0.05866,-2.97379,0.0136,-0.0801,-0.1848,0.0446,0.00000,0.00000
387,15.4800,0.5022,0.0000,0.0428,0.6403,0.0800,-0.2767,-0.4142,-0.0419,0.0410,-20.6729,-79.0376,0.2925,-0.06029,-2.81371,0.0154,-0.0579,-0.3806,0.2940,0.00000,0.00000
388,15.5200,0.5022,0.0000,0.0428,0.5942,0.1151,-0.5477,-0.3873,0.4271,0.1300,-20.6705,-79.0637,0.2755,-0.05291,-2.59240,0.3355,-0.0531,-0.5490,0.4972,0.00000,0.00000
389,15.5600,0.5022,0.0000,0.0428,0.6165,-0.0539,-0.6861,0.2341,0.0197,-0.1527,-20.6719,-79.0896,0.2499,-0.05025,-2.54183,0.4351,-0.3050,-0.0794,0.0045,0.00000,0.00000
390,15.6000,0.5022,0.0000,0.0428,0.6358,0.0480,-0.1002,-0.2358,-0.2071,0.2491,-20.6766,-79.1154,0.2329,-0.06300,-2.49513,0.4625,-0.4929,-0.2238,-0.0202,0.00000,0.00000
391,15.6400,0.5022,0.0000,0.0428,0.6273,-0.0686,-0.0526,0.3472,0.1222,-0.1461,-20.6777,-79.1404,0.2320,-0.05451,-2.54157,-0.2205,-0.0156,-0.0973,-0.1127,0.00000,0.00000
392,15.6800,0.5022,0.0000,0.0428,0.6367,-0.1162,-0.0913,0.5743,-0.2091,-0.1096,-20.6848,-79.1654,0.2286,-0.05920,-2.79600,0.0541,-0.1163,-0.0457,0.0259,0.00000,0.00000
393,15.7200,0.5022,0.0000,0.0428,0.6103,-0.0101,-0.0174,0.0551,0.1401,0.1603,-20.6897,-79.1901,0.2269,-0.06079,-2.93289,0.0389,-0.1776,-0.0902,-0.0791,0.00000,0.00000
394,15.7600,0.5022,0.0000,0.0428,0.6017,0.0057,-0.0414,-0.0289,0.1555,0.0415,-20.6911,-79.2143,0.2256,-0.05234,-2.90447,0.0206,-0.0572,-0.0805,0.0660,0.00000,0.00000
395,15.8000,0.5022,0.0000,0.0428,0.6003,-0.0134,-0.0266,0.0675,0.2040,0.0237,-20.6932,-79.2385,0.2238,-0.04508,-2.91405,0.0231,-0.0846,-0.0953,-0.0067,0.00000,0.00000
396,15.8400,0.5022,0.0000,0.0428,0.6086,-0.0012,0.0215,0.0057,0.0788,0.0783,-20.6951,-79.2628,0.2235,-0.04074,-2.92193,0.0239,-0.1373,-0.0937,-0.0163,0.00000,0.00000
397,15.8800,0.5022,0.0000,0.0428,0.6041,-0.0127,0.0097,0.0642,0.1766,0.0985,-20.6970,-79.2870,0.2236,-0.03471,-2.93327,0.0057,-0.0959,-0.0905,-0.0049,0.00000,0.00000
398,15.9200,0.5022,0.0000,0.0428,0.6222,-0.0116,0.0320,0.0596,-0.1333,0.1219,-20.6990,-79.3114,0.2238,-0.03530,-2.95195,0.0623,-0.1045,-0.0978,0.0707,0.00000,0.00000
399,15.9600,0.5022,0.0000,0.0428,0.6111,-0.0086,0.0098,0.0432,0.1160,0.0551,-20.7010,-79.3360,0.2241,-0.03454,-2.98806,0.0315,-0.0747,-0.0849,-0.0326,0.00000,0.00000
400,16.0000,0.5022,0.0000,0.0428,0.6220,-0.0028,-0.0065,0.0139,-0.0951,0.0823,-20.7025,-79.3606,0.2234,-0.03522,-2.99041,0.0147,-0.0855,-0.0822,0.0356,0.00000,0.00000
401,16.0400,0.5022,0.0000,0.0428,0.6099,0.0023,0.0069,-0.0119,0.1978,0.0939,-20.7038,-79.3853,0.2227,-0.03217,-2.98784,0.0141,-0.0902,-0.0840,-0.0123,0.00000,0.00000
402,16.0800,0.5022,0.0000,0.0428,0.6244,0.0062,0.0155,-0.0326,-0.0278,0.0546,-20.7046,-79.4100,0.2225,-0.02942,-2.94471,0.0293,-0.0821,-0.0792,0.0223,0.00000,0.00000
403,16.1200,0.5022,0.0000,0.0428,0.6277,-0.0001,0.0295,-0.0000,-0.0025,0.1104,-20.7055,-79.4349,0.2227,-0.03009,-2.91673,0.0346,-0.0998,-0.0913,0.0011,0.00000,0.00000
404,16.1600,0.5022,0.0000,0.0428,0.6389,-0.0001,0.0145,-0.0005,-0.1832,0.0479,-20.7065,-79.4601,0.2229,-0.03453,-2.89703,0.0440,-0.0760,-0.0726,0.0126,0.00000,0.00000
405,16.2000,0.5022,0.0000,0.0428,0.6328,0.0171,0.0233,-0.0886,-0.0442,-0.0030,-20.7070,-79.4854,0.2230,-0.03887,-2.84785,0.0709,-0.0965,-0.0803,-0.0128,0.00000,0.00000
406,16.2400,0.5022,0.0000,0.0428,0.6256,-0.0033,0.0044,0.0159,0.1100,0.0737,-20.7076,-79.5105,0.2231,-0.03605,-2.79460,0.0094,-0.0804,-0.0996,0.0045,0.00000,0.00000
407,16.2800,0.5022,0.0000,0.0428,0.6332,0.0010,0.0179,-0.0052,0.0009,0.0919,-20.7085,-79.5357,0.2229,-0.03511,-2.76158,0.0454,-0.1113,-0.0814,0.0127,0.00000,0.00000
408,16.3200,0.5022,0.0000,0.0428,0.6348,-0.0128,0.0113,0.0652,0.0106,0.0776,-20.7094,-79.5610,0.2229,-0.03416,-2.75778,0.0137,-0.0747,-0.0881,0.0151,0.00000,0.00000
409,16.3600,0.5022,0.0000,0.0428,0.6340,0.0046,0.0190,-0.0242,0.0723,0.0317,-20.7103,-79.5864,0.2228,-0.03324,-2.76027,0.0439,-0.1000,-0.0651,-0.0018,0.00000,0.00000
410,16.4000,0.5022,0.0000,0.0428,0.6320,0.0146,0.0187,-0.0754,0.1434,0.0778,-20.7104,-79.6118,0.2230,-0.02829,-2.63395,0.0350,-0.0969,-0.0757,-0.0057,0.00000,0.00000
411,16.4400,0.5022,0.0000,0.0428,0.6454,-0.0061,0.0079,0.0305,-0.0439,0.1067,-20.7106,-79.6373,0.2226,-0.02658,-2.49743,0.0252,-0.0798,-0.0882,0.0252,0.00000,0.00000
412,16.4800,0.5022,0.0000,0.0428,0.6516,0.0132,0.0258,-0.0688,-0.0793,0.0014,-20.7109,-79.6632,0.2225,-0.03030,-2.41113,0.0729,-0.0985,-0.0523,-0.0211,0.00000,0.00000
413,16.5200,0.5022,0.0000,0.0428,0.6582,0.0011,0.0477,-0.0063,-0.1574,0.0631,-20.7108,-79.6891,0.2235,-0.03396,-2.25374,0.0672,-0.1000,-0.1295,0.0369,0.00000,0.00000
414,16.5600,0.5022,0.0000,0.0428,0.6479,-0.0040,0.0158,0.0195,0.0753,0.0842,-20.7113,-79.7152,0.2242,-0.03528,-2.16748,0.0487,-0.1028,-0.0921,-0.0507,0.00000,0.00000
415,16.6000,0.5022,0.0000,0.0428,0.6530,-0.0023,-0.0058,0.0113,-0.0598,0.0836,-20.7116,-79.7412,0.2236,-0.03517,-1.98026,0.0466,-0.0771,-0.0882,0.0264,0.00000,0.00000
416,16.6400,0.5022,0.0000,0.0428,0.6448,0.0215,0.0254,-0.1107,0.1448,0.0379,-20.7113,-79.7672,0.2235,-0.03369,-1.72064,0.0579,-0.1385,-0.0879,-0.0350,0.00000,0.00000
417,16.6800,0.5022,0.0000,0.0428,0.6427,-0.0043,0.0172,0.0202,0.2288,0.0955,-20.7108,-79.7930,0.2237,-0.02451,-1.57953,0.0162,-0.0933,-0.1002,0.0128,0.00000,0.00000
418,16.7200,0.5022,0.0000,0.0428,0.6572,-0.0147,0.0126,0.0739,0.0407,0.0115,-20.7113,-79.8191,0.2232,-0.02058,-1.42394,0.0497,-0.0870,-0.0706,0.0146,0.00000,0.00000
419,16.7600,0.5022,0.0000,0.0428,0.6706,0.0128,0.0407,-0.0667,-0.1392,0.0583,-20.7112,-79.8456,0.2236,-0.02395,-1.28968,0.0739,-0.1270,-0.0791,-0.0269,0.00000,0.00000
420,16.8000,0.5022,0.0000,0.0428,0.6832,-0.0204,0.0064,0.1032,-0.3554,0.1784,-20.7111,-79.8723,0.2238,-0.03301,-1.03132,0.0407,-0.0581,-0.1119,0.0274,0.00000,0.00000
421,16.8400,0.5022,0.0000,0.0428,0.6658,0.0002,0.0171,-0.0004,-0.0130,0.0918,-20.7115,-79.8991,0.2236,-0.03990,-0.65388,0.1004,-0.0850,-0.1017,-0.0405,0.00000,0.00000
422,16.8800,0.5022,0.0000,0.0428,0.6699,-0.0064,0.0061,0.0327,-0.1341,0.1731,-20.7109,-79.9256,0.2238,-0.04242,-0.53380,0.0158,-0.0863,-0.1171,0.0219,0.00000,0.00000
423,16.9200,0.5022,0.0000,0.0428,0.6604,0.0181,0.0137,-0.0917,0.0206,0.1087,-20.7101,-79.9522,0.2238,-0.04546,-0.44926,0.0782,-0.1260,-0.0779,-0.0330,0.00000,0.00000
424,16.9600,0.5022,0.0000,0.0428,0.6589,0.0105,0.0174,-0.0529,-0.0015,0.0700,-20.7085,-79.9784,0.2241,-0.04387,-0.50070,0.0559,-0.0989,-0.1074,0.0327,0.00000,0.00000
425,17.0000,0.5022,0.0000,0.0428,0.6555,-0.0164,-0.0029,0.0828,-0.0341,0.0876,-20.7079,-80.0045,0.2240,-0.04382,-0.44058,0.0510,-0.0725,-0.0919,-0.0019,0.00000,0.00000
426,17.0400,0.5022,0.0000,0.0428,0.6644,-0.0004,0.0049,0.0022,-0.2673,0.0837,-20.7073,-80.0308,0.2238,-0.05167,-0.35626,0.0776,-0.1028,-0.0847,-0.0010,0.00000,0.00000
427,17.0800,0.5022,0.0000,0.0428,0.6450,0.0024,-0.0078,-0.0126,0.0134,0.0549,-20.7063,-80.0567,0.2236,-0.05478,-0.33668,0.0517,-0.0706,-0.0997,-0.0329,0.00000,0.00000
428,17.1200,0.5022,0.0000,0.0428,0.6295,0.0056,0.0009,-0.0285,0.2517,0.0723,-20.7050,-80.0823,0.2233,-0.04886,-0.32896,0.0353,-0.1060,-0.0964,-0.0005,0.00000,0.00000
429,17.1600,0.5022,0.0000,0.0428,0.6323,-0.0079,0.0147,0.0398,0.1882,0.0577,-20.7038,-80.1077,0.2233,-0.03995,-0.30918,0.0179,-0.1085,-0.1063,0.0240,0.00000,0.00000
430,17.2000,0.5022,0.0000,0.0428,0.6461,-0.0227,0.0261,0.1152,-0.0588,0.1708,-20.7033,-80.1332,0.2238,-0.03827,-0.22241,0.0249,-0.1165,-0.1219,0.0108,0.00000,0.00000
431,17.2400,0.5022,0.0000,0.0428,0.6368,0.0032,0.0222,-0.0165,0.1210,0.0468,-20.7024,-80.1589,0.2242,-0.03734,-0.16552,0.0619,-0.1039,-0.0735,-0.0099,0.00000,0.00000
432,17.2800,0.5022,0.0000,0.0428,0.6399,-0.0085,0.0081,0.0425,0.0440,0.1196,-20.7009,-80.1843,0.2243,-0.03286,-0.15758,0.0220,-0.0779,-0.1248,0.0405,0.00000,0.00000
433,17.3200,0.5022,0.0000,0.0428,0.6473,-0.0062,-0.0086,0.0315,-0.0600,0.1321,-20.6997,-80.2101,0.2235,-0.03484,-0.11791,0.0321,-0.0812,-0.0609,-0.0036,0.00000,0.00000
434,17.3600,0.5022,0.0000,0.0428,0.6513,0.0125,0.0154,-0.0638,-0.1384,0.0209,-20.6977,-80.2358,0.2231,-0.03885,-0.12552,0.0743,-0.0731,-0.0825,0.0318,0.00000,0.00000
435,17.4000,0.5022,0.0000,0.0428,0.6422,0.0271,0.0197,-0.1405,0.0542,-0.0052,-20.6950,-80.2616,0.2234,-0.04003,-0.18237,0.0683,-0.0977,-0.0715,-0.0448,0.00000,0.00000
436,17.4400,0.5022,0.0000,0.0428,0.6425,0.0102,-0.0020,-0.0532,0.0287,0.1023,-20.6922,-80.2871,0.2232,-0.03815,-0.23184,0.0343,-0.0982,-0.0782,0.0063,0.00000,0.00000
437,17.4800,0.5022,0.0000,0.0428,0.6457,-0.0127,0.0003,0.0646,0.0023,0.0261,-20.6905,-80.3128,0.2225,-0.03745,-0.21358,0.0433,-0.0721,-0.0751,0.0280,0.00000,0.00000
438,17.5200,0.5022,0.0000,0.0428,0.6611,-0.0214,0.0242,0.1096,-0.2584,0.1225,-20.6892,-80.3387,0.2227,-0.04340,-0.16027,0.0378,-0.0947,-0.1062,0.0089,0.00000,0.00000
439,17.5600,0.5022,0.0000,0.0428,0.6569,-0.0043,0.0205,0.0219,-0.2150,0.0613,-20.6878,-80.3648,0.2234,-0.05322,-0.11800,0.0640,-0.0957,-0.0900,-0.0089,0.00000,0.00000
440,17.6000,0.5022,0.0000,0.0428,0.6314,0.0270,0.0071,-0.1380,0.1846,0.0341,-20.6851,-80.3903,0.2239,-0.05252,-0.14277,0.0547,-0.1145,-0.0827,-0.0321,0.00000,0.00000
441,17.6400,0.5022,0.0000,0.0428,0.6373,0.0021,-0.0257,-0.0116,0.0010,0.0788,-20.6820,-80.4156,0.2232,-0.04858,-0.18222,0.0106,-0.0785,-0.0759,0.0416,0.00000,0.00000
442,17.6800,0.5022,0.0000,0.0428,0.6388,-0.0113,0.0103,0.0578,0.0079,0.0490,-20.6802,-80.4410,0.2225,-0.04881,-0.15620,0.0432,-0.1057,-0.0915,0.0187,0.00000,0.00000
443,17.7200,0.5022,0.0000,0.0428,0.6272,0.0171,0.0214,-0.0898,0.2293,-0.0442,-20.6777,-80.4663,0.2231,-0.04390,-0.16228,0.0451,-0.1150,-0.0506,-0.0580,0.00000,0.00000
444,17.7600,0.5022,0.0000,0.0428,0.6250,-0.0116,0.0003,0.0584,0.2637,0.0775,-20.6752,-80.4913,0.2230,-0.03250,-0.17049,-0.0032,-0.0846,-0.1007,0.0371,0.00000,0.00000
445,17.8000,0.5022,0.0000,0.0428,0.6381,0.0085,0.0359,-0.0440,0.1035,0.0477,-20.6729,-80.5168,0.2229,-0.02729,-0.15791,0.0751,-0.1306,-0.0656,-0.0012,0.00000,0.00000
446,17.8400,0.5022,0.0000,0.0428,0.6564,0.0078,0.0356,-0.0413,-0.1999,0.0304,-20.6699,-80.5423,0.2237,-0.02947,-0.18086,0.0775,-0.0890,-0.0819,0.0121,0.00000,0.00000
447,17.8800,0.5022,0.0000,0.0428,0.6581,-0.0044,0.0045,0.0211,-0.2035,0.0398,-20.6673,-80.5683,0.2238,-0.03765,-0.17601,0.0775,-0.0734,-0.0758,-0.0155,0.00000,0.00000
448,17.9200,0.5022,0.0000,0.0428,0.6398,0.0067,0.0050,-0.0348,0.1448,0.0468,-20.6648,-80.5940,0.2234,-0.03771,-0.16985,0.0568,-0.0971,-0.0854,-0.0278,0.00000,0.00000
449,17.9600,0.5022,0.0000,0.0428,0.6477,-0.0201,0.0201,0.1026,0.0227,0.1339,-20.6623,-80.6197,0.2235,-0.03366,-0.15510,0.0205,-0.0935,-0.1294,0.0588,0.00000,0.00000
450,18.0000,0.5022,0.0000,0.0428,0.6478,-0.0189,0.0314,0.0962,0.0835,0.1381,-20.6606,-80.6456,0.2239,-0.03208,-0.10481,0.0487,-0.1089,-0.1007,-0.0182,0.00000,0.00000
451,18.0400,0.5022,0.0000,0.0428,0.6572,-0.0046,0.0169,0.0232,-0.1095,0.0513,-20.6580,-80.6715,0.2242,-0.03342,-0.08535,0.0459,-0.0885,-0.0876,0.0329,0.00000,0.00000
452,18.0800,0.5022,0.0000,0.0428,0.6510,0.0069,0.0101,-0.0357,0.0259,0.0830,-20.6550,-80.6974,0.2242,-0.03477,-0.08387,0.0468,-0.1016,-0.0935,-0.0126,0.00000,0.00000
453,18.1200,0.5022,0.0000,0.0428,0.6488,-0.0031,0.0037,0.0161,0.0896,0.2118,-20.6517,-80.7232,0.2239,-0.03168,-0.08434,0.0039,-0.1082,-0.1187,0.0052,0.00000,0.00000
454,18.1600,0.5022,0.0000,0.0428,0.6674,-0.0002,0.0057,0.0007,-0.2382,0.0558,-20.6484,-80.7492,0.2233,-0.03630,-0.07991,0.0649,-0.0726,-0.0681,0.0366,0.00000,0.00000
455,18.2000,0.5022,0.0000,0.0428,0.6542,-0.0022,0.0181,0.0103,0.0465,0.0432,-20.6451,-80.7752,0.2234,-0.03838,-0.07267,0.0466,-0.0767,-0.1134,-0.0302,0.00000,0.00000
456,18.2400,0.5022,0.0000,0.0428,0.6655,-0.0009,0.0222,0.0043,-0.1785,0.1018,-20.6415,-80.8013,0.2238,-0.04218,-0.07225,0.0476,-0.1048,-0.1074,0.0324,0.00000,0.00000
457,18.2800,0.5022,0.0000,0.0428,0.6528,0.0091,0.0063,-0.0471,0.0299,0.0206,-20.6378,-80.8273,0.2239,-0.04452,-0.07357,0.0644,-0.0853,-0.0847,-0.0269,0.00000,0.00000
458,18.3200,0.5022,0.0000,0.0428,0.6446,0.0129,0.0091,-0.0660,0.1516,0.0817,-20.6336,-80.8529,0.2239,-0.04016,-0.09014,0.0434,-0.1062,-0.1052,0.0045,0.00000,0.00000
459,18.3600,0.5022,0.0000,0.0428,0.6407,0.0077,0.0069,-0.0402,0.2374,0.1244,-20.6295,-80.8784,0.2236,-0.03210,-0.10162,0.0310,-0.1112,-0.0925,-0.0240,0.00000,0.00000
460,18.4000,0.5022,0.0000,0.0428,0.6509,-0.0050,0.0070,0.0250,0.0809,0.1263,-20.6255,-80.9041,0.2231,-0.02630,-0.10093,0.0245,-0.0975,-0.0852,0.0100,0.00000,0.00000
461,18.4400,0.5022,0.0000,0.0428,0.6628,-0.0186,0.0353,0.0942,-0.0581,0.1178,-20.6221,-80.9301,0.2232,-0.02611,-0.08055,0.0390,-0.1002,-0.1189,0.0264,0.00000,0.00000
462,18.4800,0.5022,0.0000,0.0428,0.6710,0.0032,0.0338,-0.0172,-0.1703,0.0760,-20.6182,-80.9564,0.2240,-0.03177,-0.06856,0.0707,-0.1027,-0.0869,-0.0381,0.00000,0.00000
463,18.5200,0.5022,0.0000,0.0428,0.6653,0.0158,0.0106,-0.0810,-0.0870,0.0700,-20.6134,-80.9825,0.2242,-0.03643,-0.08106,0.0718,-0.0887,-0.0864,0.0018,0.00000,0.00000
464,18.5600,0.5022,0.0000,0.0428,0.6653,0.0004,0.0005,-0.0028,-0.0954,0.0915,-20.6087,-81.0085,0.2239,-0.03940,-0.08994,0.0604,-0.0745,-0.1011,0.0225,0.00000,0.00000
465,18.6000,0.5022,0.0000,0.0428,0.6670,0.0117,0.0180,-0.0601,-0.1326,0.0583,-20.6040,-81.0346,0.2239,-0.04483,-0.09428,0.0796,-0.1176,-0.0943,-0.0249,0.00000,0.00000
466,18.6400,0.5022,0.0000,0.0428,0.6484,0.0122,0.0059,-0.0631,0.1862,0.0714,-20.5989,-81.0604,0.2241,-0.04221,-0.10685,0.0481,-0.1032,-0.0839,-0.0350,0.00000,0.00000
467,18.6800,0.5022,0.0000,0.0428,0.6621,-0.0137,-0.0066,0.0695,-0.1089,0.0927,-20.5943,-81.0862,0.2235,-0.04125,-0.10600,0.0386,-0.0839,-0.0931,0.0500,0.00000,0.00000
468,18.7200,0.5022,0.0000,0.0428,0.6542,-0.0243,0.0154,0.1235,0.0911,0.0040,-20.5906,-81.1123,0.2233,-0.04111,-0.07751,0.0415,-0.0870,-0.0944,0.0063,0.00000,0.00000
469,18.7600,0.5022,0.0000,0.0428,0.6568,-0.0219,0.0202,0.1113,0.0331,0.1443,-20.5869,-81.1382,0.2238,-0.03857,-0.05173,0.0134,-0.0985,-0.1119,0.0074,0.00000,0.00000
470,18.8000,0.5022,0.0000,0.0428,0.6556,0.0036,0.0037,-0.0174,0.0295,0.1184,-20.5824,-81.1641,0.2237,-0.03826,-0.04027,0.0486,-0.0917,-0.0662,0.0050,0.00000,0.00000
471,18.8400,0.5022,0.0000,0.0428,0.6577,0.0107,0.0006,-0.0537,-0.0279,0.1417,-20.5770,-81.1897,0.2233,-0.03786,-0.04972,0.0427,-0.0791,-0.0849,0.0204,0.00000,0.00000
472,18.8800,0.5022,0.0000,0.0428,0.6649,0.0117,-0.0032,-0.0606,-0.1651,0.0295,-20.5714,-81.2154,0.2227,-0.04219,-0.06084,0.0775,-0.0542,-0.0611,-0.0012,0.00000,0.00000
473,18.9200,0.5022,0.0000,0.0428,0.6576,-0.0036,0.0151,0.0182,-0.0082,0.0774,-20.5660,-81.2412,0.2227,-0.04473,-0.06270,0.0366,-0.0886,-0.1085,0.0020,0.00000,0.00000
474,18.9600,0.5022,0.0000,0.0428,0.6647,0.0035,0.0142,-0.0186,-0.1781,0.0532,-20.5607,-81.2670,0.2230,-0.04970,-0.06257,0.0633,-0.0943,-0.0660,0.0040,0.00000,0.00000
475,19.0000,0.5022,0.0000,0.0428,0.6496,0.0088,-0.0029,-0.0447,0.0361,0.1008,-20.5551,-81.2925,0.2231,-0.05152,-0.06660,0.0441,-0.0941,-0.0813,-0.0332,0.00000,0.00000
476,19.0400,0.5022,0.0000,0.0428,0.6504,0.0039,-0.0102,-0.0208,-0.0464,-0.0073,-20.5494,-81.3178,0.2225,-0.05168,-0.07379,0.0557,-0.0636,-0.0662,0.0368,0.00000,0.00000
477,19.0800,0.5022,0.0000,0.0428,0.6464,-0.0025,0.0191,0.0128,0.0262,0.0866,-20.5440,-81.3431,0.2227,-0.05184,-0.07237,0.0422,-0.1126,-0.0999,-0.0119,0.00000,0.00000
478,19.1200,0.5022,0.0000,0.0428,0.6355,0.0074,0.0076,-0.0383,0.1827,0.0556,-20.5385,-81.3682,0.2230,-0.04743,-0.07337,0.0450,-0.1001,-0.0576,-0.0266,0.00000,0.00000
479,19.1600,0.5022,0.0000,0.0428,0.6416,-0.0101,0.0023,0.0521,0.0263,0.0974,-20.5330,-81.3932,0.2228,-0.04297,-0.07255,0.0286,-0.0852,-0.0978,0.0420,0.00000,0.00000
480,19.2000,0.5022,0.0000,0.0428,0.6497,-0.0079,0.0174,0.0400,-0.1080,0.0600,-20.5278,-81.4184,0.2229,-0.04571,-0.06170,0.0609,-0.0939,-0.0755,0.0024,0.00000,0.00000
481,19.2400,0.5022,0.0000,0.0428,0.6512,-0.0060,0.0173,0.0310,-0.1824,0.1003,-20.5223,-81.4436,0.2234,-0.05128,-0.05518,0.0563,-0.0883,-0.1029,0.0055,0.00000,0.00000
482,19.2800,0.5022,0.0000,0.0428,0.6320,0.0113,-0.0012,-0.0570,0.1196,0.0866,-20.5165,-81.4686,0.2236,-0.05196,-0.05501,0.0457,-0.1047,-0.0815,-0.0408,0.00000,0.00000
483,19.3200,0.5022,0.0000,0.0428,0.6294,-0.0068,-0.0109,0.0359,0.1112,0.1732,-20.5105,-81.4931,0.2230,-0.04634,-0.05818,0.0041,-0.0860,-0.1041,0.0365,0.00000,0.00000
484,19.3600,0.5022,0.0000,0.0428,0.6457,-0.0066,0.0148,0.0341,-0.1883,0.0640,-20.5048,-81.5179,0.2228,-0.04961,-0.05089,0.0641,-0.0924,-0.0798,0.0340,0.00000,0.00000
485,19.4000,0.5022,0.0000,0.0428,0.6433,-0.0103,0.0083,0.0516,-0.1865,0.0409,-20.4991,-81.5427,0.2232,-0.05650,-0.04264,0.0417,-0.0737,-0.0992,-0.0203,0.00000,0.00000
486,19.4400,0.5022,0.0000,0.0428,0.6260,0.0136,0.0023,-0.0694,0.0482,0.0497,-20.4929,-81.5673,0.2234,-0.05913,-0.04269,0.0596,-0.1023,-0.0808,-0.0177,0.00000,0.00000
487,19.4800,0.5022,0.0000,0.0428,0.6108,0.0150,-0.0022,-0.0760,0.2526,0.1183,-20.4862,-81.5911,0.2233,-0.05157,-0.05579,0.0274,-0.1034,-0.0991,-0.0018,0.00000,0.00000
488,19.5200,0.5022,0.0000,0.0428,0.6170,0.0099,0.0137,-0.0515,0.1300,0.0064,-20.4794,-81.6149,0.2231,-0.04479,-0.06613,0.0475,-0.1185,-0.0833,0.0266,0.00000,0.00000
489,19.5600,0.5022,0.0000,0.0428,0.6269,-0.0024,0.0259,0.0111,-0.0458,0.0594,-20.4730,-81.6389,0.2237,-0.04348,-0.06899,0.0454,-0.1226,-0.1012,-0.0131,0.00000,0.00000
490,19.6000,0.5022,0.0000,0.0428,0.6404,-0.0123,0.0014,0.0619,-0.3487,0.0648,-20.4670,-81.6633,0.2239,-0.05278,-0.06240,0.0608,-0.0892,-0.0711,0.0214,0.00000,0.00000
491,19.6400,0.5022,0.0000,0.0428,0.6262,-0.0161,0.0043,0.0829,-0.1538,0.0984,-20.4614,-81.6876,0.2239,-0.06127,-0.04799,0.0605,-0.0849,-0.1283,0.0049,0.00000,0.00000
492,19.6800,0.5022,0.0000,0.0428,0.6040,0.0238,-0.0042,-0.1197,0.1630,0.1223,-20.4548,-81.7113,0.2240,-0.06079,-0.05039,0.0480,-0.1264,-0.0877,-0.0801,0.00000,0.00000
493,19.7200,0.5022,0.0000,0.0428,0.6035,-0.0073,-0.0164,0.0381,0.0698,0.1250,-20.4479,-81.7344,0.2234,-0.05495,-0.05938,0.0062,-0.0819,-0.1135,0.0793,0.00000,0.00000
494,19.7600,0.5022,0.0000,0.0428,0.5981,-0.0090,0.0166,0.0462,0.1986,0.0521,-20.4419,-81.7579,0.2232,-0.04998,-0.04893,0.0377,-0.1211,-0.0952,-0.0280,0.00000,0.00000
495,19.8000,0.5022,0.0000,0.0428,0.5991,-0.0052,0.0241,0.0267,0.1459,0.1404,-20.4356,-81.7811,0.2239,-0.04296,-0.04477,0.0099,-0.1259,-0.1100,-0.0059,0.00000,0.00000
496,19.8400,0.5022,0.0000,0.0428,0.5962,0.0112,0.0123,-0.0576,0.1920,0.0493,-20.4288,-81.8041,0.2240,-0.03679,-0.04601,0.0492,-0.1161,-0.0706,-0.0052,0.00000,0.00000
497,19.8800,0.5022,0.0000,0.0428,0.6090,0.0016,0.0145,-0.0093,-0.0337,0.0429,-20.4216,-81.8271,0.2238,-0.03372,-0.05249,0.0398,-0.0985,-0.0995,0.0355,0.00000,0.00000
498,19.9200,0.5022,0.0000,0.0428,0.6162,0.0011,0.0286,-0.0063,-0.1112,0.1121,-20.4147,-81.8505,0.2241,-0.03747,-0.05161,0.0560,-0.1309,-0.1035,-0.0220,0.00000,0.00000
499,19.9600,0.4497,0.0000,0.0365,0.0528,0.0407,0.0000,-0.0214,-0.0203,0.0377,-11.8503,-75.6627,0.9999,0.00000,0.00000,0.0245,-0.0949,-0.0809,-0.0177,0.00000,0.00000
500,20.0000,0.4497,0.0000,0.0365,0.0078,0.0241,-0.2719,0.4550,1.6658,-0.0737,-11.8511,-75.6615,0.9951,0.06991,0.32957,0.9877,0.4219,-1.1554,-0.0709,0.00000,0.00000
501,20.0400,0.4497,0.0000,0.0365,0.1711,0.0145,-0.8076,0.4761,1.1133,-1.6662,-11.8519,-75.6571,0.9687,0.10785,0.25808,1.4049,2.0722,0.6137,1.1747,0.00000,0.00000
502,20.0800,0.4497,0.0000,0.0365,0.2657,0.0057,-1.1704,0.7160,0.7681,-3.2812,-11.8530,-75.6526,0.9286,0.14427,0.13681,2.6246,1.8702,0.8366,2.3882,0.00000,0.00000
503,20.1200,0.4497,0.0000,0.0365,0.3306,0.0296,-1.5816,-0.4027,0.1731,0.0507,-11.8546,-75.6478,0.8701,0.15052,0.07833,1.4269,1.2734,0.7500,1.5970,0.00000,0.00000
504,20.1600,0.4497,0.0000,0.0365,0.3816,0.0888,-1.9624,0.1229,0.3335,2.0875,-11.8573,-75.6449,0.7976,0.16197,0.00945,0.0964,0.1389,0.1681,0.1049,0.00000,0.00000
505,20.2000,0.4497,0.0000,0.0365,0.2407,0.0215,0.0999,-0.1261,0.3455,0.0850,-11.8583,-75.6372,0.7695,0.18867,0.13331,-0.2491,-0.3572,-0.4300,0.2599,0.00000,0.00000
506,20.2400,0.4497,0.0000,0.0365,0.3313,0.0362,0.1702,-0.1888,-0.5771,0.0210,-11.8582,-75.6245,0.7743,0.18211,0.09457,-0.0560,-0.5302,-0.4522,-0.7880,0.00000,0.00000
507,20.2800,0.4497,0.0000,0.0365,0.4149,0.0048,0.0340,-0.0261,-0.9907,-0.0130,-11.8579,-75.6096,0.7738,0.13890,0.05946,-0.5252,-0.8520,-0.3551,-0.2067,0.00000,0.00000
508,20.3200,0.4497,0.0000,0.0365,0.4417,0.0019,0.1074,-0.0174,-0.9725,0.1178,-11.8566,-75.5935,0.7730,0.09998,0.04550,-0.1482,-0.3551,-0.1092,0.0972,0.00000,0.00000
509,20.3600,0.4497,0.0000,0.0365,0.4434,0.0229,0.0871,-0.1194,-0.4071,0.0970,-11.8554,-75.5764,0.7739,0.07666,0.02878,0.0279,-0.1029,-0.0557,0.0040,0.00000,0.00000
510,20.4000,0.4497,0.0000,0.0365,0.4638,0.0208,0.0321,-0.1083,-0.2662,0.0567,-11.8549,-75.5585,0.7732,0.06450,-0.02168,0.0031,-0.0689,-0.0827,0.0246,0.00000,0.00000
511,20.4400,0.4497,0.0000,0.0365,0.5019,0.0113,0.0617,-0.0603,-0.4607,0.0585,-11.8540,-75.5395,0.7724,0.04871,-0.06080,0.0309,-0.0956,-0.0831,0.0571,0.00000,0.00000
512,20.4800,0.4497,0.0000,0.0365,0.5116,0.0074,0.0648,-0.0393,-0.1690,-0.0648,-11.8527,-75.5194,0.7727,0.03707,-0.07583,0.0234,-0.0855,-0.0665,-0.0235,0.00000,0.00000
513,20.5200,0.4497,0.0000,0.0365,0.5311,-0.0098,0.0495,0.0471,-0.1625,0.0894,-11.8509,-75.4987,0.7728,0.03066,-0.07411,-0.0136,-0.0974,-0.0939,0.0346,0.00000,0.00000
514,20.5600,0.4497,0.0000,0.0365,0.5487,0.0049,0.0595,-0.0262,-0.1452,0.0273,-11.8490,-75.4773,0.7728,0.02363,-0.06485,0.0349,-0.1083,-0.0759,0.0243,0.00000,0.00000
515,20.6000,0.4497,0.0000,0.0365,0.5612,0.0216,0.0648,-0.1116,-0.0751,-0.0317,-11.8479,-75.4552,0.7734,0.01976,-0.10298,0.0551,-0.0978,-0.0790,0.0038,0.00000,0.00000
516,20.6400,0.4497,0.0000,0.0365,0.5773,0.0059,0.0335,-0.0325,-0.0988,0.0334,-11.8468,-75.4325,0.7734,0.01651,-0.13842,0.0348,-0.0774,-0.0807,0.0026,0.00000,0.00000
517,20.6800,0.4497,0.0000,0.0365,0.5993,-0.0008,0.0291,0.0021,-0.2610,0.0263,-11.8450,-75.4092,0.7726,0.00814,-0.14486,0.0529,-0.0704,-0.0632,0.0255,0.00000,0.00000
518,20.7200,0.4497,0.0000,0.0365,0.6109,-0.0075,0.0513,0.0367,-0.2547,0.0873,-11.8429,-75.3854,0.7728,-0.00148,-0.13709,0.0527,-0.0771,-0.1156,0.0031,0.00000,0.00000
519,20.7600,0.4497,0.0000,0.0365,0.6161,-0.0116,0.0508,0.0576,-0.1769,0.1392,-11.8407,-75.3611,0.7736,-0.00995,-0.11566,0.0328,-0.1012,-0.1268,-0.0000,0.00000,0.00000
520,20.8000,0.4497,0.0000,0.0365,0.6259,0.0045,0.0185,-0.0237,-0.2840,0.1503,-11.8389,-75.3366,0.7738,-0.02015,-0.11604,0.0432,-0.0913,-0.0856,-0.0138,0.00000,0.00000
521,20.8400,0.4497,0.0000,0.0365,0.6158,0.0186,0.0317,-0.0951,-0.0396,0.0607,-11.8379,-75.3120,0.7737,-0.02513,-0.16400,0.0887,-0.0817,-0.1122,0.0200,0.00000,0.00000
522,20.8800,0.4497,0.0000,0.0365,0.6167,0.0082,0.0161,-0.0434,0.0052,0.1157,-11.8372,-75.2874,0.7739,-0.02522,-0.22609,0.0359,-0.0913,-0.1083,-0.0310,0.00000,0.00000
523,20.9200,0.4497,0.0000,0.0365,0.6198,0.0098,0.0152,-0.0508,-0.0031,0.0227,-11.8362,-75.2627,0.7735,-0.02612,-0.26857,0.0589,-0.1056,-0.0789,0.0083,0.00000,0.00000
524,20.9600,0.4497,0.0000,0.0365,0.6311,-0.0071,0.0128,0.0347,-0.1710,0.0360,-11.8351,-75.2378,0.7733,-0.02955,-0.28390,0.0371,-0.0797,-0.0902,0.0121,0.00000,0.00000
525,21.0000,0.4497,0.0000,0.0365,0.6409,0.0066,0.0452,-0.0344,-0.3330,0.0565,-11.8338,-75.2127,0.7739,-0.04081,-0.29720,0.1117,-0.1189,-0.1079,0.0041,0.00000,0.00000
526,21.0400,0.4497,0.0000,0.0365,0.6239,-0.0144,0.0176,0.0718,-0.0498,0.0572,-11.8324,-75.1878,0.7748,-0.04564,-0.28914,0.0622,-0.0639,-0.1425,-0.0095,0.00000,0.00000
527,21.0800,0.4497,0.0000,0.0365,0.6107,-0.0082,-0.0025,0.0419,0.1454,0.1095,-11.8307,-75.1631,0.7746,-0.04394,-0.25704,0.0383,-0.1064,-0.1159,-0.0150,0.00000,0.00000
528,21.1200,0.4497,0.0000,0.0365,0.6143,0.0185,-0.0007,-0.0942,0.0086,0.0735,-11.8301,-75.1385,0.7741,-0.04211,-0.32473,0.0417,-0.1222,-0.0810,-0.0024,0.00000,0.00000
529,21.1600,0.4497,0.0000,0.0365,0.6170,-0.0098,0.0136,0.0489,-0.0477,0.0363,-11.8295,-75.1141,0.7739,-0.04168,-0.37492,0.0400,-0.0850,-0.1304,0.0512,0.00000,0.00000
530,21.2000,0.4497,0.0000,0.0365,0.6182,-0.0122,0.0197,0.0609,-0.0548,0.0812,-11.8280,-75.0894,0.7742,-0.04456,-0.32767,0.0423,-0.1148,-0.1066,-0.0326,0.00000,0.00000
531,21.2400,0.4497,0.0000,0.0365,0.6206,-0.0047,-0.0032,0.0246,-0.1927,0.1768,-11.8269,-75.0648,0.7742,-0.05006,-0.34127,0.0396,-0.0927,-0.0906,0.0131,0.00000,0.00000
532,21.2800,0.4497,0.0000,0.0365,0.6128,-0.0011,-0.0102,0.0063,-0.1337,0.0772,-11.8262,-75.0404,0.7736,-0.05567,-0.39004,0.0715,-0.0541,-0.1002,0.0207,0.00000,0.00000
533,21.3200,0.4497,0.0000,0.0365,0.5904,0.0147,0.0086,-0.0744,0.2430,0.1215,-11.8259,-75.0163,0.7735,-0.05229,-0.54518,0.0389,-0.1091,-0.1123,-0.0488,0.00000,0.00000
534,21.3600,0.4497,0.0000,0.0365,0.6051,-0.0002,0.0033,0.0009,-0.1174,0.0937,-11.8261,-74.9925,0.7735,-0.05063,-0.79186,0.0318,-0.0932,-0.1081,0.0493,0.00000,0.00000
535,21.4000,0.4497,0.0000,0.0365,0.5966,0.0032,0.0086,-0.0175,0.0119,0.0008,-11.8258,-74.9685,0.7734,-0.05295,-0.84653,0.0690,-0.0924,-0.0758,-0.0287,0.00000,0.00000
536,21.4400,0.4497,0.0000,0.0365,0.5888,0.0068,0.0124,-0.0356,0.0831,0.0339,-11.8258,-74.9448,0.7736,-0.05031,-0.95940,0.0441,-0.1012,-0.1033,0.0033,0.00000,0.00000
537,21.4800,0.4497,0.0000,0.0365,0.5892,0.0072,-0.0017,-0.0375,0.0156,0.0744,-11.8260,-74.9212,0.7735,-0.04894,-1.12786,0.0405,-0.1082,-0.0819,-0.0191,0.00000,0.00000
538,21.5200,0.4497,0.0000,0.0365,0.5936,-0.0103,0.0095,0.0527,-0.1066,0.0941,-11.8258,-74.8977,0.7733,-0.05072,-1.39063,0.0354,-0.1034,-0.1150,0.0407,0.00000,0.00000
539,21.5600,0.4497,0.0000,0.0365,0.5794,-0.0054,0.0153,0.0282,0.1385,0.1408,-11.8253,-74.8742,0.7736,-0.04915,-1.76303,0.0372,-0.1113,-0.1150,-0.0614,0.00000,0.00000
540,21.6000,0.4497,0.0000,0.0365,0.5771,0.0130,-0.0108,-0.0663,0.1080,0.0781,-11.8257,-74.8510,0.7732,-0.04504,-1.95839,0.0436,-0.0828,-0.0363,0.0087,0.00000,0.00000
541,21.6400,0.4497,0.0000,0.0365,0.5683,0.0078,-0.0044,-0.0408,0.2797,0.0370,-11.8263,-74.8280,0.7722,-0.03608,-2.08604,0.0232,-0.0882,-0.0800,-0.0061,0.00000,0.00000
542,21.6800,0.4497,0.0000,0.0365,0.5884,-0.0162,0.0284,0.0827,-0.0117,0.1125,-11.8265,-74.8047,0.7722,-0.03173,-2.26554,0.0118,-0.1089,-0.0953,0.0426,0.00000,0.00000
543,21.7200,0.4497,0.0000,0.0365,0.6029,-0.0116,-0.0582,0.0556,0.0162,-0.0367,-11.8262,-74.7809,0.7715,-0.03223,-2.40823,0.0453,-0.1260,-0.0662,-0.0538,0.00000,0.00000
544,21.7600,0.4497,0.0000,0.0365,0.6115,-0.0288,-0.2888,0.0999,0.1738,-0.1473,-11.8256,-74.7563,0.7642,-0.02959,-2.45543,0.1222,-0.1409,-0.1524,0.1049,0.00000,0.00000
545,21.8000,0.4497,0.0000,0.0365,0.6166,-0.0163,-0.5822,0.0949,0.1169,-0.0194,-11.8250,-74.7311,0.7472,-0.02305,-2.60688,0.4069,-0.3238,-0.4057,0.2233,0.00000,0.00000
546,21.8400,0.4497,0.0000,0.0365,0.6166,0.0637,-0.5805,-0.2988,0.0224,0.4621,-11.8254,-74.7059,0.7179,-0.01744,-2.66388,0.6185,-0.2120,-0.3847,0.3586,0.00000,0.00000
547,21.8800,0.4497,0.0000,0.0365,0.6408,0.0352,-0.1891,-0.1676,-0.0343,-0.1955,-11.8288,-74.6806,0.7025,-0.01714,-2.26839,-0.1208,-0.0408,-0.2131,0.0978,0.00000,0.00000
548,21.9200,0.4497,0.0000,0.0365,0.6985,-0.0689,-0.0213,0.3435,-0.6523,-0.1826,-11.8283,-74.6538,0.6984,-0.03503,-2.05206,-0.0608,-0.1122,-0.0793,-0.0211,0.00000,0.00000
549,21.9600,0.4497,0.0000,0.0365,0.6853,-0.0371,0.0313,0.1778,-0.4125,-0.1141,-11.8255,-74.6265,0.6989,-0.05815,-2.32967,0.0757,-0.1453,-0.0531,-0.0824,0.00000,0.00000
550,22.0000,0.4497,0.0000,0.0365,0.6517,0.0296,-0.0412,-0.1465,-0.0827,0.0729,-11.8256,-74.6002,0.6989,-0.06514,-2.05142,0.0758,-0.0710,-0.0898,-0.0143,0.00000,0.00000
551,22.0400,0.4497,0.0000,0.0365,0.6424,0.0114,-0.0746,-0.0579,-0.1036,0.0521,-11.8268,-74.5744,0.6963,-0.06707,-2.11318,0.0688,-0.0170,-0.1203,0.0754,0.00000,0.00000
552,22.0800,0.4497,0.0000,0.0365,0.6330,0.0117,-0.0218,-0.0604,0.0161,0.0163,-11.8274,-74.5488,0.6946,-0.06961,-2.20777,0.0439,-0.1009,-0.0978,-0.0353,0.00000,0.00000
553,22.1200,0.4497,0.0000,0.0365,0.6284,-0.0096,0.0063,0.0488,-0.0058,0.0809,-11.8277,-74.5236,0.6948,-0.06893,-2.31431,0.0071,-0.1083,-0.1161,0.0314,0.00000,0.00000
554,22.1600,0.4497,0.0000,0.0365,0.6162,0.0052,-0.0220,-0.0278,0.1398,-0.0348,-11.8278,-74.4987,0.6949,-0.06594,-2.41215,0.0608,-0.0990,-0.0666,-0.0370,0.00000,0.00000
555,22.2000,0.4497,0.0000,0.0365,0.6232,-0.0203,-0.1981,0.0881,0.1828,-0.0941,-11.8278,-74.4736,0.6911,-0.05944,-2.35366,0.0491,-0.1168,-0.1429,0.0577,0.00000,0.00000
556,22.2400,0.4497,0.0000,0.0365,0.6338,-0.0041,-0.4092,0.0676,0.1940,-0.0542,-11.8275,-74.4476,0.6798,-0.05331,-2.51120,0.2591,-0.2740,-0.3087,0.1585,0.00000,0.00000
557,22.2800,0.4497,0.0000,0.0365,0.6237,0.0082,-0.7702,-0.0352,0.3676,-0.0224,-11.8277,-74.4215,0.6564,-0.04003,-2.19937,0.6177,-0.3868,-0.4720,0.3374,0.00000,0.00000
558,22.3200,0.4497,0.0000,0.0365,0.6424,-0.0030,-0.3808,0.0336,-0.2364,-0.3340,-11.8280,-74.3956,0.6314,-0.03735,-2.27443,0.3242,0.1333,-0.3946,0.3953,0.00000,0.00000
559,22.3600,0.4497,0.0000,0.0365,0.6580,-0.0152,-0.0363,0.0735,-0.1305,-0.1356,-11.8280,-74.3689,0.6246,-0.05044,-1.49490,-0.1112,-0.2078,-0.1837,-0.2342,0.00000,0.00000
560,22.4000,0.4497,0.0000,0.0365,0.6481,0.0031,-0.0462,-0.0217,-0.1664,-0.1453,-11.8275,-74.3427,0.6234,-0.06025,-0.51186,-0.0099,-0.1609,0.0098,-0.0441,0.00000,0.00000
561,22.4400,0.4497,0.0000,0.0365,0.6152,0.0046,-0.0816,-0.0239,0.1926,0.0315,-11.8274,-74.3176,0.6205,-0.05580,-0.51293,0.0231,-0.0729,-0.0963,0.0511,0.00000,0.00000
562,22.4800,0.4497,0.0000,0.0365,0.6263,0.0033,-0.0546,-0.0175,-0.1192,0.0425,-11.8274,-74.2926,0.6176,-0.05550,-0.69259,0.0345,-0.0653,-0.0862,0.0371,0.00000,0.00000
563,22.5200,0.4497,0.0000,0.0365,0.6120,0.0113,-0.0004,-0.0579,0.1404,0.0517,-11.8274,-74.2677,0.6165,-0.05460,-0.95708,0.0300,-0.1124,-0.0983,-0.0375,0.00000,0.00000
564,22.5600,0.4497,0.0000,0.0365,0.6080,0.0057,0.0130,-0.0302,0.1671,0.0037,-11.8278,-74.2433,0.6167,-0.04796,-1.13795,0.0226,-0.1063,-0.1002,0.0194,0.00000,0.00000
565,22.6000,0.4497,0.0000,0.0365,0.6182,-0.0122,0.0075,0.0613,-0.0705,0.1118,-11.8276,-74.2188,0.6168,-0.04658,-1.35752,0.0347,-0.0970,-0.1135,0.0097,0.00000,0.00000
566,22.6400,0.4497,0.0000,0.0365,0.6302,-0.0090,-0.0241,0.0451,-0.2650,-0.0323,-11.8270,-74.1940,0.6165,-0.05366,-1.66716,0.0440,-0.0860,-0.1021,0.0325,0.00000,0.00000
567,22.6800,0.4497,0.0000,0.0365,0.6192,0.0118,-0.2234,-0.0553,0.1270,-0.0312,-11.8269,-74.1689,0.6121,-0.05612,-1.43052,0.0937,-0.1361,-0.1503,-0.0042,0.00000,0.00000
568,22.7200,0.4497,0.0000,0.0365,0.6179,0.0474,-0.4838,-0.1051,0.0670,-0.0310,-11.8284,-74.1433,0.5986,-0.05187,-1.60006,0.3261,-0.2762,-0.3721,0.2496,0.00000,0.00000
569,22.7600,0.4497,0.0000,0.0365,0.6005,0.0324,-0.7732,-0.1688,0.2718,0.3911,-11.8302,-74.1179,0.5714,-0.04211,-1.44390,0.6458,-0.2496,-0.3937,0.3851,0.00000,0.00000
570,22.8000,0.4497,0.0000,0.0365,0.6443,-0.0467,-0.4106,0.2250,-0.5408,0.0796,-11.8294,-74.0921,0.5470,-0.05510,-2.12312,-0.0769,-0.0571,-0.2834,0.2229,0.00000,0.00000
571,22.8400,0.4497,0.0000,0.0365,0.6558,-0.0514,-0.0332,0.2594,-0.1860,-0.1664,-11.8274,-74.0657,0.5395,-0.07097,-2.36472,-0.1226,-0.1685,-0.1104,-0.1077,0.00000,0.00000
572,22.8800,0.4497,0.0000,0.0365,0.6340,-0.0187,0.0451,0.0846,0.1905,-0.1469,-11.8259,-74.0399,0.5414,-0.07005,-2.11221,-0.0050,-0.1386,-0.0413,-0.0939,0.00000,0.00000
573,22.9200,0.4497,0.0000,0.0365,0.6090,0.0195,-0.0459,-0.0970,0.3711,0.0692,-11.8260,-74.0149,0.5413,-0.05739,-1.38309,0.0384,-0.0894,-0.0744,0.0089,0.00000,0.00000
574,22.9600,0.4497,0.0000,0.0365,0.6256,0.0206,-0.0439,-0.1040,-0.0724,0.0824,-11.8272,-73.9901,0.5390,-0.05258,-2.07456,0.0647,-0.0703,-0.0998,0.0910,0.00000,0.00000
575,23.0000,0.4497,0.0000,0.0365,0.6184,-0.0060,-0.0014,0.0293,0.1092,0.0097,-11.8275,-73.9652,0.5380,-0.05053,-2.25864,0.0308,-0.0729,-0.1298,-0.0141,0.00000,0.00000
576,23.0400,0.4497,0.0000,0.0365,0.6214,0.0072,0.0167,-0.0379,0.0339,0.0308,-11.8277,-73.9403,0.5382,-0.04946,-2.31070,0.0344,-0.1219,-0.0766,-0.0175,0.00000,0.00000
577,23.0800,0.4497,0.0000,0.0365,0.6210,0.0231,0.0050,-0.1174,-0.0552,0.0799,-11.8287,-73.9155,0.5384,-0.05023,-2.25893,0.0667,-0.1082,-0.0709,0.0025,0.00000,0.00000
578,23.1200,0.4497,0.0000,0.0365,0.6209,0.0010,-0.0643,-0.0156,-0.0002,-0.1391,-11.8295,-73.8908,0.5373,-0.04950,-2.10262,0.0601,-0.0535,-0.0702,0.0259,0.00000,0.00000
579,23.1600,0.4497,0.0000,0.0365,0.6342,0.0024,-0.2422,-0.0319,0.1072,-0.1098,-11.8296,-73.8652,0.5314,-0.05013,-1.85831,0.1127,-0.1714,-0.1335,0.0045,0.00000,0.00000
580,23.2000,0.4497,0.0000,0.0365,0.6315,0.0083,-0.4998,0.1202,0.1746,-0.0838,-11.8298,-73.8393,0.5173,-0.04182,-1.81433,0.3086,-0.2722,-0.4186,0.2685,0.00000,0.00000
581,23.2400,0.4497,0.0000,0.0365,0.6383,0.0319,-0.6862,-0.1653,-0.2056,0.5025,-11.8305,-73.8134,0.4899,-0.03078,-1.71550,0.6527,-0.2872,-0.4606,0.3218,0.00000,0.00000
582,23.2800,0.4497,0.0000,0.0365,0.6643,-0.0422,-0.3544,0.2063,-0.6615,-0.0441,-11.8303,-73.7870,0.4686,-0.05308,-2.11954,-0.1133,-0.0302,-0.2101,0.2083,0.00000,0.00000
583,23.3200,0.4497,0.0000,0.0365,0.6508,-0.0364,-0.0364,0.1811,0.0208,-0.1449,-11.8284,-73.7603,0.4620,-0.06613,-2.30400,-0.0927,-0.1776,-0.0803,-0.1648,0.00000,0.00000
584,23.3600,0.4497,0.0000,0.0365,0.6456,-0.0185,0.0103,0.0869,-0.0041,-0.0734,-11.8275,-73.7345,0.4626,-0.06540,-1.75592,-0.0243,-0.1137,-0.0461,0.0042,0.00000,0.00000
585,23.4000,0.4497,0.0000,0.0365,0.6200,0.0092,-0.0449,-0.0466,0.2763,0.0242,-11.8271,-73.7091,0.4618,-0.05857,-1.72661,0.0469,-0.0761,-0.0745,-0.0053,0.00000,0.00000
586,23.4400,0.4497,0.0000,0.0365,0.6216,0.0270,-0.0428,-0.1371,0.1487,0.0555,-11.8282,-73.6840,0.4598,-0.05049,-1.97896,0.0252,-0.0816,-0.0773,0.0350,0.00000,0.00000
587,23.4800,0.4497,0.0000,0.0365,0.6329,0.0084,0.0031,-0.0443,-0.0331,-0.0385,-11.8291,-73.6589,0.4587,-0.04829,-1.92431,0.0469,-0.0792,-0.1066,0.0425,0.00000,0.00000
588,23.5200,0.4497,0.0000,0.0365,0.6347,0.0086,0.0059,-0.0466,-0.0629,-0.0003,-11.8295,-73.6335,0.4589,-0.05120,-1.75822,0.0491,-0.0920,-0.0557,-0.0611,0.00000,0.00000
589,23.5600,0.4497,0.0000,0.0365,0.6321,0.0122,0.0005,-0.0635,-0.1152,0.0060,-11.8301,-73.6083,0.4587,-0.05465,-1.77223,0.0779,-0.0749,-0.0741,0.0291,0.00000,0.00000
590,23.6000,0.4497,0.0000,0.0365,0.6334,0.0023,-0.1149,-0.0299,-0.0067,-0.1420,-11.8306,-73.5830,0.4571,-0.05666,-1.54675,0.0581,-0.0840,-0.0877,-0.0233,0.00000,0.00000
591,23.6400,0.4497,0.0000,0.0365,0.6383,0.0116,-0.2843,-0.0842,0.1895,-0.0616,-11.8309,-73.5570,0.4497,-0.05503,-1.56298,0.2092,-0.2423,-0.2732,0.1402,0.00000,0.00000
592,23.6800,0.4497,0.0000,0.0365,0.6230,0.0158,-0.6327,0.0432,0.2593,-0.0607,-11.8310,-73.5308,0.4320,-0.04324,-1.35293,0.4606,-0.3044,-0.4989,0.3497,0.00000,0.00000
593,23.7200,0.4497,0.0000,0.0365,0.6286,0.0613,-0.5335,-0.2748,0.1596,-0.1262,-11.8316,-73.5046,0.4026,-0.03140,-1.23993,0.6238,-0.1555,-0.2552,0.3652,0.00000,0.00000
594,23.7600,0.4497,0.0000,0.0365,0.6725,0.0138,-0.1222,-0.0618,-0.3466,-0.1937,-11.8337,-73.4784,0.3907,-0.03461,-1.16590,-0.0830,-0.1034,-0.2800,0.0307,0.00000,0.00000
595,23.8000,0.4497,0.0000,0.0365,0.7075,-0.0890,-0.0552,0.4314,-0.7669,-0.1806,-11.8312,-73.4509,0.3875,-0.06214,-0.71919,-0.0224,-0.1212,-0.0455,-0.0822,0.00000,0.00000
596,23.8400,0.4497,0.0000,0.0365,0.6514,-0.0240,-0.0510,0.1180,0.0300,-0.0004,-11.8273,-73.4241,0.3860,-0.07615,-0.26239,0.0478,-0.1537,-0.0691,-0.1019,0.00000,0.00000
597,23.8800,0.4497,0.0000,0.0365,0.6162,0.0578,-0.0576,-0.2884,0.4248,0.0602,-11.8279,-73.3985,0.3841,-0.06416,-0.47399,0.0471,-0.1174,-0.0733,0.0096,0.00000,0.00000
598,23.9200,0.4497,0.0000,0.0365,0.6226,0.0062,-0.0573,-0.0333,0.2347,0.0986,-11.8290,-73.3734,0.3816,-0.04947,-0.76501,0.0150,-0.0609,-0.1104,0.0526,0.00000,0.00000
599,23.9600,0.4497,0.0000,0.0365,0.6354,-0.0141,-0.0095,0.0712,0.0532,-0.0126,-11.8281,-73.3480,0.3799,-0.04581,-0.77841,0.0466,-0.0959,-0.0691,-0.0355,0.00000,0.00000
600,24.0000,0.4497,0.0000,0.0365,0.6337,-0.0124,0.0366,0.0622,0.0903,0.0542,-11.8271,-73.3226,0.3805,-0.04274,-0.74385,0.0333,-0.1182,-0.1036,-0.0139,0.00000,0.00000
601,24.0400,0.4497,0.0000,0.0365,0.6399,0.0048,0.0022,-0.0256,-0.0180,-0.0359,-11.8264,-73.2972,0.3810,-0.04074,-0.71442,0.0602,-0.0847,-0.0796,0.0016,0.00000,0.00000
602,24.0800,0.4497,0.0000,0.0365,0.6474,0.0248,-0.1671,-0.1368,0.0299,-0.0190,-11.8268,-73.2714,0.3780,-0.04153,-0.80052,0.0841,-0.1219,-0.1599,0.0364,0.00000,0.00000
603,24.1200,0.4497,0.0000,0.0365,0.6467,0.0112,-0.4542,0.1085,-0.0118,-0.0250,-11.8268,-73.2451,0.3656,-0.04003,-0.86092,0.2252,-0.1550,-0.3571,0.2810,0.00000,0.00000
604,24.1600,0.4497,0.0000,0.0365,0.6034,0.0009,-0.7654,-0.0083,0.4664,0.1946,-11.8271,-73.2191,0.3402,-0.02945,-1.00055,0.6479,-0.2734,-0.4838,0.3449,0.00000,0.00000
605,24.2000,0.4497,0.0000,0.0365,0.6245,0.1515,-0.3017,-0.7281,0.0325,-0.0323,-11.8285,-73.1928,0.3158,-0.03406,-1.38750,0.5730,-0.2280,-0.0692,-0.0308,0.00000,0.00000
606,24.2400,0.4497,0.0000,0.0365,0.6530,-0.0338,-0.0970,0.1866,-0.1852,-0.0631,-11.8320,-73.1676,0.3092,-0.02886,-1.36863,-0.2145,0.0015,-0.2667,0.0908,0.00000,0.00000
607,24.2800,0.4497,0.0000,0.0365,0.6888,-0.1264,-0.0354,0.6272,-0.5940,-0.1474,-11.8268,-73.1407,0.3061,-0.04982,-1.10619,0.0603,-0.1561,-0.0372,-0.1427,0.00000,0.00000
608,24.3200,0.4497,0.0000,0.0365,0.6546,-0.0490,0.0146,0.2439,-0.2090,0.0216,-11.8222,-73.1144,0.3064,-0.06588,-0.68605,0.0388,-0.1636,-0.0944,-0.0403,0.00000,0.00000
609,24.3600,0.4497,0.0000,0.0365,0.6201,0.0341,-0.0401,-0.1672,0.1470,0.1903,-11.8218,-73.0891,0.3060,-0.06464,-0.81919,0.0704,-0.1146,-0.0890,-0.0355,0.00000,0.00000
610,24.4000,0.4497,0.0000,0.0365,0.6220,0.0188,-0.0596,-0.0950,-0.0805,0.1092,-11.8230,-73.0642,0.3037,-0.06259,-1.24253,0.0807,-0.0561,-0.0957,0.0792,0.00000,0.00000
611,24.4400,0.4497,0.0000,0.0365,0.6194,-0.0081,-0.0264,0.0403,-0.0684,-0.0160,-11.8229,-73.0393,0.3021,-0.06574,-1.35358,0.0582,-0.0797,-0.0878,-0.0324,0.00000,0.00000
612,24.4800,0.4497,0.0000,0.0365,0.6074,-0.0228,0.0052,0.1177,0.0705,0.1489,-11.8220,-73.0148,0.3021,-0.06530,-1.54362,-0.0021,-0.1328,-0.1214,-0.0352,0.00000,0.00000
613,24.5200,0.4497,0.0000,0.0365,0.6105,-0.0060,-0.0627,0.0262,0.0112,-0.0552,-11.8214,-72.9905,0.3015,-0.06383,-1.62699,0.0461,-0.0937,-0.0731,0.0107,0.00000,0.00000
614,24.5600,0.4497,0.0000,0.0365,0.6153,-0.0043,-0.2586,0.0243,0.1142,0.0131,-11.8213,-72.9656,0.2956,-0.06287,-1.66480,0.1167,-0.1644,-0.1782,0.0749,0.00000,0.00000
615,24.6000,0.4497,0.0000,0.0365,0.6029,0.0275,-0.5605,-0.2855,0.2765,0.0541,-11.8219,-72.9401,0.2800,-0.05285,-1.71933,0.2970,-0.2859,-0.2914,0.1628,0.00000,0.00000
616,24.6400,0.4497,0.0000,0.0365,0.6110,0.0364,-0.6802,-0.1791,-0.1449,0.4795,-11.8229,-72.9149,0.2518,-0.04241,-1.82571,0.6112,-0.3583,-0.4749,0.3631,0.00000,0.00000
617,24.6800,0.4497,0.0000,0.0365,0.6354,-0.0741,-0.3288,0.3689,-0.2104,-0.1217,-11.8219,-72.8893,0.2315,-0.05117,-1.99401,-0.1740,-0.0236,-0.2180,0.2561,0.00000,0.00000
618,24.7200,0.4497,0.0000,0.0365,0.6641,-0.0497,0.0107,0.2465,-0.1404,-0.2665,-11.8190,-72.8628,0.2263,-0.06192,-1.91980,-0.0311,-0.2023,-0.0462,-0.1449,0.00000,0.00000
619,24.7600,0.4497,0.0000,0.0365,0.6512,-0.0148,0.0268,0.0646,-0.0077,-0.1367,-11.8177,-72.8367,0.2283,-0.06398,-0.71734,-0.0038,-0.1326,-0.0431,-0.0573,0.00000,0.00000
620,24.8000,0.4497,0.0000,0.0365,0.6207,0.0095,-0.0633,-0.0461,0.3541,0.1030,-11.8173,-72.8111,0.2273,-0.05491,-0.66109,0.0421,-0.0825,-0.0763,0.0307,0.00000,0.00000
621,24.8400,0.4497,0.0000,0.0365,0.6410,0.0299,-0.0660,-0.1512,-0.1408,0.0630,-11.8184,-72.7857,0.2242,-0.05254,-1.33449,0.0652,-0.0564,-0.0484,0.0461,0.00000,0.00000
622,24.8800,0.4497,0.0000,0.0365,0.6438,0.0038,-0.0138,-0.0206,-0.1483,0.0077,-11.8191,-72.7601,0.2226,-0.05754,-1.57691,0.0464,-0.0631,-0.0988,0.0113,0.00000,0.00000
623,24.9200,0.4497,0.0000,0.0365,0.6299,-0.0043,0.0128,0.0211,0.1082,0.0574,-11.8189,-72.7347,0.2228,-0.05751,-1.71011,0.0412,-0.0896,-0.0921,-0.0549,0.00000,0.00000
624,24.9600,0.4497,0.0000,0.0365,0.6334,0.0208,0.0132,-0.1085,-0.0756,-0.0517,-11.8195,-72.7094,0.2232,-0.05834,-1.68983,0.0899,-0.0984,-0.0542,0.0195,0.00000,0.00000
625,25.0000,0.4497,0.0000,0.0365,0.6210,-0.0217,-0.0045,0.1105,0.0874,0.0838,-11.8195,-72.6845,0.2234,-0.05556,-1.79187,0.0185,-0.0642,-0.1290,0.0231,0.00000,0.00000
626,25.0400,0.4497,0.0000,0.0365,0.6174,0.0028,-0.0078,-0.0136,0.0775,0.1013,-11.8191,-72.6596,0.2229,-0.05413,-2.13607,0.0521,-0.1046,-0.0602,-0.0473,0.00000,0.00000
627,25.0800,0.4497,0.0000,0.0365,0.6043,0.0183,0.0122,-0.0935,0.2565,0.0714,-11.8199,-72.6351,0.2228,-0.04606,-2.25130,0.0367,-0.1067,-0.1007,0.0026,0.00000,0.00000
628,25.1200,0.4497,0.0000,0.0365,0.6129,0.0168,0.0234,-0.0874,0.0904,0.0208,-11.8212,-72.6106,0.2231,-0.03972,-2.20114,0.0637,-0.1127,-0.0859,-0.0126,0.00000,0.00000
629,25.1600,0.4497,0.0000,0.0365,0.6148,-0.0094,0.0088,0.0471,0.0664,0.1161,-11.8216,-72.5860,0.2233,-0.03655,-2.28398,0.0263,-0.1032,-0.0868,-0.0164,0.00000,0.00000
630,25.2000,0.4497,0.0000,0.0365,0.6273,-0.0106,0.0258,0.0541,-0.1671,0.0669,-11.8216,-72.5613,0.2233,-0.03969,-2.46353,0.0758,-0.0996,-0.0898,0.0385,0.00000,0.00000
631,25.2400,0.4497,0.0000,0.0365,0.6308,-0.0179,0.0146,0.0913,-0.2507,0.1285,-11.8216,-72.5364,0.2239,-0.04775,-2.63069,0.0543,-0.0768,-0.1005,-0.0096,0.00000,0.00000
632,25.2800,0.4497,0.0000,0.0365,0.6162,-0.0012,0.0148,0.0064,-0.0429,0.0238,-11.8217,-72.5117,0.2241,-0.05300,-2.76174,0.0817,-0.0894,-0.1127,0.0056,0.00000,0.00000
633,25.3200,0.4497,0.0000,0.0365,0.6045,0.0185,-0.0052,-0.0951,0.0872,0.0538,-11.8229,-72.4873,0.2242,-0.05169,-2.70927,0.0546,-0.0911,-0.0762,-0.0370,0.00000,0.00000
634,25.3600,0.4497,0.0000,0.0365,0.6065,0.0023,-0.0108,-0.0115,-0.0336,0.1456,-11.8242,-72.4632,0.2235,-0.05055,-2.70739,0.0311,-0.1050,-0.1143,0.0188,0.00000,0.00000
635,25.4000,0.4497,0.0000,0.0365,0.5974,-0.0071,0.0103,0.0364,0.1411,0.0537,-11.8249,-72.4390,0.2231,-0.04800,-2.77099,0.0387,-0.1015,-0.0894,-0.0045,0.00000,0.00000
636,25.4400,0.4497,0.0000,0.0365,0.5996,0.0135,0.0380,-0.0697,0.0720,0.0434,-11.8261,-72.4151,0.2239,-0.04428,-2.77110,0.0658,-0.1388,-0.0991,-0.0205,0.00000,0.00000
637,25.4800,0.4497,0.0000,0.0365,0.6105,-0.0068,0.0050,0.0337,-0.1998,0.0703,-11.8274,-72.3911,0.2244,-0.04706,-2.76185,0.0538,-0.0861,-0.0957,0.0184,0.00000,0.00000
638,25.5200,0.4497,0.0000,0.0365,0.5907,-0.0136,-0.0113,0.0694,0.1463,0.0703,-11.8278,-72.3671,0.2237,-0.04705,-2.84947,0.0363,-0.0882,-0.1002,-0.0360,0.00000,0.00000
639,25.5600,0.4497,0.0000,0.0365,0.5995,0.0008,0.0065,-0.0041,-0.0704,0.0995,-11.8289,-72.3433,0.2233,-0.04655,-2.87904,0.0389,-0.1026,-0.0870,0.0239,0.00000,0.00000
640,25.6000,0.4497,0.0000,0.0365,0.5981,-0.0062,0.0054,0.0317,-0.0731,0.0818,-11.8300,-72.3195,0.2232,-0.04883,-2.90745,0.0452,-0.0788,-0.0985,-0.0088,0.00000,0.00000
641,25.6400,0.4497,0.0000,0.0365,0.5825,0.0020,0.0180,-0.0103,0.2046,0.0703,-11.8312,-72.2959,0.2233,-0.04554,-2.93412,0.0447,-0.1042,-0.0946,-0.0108,0.00000,0.00000
642,25.6800,0.4497,0.0000,0.0365,0.5927,0.0147,0.0142,-0.0756,-0.0452,0.0737,-11.8331,-72.2725,0.2236,-0.04324,-2.90514,0.0580,-0.1063,-0.0834,-0.0041,0.00000,0.00000
643,25.7200,0.4497,0.0000,0.0365,0.5924,-0.0117,0.0096,0.0588,-0.0517,0.0318,-11.8347,-72.2490,0.2235,-0.04440,-2.91205,0.0603,-0.0659,-0.1017,0.0395,0.00000,0.00000
644,25.7600,0.4497,0.0000,0.0365,0.5838,-0.0014,0.0235,0.0061,0.1085,0.0254,-11.8358,-72.2255,0.2238,-0.04329,-2.94645,0.0601,-0.1075,-0.1005,-0.0347,0.00000,0.00000
645,25.8000,0.4497,0.0000,0.0365,0.5785,0.0124,0.0136,-0.0644,0.1693,0.0221,-11.8377,-72.2022,0.2241,-0.03768,-2.92731,0.0333,-0.1180,-0.0926,-0.0143,0.00000,0.00000
646,25.8400,0.4497,0.0000,0.0365,0.5871,-0.0070,0.0091,0.0348,0.0069,0.0713,-11.8395,-72.1789,0.2238,-0.03420,-2.92335,0.0309,-0.0996,-0.1097,0.0304,0.00000,0.00000
647,25.8800,0.4497,0.0000,0.0365,0.5984,-0.0026,0.0156,0.0119,-0.1778,0.0031,-11.8409,-72.1553,0.2236,-0.03912,-2.94480,0.0626,-0.0991,-0.0748,-0.0060,0.00000,0.00000
648,25.9200,0.4497,0.0000,0.0365,0.5921,0.0046,0.0317,-0.0242,-0.0620,0.0627,-11.8427,-72.1318,0.2242,-0.04316,-2.94750,0.0601,-0.1179,-0.1141,-0.0042,0.00000,0.00000
649,25.9600,0.4497,0.0000,0.0365,0.5762,0.0059,0.0001,-0.0311,0.2200,0.0313,-11.8446,-72.1085,0.2242,-0.03889,-2.93965,0.0415,-0.0903,-0.0757,-0.0233,0.00000,0.00000
650,26.0000,0.4497,0.0000,0.0365,0.5934,-0.0170,-0.0037,0.0864,-0.1209,0.1531,-11.8463,-72.0852,0.2235,-0.03761,-2.95897,0.0187,-0.0904,-0.1090,0.0528,0.00000,0.00000
651,26.0400,0.4497,0.0000,0.0365,0.5932,0.0089,0.0200,-0.0470,-0.0758,-0.0617,-11.8479,-72.0615,0.2232,-0.04278,-2.97975,0.0838,-0.0973,-0.0486,-0.0209,0.00000,0.00000
652,26.0800,0.4497,0.0000,0.0365,0.5958,-0.0194,0.0013,0.0986,-0.1615,0.1268,-11.8498,-72.0381,0.2234,-0.04593,-2.98839,0.0007,-0.0693,-0.1197,0.0168,0.00000,0.00000
653,26.1200,0.4497,0.0000,0.0365,0.5713,0.0118,0.0109,-0.0601,0.3089,0.0301,-11.8513,-72.0147,0.2230,-0.04307,-3.01775,0.0619,-0.1129,-0.0647,-0.0432,0.00000,0.00000
654,26.1600,0.4497,0.0000,0.0365,0.5972,-0.0014,0.0151,0.0062,-0.2149,0.0360,-11.8540,-71.9916,0.2232,-0.04164,-2.98794,0.0226,-0.0841,-0.1038,0.0834,0.00000,0.00000
655,26.2000,0.4497,0.0000,0.0365,0.5976,-0.0194,0.0088,0.0988,-0.1907,0.1089,-11.8554,-71.9679,0.2232,-0.05017,-3.02893,0.0477,-0.0867,-0.0902,-0.0282,0.00000,0.00000
656,26.2400,0.4497,0.0000,0.0365,0.5734,0.0237,0.0036,-0.1217,0.1966,0.0057,-11.8576,-71.9446,0.2231,-0.04941,-3.02966,0.0497,-0.1044,-0.0659,-0.0518,0.00000,0.00000
657,26.2800,0.4497,0.0000,0.0365,0.5770,0.0126,-0.0104,-0.0656,0.0805,0.0716,-11.8609,-71.9218,0.2225,-0.04324,-2.98117,0.0120,-0.0820,-0.0750,0.0297,0.00000,0.00000
658,26.3200,0.4497,0.0000,0.0365,0.5886,-0.0110,0.0139,0.0559,-0.0893,0.0189,-11.8631,-71.8986,0.2220,-0.04413,-2.98901,0.0484,-0.0869,-0.0878,0.0289,0.00000,0.00000
659,26.3600,0.4497,0.0000,0.0365,0.5833,-0.0057,0.0326,0.0281,0.0505,0.0175,-11.8650,-71.8753,0.2227,-0.04494,-3.01183,0.0311,-0.1128,-0.0776,-0.0305,0.00000,0.00000
660,26.4000,0.4497,0.0000,0.0365,0.5792,0.0012,0.0144,-0.0064,0.0926,0.0591,-11.8673,-71.8521,0.2232,-0.04179,-3.01672,0.0267,-0.1047,-0.0807,0.0065,0.00000,0.00000
661,26.4400,0.4497,0.0000,0.0365,0.5779,0.0028,0.0091,-0.0144,0.1184,0.0728,-11.8698,-71.8291,0.2230,-0.03724,-3.01641,0.0412,-0.0932,-0.0854,0.0081,0.00000,0.00000
662,26.4800,0.4497,0.0000,0.0365,0.5940,-0.0009,0.0102,0.0035,-0.1602,0.0109,-11.8724,-71.8059,0.2228,-0.03917,-3.01365,0.0446,-0.0836,-0.0754,0.0218,0.00000,0.00000
663,26.5200,0.4497,0.0000,0.0365,0.5928,0.0014,0.0232,-0.0086,-0.1127,0.0058,-11.8749,-71.7824,0.2230,-0.04447,-3.01750,0.0619,-0.0938,-0.0908,-0.0160,0.00000,0.00000
664,26.5600,0.4497,0.0000,0.0365,0.5945,-0.0126,0.0053,0.0656,-0.1770,0.1766,-11.8772,-71.7590,0.2233,-0.05019,-3.03031,0.0198,-0.0915,-0.0958,0.0115,0.00000,0.00000
665,26.6000,0.4497,0.0000,0.0365,0.5803,-0.0115,-0.0014,0.0609,0.0336,0.1372,-11.8792,-71.7357,0.2229,-0.05186,-3.06265,0.0398,-0.0740,-0.1102,-0.0056,0.00000,0.00000
666,26.6400,0.4497,0.0000,0.0365,0.5697,0.0042,0.0196,-0.0213,0.2189,0.0627,-11.8819,-71.7128,0.2230,-0.04644,-3.06931,0.0191,-0.1066,-0.1005,0.0084,0.00000,0.00000
667,26.6800,0.4497,0.0000,0.0365,0.5668,0.0184,0.0185,-0.0949,0.2627,0.0680,-11.8854,-71.6901,0.2233,-0.03675,-3.04946,0.0363,-0.1114,-0.0778,-0.0244,0.00000,0.00000
668,26.7200,0.4497,0.0000,0.0365,0.5819,-0.0023,0.0160,0.0108,0.0012,0.0631,-11.8888,-71.6673,0.2232,-0.03214,-3.03613,0.0258,-0.1031,-0.1010,0.0476,0.00000,0.00000
669,26.7600,0.4497,0.0000,0.0365,0.5764,-0.0006,0.0158,0.0020,0.1897,0.0801,-11.8916,-71.6442,0.2231,-0.02843,-3.04679,0.0135,-0.1212,-0.0800,-0.0609,0.00000,0.00000
670,26.8000,0.4497,0.0000,0.0365,0.5955,-0.0036,0.0319,0.0179,-0.1242,0.0331,-11.8948,-71.6211,0.2232,-0.02788,-3.04653,0.0445,-0.0968,-0.0961,0.0757,0.00000,0.00000
671,26.8400,0.4497,0.0000,0.0365,0.5918,-0.0053,0.0289,0.0257,0.0346,0.0548,-11.8976,-71.5976,0.2237,-0.02892,-3.05955,0.0502,-0.0921,-0.1016,-0.0480,0.00000,0.00000
672,26.8800,0.4497,0.0000,0.0365,0.5978,-0.0007,0.0068,0.0030,-0.0575,0.1072,-11.9009,-71.5740,0.2236,-0.03022,-3.06370,0.0212,-0.0996,-0.0841,0.0127,0.00000,0.00000
673,26.9200,0.4497,0.0000,0.0365,0.6035,0.0218,0.0100,-0.1125,-0.1473,0.0279,-11.9048,-71.5505,0.2231,-0.03498,-3.04877,0.0820,-0.0871,-0.0583,-0.0096,0.00000,0.00000
674,26.9600,0.4497,0.0000,0.0365,0.6154,-0.0027,0.0190,0.0133,-0.3552,0.1052,-11.9088,-71.5268,0.2232,-0.04453,-3.03434,0.0508,-0.0886,-0.1270,0.0238,0.00000,0.00000
675,27.0000,0.4497,0.0000,0.0365,0.5974,-0.0100,0.0267,0.0510,-0.0063,0.0848,-11.9119,-71.5029,0.2238,-0.05061,-3.05314,0.0703,-0.0982,-0.1188,-0.0317,0.00000,0.00000
676,27.0400,0.4497,0.0000,0.0365,0.5879,0.0010,0.0090,-0.0050,0.0887,0.1090,-11.9154,-71.4796,0.2243,-0.04856,-3.05907,0.0396,-0.1031,-0.1036,-0.0091,0.00000,0.00000
677,27.0800,0.4497,0.0000,0.0365,0.5903,-0.0044,-0.0019,0.0222,-0.0258,0.0851,-11.9190,-71.4563,0.2239,-0.04745,-3.06168,0.0399,-0.0920,-0.1073,0.0262,0.00000,0.00000
678,27.1200,0.4497,0.0000,0.0365,0.5936,-0.0106,-0.0018,0.0539,-0.1300,0.1118,-11.9225,-71.4330,0.2235,-0.05096,-3.07338,0.0369,-0.0836,-0.0965,-0.0028,0.00000,0.00000
679,27.1600,0.4497,0.0000,0.0365,0.5761,0.0105,0.0006,-0.0525,0.1500,0.1096,-11.9263,-71.4099,0.2232,-0.05025,-3.07706,0.0360,-0.1044,-0.0736,-0.0379,0.00000,0.00000
680,27.2000,0.4497,0.0000,0.0365,0.5746,0.0117,0.0049,-0.0597,0.1312,0.1152,-11.9308,-71.3873,0.2229,-0.04412,-3.06142,0.0175,-0.1079,-0.0939,0.0144,0.00000,0.00000
681,27.2400,0.4497,0.0000,0.0365,0.5938,-0.0001,0.0331,0.0001,-0.2126,0.0427,-11.9352,-71.3645,0.2233,-0.04700,-3.05495,0.0659,-0.1152,-0.1057,0.0421,0.00000,0.00000
682,27.2800,0.4497,0.0000,0.0365,0.5794,-0.0063,0.0123,0.0301,0.0563,-0.0075,-11.9391,-71.3414,0.2239,-0.04920,-3.06346,0.0365,-0.0962,-0.0848,-0.0547,0.00000,0.00000
683,27.3200,0.4497,0.0000,0.0365,0.5682,-0.0086,0.0133,0.0447,0.2261,0.1237,-11.9429,-71.3187,0.2240,-0.04264,-3.07310,0.0196,-0.1152,-0.1180,0.0347,0.00000,0.00000
684,27.3600,0.4497,0.0000,0.0365,0.5793,0.0101,-0.0010,-0.0523,-0.0068,0.0181,-11.9472,-71.2961,0.2236,-0.03973,-3.07137,0.0469,-0.0969,-0.0623,-0.0178,0.00000,0.00000
685,27.4000,0.4497,0.0000,0.0365,0.5797,0.0127,0.0255,-0.0656,-0.0007,0.0861,-11.9520,-71.2735,0.2236,-0.03948,-3.05869,0.0612,-0.1156,-0.1074,0.0066,0.00000,0.00000
686,27.4400,0.4497,0.0000,0.0365,0.5754,-0.0242,0.0202,0.1233,0.1229,0.1730,-11.9561,-71.2508,0.2240,-0.03554,-3.06862,0.0079,-0.0970,-0.1346,0.0128,0.00000,0.00000
687,27.4800,0.4497,0.0000,0.0365,0.5786,-0.0099,0.0082,0.0506,0.0792,0.1183,-11.9597,-71.2278,0.2238,-0.03288,-3.09066,0.0387,-0.0967,-0.0725,-0.0171,0.00000,0.00000
688,27.5200,0.4497,0.0000,0.0365,0.5834,0.0127,0.0233,-0.0650,-0.0009,0.0095,-11.9645,-71.2052,0.2236,-0.03150,-3.08688,0.0602,-0.0922,-0.0859,0.0295,0.00000,0.00000
689,27.5600,0.4497,0.0000,0.0365,0.5867,0.0086,0.0095,-0.0454,-0.0195,0.0845,-11.9698,-71.1824,0.2236,-0.03181,-3.07591,0.0300,-0.0996,-0.0896,-0.0372,0.00000,0.00000
690,27.6000,0.4497,0.0000,0.0365,0.5928,-0.0100,-0.0096,0.0508,-0.1109,0.1245,-11.9745,-71.1594,0.2227,-0.03498,-3.07850,0.0102,-0.0825,-0.0732,0.0211,0.00000,0.00000
691,27.6400,0.4497,0.0000,0.0365,0.5853,-0.0144,0.0141,0.0741,0.0937,0.0570,-11.9787,-71.1362,0.2221,-0.03415,-3.09448,0.0242,-0.0705,-0.0941,0.0072,0.00000,0.00000
692,27.6800,0.4497,0.0000,0.0365,0.4362,0.0512,0.0564,-0.2240,0.7875,-1.5421,-11.9837,-71.1144,0.2227,-0.02744,-3.08966,0.0598,-0.0930,-0.0704,0.0029,0.00000,0.00000
693,27.7200,0.4497,0.0000,0.0365,0.2841,0.1051,0.4448,-0.5707,0.7390,-2.4922,-11.9915,-71.1008,0.2322,0.00975,-2.89990,0.4697,-0.2115,-0.1621,0.8955,0.00000,0.00000
694,27.7600,0.4497,0.0000,0.0365,0.5526,0.1248,1.2106,-0.4454,-1.3799,1.2093,-11.9996,-71.0847,0.2664,-0.01995,-2.75929,0.2674,-2.2212,-0.5796,0.9601,0.00000,0.00000
695,27.8000,0.4497,0.0000,0.0365,0.4631,0.1185,0.3601,-0.3771,-0.8424,2.0459,-12.0068,-71.0683,0.2929,-0.08189,-2.93450,-1.5581,-1.0199,0.0124,-0.2785,0.00000,0.00000
696,27.8400,0.4497,0.0000,0.0365,0.4120,0.0972,0.1332,0.2954,-0.0967,0.2797,-12.0141,-71.0548,0.3028,-0.06769,-2.91700,-0.2772,0.4902,-0.0708,-0.3599,0.00000,0.00000
697,27.8800,0.4497,0.0000,0.0365,0.4059,0.0960,-0.1329,-0.2263,0.0399,0.4358,-12.0215,-71.0398,0.3039,-0.05929,-2.93405,0.5423,0.2806,-0.4470,0.3498,0.00000,0.00000
698,27.9200,0.4497,0.0000,0.0365,0.3229,-0.0225,-0.2856,0.0463,0.4331,1.2944,-12.0250,-71.0263,0.2937,-0.03529,-2.96519,0.3133,0.5515,-0.2579,0.6421,0.00000,0.00000
699,27.9600,0.4497,0.0000,0.0365,0.3678,0.0059,-0.0560,-0.2830,0.2738,-0.6397,-12.0289,-71.0118,0.2824,-0.03414,-2.94404,0.8225,1.0620,0.3274,1.7729,0.00000,0.00000
700,28.0000,0.4497,0.0000,0.0365,0.3845,0.0574,-0.1113,-0.4040,-0.2032,-0.3282,-12.0345,-70.9972,0.2798,-0.04624,-2.85818,0.7660,1.0041,0.6894,0.8465,0.00000,0.00000
701,28.0400,0.4497,0.0000,0.0365,0.3700,0.0994,-0.1606,-0.6016,0.0604,0.4131,-12.0417,-70.9832,0.2724,-0.05297,-2.77593,0.8494,0.9306,0.7926,1.0549,0.00000,0.00000
702,28.0800,0.4497,0.0000,0.0365,0.4654,0.0229,-0.0572,-0.0867,-0.6953,0.0808,-12.0484,-70.9680,0.2678,-0.07036,-2.72389,1.0449,0.8364,0.8281,1.2660,0.00000,0.00000
703,28.1200,0.4497,0.0000,0.0365,0.3645,0.0913,-0.0816,-0.7425,0.4423,0.3311,-12.0543,-70.9516,0.2646,-0.07444,-2.68532,1.2395,0.8932,0.9513,1.1630,0.00000,0.00000
704,28.1600,0.4497,0.0000,0.0365,0.2725,0.1038,0.0859,-0.7265,0.7569,-0.4286,-12.0622,-70.9388,0.2648,-0.05634,-2.59567,1.1949,0.6574,0.7324,1.3346,0.00000,0.00000
705,28.2000,0.4497,0.0000,0.0365,0.3694,-0.0212,0.4881,-0.4566,-0.5417,-0.7364,-12.0698,-70.9292,0.2775,-0.05726,-2.48532,0.6913,-0.3396,0.2795,1.5321,0.00000,0.00000
706,28.2400,0.4497,0.0000,0.0365,0.1874,0.1126,0.9573,-0.7111,-0.0723,0.9989,-12.0782,-70.9205,0.3077,-0.07120,-2.47689,0.7997,-1.2728,-0.3337,0.8979,0.00000,0.00000
707,28.2800,0.4497,0.0000,0.0365,-0.0123,0.2546,0.4876,0.0315,1.0608,4.7421,-12.0904,-70.9238,0.3335,-0.02217,-2.66768,0.0714,-0.8473,-0.2044,0.5779,0.00000,0.00000
708,28.3200,0.4497,0.0000,0.0365,0.0337,0.3072,-0.0860,1.0522,0.6773,2.8542,-12.0985,-70.9265,0.3321,0.03028,-2.88844,-0.3605,1.6053,0.8898,0.9853,0.00000,0.00000
709,28.3600,0.4497,0.0000,0.0365,0.0510,0.3669,-0.3900,0.1353,0.7074,2.0473,-12.1093,-70.9326,0.3206,0.08019,-2.92801,1.0002,2.4085,1.1932,1.3716,0.00000,0.00000
710,28.4000,0.4497,0.0000,0.0365,-0.1502,0.4758,-0.3955,-3.9365,1.4694,-0.4400,-12.1205,-70.9424,0.3001,0.13595,-2.86810,1.2085,1.5811,0.6070,1.1966,0.00000,0.00000
711,28.4400,0.4497,0.0000,0.0365,-0.3584,0.3075,-0.1217,-0.2448,-3.7039,0.2625,-12.1292,-70.9639,0.2843,0.08274,-2.73902,0.8515,1.7632,0.5986,1.4528,0.00000,0.00000
712,28.4800,0.4497,0.0000,0.0365,-0.3305,-0.0514,0.0467,0.2107,-1.3052,-0.0065,-12.1214,-70.9792,0.2821,0.01527,-2.72969,1.5314,1.8832,0.7448,1.8094,0.00000,0.00000
713,28.5200,0.4497,0.0000,0.0365,-0.2193,-0.1457,-0.0487,0.7271,-1.2155,0.0380,-12.1106,-70.9872,0.2817,-0.04031,-2.75099,1.9971,1.5943,0.9161,2.0342,0.00000,0.00000
714,28.5600,0.4497,0.0000,0.0365,-0.0938,-0.2041,-0.2464,1.4354,-0.8927,0.3787,-12.0993,-70.9864,0.2760,-0.08340,-2.82509,1.9090,1.6779,0.9549,2.0507,0.00000,0.00000
715,28.6000,0.4497,0.0000,0.0365,-0.0696,-0.2151,-0.3039,1.4107,-0.8833,0.2178,-12.0880,-70.9806,0.2635,-0.11143,-2.92233,1.7413,1.9938,0.9885,2.0159,0.00000,0.00000
716,28.6400,0.4497,0.0000,0.0365,-0.1170,-0.1856,-0.2209,1.3411,-0.6103,0.2302,-12.0776,-70.9765,0.2527,-0.13613,-3.00971,1.7747,2.1882,0.9614,1.9527,0.00000,0.00000
717,28.6800,0.4497,0.0000,0.0365,-0.1560,-0.0624,-0.0098,-0.4138,0.8476,0.0562,-12.0685,-70.9755,0.2445,-0.14454,-3.06951,1.8169,2.2939,0.9743,1.8841,0.00000,0.00000
718,28.7200,0.4497,0.0000,0.0365,0.0595,-0.0313,0.1034,0.2954,-0.1063,0.1779,-12.0652,-70.9758,0.2445,-0.12105,-3.08699,1.7438,1.8142,0.7417,1.8035,0.00000,0.00000
719,28.7600,0.4497,0.0000,0.0365,0.1901,-0.1123,0.0062,0.6787,-0.2306,0.1772,-12.0660,-70.9695,0.2463,-0.13723,-3.12362,1.8664,1.9944,0.7809,1.7945,0.00000,0.00000
720,28.8000,0.4497,0.0000,0.0365,0.1631,0.0180,-0.0362,-0.1284,0.4166,-0.0243,-12.0703,-70.9636,0.2464,-0.12468,-3.12195,1.8029,2.2181,0.8371,1.7788,0.00000,0.00000
721,28.8400,0.4497,0.0000,0.0365,0.2379,-0.0023,-0.0005,0.0010,0.2687,-0.0035,-12.0758,-70.9577,0.2452,-0.10152,-3.11986,1.7662,1.9801,0.7278,1.7373,0.00000,0.00000
722,28.8800,0.4497,0.0000,0.0365,0.2891,-0.0178,0.0140,0.1132,-0.0504,0.0246,-12.0826,-70.9492,0.2453,-0.10226,-3.12412,1.7712,2.0342,0.7622,1.7537,0.00000,0.00000
723,28.9200,0.4497,0.0000,0.0365,0.2680,0.0274,0.0270,-0.2194,0.1787,-0.0609,-12.0900,-70.9409,0.2457,-0.09988,-3.12306,1.7554,2.1559,0.7782,1.7742,0.00000,0.00000
724,28.9600,0.4497,0.0000,0.0365,0.2889,0.0043,-0.0128,-0.0431,0.3628,-0.0115,-12.0977,-70.9324,0.2454,-0.08315,-3.12025,1.8456,2.1583,0.7088,1.7928,0.00000,0.00000
725,29.0000,0.4497,0.0000,0.0365,0.3068,0.0365,0.1368,-0.2896,-0.3518,-0.0814,-12.1061,-70.9246,0.2476,-0.09076,-3.10958,1.7272,2.1217,0.7406,1.7423,0.00000,0.00000
726,29.0400,0.4497,0.0000,0.0365,0.3211,0.0290,0.1174,-0.2266,0.0570,-0.0648,-12.1150,-70.9165,0.2527,-0.09369,-3.09674,1.8661,2.0925,0.6868,1.8285,0.00000,0.00000
727,29.0800,0.4497,0.0000,0.0365,0.3302,0.0731,0.1529,-0.5245,-0.1569,-0.1261,-12.1252,-70.9091,0.2576,-0.10096,-3.07070,1.6990,1.9780,0.7333,1.7898,0.00000,0.00000
728,29.1200,0.4497,0.0000,0.0365,0.3824,0.0620,0.1379,-0.4870,-0.0371,-0.1435,-12.1365,-70.9012,0.2635,-0.10464,-3.03927,1.6702,1.8707,0.7026,1.8400,0.00000,0.00000
729,29.1600,0.4497,0.0000,0.0365,0.4302,0.0566,0.1158,-0.3850,0.3084,-0.0920,-12.1490,-70.8908,0.2686,-0.09433,-3.01579,1.6534,1.8756,0.6144,1.7688,0.00000,0.00000
730,29.2000,0.4497,0.0000,0.0365,0.5025,0.0484,0.1403,-0.3216,0.0494,-0.0768,-12.1631,-70.8788,0.2738,-0.08748,-2.99136,1.6265,1.7991,0.5905,1.7829,0.00000,0.00000
731,29.2400,0.4497,0.0000,0.0365,0.5842,-0.0113,0.2783,0.2445,0.1897,-0.0809,-12.1774,-70.8634,0.2843,-0.07202,-2.98866,1.6199,1.4379,0.2796,1.7526,0.00000,0.00000
732,29.2800,0.4497,0.0000,0.0365,0.6595,-0.0953,0.6562,0.4007,0.5393,0.0601,-12.1915,-70.8438,0.3062,-0.03201,-3.01311,1.6167,0.8513,-0.3654,1.8535,0.00000,0.00000
733,29.3200,0.4497,0.0000,0.0365,0.6465,-0.0978,0.6487,0.4044,0.1923,-0.0850,-12.2056,-70.8225,0.3326,-0.01471,-3.03455,1.7913,0.4700,-0.4231,1.5177,0.00000,0.00000
734,29.3600,0.4497,0.0000,0.0365,0.5651,-0.0277,0.1603,0.2811,0.7664,0.2824,-12.2202,-70.8025,0.3441,-0.03715,-3.02312,1.6893,0.7955,0.7010,1.3155,0.00000,0.00000
735,29.4000,0.4497,0.0000,0.0365,0.5290,0.0434,-0.0423,-0.1924,-0.8796,0.1687,-12.2339,-70.7867,0.3436,-0.04038,-3.00199,1.4943,0.7421,1.3322,1.2379,0.00000,0.00000
736,29.4400,0.4497,0.0000,0.0365,0.5508,-0.0065,0.3768,0.0445,-0.8340,0.0093,-12.2479,-70.7719,0.3538,-0.05843,-3.00183,1.4278,0.3677,0.5273,1.3705,0.00000,0.00000
737,29.4800,0.4497,0.0000,0.0365,0.3001,0.1492,0.3222,-0.7713,-0.5548,-0.1691,-12.2610,-70.7621,0.3667,-0.07061,-2.99112,1.4355,0.5779,0.2775,0.9853,0.00000,0.00000
738,29.5200,0.4497,0.0000,0.0365,0.3993,0.1058,-0.0463,-0.1981,-0.3941,-0.4023,-12.2746,-70.7545,0.3672,-0.08533,-2.98353,1.3927,2.3363,0.6398,1.4794,0.00000,0.00000
739,29.5600,0.4497,0.0000,0.0365,0.5712,-0.1404,-0.0869,0.0096,0.5265,-0.7599,-12.2858,-70.7383,0.3642,-0.07421,-2.96742,1.7566,2.6236,0.5391,1.8627,0.00000,0.00000
740,29.6000,0.4497,0.0000,0.0365,0.6400,-0.2224,-0.2542,0.2922,1.1757,-0.7312,-12.2941,-70.7124,0.3590,-0.04656,-2.97053,1.9947,2.1372,0.5914,1.8743,0.00000,0.00000
741,29.6400,0.4497,0.0000,0.0365,0.5488,-0.0766,-0.2287,0.4650,0.3279,0.1109,-12.3022,-70.6883,0.3475,-0.01116,-2.99843,1.8867,1.6042,0.6277,1.5347,0.00000,0.00000
742,29.6800,0.4497,0.0000,0.0365,0.4889,0.0034,-0.0930,-0.0467,-0.5299,-0.0237,-12.3131,-70.6704,0.3409,-0.03304,-3.00012,1.6888,1.9136,0.8390,1.6782,0.00000,0.00000
743,29.7200,0.4497,0.0000,0.0365,0.4171,-0.0038,0.0068,0.0682,-0.2850,0.0399,-12.3229,-70.6558,0.3392,-0.04475,-3.00341,1.6579,2.1267,0.7229,1.7326,0.00000,0.00000
744,29.7600,0.4497,0.0000,0.0365,0.3551,-0.0066,0.0027,0.0308,-0.1032,0.0125,-12.3312,-70.6433,0.3390,-0.05232,-3.00723,1.6917,2.1400,0.7139,1.7583,0.00000,0.00000
745,29.8000,0.4497,0.0000,0.0365,0.3402,-0.0125,-0.0141,0.0650,-0.3740,0.0197,-12.3387,-70.6319,0.3380,-0.06625,-3.01086,1.6465,2.1459,0.7726,1.8054,0.00000,0.00000
746,29.8400,0.4497,0.0000,0.0365,0.3018,-0.0285,-0.0763,0.1959,-0.0632,0.0531,-12.3453,-70.6208,0.3355,-0.07293,-3.02022,1.7619,2.1789,0.7760,1.9293,0.00000,0.00000
747,29.8800,0.4497,0.0000,0.0365,0.2678,0.0067,0.0089,-0.1236,-0.2985,-0.0527,-12.3513,-70.6113,0.3333,-0.08276,-3.02568,1.6310,2.2745,0.7739,1.9441,0.00000,0.00000
748,29.9200,0.4497,0.0000,0.0365,0.2830,0.0354,0.1021,-0.2882,-0.0182,-0.0671,-12.3583,-70.6035,0.3353,-0.08552,-3.01616,1.6932,2.1666,0.7093,1.9735,0.00000,0.00000
749,29.9600,0.3372,0.0000,0.1165,0.0249,0.0321,-0.0000,-0.0158,-0.0363,0.0033,-3.8459,-76.3430,1.0554,-0.00000,0.00000,1.7170,2.0505,0.7206,1.9790,0.00000,0.00000
750,30.0000,0.3372,0.0000,0.1165,-0.0071,0.0154,-0.2710,0.4654,1.4326,-0.0872,-3.8464,-76.3426,1.0506,0.06014,0.07130,0.8796,0.2838,-1.0432,0.0435,0.00000,0.00000
751,30.0400,0.3372,0.0000,0.1165,0.1292,0.0033,-0.7955,0.3979,0.9206,-1.5028,-3.8463,-76.3395,1.0246,0.09389,0.12051,1.2911,1.7219,0.5248,1.1463,0.00000,0.00000
752,30.0800,0.3372,0.0000,0.1165,0.1972,0.0018,-1.1692,0.3680,0.5182,-2.7556,-3.8471,-76.3364,0.9850,0.11931,0.07398,2.3135,1.5672,0.8550,2.0897,0.00000,0.00000
753,30.1200,0.3372,0.0000,0.1165,0.2495,0.0155,-1.5836,-0.2571,0.0271,-0.0820,-3.8480,-76.3332,0.9268,0.12105,0.04587,1.3581,1.0462,0.6911,1.5151,0.00000,0.00000
754,30.1600,0.3372,0.0000,0.1165,0.2792,0.0527,-2.0134,-0.6779,0.2119,2.0155,-3.8501,-76.3316,0.8526,0.12691,-0.00648,0.1842,0.3640,0.4068,0.1222,0.00000,0.00000
755,30.2000,0.3372,0.0000,0.1165,0.2028,0.0061,-0.0296,-0.0574,0.1146,0.0076,-3.8496,-76.3264,0.8193,0.14324,0.02164,-0.3387,-0.2957,-0.2875,0.2082,0.00000,0.00000
756,30.2400,0.3372,0.0000,0.1165,0.2853,0.0171,0.1729,-0.0967,-0.6720,-0.0196,-3.8478,-76.3165,0.8232,0.13235,0.01350,-0.3123,-0.7211,-0.5085,-0.9207,0.00000,0.00000
757,30.2800,0.3372,0.0000,0.1165,0.3244,0.0024,0.1165,-0.0169,-0.5479,0.0996,-3.8451,-76.3043,0.8257,0.09859,0.01066,-0.5095,-0.8527,-0.3418,-0.1365,0.00000,0.00000
758,30.3200,0.3372,0.0000,0.1165,0.3412,0.0281,0.1313,-0.1486,-0.4251,0.1190,-3.8428,-76.2915,0.8279,0.08212,-0.00648,-0.0223,-0.2680,-0.0652,0.0983,0.00000,0.00000
759,30.3600,0.3372,0.0000,0.1165,0.3679,-0.0048,0.0536,0.0178,-0.3961,0.3105,-3.8400,-76.2780,0.8288,0.06904,-0.01277,0.0174,-0.0665,-0.1211,0.0231,0.00000,0.00000
760,30.4000,0.3372,0.0000,0.1165,0.3962,0.0042,0.0481,-0.0242,-0.4077,0.1267,-3.8365,-76.2635,0.8281,0.05149,-0.00753,0.0290,-0.0885,-0.1017,0.0149,0.00000,0.00000
761,30.4400,0.3372,0.0000,0.1165,0.4172,-0.0007,0.0810,0.0007,-0.3279,0.1083,-3.8331,-76.2478,0.8287,0.03770,-0.01005,0.0098,-0.0955,-0.1230,0.0417,0.00000,0.00000
762,30.4800,0.3372,0.0000,0.1165,0.4413,-0.0006,0.0608,0.0003,-0.4072,0.1201,-3.8294,-76.2313,0.8295,0.02215,-0.00769,0.0369,-0.0912,-0.0914,0.0119,0.00000,0.00000
763,30.5200,0.3372,0.0000,0.1165,0.4467,0.0042,0.0395,-0.0227,-0.2434,0.1367,-3.8258,-76.2143,0.8296,0.00987,-0.00770,0.0265,-0.0896,-0.1149,0.0127,0.00000,0.00000
764,30.5600,0.3372,0.0000,0.1165,0.4462,0.0024,0.0308,-0.0140,0.0138,0.1965,-3.8223,-76.1969,0.8294,0.00637,-0.00985,-0.0024,-0.0978,-0.1189,0.0095,0.00000,0.00000
765,30.6000,0.3372,0.0000,0.1165,0.4630,0.0139,0.0294,-0.0721,-0.0878,0.0495,-3.8192,-76.1790,0.8288,0.00388,-0.01952,0.0347,-0.0829,-0.0701,0.0313,0.00000,0.00000
766,30.6400,0.3372,0.0000,0.1165,0.4844,-0.0076,0.0334,0.0367,-0.2756,0.1981,-3.8157,-76.1606,0.8287,-0.00345,-0.02402,-0.0003,-0.0908,-0.1177,0.0204,0.00000,0.00000
767,30.6800,0.3372,0.0000,0.1165,0.4914,0.0120,0.0306,-0.0618,-0.2514,0.0896,-3.8121,-76.1417,0.8285,-0.01491,-0.02370,0.0619,-0.0799,-0.0697,-0.0227,0.00000,0.00000
768,30.7200,0.3372,0.0000,0.1165,0.4957,0.0210,0.0361,-0.1080,-0.2448,0.0698,-3.8095,-76.1224,0.8288,-0.02419,-0.04609,0.0604,-0.0846,-0.1018,0.0162,0.00000,0.00000
769,30.7600,0.3372,0.0000,0.1165,0.4963,-0.0017,0.0219,0.0075,-0.1844,0.1058,-3.8064,-76.1031,0.8290,-0.03185,-0.05668,0.0549,-0.0660,-0.1089,0.0074,0.00000,0.00000
770,30.8000,0.3372,0.0000,0.1165,0.4871,0.0052,0.0211,-0.0267,0.0271,0.0647,-3.8029,-76.0839,0.8289,-0.03495,-0.05703,0.0484,-0.0986,-0.0927,-0.0151,0.00000,0.00000
771,30.8400,0.3372,0.0000,0.1165,0.5018,0.0023,0.0138,-0.0116,-0.2679,0.1611,-3.7999,-76.0645,0.8289,-0.04061,-0.06802,0.0268,-0.1023,-0.0974,0.0189,0.00000,0.00000
772,30.8800,0.3372,0.0000,0.1165,0.4996,0.0014,0.0277,-0.0064,-0.2360,0.1324,-3.7967,-76.0451,0.8291,-0.05042,-0.07101,0.0741,-0.1030,-0.1175,0.0060,0.00000,0.00000
773,30.9200,0.3372,0.0000,0.1165,0.4847,-0.0123,0.0086,0.0641,-0.0062,0.1890,-3.7933,-76.0259,0.8294,-0.05360,-0.06610,0.0176,-0.0860,-0.1240,-0.0167,0.00000,0.00000
774,30.9600,0.3372,0.0000,0.1165,0.4732,0.0007,-0.0078,-0.0017,0.1264,0.1585,-3.7900,-76.0070,0.8288,-0.05120,-0.06052,0.0262,-0.0911,-0.0918,-0.0162,0.00000,0.00000
775,31.0000,0.3372,0.0000,0.1165,0.4622,0.0212,0.0184,-0.1086,0.3084,0.0800,-3.7879,-75.9883,0.8285,-0.04191,-0.08174,0.0296,-0.1188,-0.0990,-0.0107,0.00000,0.00000
776,31.0400,0.3372,0.0000,0.1165,0.4792,-0.0045,0.0273,0.0220,0.0119,0.1544,-3.7858,-75.9695,0.8288,-0.03600,-0.10240,0.0095,-0.1174,-0.1135,0.0284,0.00000,0.00000
777,31.0800,0.3372,0.0000,0.1165,0.4839,-0.0104,0.0248,0.0528,-0.0382,0.1009,-3.7827,-75.9505,0.8289,-0.03741,-0.08946,0.0384,-0.1125,-0.0929,-0.0196,0.00000,0.00000
778,31.1200,0.3372,0.0000,0.1165,0.4707,0.0114,0.0270,-0.0583,0.2234,0.0862,-3.7802,-75.9315,0.8292,-0.03288,-0.09262,0.0398,-0.1158,-0.0903,-0.0264,0.00000,0.00000
779,31.1600,0.3372,0.0000,0.1165,0.4835,0.0331,0.0231,-0.1701,-0.0125,0.0257,-3.7790,-75.9124,0.8293,-0.02973,-0.13780,0.0697,-0.1255,-0.0790,-0.0136,0.00000,0.00000
780,31.2000,0.3372,0.0000,0.1165,0.4998,-0.0149,0.0125,0.0746,-0.2756,0.1673,-3.7771,-75.8930,0.8291,-0.03523,-0.15962,0.0296,-0.0943,-0.1225,0.0235,0.00000,0.00000
781,31.2400,0.3372,0.0000,0.1165,0.4846,-0.0303,0.0207,0.1559,0.0746,0.1454,-3.7734,-75.8738,0.8290,-0.03828,-0.11719,0.0282,-0.1011,-0.1211,-0.0307,0.00000,0.00000
782,31.2800,0.3372,0.0000,0.1165,0.4863,0.0067,0.0284,-0.0337,0.0254,0.0941,-3.7709,-75.8545,0.8293,-0.03702,-0.10593,0.0434,-0.1161,-0.0901,-0.0160,0.00000,0.00000
783,31.3200,0.3372,0.0000,0.1165,0.4884,0.0068,0.0132,-0.0352,-0.0299,0.1471,-3.7692,-75.8352,0.8294,-0.03673,-0.12965,0.0350,-0.1030,-0.1049,0.0009,0.00000,0.00000
784,31.3600,0.3372,0.0000,0.1165,0.4988,-0.0134,0.0025,0.0689,-0.2359,0.2365,-3.7671,-75.8158,0.8289,-0.04236,-0.13445,0.0314,-0.0870,-0.1159,0.0038,0.00000,0.00000
785,31.4000,0.3372,0.0000,0.1165,0.4800,-0.0035,0.0240,0.0187,0.1287,0.1061,-3.7647,-75.7964,0.8287,-0.04329,-0.11898,0.0504,-0.0931,-0.1145,-0.0255,0.00000,0.00000
786,31.4400,0.3372,0.0000,0.1165,0.4818,-0.0114,0.0430,0.0578,0.0937,0.1606,-3.7629,-75.7773,0.8296,-0.03833,-0.11835,0.0157,-0.1151,-0.1420,0.0428,0.00000,0.00000
787,31.4800,0.3372,0.0000,0.1165,0.4802,0.0102,0.0218,-0.0520,0.1164,0.0975,-3.7613,-75.7580,0.8301,-0.03511,-0.11964,0.0514,-0.1216,-0.0916,-0.0522,0.00000,0.00000
788,31.5200,0.3372,0.0000,0.1165,0.4846,0.0129,0.0094,-0.0661,0.0096,0.1394,-3.7605,-75.7387,0.8298,-0.03272,-0.16988,0.0335,-0.1100,-0.0991,0.0247,0.00000,0.00000
789,31.5600,0.3372,0.0000,0.1165,0.4902,0.0005,0.0070,-0.0035,-0.0647,0.0970,-3.7594,-75.7194,0.8292,-0.03373,-0.19976,0.0459,-0.0879,-0.1024,-0.0094,0.00000,0.00000
790,31.6000,0.3372,0.0000,0.1165,0.4855,-0.0019,0.0181,0.0095,0.0721,0.1389,-3.7581,-75.6999,0.8289,-0.03346,-0.21010,0.0242,-0.1095,-0.0967,-0.0237,0.00000,0.00000
791,31.6400,0.3372,0.0000,0.1165,0.4968,0.0007,0.0279,-0.0036,-0.1342,0.1685,-3.7570,-75.6804,0.8291,-0.03521,-0.24052,0.0507,-0.1057,-0.1049,0.0118,0.00000,0.00000
792,31.6800,0.3372,0.0000,0.1165,0.4925,-0.0181,0.0293,0.0923,-0.0190,0.1686,-3.7555,-75.6608,0.8295,-0.03728,-0.23567,0.0292,-0.0979,-0.1332,0.0142,0.00000,0.00000
793,31.7200,0.3372,0.0000,0.1165,0.4845,0.0125,0.0328,-0.0637,0.1440,0.0807,-3.7544,-75.6413,0.8299,-0.03516,-0.24606,0.0597,-0.1266,-0.0977,-0.0375,0.00000,0.00000
794,31.7600,0.3372,0.0000,0.1165,0.5042,0.0040,0.0143,-0.0212,-0.2675,0.1587,-3.7543,-75.6217,0.8301,-0.03833,-0.34748,0.0373,-0.1066,-0.1177,0.0365,0.00000,0.00000
795,31.8000,0.3372,0.0000,0.1165,0.4874,-0.0186,-0.0042,0.0952,0.0744,0.1378,-3.7530,-75.6020,0.8295,-0.04074,-0.33575,0.0245,-0.0778,-0.1115,-0.0219,0.00000,0.00000
796,31.8400,0.3372,0.0000,0.1165,0.4939,0.0039,0.0156,-0.0192,-0.0625,0.1399,-3.7522,-75.5824,0.8290,-0.04180,-0.37559,0.0370,-0.1101,-0.0861,0.0127,0.00000,0.00000
797,31.8800,0.3372,0.0000,0.1165,0.4842,0.0097,0.0113,-0.0503,0.1115,0.0532,-3.7520,-75.5629,0.8289,-0.03959,-0.48365,0.0467,-0.0768,-0.0827,-0.0130,0.00000,0.00000
798,31.9200,0.3372,0.0000,0.1165,0.4907,-0.0008,0.0091,0.0040,-0.0070,0.1540,-3.7519,-75.5434,0.8286,-0.03787,-0.64293,0.0278,-0.0929,-0.0914,0.0115,0.00000,0.00000
799,31.9600,0.3372,0.0000,0.1165,0.4825,0.0086,0.0167,-0.0440,0.1809,0.1121,-3.7517,-75.5238,0.8283,-0.03434,-0.87528,0.0347,-0.1109,-0.0772,-0.0329,0.00000,0.00000
800,32.0000,0.3372,0.0000,0.1165,0.5003,-0.0095,0.0097,0.0486,-0.1440,0.1717,-3.7517,-75.5043,0.8280,-0.03392,-1.21981,0.0113,-0.0821,-0.0946,0.0257,0.00000,0.00000
801,32.0400,0.3372,0.0000,0.1165,0.4971,-0.0029,0.0327,0.0152,-0.0303,0.1140,-3.7512,-75.4845,0.8280,-0.03746,-1.68995,0.0734,-0.0880,-0.0875,-0.0133,0.00000,0.00000
802,32.0800,0.3372,0.0000,0.1165,0.4934,-0.0043,0.0332,0.0219,0.0505,0.1238,-3.7512,-75.4648,0.8288,-0.03618,-2.10863,0.0262,-0.0961,-0.1133,0.0056,0.00000,0.00000
803,32.1200,0.3372,0.0000,0.1165,0.5063,-0.0090,0.0074,0.0461,-0.2113,0.1420,-3.7511,-75.4449,0.8288,-0.04059,-2.45505,0.0304,-0.0883,-0.0957,0.0027,0.00000,0.00000
804,32.1600,0.3372,0.0000,0.1165,0.4886,-0.0012,0.0258,0.0067,0.1441,0.0791,-3.7510,-75.4251,0.8287,-0.04090,-2.68881,0.0414,-0.0967,-0.0965,0.0200,0.00000,0.00000
805,32.2000,0.3372,0.0000,0.1165,0.4943,0.0097,0.0159,-0.0498,0.0174,0.1177,-3.7517,-75.4054,0.8289,-0.03784,-2.70354,0.0272,-0.1011,-0.0922,-0.0196,0.00000,0.00000
806,32.2400,0.3372,0.0000,0.1165,0.5000,0.0013,-0.0013,-0.0062,-0.0970,0.1468,-3.7525,-75.3856,0.8284,-0.04008,-2.74526,0.0311,-0.0845,-0.0729,0.0158,0.00000,0.00000
807,32.2800,0.3372,0.0000,0.1165,0.5019,-0.0109,0.0280,0.0566,-0.1051,0.1428,-3.7528,-75.3658,0.8283,-0.04355,-2.85425,0.0351,-0.0953,-0.1254,0.0315,0.00000,0.00000
808,32.3200,0.3372,0.0000,0.1165,0.4957,0.0065,0.0286,-0.0334,0.0165,0.0735,-3.7534,-75.3459,0.8289,-0.04549,-2.89736,0.0571,-0.0948,-0.0724,-0.0319,0.00000,0.00000
809,32.3600,0.3372,0.0000,0.1165,0.4849,0.0069,0.0043,-0.0345,0.1680,0.1731,-3.7545,-75.3263,0.8289,-0.04065,-2.89232,0.0174,-0.0979,-0.1019,-0.0089,0.00000,0.00000
810,32.4000,0.3372,0.0000,0.1165,0.4938,0.0109,0.0072,-0.0559,-0.0050,0.1156,-3.7559,-75.3067,0.8283,-0.03834,-2.88085,0.0514,-0.0936,-0.0770,0.0111,0.00000,0.00000
811,32.4400,0.3372,0.0000,0.1165,0.5076,0.0091,0.0283,-0.0470,-0.2408,0.0750,-3.7574,-75.2869,0.8284,-0.04429,-2.85793,0.0630,-0.1047,-0.0784,0.0098,0.00000,0.00000
812,32.4800,0.3372,0.0000,0.1165,0.4941,-0.0077,0.0208,0.0391,0.0108,0.0886,-3.7584,-75.2671,0.8288,-0.04719,-2.88241,0.0453,-0.0875,-0.1049,-0.0250,0.00000,0.00000
813,32.5200,0.3372,0.0000,0.1165,0.4819,-0.0053,0.0081,0.0280,0.2086,0.1359,-3.7592,-75.2475,0.8288,-0.04233,-2.92724,0.0147,-0.1097,-0.1012,-0.0228,0.00000,0.00000
814,32.5600,0.3372,0.0000,0.1165,0.4876,0.0008,0.0230,-0.0042,0.0880,0.1203,-3.7605,-75.2281,0.8287,-0.03654,-2.94404,0.0441,-0.1032,-0.1060,0.0195,0.00000,0.00000
815,32.6000,0.3372,0.0000,0.1165,0.4901,0.0028,0.0277,-0.0149,0.0785,0.1013,-3.7620,-75.2086,0.8290,-0.03355,-2.95078,0.0407,-0.1110,-0.0908,-0.0193,0.00000,0.00000
816,32.6400,0.3372,0.0000,0.1165,0.5031,-0.0065,0.0080,0.0329,-0.1638,0.1312,-3.7634,-75.1889,0.8288,-0.03616,-2.96316,0.0265,-0.0939,-0.0822,0.0106,0.00000,0.00000
817,32.6800,0.3372,0.0000,0.1165,0.5036,-0.0201,0.0185,0.1042,-0.1556,0.1944,-3.7643,-75.1690,0.8286,-0.04197,-3.01450,0.0388,-0.0830,-0.1180,0.0219,0.00000,0.00000
818,32.7200,0.3372,0.0000,0.1165,0.5023,0.0002,0.0282,0.0002,-0.1430,0.1385,-3.7656,-75.1491,0.8290,-0.04835,-3.04562,0.0565,-0.1001,-0.0996,-0.0114,0.00000,0.00000
819,32.7600,0.3372,0.0000,0.1165,0.5054,0.0041,0.0202,-0.0192,-0.2774,0.1836,-3.7677,-75.1294,0.8296,-0.05684,-3.04101,0.0490,-0.1070,-0.1198,0.0192,0.00000,0.00000
820,32.8000,0.3372,0.0000,0.1165,0.4828,0.0067,-0.0006,-0.0329,0.0627,0.1011,-3.7698,-75.1099,0.8295,-0.05964,-3.04067,0.0575,-0.0833,-0.0996,-0.0231,0.00000,0.00000
821,32.8400,0.3372,0.0000,0.1165,0.4807,0.0002,-0.0130,0.0002,-0.0135,0.1853,-3.7721,-75.0908,0.8289,-0.05834,-3.03503,0.0195,-0.0870,-0.1116,-0.0045,0.00000,0.00000
822,32.8800,0.3372,0.0000,0.1165,0.4651,-0.0053,0.0031,0.0290,0.2343,0.1826,-3.7740,-75.0719,0.8282,-0.05307,-3.04974,0.0138,-0.1008,-0.1146,-0.0195,0.00000,0.00000
823,32.9200,0.3372,0.0000,0.1165,0.4635,-0.0011,0.0191,0.0058,0.2394,0.1069,-3.7762,-75.0533,0.8282,-0.04370,-3.05626,0.0072,-0.1063,-0.0958,-0.0007,0.00000,0.00000
824,32.9600,0.3372,0.0000,0.1165,0.4636,0.0117,0.0480,-0.0601,0.2536,0.1411,-3.7788,-75.0348,0.8289,-0.03409,-3.05031,0.0433,-0.1421,-0.1095,-0.0105,0.00000,0.00000
825,33.0000,0.3372,0.0000,0.1165,0.4832,-0.0037,0.0244,0.0176,-0.1144,0.0699,-3.7817,-75.0161,0.8295,-0.03218,-3.04281,0.0369,-0.0997,-0.1070,0.0197,0.00000,0.00000
826,33.0400,0.3372,0.0000,0.1165,0.4792,-0.0262,0.0236,0.1338,0.0115,0.2457,-3.7834,-74.9970,0.8296,-0.03377,-3.07486,0.0076,-0.1169,-0.1414,-0.0046,0.00000,0.00000
827,33.0800,0.3372,0.0000,0.1165,0.4812,0.0084,0.0161,-0.0420,-0.0274,0.1201,-3.7858,-74.9780,0.8295,-0.03525,-3.08932,0.0470,-0.1062,-0.0789,-0.0154,0.00000,0.00000
828,33.1200,0.3372,0.0000,0.1165,0.4837,0.0065,0.0277,-0.0333,-0.0595,0.1191,-3.7892,-74.9591,0.8296,-0.03615,-3.07685,0.0326,-0.1084,-0.1314,0.0374,0.00000,0.00000
829,33.1600,0.3372,0.0000,0.1165,0.4845,-0.0026,0.0127,0.0125,-0.0440,0.0982,-3.7922,-74.9401,0.8296,-0.03824,-3.07811,0.0392,-0.0911,-0.0994,-0.0213,0.00000,0.00000
830,33.2000,0.3372,0.0000,0.1165,0.4801,0.0073,0.0201,-0.0370,0.0371,0.1053,-3.7954,-74.9211,0.8295,-0.03835,-3.07725,0.0451,-0.1131,-0.1079,-0.0012,0.00000,0.00000
831,33.2400,0.3372,0.0000,0.1165,0.4785,-0.0050,0.0147,0.0254,0.0691,0.2698,-3.7987,-74.9023,0.8295,-0.03533,-3.07740,0.0075,-0.1118,-0.1320,-0.0159,0.00000,0.00000
832,33.2800,0.3372,0.0000,0.1165,0.4861,-0.0089,0.0085,0.0458,-0.0638,0.1897,-3.8017,-74.8833,0.8290,-0.03618,-3.08876,0.0261,-0.0959,-0.0998,0.0171,0.00000,0.00000
833,33.3200,0.3372,0.0000,0.1165,0.4759,0.0096,0.0428,-0.0491,0.1820,0.0712,-3.8052,-74.8643,0.8293,-0.03311,-3.09067,0.0462,-0.1225,-0.1120,-0.0068,0.00000,0.00000
834,33.3600,0.3372,0.0000,0.1165,0.4930,-0.0088,0.0165,0.0436,-0.1352,0.1465,-3.8090,-74.8454,0.8298,-0.03254,-3.08733,0.0110,-0.0933,-0.1129,0.0143,0.00000,0.00000
835,33.4000,0.3372,0.0000,0.1165,0.4920,-0.0307,-0.0220,0.1598,-0.0349,0.2227,-3.8119,-74.8260,0.8289,-0.03604,-3.10973,0.0263,-0.0993,-0.1062,-0.0174,0.00000,0.00000
836,33.4400,0.3372,0.0000,0.1165,0.5009,-0.0635,-0.1142,0.3322,0.0721,0.1009,-3.8140,-74.8061,0.8255,-0.03636,3.12824,0.0966,-0.1180,-0.0496,-0.0278,0.00000,0.00000
837,33.4800,0.3372,0.0000,0.1165,0.5212,-0.1124,-0.1921,0.5899,0.1257,-0.0162,-3.8149,-74.7849,0.8190,-0.03427,3.04930,0.1865,-0.2618,-0.0668,-0.0997,0.00000,0.00000
838,33.5200,0.3372,0.0000,0.1165,0.5524,-0.1780,-0.3595,0.9484,-0.2203,-0.2119,-3.8144,-74.7621,0.8081,-0.03953,2.92001,0.5166,-0.5798,0.0562,-0.2723,0.00000,0.00000
839,33.5600,0.3372,0.0000,0.1165,0.5798,0.0439,-0.0835,-0.1344,-0.5774,-0.5983,-3.8144,-74.7388,0.7962,-0.06151,2.81536,0.7974,-0.5272,-0.0397,-0.1270,0.00000,0.00000
840,33.6000,0.3372,0.0000,0.1165,0.5724,0.0357,-0.0916,-0.1073,-0.2304,-0.4773,-3.8208,-74.7174,0.7953,-0.05649,2.81289,0.0473,-0.1397,-0.6136,0.2778,0.00000,0.00000
841,33.6400,0.3372,0.0000,0.1165,0.5602,0.1003,-0.4457,-0.4259,-0.6430,-0.0897,-3.8274,-74.6952,0.7835,-0.07156,2.82725,0.2407,-0.0418,-0.6219,0.4956,0.00000,0.00000
842,33.6800,0.3372,0.0000,0.1165,0.5169,0.0489,-0.3044,-0.2140,-0.2843,-0.1910,-3.8358,-74.6742,0.7666,-0.08428,2.91065,0.2307,0.0820,-0.4492,0.4382,0.00000,0.00000
843,33.7200,0.3372,0.0000,0.1165,0.4976,0.0829,-0.1860,-0.3871,-0.1372,-0.0495,-3.8421,-74.6534,0.7582,-0.10231,2.96324,-0.0096,-0.1757,-0.0809,-0.2105,0.00000,0.00000
844,33.7600,0.3372,0.0000,0.1165,0.4538,0.0702,-0.1863,-0.3397,0.2505,0.0701,-3.8488,-74.6346,0.7511,-0.09751,3.06124,-0.0821,-0.1077,-0.0714,0.0935,0.00000,0.00000
845,33.8000,0.3372,0.0000,0.1165,0.4538,0.0171,-0.1273,-0.0861,0.0492,0.0961,-3.8536,-74.6164,0.7449,-0.09153,3.11801,-0.0596,-0.0754,-0.0840,0.0723,0.00000,0.00000
846,33.8400,0.3372,0.0000,0.1165,0.4464,-0.0050,-0.0231,0.0253,0.1682,0.0486,-3.8565,-74.5983,0.7423,-0.08700,3.12109,-0.0393,-0.1041,-0.1016,0.0094,0.00000,0.00000
847,33.8800,0.3372,0.0000,0.1165,0.4219,0.0252,0.0150,-0.1297,0.5348,-0.0186,-3.8596,-74.5809,0.7425,-0.07232,3.13143,-0.0017,-0.1206,-0.0620,-0.0580,0.00000,0.00000
848,33.9200,0.3372,0.0000,0.1165,0.4258,0.0081,-0.0136,-0.0398,0.3168,0.1769,-3.8633,-74.5640,0.7422,-0.05494,-3.12487,-0.0309,-0.0973,-0.1028,0.0300,0.00000,0.00000
849,33.9600,0.3372,0.0000,0.1165,0.4308,0.0209,0.0018,-0.1069,0.2282,0.0472,-3.8666,-74.5468,0.7411,-0.04582,-3.11002,0.0326,-0.1049,-0.0560,-0.0063,0.00000,0.00000
850,34.0000,0.3372,0.0000,0.1165,0.4288,-0.0079,0.0254,0.0404,0.3437,0.1251,-3.8699,-74.5298,0.7411,-0.03264,-3.10115,-0.0413,-0.1078,-0.1281,0.0136,0.00000,0.00000
851,34.0400,0.3372,0.0000,0.1165,0.4552,-0.0389,-0.0232,0.2021,0.0996,0.1497,-3.8720,-74.5120,0.7404,-0.02579,-3.12828,0.0198,-0.1139,-0.0569,-0.0082,0.00000,0.00000
852,34.0800,0.3372,0.0000,0.1165,0.4808,-0.0674,-0.1004,0.3550,0.0837,0.0814,-3.8730,-74.4930,0.7370,-0.02434,3.09500,0.1051,-0.1588,-0.0411,-0.0317,0.00000,0.00000
853,34.1200,0.3372,0.0000,0.1165,0.5007,-0.1595,-0.2319,0.8410,0.0529,-0.0691,-3.8721,-74.4726,0.7296,-0.02172,2.97184,0.1482,-0.2106,-0.0368,-0.0745,0.00000,0.00000
854,34.1600,0.3372,0.0000,0.1165,0.5293,-0.2441,-0.4200,1.2927,-0.1882,-0.2993,-3.8680,-74.4504,0.7162,-0.02563,2.74808,0.4754,-0.5323,0.0289,-0.2106,0.00000,0.00000
855,34.2000,0.3372,0.0000,0.1165,0.5508,0.1001,-0.0102,-0.5980,-0.2600,-0.8650,-3.8675,-74.4281,0.7051,-0.04280,2.65715,0.8763,-0.4729,-0.1731,0.0026,0.00000,0.00000
856,34.2400,0.3372,0.0000,0.1165,0.5329,0.2069,-0.1694,-0.8842,-0.3064,-0.3638,-3.8785,-74.4085,0.7045,-0.03810,2.75631,0.0054,-0.1376,-0.7299,0.2974,0.00000,0.00000
857,34.2800,0.3372,0.0000,0.1165,0.4913,0.1061,-0.3815,-0.4763,0.0164,-0.0822,-3.8896,-74.3887,0.6897,-0.04437,2.89954,0.2388,0.0750,-0.6710,0.5855,0.00000,0.00000
858,34.3200,0.3372,0.0000,0.1165,0.5051,0.0394,-0.3039,-0.1836,-0.3534,-0.1901,-3.8951,-74.3679,0.6751,-0.06531,2.97449,0.0517,-0.0896,-0.0899,-0.0042,0.00000,0.00000
859,34.3600,0.3372,0.0000,0.1165,0.4773,0.0114,-0.1680,-0.0573,-0.0395,-0.0174,-3.8985,-74.3481,0.6659,-0.07277,3.00992,-0.1133,-0.1285,-0.1051,0.0937,0.00000,0.00000
860,34.4000,0.3372,0.0000,0.1165,0.4575,0.0543,-0.0808,-0.2693,0.2135,-0.0266,-3.9019,-74.3292,0.6611,-0.06969,3.06514,-0.0112,-0.1380,-0.0372,-0.0557,0.00000,0.00000
861,34.4400,0.3372,0.0000,0.1165,0.4736,0.0293,-0.0583,-0.1482,-0.2600,0.0348,-3.9060,-74.3110,0.6582,-0.07051,-3.12240,-0.0082,-0.0794,-0.0879,0.0769,0.00000,0.00000
862,34.4800,0.3372,0.0000,0.1165,0.4526,0.0024,-0.0192,-0.0130,0.1334,0.0191,-3.9082,-74.2925,0.6565,-0.07193,-3.10797,0.0102,-0.0992,-0.0970,-0.0224,0.00000,0.00000
863,34.5200,0.3372,0.0000,0.1165,0.4318,0.0177,0.0075,-0.0898,0.4591,0.0859,-3.9105,-74.2747,0.6562,-0.05887,-3.08987,0.0037,-0.1176,-0.0881,-0.0338,0.00000,0.00000
864,34.5600,0.3372,0.0000,0.1165,0.4487,-0.0051,-0.0061,0.0269,0.0667,0.1915,-3.9129,-74.2571,0.6557,-0.04911,-3.07405,-0.0159,-0.0994,-0.1095,0.0383,0.00000,0.00000
865,34.6000,0.3372,0.0000,0.1165,0.4421,0.0067,0.0095,-0.0335,0.2243,0.0915,-3.9148,-74.2392,0.6551,-0.04389,-3.08341,0.0129,-0.1164,-0.0828,-0.0480,0.00000,0.00000
866,34.6400,0.3372,0.0000,0.1165,0.4494,0.0255,0.0289,-0.1314,0.1022,0.0520,-3.9178,-74.2215,0.6552,-0.03767,-3.04888,0.0354,-0.1166,-0.0775,-0.0013,0.00000,0.00000
867,34.6800,0.3372,0.0000,0.1165,0.4558,-0.0511,-0.0314,0.2653,0.1719,0.1698,-3.9196,-74.2034,0.6545,-0.03070,-3.07067,0.0075,-0.0988,-0.1097,0.0195,0.00000,0.00000
868,34.7200,0.3372,0.0000,0.1165,0.4854,-0.0957,-0.1233,0.5042,0.0058,0.0940,-3.9187,-74.1841,0.6505,-0.03084,3.09194,0.1115,-0.1428,-0.0289,-0.0420,0.00000,0.00000
869,34.7600,0.3372,0.0000,0.1165,0.5125,-0.1468,-0.2585,0.7684,-0.0394,-0.1005,-3.9165,-74.1634,0.6427,-0.03084,2.91496,0.1958,-0.2531,-0.0564,-0.1092,0.00000,0.00000
870,34.8000,0.3372,0.0000,0.1165,0.5432,-0.2328,-0.4679,0.1502,-0.3251,-0.0254,-3.9120,-74.1414,0.6276,-0.03337,2.67484,0.5999,-0.6011,-0.1402,-0.1018,0.00000,0.00000
871,34.8400,0.3372,0.0000,0.1165,0.5666,-0.0664,-0.3282,0.2563,-0.6890,-0.2140,-3.9087,-74.1186,0.6108,-0.05567,2.52413,0.1285,-0.2236,-0.5462,0.3416,0.00000,0.00000
872,34.8800,0.3372,0.0000,0.1165,0.4897,0.2359,-0.3432,-0.8938,0.4979,-0.2747,-3.9170,-74.0975,0.5966,-0.05590,2.56530,0.1787,0.0087,-0.5141,0.4216,0.00000,0.00000
873,34.9200,0.3372,0.0000,0.1165,0.5279,0.1546,-0.2684,-0.7236,-0.2945,0.1140,-3.9294,-74.0774,0.5846,-0.05490,2.84706,-0.0322,-0.0124,-0.1853,0.1289,0.00000,0.00000
874,34.9600,0.3372,0.0000,0.1165,0.5270,0.0189,-0.1635,-0.0965,-0.2109,-0.0513,-3.9351,-74.0564,0.5755,-0.06676,2.97890,-0.0364,-0.0451,-0.1364,0.1080,0.00000,0.00000
875,35.0000,0.3372,0.0000,0.1165,0.5183,0.0012,-0.0308,-0.0089,-0.0069,-0.0319,-3.9375,-74.0355,0.5721,-0.07147,2.98078,-0.0469,-0.1017,-0.0970,-0.0387,0.00000,0.00000
876,35.0400,0.3372,0.0000,0.1165,0.5020,0.0339,0.0032,-0.1674,0.1486,0.1138,-3.9403,-74.0152,0.5719,-0.06862,3.01737,0.0041,-0.1308,-0.1012,-0.0221,0.00000,0.00000
877,35.0800,0.3372,0.0000,0.1165,0.4817,0.0431,-0.0300,-0.2157,0.3682,0.1258,-3.9441,-73.9957,0.5710,-0.05670,3.09685,0.0163,-0.0866,-0.1022,-0.0086,0.00000,0.00000
878,35.1200,0.3372,0.0000,0.1165,0.4987,0.0221,-0.0194,-0.1128,-0.0105,0.1116,-3.9479,-73.9762,0.5695,-0.05086,-3.11925,0.0204,-0.0851,-0.1047,0.0491,0.00000,0.00000
879,35.1600,0.3372,0.0000,0.1165,0.5036,0.0060,0.0233,-0.0310,-0.0683,0.0574,-3.9507,-73.9564,0.5692,-0.05309,-3.09951,0.0293,-0.1120,-0.1116,-0.0038,0.00000,0.00000
880,35.2000,0.3372,0.0000,0.1165,0.4948,-0.0011,0.0361,0.0053,0.0655,0.1085,-3.9530,-73.9367,0.5701,-0.05230,-3.09907,0.0313,-0.1118,-0.1265,-0.0071,0.00000,0.00000
881,35.2400,0.3372,0.0000,0.1165,0.4865,0.0025,-0.0015,-0.0113,0.1792,0.1120,-3.9555,-73.9172,0.5704,-0.04735,-3.09615,0.0331,-0.1143,-0.1030,-0.0173,0.00000,0.00000
882,35.2800,0.3372,0.0000,0.1165,0.4954,-0.0497,-0.0885,0.2600,0.1753,0.1905,-3.9571,-73.8974,0.5681,-0.04052,-3.12961,0.0444,-0.1318,-0.0986,0.0002,0.00000,0.00000
883,35.3200,0.3372,0.0000,0.1165,0.5233,-0.1124,-0.1627,0.5767,0.0405,0.0229,-3.9565,-73.8764,0.5626,-0.03873,3.03681,0.1758,-0.2195,-0.0806,-0.0233,0.00000,0.00000
884,35.3600,0.3372,0.0000,0.1165,0.5587,-0.1015,-0.3509,0.5830,-0.1469,-0.1439,-3.9557,-73.8536,0.5532,-0.04451,2.89543,0.4380,-0.5331,-0.0241,-0.2607,0.00000,0.00000
885,35.4000,0.3372,0.0000,0.1165,0.5824,0.0421,-0.3471,-0.1805,-0.7054,-0.1054,-3.9556,-73.8304,0.5357,-0.05859,2.79044,0.7487,-0.5757,-0.2129,0.0194,0.00000,0.00000
886,35.4400,0.3372,0.0000,0.1165,0.5332,0.1836,-0.4252,-0.7877,-0.2473,-0.2890,-3.9639,-73.8092,0.5221,-0.06090,2.90074,0.0915,0.0009,-0.7696,0.4870,0.00000,0.00000
887,35.4800,0.3372,0.0000,0.1165,0.5363,-0.0245,-0.3917,0.1206,-0.6534,-0.4259,-3.9711,-73.7882,0.5034,-0.07239,3.00031,0.2066,0.3399,-0.4485,0.5758,0.00000,0.00000
888,35.5200,0.3372,0.0000,0.1165,0.5010,0.0047,-0.1058,-0.0250,0.0346,-0.1531,-3.9722,-73.7661,0.4944,-0.09618,2.93037,0.0632,-0.2292,-0.1448,-0.2587,0.00000,0.00000
889,35.5600,0.3372,0.0000,0.1165,0.4608,0.0454,-0.0899,-0.2185,0.3089,0.1499,-3.9758,-73.7469,0.4918,-0.08790,2.99601,-0.1433,-0.1637,-0.0865,0.0279,0.00000,0.00000
890,35.6000,0.3372,0.0000,0.1165,0.4349,0.0438,-0.1218,-0.2158,0.5151,0.1500,-3.9795,-73.7286,0.4869,-0.07056,3.08779,-0.0069,-0.0847,-0.0440,0.0361,0.00000,0.00000
891,35.6400,0.3372,0.0000,0.1165,0.4524,0.0127,-0.0505,-0.0648,0.1260,0.0882,-3.9828,-73.7107,0.4832,-0.05832,-3.12992,-0.0364,-0.0824,-0.1113,0.0786,0.00000,0.00000
892,35.6800,0.3372,0.0000,0.1165,0.4622,-0.0009,0.0137,0.0035,0.0171,0.0512,-3.9849,-73.6923,0.4823,-0.05703,-3.12507,-0.0185,-0.1224,-0.0807,-0.0393,0.00000,0.00000
893,35.7200,0.3372,0.0000,0.1165,0.4484,0.0053,0.0190,-0.0265,0.2317,0.1047,-3.9869,-73.6742,0.4827,-0.05128,-3.12457,-0.0059,-0.1103,-0.0855,-0.0197,0.00000,0.00000
894,35.7600,0.3372,0.0000,0.1165,0.4462,0.0121,-0.0000,-0.0607,0.2238,0.1350,-3.9893,-73.6563,0.4823,-0.04202,-3.10769,0.0085,-0.0888,-0.0800,0.0097,0.00000,0.00000
895,35.8000,0.3372,0.0000,0.1165,0.4512,0.0108,0.0066,-0.0554,0.1654,0.1114,-3.9920,-73.6384,0.4816,-0.03452,-3.08872,0.0146,-0.0849,-0.0778,0.0102,0.00000,0.00000
896,35.8400,0.3372,0.0000,0.1165,0.4535,0.0063,0.0328,-0.0327,0.2348,0.0897,-3.9947,-73.6203,0.4816,-0.02641,-3.07668,0.0141,-0.1076,-0.0891,0.0021,0.00000,0.00000
897,35.8800,0.3372,0.0000,0.1165,0.4800,-0.0550,-0.0382,0.2851,-0.0469,0.1787,-3.9962,-73.6017,0.4808,-0.02340,-3.11017,0.0117,-0.0983,-0.0880,0.0030,0.00000,0.00000
898,35.9200,0.3372,0.0000,0.1165,0.5041,-0.0991,-0.1236,0.5185,-0.0707,0.0884,-3.9955,-73.5816,0.4766,-0.02892,3.05595,0.1578,-0.1695,-0.0421,-0.0295,0.00000,0.00000
899,35.9600,0.3372,0.0000,0.1165,0.5408,-0.1175,-0.2589,0.6024,-0.2742,-0.1096,-3.9945,-73.5600,0.4695,-0.03693,2.92204,0.3563,-0.4263,-0.0563,-0.1541,0.00000,0.00000
900,36.0000,0.3372,0.0000,0.1165,0.5753,-0.1177,-0.4242,0.3843,-0.8300,-0.0524,-3.9916,-73.5373,0.4534,-0.05244,2.73445,0.6595,-0.5825,-0.1225,-0.0534,0.00000,0.00000
901,36.0400,0.3372,0.0000,0.1165,0.5441,0.0387,-0.3935,-0.1685,-0.7455,-0.1761,-3.9929,-73.5151,0.4382,-0.07632,2.66675,0.0973,-0.1339,-0.6803,0.4386,0.00000,0.00000
902,36.0800,0.3372,0.0000,0.1165,0.4845,0.1225,-0.3985,-0.5420,-0.1567,-0.2653,-4.0021,-73.4947,0.4197,-0.08703,2.78557,0.2213,0.1870,-0.4684,0.5002,0.00000,0.00000
903,36.1200,0.3372,0.0000,0.1165,0.4726,0.0414,-0.2001,-0.2009,0.1801,-0.0260,-4.0084,-73.4746,0.4087,-0.09129,2.88201,-0.0917,-0.0874,-0.1999,-0.0061,0.00000,0.00000
904,36.1600,0.3372,0.0000,0.1165,0.4716,0.0208,-0.0985,-0.1030,-0.0289,0.0086,-4.0120,-73.4554,0.4034,-0.09228,2.92565,-0.0873,-0.1420,-0.0779,0.0645,0.00000,0.00000
905,36.2000,0.3372,0.0000,0.1165,0.4410,0.0392,-0.0569,-0.1940,0.3293,-0.0025,-4.0152,-73.4371,0.4007,-0.08496,2.97044,-0.0351,-0.1175,-0.0809,-0.0058,0.00000,0.00000
906,36.2400,0.3372,0.0000,0.1165,0.4360,0.0408,-0.0415,-0.2032,0.2446,0.0858,-4.0191,-73.4195,0.3987,-0.07306,3.05069,-0.0214,-0.1060,-0.1025,0.0350,0.00000,0.00000
907,36.2800,0.3372,0.0000,0.1165,0.4378,0.0203,-0.0344,-0.1030,0.1317,0.0679,-4.0224,-73.4021,0.3969,-0.06604,3.10590,-0.0026,-0.0753,-0.0754,0.0251,0.00000,0.00000
908,36.3200,0.3372,0.0000,0.1165,0.4290,0.0216,0.0013,-0.1097,0.2876,0.0833,-4.0252,-73.3847,0.3959,-0.05762,3.14068,-0.0112,-0.1180,-0.0905,-0.0195,0.00000,0.00000
909,36.3600,0.3372,0.0000,0.1165,0.4424,0.0066,0.0008,-0.0343,-0.0012,0.0579,-4.0280,-73.3674,0.3955,-0.05246,-3.11389,-0.0006,-0.0768,-0.0781,0.0268,0.00000,0.00000
910,36.4000,0.3372,0.0000,0.1165,0.4397,0.0037,0.0162,-0.0179,0.0573,0.1266,-4.0302,-73.3499,0.3953,-0.05146,-3.11155,0.0124,-0.1031,-0.1007,-0.0247,0.00000,0.00000
911,36.4400,0.3372,0.0000,0.1165,0.4307,0.0016,0.0372,-0.0074,0.2380,0.0930,-4.0325,-73.3326,0.3958,-0.04446,-3.10817,0.0088,-0.1059,-0.1229,0.0270,0.00000,0.00000
912,36.4800,0.3372,0.0000,0.1165,0.4328,0.0165,0.0075,-0.0839,0.2702,0.0959,-4.0353,-73.3153,0.3961,-0.03510,-3.08988,0.0306,-0.1238,-0.0550,-0.0474,0.00000,0.00000
913,36.5200,0.3372,0.0000,0.1165,0.4517,-0.0500,-0.0839,0.2625,0.1276,0.1981,-4.0370,-73.2976,0.3936,-0.02696,-3.11262,0.0265,-0.1064,-0.0944,0.0046,0.00000,0.00000
914,36.5600,0.3372,0.0000,0.1165,0.4833,-0.1261,-0.1639,0.6599,0.0050,0.0608,-4.0358,-73.2783,0.3877,-0.02723,3.04012,0.1176,-0.1437,-0.0333,-0.0282,0.00000,0.00000
915,36.6000,0.3372,0.0000,0.1165,0.5321,-0.1942,-0.2624,1.0038,-0.2916,-0.1897,-4.0325,-73.2569,0.3796,-0.03374,2.83194,0.3418,-0.3934,-0.1126,-0.0701,0.00000,0.00000
916,36.6400,0.3372,0.0000,0.1165,0.5697,-0.1496,-0.3296,0.2512,-0.8284,-0.1442,-4.0268,-73.2339,0.3646,-0.05005,2.61512,0.6803,-0.5718,-0.1675,-0.0183,0.00000,0.00000
917,36.6800,0.3372,0.0000,0.1165,0.5222,0.0760,-0.3358,-0.3213,-0.3166,-0.3857,-4.0288,-73.2124,0.3523,-0.06302,2.54254,0.0706,-0.1222,-0.6414,0.3828,0.00000,0.00000
918,36.7200,0.3372,0.0000,0.1165,0.4726,0.1770,-0.3533,-0.7834,0.2974,0.0252,-4.0398,-73.1926,0.3362,-0.06307,2.66891,0.1355,0.0382,-0.5042,0.4692,0.00000,0.00000
919,36.7600,0.3372,0.0000,0.1165,0.5087,0.0674,-0.2256,-0.3170,-0.4585,-0.0679,-4.0480,-73.1728,0.3248,-0.07341,2.83726,-0.0053,-0.0288,-0.1833,0.1346,0.00000,0.00000
920,36.8000,0.3372,0.0000,0.1165,0.4841,0.0114,-0.1391,-0.0583,-0.1027,-0.0241,-4.0515,-73.1528,0.3178,-0.08557,2.87448,-0.0647,-0.0791,-0.1127,-0.0251,0.00000,0.00000
921,36.8400,0.3372,0.0000,0.1165,0.4639,0.0524,-0.0540,-0.2570,0.0658,0.0143,-4.0550,-73.1338,0.3144,-0.08734,2.93277,-0.0312,-0.1447,-0.0896,0.0209,0.00000,0.00000
922,36.8800,0.3372,0.0000,0.1165,0.4358,0.0451,-0.0428,-0.2228,0.4271,0.1712,-4.0591,-73.1159,0.3127,-0.07445,3.03231,-0.0429,-0.1091,-0.1222,-0.0081,0.00000,0.00000
923,36.9200,0.3372,0.0000,0.1165,0.4440,0.0139,-0.0354,-0.0700,0.1790,0.0866,-4.0623,-73.0982,0.3107,-0.06344,3.09212,-0.0224,-0.0882,-0.1033,0.0700,0.00000,0.00000
924,36.9600,0.3372,0.0000,0.1165,0.4603,0.0214,0.0091,-0.1084,-0.1547,0.0607,-4.0651,-73.0803,0.3100,-0.06501,3.12492,0.0335,-0.1111,-0.0861,-0.0120,0.00000,0.00000
925,37.0000,0.3372,0.0000,0.1165,0.4412,0.0200,0.0159,-0.1013,0.1345,0.0853,-4.0680,-73.0626,0.3103,-0.06392,-3.12397,0.0172,-0.1107,-0.1157,-0.0261,0.00000,0.00000
926,37.0400,0.3372,0.0000,0.1165,0.4401,0.0099,-0.0024,-0.0490,0.0491,0.1730,-4.0708,-73.0452,0.3101,-0.06027,-3.09720,0.0078,-0.1062,-0.1134,0.0008,0.00000,0.00000
927,37.0800,0.3372,0.0000,0.1165,0.4272,0.0111,0.0182,-0.0559,0.2675,0.1124,-4.0733,-73.0279,0.3099,-0.05352,-3.08502,0.0210,-0.1241,-0.1104,0.0046,0.00000,0.00000
928,37.1200,0.3372,0.0000,0.1165,0.4403,-0.0056,-0.0205,0.0287,0.0947,0.0656,-4.0759,-73.0106,0.3095,-0.04672,-3.07138,0.0398,-0.1135,-0.0711,-0.0184,0.00000,0.00000
929,37.1600,0.3372,0.0000,0.1165,0.4568,-0.0868,-0.1213,0.4517,-0.0205,0.0807,-4.0762,-72.9924,0.3060,-0.04602,3.13802,0.0672,-0.1024,-0.0732,-0.0083,0.00000,0.00000
930,37.2000,0.3372,0.0000,0.1165,0.4834,-0.1197,-0.2076,0.6281,-0.0468,0.0338,-4.0745,-72.9728,0.2993,-0.05057,2.98837,0.1507,-0.2625,-0.0466,-0.1409,0.00000,0.00000
931,37.2400,0.3372,0.0000,0.1165,0.5049,-0.1307,-0.4519,0.7961,-0.2336,-0.1113,-4.0728,-72.9517,0.2868,-0.05919,2.82661,0.4160,-0.5481,0.0385,-0.2305,0.00000,0.00000
932,37.2800,0.3372,0.0000,0.1165,0.5335,0.0636,-0.2158,-0.3756,-0.3931,-0.5957,-4.0725,-72.9301,0.2703,-0.07452,2.71590,0.7430,-0.5126,-0.2898,0.1906,0.00000,0.00000
933,37.3200,0.3372,0.0000,0.1165,0.4906,0.2168,-0.3389,-1.0617,0.0509,-0.5029,-4.0821,-72.9105,0.2620,-0.06447,2.82449,0.0013,-0.0507,-0.6823,0.3981,0.00000,0.00000
934,37.3600,0.3372,0.0000,0.1165,0.4801,-0.0376,-0.3576,0.1646,0.0981,-0.1150,-4.0893,-72.8911,0.2451,-0.05273,2.95493,0.0726,0.2159,-0.5681,0.5689,0.00000,0.00000
935,37.4000,0.3372,0.0000,0.1165,0.5087,-0.0066,-0.1386,0.0281,-0.3276,-0.1432,-4.0896,-72.8698,0.2351,-0.07501,2.86016,0.0398,-0.2097,-0.0679,-0.2119,0.00000,0.00000
936,37.4400,0.3372,0.0000,0.1165,0.4696,0.0503,-0.0921,-0.2446,0.0309,-0.0254,-4.0928,-72.8505,0.2313,-0.07816,2.90643,-0.0866,-0.1059,-0.0750,0.0249,0.00000,0.00000
937,37.4800,0.3372,0.0000,0.1165,0.4566,0.0365,-0.0769,-0.1794,0.0547,0.1444,-4.0963,-72.8320,0.2277,-0.07518,3.01670,0.0012,-0.0911,-0.1201,0.0739,0.00000,0.00000
938,37.5200,0.3372,0.0000,0.1165,0.4490,0.0410,-0.0518,-0.2075,0.0864,-0.0022,-4.0996,-72.8138,0.2249,-0.07351,3.10676,0.0080,-0.0921,-0.0449,-0.0063,0.00000,0.00000
939,37.5600,0.3372,0.0000,0.1165,0.4459,-0.0035,-0.0193,0.0179,0.0709,0.1001,-4.1020,-72.7961,0.2234,-0.06880,-3.13139,-0.0418,-0.0861,-0.1306,0.0508,0.00000,0.00000
940,37.6000,0.3372,0.0000,0.1165,0.4448,-0.0016,0.0002,0.0089,0.0506,0.0878,-4.1033,-72.7782,0.2228,-0.06771,3.13683,-0.0037,-0.1052,-0.0796,-0.0316,0.00000,0.00000
941,37.6400,0.3372,0.0000,0.1165,0.4320,0.0261,0.0142,-0.1332,0.1974,0.0271,-4.1056,-72.7607,0.2228,-0.06241,-3.11663,0.0206,-0.1077,-0.0746,0.0033,0.00000,0.00000
942,37.6800,0.3372,0.0000,0.1165,0.4227,0.0242,-0.0026,-0.1250,0.3123,0.0490,-4.1084,-72.7436,0.2226,-0.05129,-3.06062,0.0050,-0.0953,-0.0744,-0.0180,0.00000,0.00000
943,37.7200,0.3372,0.0000,0.1165,0.4338,0.0003,0.0112,-0.0018,0.1202,0.0960,-4.1107,-72.7264,0.2220,-0.04315,-3.03758,0.0133,-0.0958,-0.0919,0.0402,0.00000,0.00000
944,37.7600,0.3372,0.0000,0.1165,0.4366,0.0064,0.0241,-0.0335,0.1346,0.0459,-4.1125,-72.7090,0.2220,-0.03899,-3.03860,0.0142,-0.1167,-0.0615,-0.0449,0.00000,0.00000
945,37.8000,0.3372,0.0000,0.1165,0.4401,-0.0072,0.0314,0.0374,0.1085,0.1652,-4.1144,-72.6915,0.2224,-0.03343,-3.04164,-0.0022,-0.1104,-0.1081,0.0259,0.00000,0.00000
946,37.8400,0.3372,0.0000,0.1165,0.4498,-0.0087,0.0185,0.0450,-0.0129,0.1445,-4.1159,-72.6738,0.2225,-0.03239,-3.06390,0.0126,-0.0965,-0.0808,-0.0090,0.00000,0.00000
947,37.8800,0.3372,0.0000,0.1165,0.4397,0.0090,0.0299,-0.0451,0.2552,0.1791,-4.1180,-72.6561,0.2225,-0.02688,-3.06955,0.0082,-0.1220,-0.0912,-0.0217,0.00000,0.00000
948,37.9200,0.3372,0.0000,0.1165,0.4554,0.0212,0.0317,-0.1095,0.0323,0.1117,-4.1211,-72.6383,0.2227,-0.02178,-3.04156,0.0453,-0.1059,-0.0744,0.0103,0.00000,0.00000
949,37.9600,0.3372,0.0000,0.1165,0.4799,-0.0128,0.0195,0.0648,-0.3245,0.1370,-4.1237,-72.6200,0.2226,-0.02836,-3.03790,0.0299,-0.0762,-0.0920,0.0285,0.00000,0.00000
950,38.0000,0.3372,0.0000,0.1165,0.4760,-0.0038,0.0416,0.0197,-0.1649,0.1059,-4.1256,-72.6013,0.2230,-0.03828,-3.06119,0.0641,-0.1083,-0.0976,-0.0243,0.00000,0.00000
951,38.0400,0.3372,0.0000,0.1165,0.4705,0.0034,0.0154,-0.0171,-0.0807,0.0999,-4.1283,-72.5827,0.2235,-0.04232,-3.06061,0.0238,-0.0892,-0.0941,-0.0154,0.00000,0.00000
952,38.0800,0.3372,0.0000,0.1165,0.4689,0.0101,0.0030,-0.0515,-0.0735,0.0998,-4.1313,-72.5643,0.2230,-0.04575,-3.05316,0.0436,-0.0973,-0.0756,0.0024,0.00000,0.00000
953,38.1200,0.3372,0.0000,0.1165,0.4538,0.0085,0.0223,-0.0437,0.2309,0.0928,-4.1344,-72.5461,0.2229,-0.04094,-3.04404,0.0243,-0.1141,-0.1087,-0.0169,0.00000,0.00000
954,38.1600,0.3372,0.0000,0.1165,0.4684,-0.0158,0.0097,0.0799,-0.0226,0.0654,-4.1372,-72.5278,0.2228,-0.03737,-3.04835,0.0018,-0.0864,-0.0872,0.0225,0.00000,0.00000
955,38.2000,0.3372,0.0000,0.1165,0.4665,-0.0105,0.0315,0.0544,0.0672,0.1369,-4.1393,-72.5092,0.2228,-0.03684,-3.07254,0.0355,-0.1123,-0.0897,-0.0119,0.00000,0.00000
956,38.2400,0.3372,0.0000,0.1165,0.4678,0.0080,0.0262,-0.0405,0.0500,0.1055,-4.1424,-72.4908,0.2232,-0.03452,-3.07335,0.0237,-0.1128,-0.0911,-0.0136,0.00000,0.00000
957,38.2800,0.3372,0.0000,0.1165,0.4651,0.0012,0.0081,-0.0064,0.1401,0.1036,-4.1457,-72.4724,0.2230,-0.03012,-3.06911,0.0186,-0.0849,-0.0773,0.0050,0.00000,0.00000
958,38.3200,0.3372,0.0000,0.1165,0.4693,0.0139,0.0217,-0.0718,0.1361,0.0847,-4.1492,-72.4539,0.2226,-0.02522,-3.06187,0.0357,-0.1148,-0.0711,-0.0179,0.00000,0.00000
959,38.3600,0.3372,0.0000,0.1165,0.4942,-0.0200,0.0256,0.1017,-0.2457,0.1176,-4.1525,-72.4351,0.2226,-0.02770,-3.06432,0.0082,-0.0833,-0.1135,0.0498,0.00000,0.00000
960,38.4000,0.3372,0.0000,0.1165,0.4934,-0.0088,0.0384,0.0448,-0.1324,0.0797,-4.1551,-72.4157,0.2230,-0.03593,-3.08837,0.0559,-0.1043,-0.0864,-0.0399,0.00000,0.00000
961,38.4400,0.3372,0.0000,0.1165,0.4745,0.0164,0.0356,-0.0842,0.2298,0.0484,-4.1589,-72.3968,0.2238,-0.03222,-3.08340,0.0473,-0.1036,-0.0988,-0.0084,0.00000,0.00000
962,38.4800,0.3372,0.0000,0.1165,0.4886,0.0010,0.0169,-0.0057,-0.0096,0.1919,-4.1630,-72.3779,0.2239,-0.02818,-3.07186,0.0189,-0.1120,-0.1149,0.0225,0.00000,0.00000
963,38.5200,0.3372,0.0000,0.1165,0.4914,0.0179,0.0218,-0.0927,0.0052,-0.0307,-4.1671,-72.3587,0.2235,-0.02947,-3.06535,0.0828,-0.1046,-0.0545,-0.0140,0.00000,0.00000
964,38.5600,0.3372,0.0000,0.1165,0.5026,-0.0175,0.0257,0.0881,-0.1547,0.1492,-4.1710,-72.3394,0.2238,-0.03130,-3.06357,0.0077,-0.0975,-0.1402,0.0266,0.00000,0.00000
965,38.6000,0.3372,0.0000,0.1165,0.4931,-0.0052,0.0134,0.0279,0.0809,0.1882,-4.1742,-72.3197,0.2237,-0.03339,-3.08336,0.0416,-0.1137,-0.0786,-0.0638,0.00000,0.00000
966,38.6400,0.3372,0.0000,0.1165,0.4981,0.0135,0.0305,-0.0686,-0.0217,0.1305,-4.1786,-72.3005,0.2237,-0.03189,-3.07636,0.0567,-0.1078,-0.1107,0.0384,0.00000,0.00000
967,38.6800,0.3372,0.0000,0.1165,0.5077,-0.0089,0.0320,0.0445,-0.1366,0.1361,-4.1830,-72.2810,0.2242,-0.03501,-3.07524,0.0477,-0.0989,-0.1137,0.0199,0.00000,0.00000
968,38.7200,0.3372,0.0000,0.1165,0.5056,-0.0112,0.0139,0.0573,-0.0880,0.1531,-4.1868,-72.2613,0.2244,-0.03968,-3.08888,0.0342,-0.1085,-0.1110,-0.0323,0.00000,0.00000
969,38.7600,0.3372,0.0000,0.1165,0.5105,0.0032,0.0116,-0.0149,-0.2304,0.1728,-4.1912,-72.2417,0.2242,-0.04665,-3.09183,0.0507,-0.1063,-0.1053,0.0120,0.00000,0.00000
970,38.8000,0.3372,0.0000,0.1165,0.4951,0.0040,0.0062,-0.0197,0.0261,0.1560,-4.1958,-72.2223,0.2240,-0.04919,-3.09062,0.0397,-0.0949,-0.1157,-0.0251,0.00000,0.00000
971,38.8400,0.3372,0.0000,0.1165,0.4932,0.0040,0.0063,-0.0200,0.0156,0.1146,-4.2007,-72.2032,0.2237,-0.04830,-3.08714,0.0310,-0.1047,-0.1121,-0.0055,0.00000,0.00000
972,38.8800,0.3372,0.0000,0.1165,0.4949,0.0121,0.0278,-0.0621,-0.0348,0.0774,-4.2059,-72.1842,0.2239,-0.04948,-3.08038,0.0593,-0.1279,-0.0893,0.0055,0.00000,0.00000
973,38.9200,0.3372,0.0000,0.1165,0.4871,0.0096,0.0118,-0.0499,0.0565,0.0510,-4.2112,-72.1653,0.2241,-0.04810,-3.07197,0.0544,-0.1016,-0.0905,-0.0318,0.00000,0.00000
974,38.9600,0.3372,0.0000,0.1165,0.4869,-0.0137,-0.0005,0.0700,0.0038,0.1393,-4.2159,-72.1465,0.2237,-0.04636,-3.07493,0.0309,-0.0895,-0.1194,0.0063,0.00000,0.00000
975,39.0000,0.3372,0.0000,0.1165,0.4824,0.0011,0.0177,-0.0050,0.0783,0.1414,-4.2204,-72.1276,0.2235,-0.04543,-3.08261,0.0426,-0.1275,-0.0966,-0.0394,0.00000,0.00000
976,39.0400,0.3372,0.0000,0.1165,0.4910,-0.0072,0.0195,0.0371,-0.1373,0.1700,-4.2254,-72.1090,0.2237,-0.04644,-3.08332,0.0205,-0.1117,-0.1299,0.0113,0.00000,0.00000
977,39.0800,0.3372,0.0000,0.1165,0.4822,-0.0030,0.0106,0.0158,0.0035,0.1332,-4.2302,-72.0902,0.2237,-0.04914,-3.09038,0.0447,-0.1051,-0.0917,-0.0397,0.00000,0.00000
978,39.1200,0.3372,0.0000,0.1165,0.4783,-0.0052,0.0117,0.0265,0.0190,0.0889,-4.2353,-72.0718,0.2236,-0.04799,-3.09282,0.0265,-0.0952,-0.1141,0.0225,0.00000,0.00000
979,39.1600,0.3372,0.0000,0.1165,0.4708,-0.0103,0.0262,0.0531,0.1622,0.1887,-4.2402,-72.0534,0.2238,-0.04377,-3.10018,0.0179,-0.1214,-0.1272,-0.0143,0.00000,0.00000
980,39.2000,0.3372,0.0000,0.1165,0.4757,-0.0056,0.0197,0.0284,0.0368,0.1028,-4.2452,-72.0351,0.2240,-0.04026,-3.10573,0.0366,-0.0982,-0.1055,0.0139,0.00000,0.00000
981,39.2400,0.3372,0.0000,0.1165,0.4744,0.0117,0.0277,-0.0599,0.0660,0.0640,-4.2508,-72.0170,0.2243,-0.03868,-3.10379,0.0462,-0.1260,-0.1019,-0.0154,0.00000,0.00000
982,39.2800,0.3372,0.0000,0.1165,0.4878,0.0041,0.0125,-0.0215,-0.2153,0.1103,-4.2568,-71.9988,0.2244,-0.04235,-3.09649,0.0394,-0.1036,-0.0980,0.0187,0.00000,0.00000
983,39.3200,0.3372,0.0000,0.1165,0.4742,-0.0009,0.0170,0.0053,0.0469,0.1359,-4.2624,-71.9805,0.2242,-0.04473,-3.09859,0.0506,-0.1102,-0.1131,-0.0154,0.00000,0.00000
984,39.3600,0.3372,0.0000,0.1165,0.4708,0.0032,0.0162,-0.0166,0.0948,0.0859,-4.2682,-71.9626,0.2242,-0.04155,-3.09746,0.0326,-0.1094,-0.1052,-0.0018,0.00000,0.00000
985,39.4000,0.3372,0.0000,0.1165,0.4806,-0.0043,-0.0065,0.0213,-0.1145,0.0969,-4.2739,-71.9445,0.2237,-0.04288,-3.09747,0.0248,-0.0866,-0.0712,0.0010,0.00000,0.00000
986,39.4400,0.3372,0.0000,0.1165,0.4695,-0.0082,0.0144,0.0430,0.1155,0.1440,-4.2794,-71.9263,0.2231,-0.04192,-3.10390,0.0213,-0.1056,-0.1068,0.0046,0.00000,0.00000
987,39.4800,0.3372,0.0000,0.1165,0.4699,-0.0117,0.0207,0.0604,0.1323,0.1532,-4.2849,-71.9083,0.2232,-0.03648,-3.11034,0.0019,-0.0992,-0.1088,0.0021,0.00000,0.00000
988,39.5200,0.3372,0.0000,0.1165,0.4732,0.0006,0.0126,-0.0031,0.0979,0.0970,-4.2907,-71.8902,0.2230,-0.03268,-3.11447,0.0251,-0.0927,-0.0693,-0.0085,0.00000,0.00000
989,39.5600,0.3372,0.0000,0.1165,0.4782,-0.0046,0.0231,0.0230,0.0510,0.0955,-4.2969,-71.8722,0.2229,-0.02926,-3.11527,0.0152,-0.0905,-0.1121,0.0271,0.00000,0.00000
990,39.6000,0.3372,0.0000,0.1165,0.4794,0.0091,0.0415,-0.0468,0.1240,0.1182,-4.3032,-71.8541,0.2233,-0.02632,-3.11476,0.0398,-0.1225,-0.0879,-0.0183,0.00000,0.00000
991,39.6400,0.3372,0.0000,0.1165,0.4902,0.0095,0.0157,-0.0493,-0.0409,0.0748,-4.3102,-71.8360,0.2234,-0.02508,-3.10784,0.0304,-0.0920,-0.0747,0.0071,0.00000,0.00000
992,39.6800,0.3372,0.0000,0.1165,0.4914,0.0033,0.0298,-0.0175,0.0329,0.0983,-4.3170,-71.8176,0.2232,-0.02500,-3.10526,0.0517,-0.1011,-0.0916,0.0201,0.00000,0.00000
993,39.7200,0.3372,0.0000,0.1165,0.4997,0.0078,0.0213,-0.0408,-0.0540,0.1241,-4.3240,-71.7991,0.2233,-0.02586,-3.10198,0.0372,-0.1049,-0.0806,-0.0347,0.00000,0.00000
994,39.7600,0.3372,0.0000,0.1165,0.5039,-0.0023,0.0196,0.0112,-0.0803,0.1352,-4.3310,-71.7804,0.2231,-0.02818,-3.10098,0.0433,-0.0900,-0.1033,0.0125,0.00000,0.00000
995,39.8000,0.3372,0.0000,0.1165,0.5071,0.0008,0.0144,-0.0045,-0.0830,0.1106,-4.3380,-71.7616,0.2229,-0.03181,-3.10234,0.0491,-0.0818,-0.0674,-0.0228,0.00000,0.00000
996,39.8400,0.3372,0.0000,0.1165,0.5089,0.0030,0.0220,-0.0158,-0.0988,0.0793,-4.3452,-71.7428,0.2228,-0.03510,-3.10122,0.0597,-0.0811,-0.0927,0.0076,0.00000,0.00000
997,39.8800,0.3372,0.0000,0.1165,0.5136,-0.0136,0.0251,0.0698,-0.1592,0.1436,-4.3523,-71.7238,0.2231,-0.04009,-3.10467,0.0314,-0.0925,-0.1157,0.0066,0.00000,0.00000
998,39.9200,0.3372,0.0000,0.1165,0.5172,-0.0178,0.0274,0.0925,-0.2405,0.1920,-4.3590,-71.7046,0.2236,-0.04858,-3.11458,0.0375,-0.1062,-0.1209,0.0132,0.00000,0.00000
999,39.9600,0.5665,0.0000,0.1889,0.0378,0.0172,0.0000,-0.0325,-0.0109,-0.0115,3.6061,-75.5499,1.1147,0.00000,-0.00000,0.0266,-0.0800,-0.1068,-0.0371,0.00000,0.00000
