step,time_s,cmd_vx,cmd_vy,cmd_wz,act_vx,act_vy,act_vz,act_wx,act_wy,act_wz,pos_x,pos_y,pos_z,pitch_rad,roll_rad,action_0,action_1,action_2,action_3,lqr_left,lqr_right
0,0.0000,0.5370,0.0000,0.0102,-0.0126,0.0073,-0.2723,0.3454,1.8277,-0.1328,-27.8088,-75.9210,0.9087,0.07665,3.12658,1.1377,0.5216,-1.1749,-0.1846,-0.00720,-0.00030
1,0.0400,0.5370,0.0000,0.0102,0.1768,-0.0092,-0.8026,0.7031,1.1345,-1.8233,-27.8107,-75.9177,0.8824,0.11471,3.08474,1.4797,2.3316,0.6440,1.3009,-0.02074,-0.01466
2,0.0800,0.5370,0.0000,0.0102,0.2922,-0.0173,-1.2092,0.7955,1.1687,-3.2343,-27.8126,-75.9144,0.8403,0.16237,3.06190,2.9174,2.3282,0.9378,2.6349,-0.02775,-0.02730
3,0.1200,0.5370,0.0000,0.0102,0.3715,0.0074,-1.5631,-0.5043,0.4581,-0.0301,-27.8159,-75.9115,0.7818,0.18183,3.09652,1.5583,1.3809,0.7291,1.6309,-0.03401,-0.03843
4,0.1600,0.5370,0.0000,0.0102,0.4540,0.0508,-1.9405,-0.9744,0.5260,2.3574,-27.8197,-75.9111,0.7100,0.20083,-3.13128,0.0955,0.0711,0.1275,0.0459,-0.04433,-0.03892
5,0.2000,0.5370,0.0000,0.0102,0.2074,0.0014,0.1350,-0.0332,-0.6874,0.0834,-27.8250,-75.9074,0.6841,0.19521,-3.13398,-0.2658,-0.6038,-0.3391,0.1892,-0.05341,-0.03225
6,0.2400,0.5370,0.0000,0.0102,0.2494,-0.0162,0.0863,-0.1011,-0.5591,0.1695,-27.8299,-75.8987,0.6885,0.17176,3.13961,-0.2957,-0.7135,-0.5044,-0.8729,-0.04192,-0.02230
7,0.2800,0.5370,0.0000,0.0102,0.2947,0.0184,0.0027,-0.0814,-0.7931,-0.1278,-27.8367,-75.8902,0.6864,0.13169,-3.14032,-0.6204,-0.9459,-0.3387,-0.1788,-0.03273,-0.01423
8,0.3200,0.5370,0.0000,0.0102,0.3087,0.0068,0.0986,-0.0337,-0.8823,-0.0719,-27.8438,-75.8812,0.6860,0.10167,-3.13303,-0.1076,-0.2648,-0.0303,0.1607,-0.02315,-0.00157
9,0.3600,0.5370,0.0000,0.0102,0.2984,-0.0007,0.1003,-0.0031,-0.2774,0.0667,-27.8505,-75.8714,0.6878,0.08364,-3.13485,0.0341,-0.1234,-0.1052,0.0096,-0.00936,0.00846
10,0.4000,0.5370,0.0000,0.0102,0.3200,0.0190,0.0445,-0.0915,-0.3661,-0.0373,-27.8580,-75.8615,0.6882,0.06968,-3.13090,-0.0106,-0.1326,-0.0659,0.0216,-0.00599,0.00682
11,0.4400,0.5370,0.0000,0.0102,0.3380,0.0073,0.0403,-0.0397,-0.4847,0.0277,-27.8660,-75.8513,0.6876,0.05286,-3.12615,0.0036,-0.1079,-0.0800,0.0548,-0.00453,0.01058
12,0.4800,0.5370,0.0000,0.0102,0.3274,-0.0041,0.0578,0.0194,-0.0610,-0.0153,-27.8735,-75.8404,0.6875,0.04382,-3.12716,-0.0168,-0.1303,-0.1070,0.0119,0.00144,0.01838
13,0.5200,0.5370,0.0000,0.0102,0.3429,-0.0015,0.0481,0.0051,-0.2346,0.0019,-27.8812,-75.8294,0.6877,0.03685,-3.12749,-0.0192,-0.1251,-0.0613,0.0401,-0.00052,0.01492
14,0.5600,0.5370,0.0000,0.0102,0.3400,-0.0038,0.0285,0.0155,-0.0729,0.0335,-27.8888,-75.8182,0.6873,0.03161,-3.12922,-0.0248,-0.1090,-0.0759,0.0086,0.00112,0.01672
15,0.6000,0.5370,0.0000,0.0102,0.3393,0.0093,0.0296,-0.0494,0.0165,0.0431,-27.8968,-75.8072,0.6865,0.03037,-3.12826,-0.0427,-0.1336,-0.0672,0.0003,0.00031,0.01471
16,0.6400,0.5370,0.0000,0.0102,0.3388,0.0125,0.0480,-0.0608,0.1113,-0.0269,-27.9051,-75.7964,0.6861,0.03353,-3.12418,-0.0224,-0.1236,-0.0607,0.0322,-0.00283,0.01346
17,0.6800,0.5370,0.0000,0.0102,0.3473,-0.0019,0.0572,0.0099,0.0553,-0.0447,-27.9133,-75.7852,0.6863,0.03687,-3.12236,-0.0202,-0.1200,-0.0643,0.0379,-0.00624,0.01126
18,0.7200,0.5370,0.0000,0.0102,0.3669,-0.0036,0.0515,0.0173,-0.2361,-0.0324,-27.9214,-75.7734,0.6865,0.03166,-3.12347,-0.0070,-0.1231,-0.0577,0.0141,-0.00699,0.00844
19,0.7600,0.5370,0.0000,0.0102,0.3613,-0.0091,0.0569,0.0381,-0.0513,0.0992,-27.9295,-75.7614,0.6869,0.02686,-3.12640,-0.0316,-0.1398,-0.1036,0.0142,-0.00295,0.01083
20,0.8000,0.5370,0.0000,0.0102,0.3649,0.0022,0.0442,-0.0158,-0.0720,0.0745,-27.9379,-75.7495,0.6870,0.02404,-3.12743,-0.0221,-0.1309,-0.0718,0.0174,-0.00392,0.00900
21,0.8400,0.5370,0.0000,0.0102,0.3628,-0.0041,0.0399,0.0116,0.0130,0.1325,-27.9463,-75.7377,0.6869,0.02374,-3.12779,-0.0437,-0.1292,-0.0996,0.0176,-0.00390,0.01074
22,0.8800,0.5370,0.0000,0.0102,0.3598,0.0147,0.0456,-0.0718,0.1366,-0.0296,-27.9551,-75.7260,0.6866,0.02630,-3.12622,-0.0146,-0.1360,-0.0482,0.0109,-0.00280,0.00870
23,0.9200,0.5370,0.0000,0.0102,0.3693,0.0052,0.0393,-0.0267,0.0036,-0.0176,-27.9641,-75.7145,0.6864,0.02931,-3.12204,-0.0350,-0.1167,-0.0644,0.0234,-0.00733,0.00608
24,0.9600,0.5370,0.0000,0.0102,0.3792,0.0029,0.0457,-0.0174,-0.1245,0.0218,-27.9730,-75.7024,0.6862,0.02588,-3.12125,-0.0024,-0.1268,-0.0574,0.0070,-0.00780,0.00454
25,1.0000,0.5370,0.0000,0.0102,0.3778,0.0060,0.0552,-0.0324,-0.0561,0.0268,-27.9820,-75.6903,0.6865,0.02274,-3.11990,-0.0106,-0.1341,-0.0800,-0.0009,-0.00396,0.00487
26,1.0400,0.5370,0.0000,0.0102,0.3791,-0.0008,0.0433,0.0038,-0.0422,-0.0271,-27.9910,-75.6781,0.6866,0.02109,-3.11905,-0.0147,-0.1143,-0.0699,0.0160,-0.00357,0.00602
27,1.0800,0.5370,0.0000,0.0102,0.3702,-0.0072,0.0484,0.0316,0.1727,0.0478,-27.9997,-75.6658,0.6866,0.02470,-3.12120,-0.0337,-0.1389,-0.1022,-0.0085,-0.00333,0.00763
28,1.1200,0.5370,0.0000,0.0102,0.3915,-0.0099,0.0497,0.0452,-0.2340,0.0315,-28.0085,-75.6533,0.6867,0.02185,-3.12326,-0.0158,-0.1223,-0.0817,0.0487,-0.00809,0.00342
29,1.1600,0.5370,0.0000,0.0102,0.3916,-0.0011,0.0502,0.0058,-0.2114,-0.0319,-28.0174,-75.6405,0.6870,0.01243,-3.12584,-0.0108,-0.1348,-0.0763,-0.0044,-0.00216,0.00445
30,1.2000,0.5370,0.0000,0.0102,0.3708,0.0179,0.0519,-0.0872,0.1863,-0.0486,-28.0267,-75.6284,0.6874,0.01368,-3.12326,0.0015,-0.1348,-0.0767,-0.0015,0.00023,0.00742
31,1.2400,0.5370,0.0000,0.0102,0.3713,0.0145,0.0258,-0.0734,0.1734,0.0035,-28.0362,-75.6168,0.6871,0.02115,-3.11710,-0.0242,-0.1280,-0.0651,0.0028,-0.00444,0.00486
32,1.2800,0.5370,0.0000,0.0102,0.3842,-0.0009,0.0241,-0.0003,-0.0605,0.0470,-28.0454,-75.6048,0.6862,0.02226,-3.11492,-0.0271,-0.1309,-0.0629,0.0112,-0.00884,0.00197
33,1.3200,0.5370,0.0000,0.0102,0.3898,-0.0032,0.0628,0.0107,-0.1518,0.0636,-28.0544,-75.5923,0.6862,0.01754,-3.11596,-0.0061,-0.1489,-0.0829,0.0127,-0.00674,0.00080
34,1.3600,0.5370,0.0000,0.0102,0.3883,0.0007,0.0507,-0.0030,-0.1075,-0.0357,-28.0636,-75.5798,0.6869,0.01261,-3.11653,-0.0085,-0.1277,-0.0653,-0.0155,-0.00380,0.00186
35,1.4000,0.5370,0.0000,0.0102,0.3785,0.0032,0.0456,-0.0184,0.0685,0.0180,-28.0728,-75.5675,0.6871,0.01258,-3.11613,-0.0123,-0.1456,-0.0857,0.0043,-0.00030,0.00295
36,1.4400,0.5370,0.0000,0.0102,0.3925,-0.0123,0.0262,0.0582,-0.2455,0.0122,-28.0818,-75.5551,0.6869,0.00847,-3.11706,-0.0174,-0.1033,-0.0758,0.0362,-0.00403,0.00314
37,1.4800,0.5370,0.0000,0.0102,0.3772,-0.0039,0.0399,0.0150,0.0255,0.0606,-28.0905,-75.5424,0.6867,0.00463,-3.12117,-0.0228,-0.1479,-0.0999,-0.0482,-0.00059,0.00564
38,1.5200,0.5370,0.0000,0.0102,0.3738,0.0134,0.0432,-0.0675,0.0230,0.0006,-28.0998,-75.5306,0.6868,0.00553,-3.11853,-0.0212,-0.1436,-0.0704,0.0110,-0.00058,0.00391
39,1.5600,0.5370,0.0000,0.0102,0.3760,-0.0007,0.0336,0.0012,-0.0724,0.0082,-28.1089,-75.5187,0.6867,0.00478,-3.11624,-0.0202,-0.1248,-0.0795,0.0117,-0.00125,0.00436
40,1.6000,0.5370,0.0000,0.0102,0.3587,-0.0080,0.0558,0.0371,0.2471,0.0381,-28.1175,-75.5067,0.6869,0.00941,-3.11880,-0.0201,-0.1512,-0.0990,0.0102,0.00027,0.00661
41,1.6400,0.5370,0.0000,0.0102,0.3752,-0.0001,0.0329,-0.0027,-0.1323,0.0293,-28.1263,-75.4949,0.6871,0.01011,-3.11915,-0.0190,-0.1274,-0.0601,-0.0049,-0.00292,0.00056
42,1.6800,0.5370,0.0000,0.0102,0.3617,-0.0019,0.0497,0.0067,0.1020,0.0325,-28.1351,-75.4831,0.6870,0.01072,-3.12033,-0.0145,-0.1492,-0.1184,0.0046,-0.00031,0.00412
43,1.7200,0.5370,0.0000,0.0102,0.3690,0.0160,0.0426,-0.0796,-0.0724,-0.0163,-28.1442,-75.4716,0.6873,0.00997,-3.11723,-0.0053,-0.1467,-0.0544,-0.0208,-0.00209,0.00046
44,1.7600,0.5370,0.0000,0.0102,0.3574,-0.0010,0.0322,0.0009,0.1212,0.0448,-28.1532,-75.4602,0.6871,0.01274,-3.11517,-0.0132,-0.1181,-0.0917,0.0077,-0.00284,0.00476
45,1.8000,0.5370,0.0000,0.0102,0.3616,0.0155,0.0372,-0.0749,0.0241,-0.0584,-28.1622,-75.4488,0.6867,0.01404,-3.11281,0.0057,-0.1465,-0.0399,-0.0131,-0.00428,0.00022
46,1.8400,0.5370,0.0000,0.0102,0.3695,-0.0229,0.0368,0.1081,-0.1587,0.0530,-28.1709,-75.4372,0.6866,0.01217,-3.11355,-0.0594,-0.1272,-0.1156,0.0305,-0.00784,0.00081
47,1.8800,0.5370,0.0000,0.0102,0.3636,-0.0126,0.0569,0.0585,-0.0461,0.0435,-28.1790,-75.4249,0.6869,0.00732,-3.12100,-0.0152,-0.1672,-0.0974,-0.0322,-0.00542,0.00083
48,1.9200,0.5370,0.0000,0.0102,0.3550,0.0130,0.0384,-0.0650,0.0680,-0.0044,-28.1878,-75.4135,0.6873,0.00842,-3.12010,-0.0248,-0.1379,-0.0702,-0.0246,-0.00382,0.00008
49,1.9600,0.5370,0.0000,0.0102,0.3445,0.0128,0.0394,-0.0649,0.2481,0.0019,-28.1968,-75.4027,0.6870,0.01590,-3.11574,-0.0025,-0.1331,-0.0800,0.0212,-0.00532,0.00219
50,2.0000,0.5370,0.0000,0.0102,0.3676,-0.0156,0.0239,0.0659,-0.2238,0.1535,-28.2055,-75.3914,0.6866,0.01496,-3.11542,-0.0449,-0.1242,-0.0831,0.0067,-0.01087,-0.00266
51,2.0400,0.5370,0.0000,0.0102,0.3507,0.0093,0.0521,-0.0442,0.1146,-0.0451,-28.2140,-75.3798,0.6863,0.01285,-3.11817,0.0140,-0.1487,-0.0597,-0.0294,-0.00592,-0.00119
52,2.0800,0.5370,0.0000,0.0102,0.3495,0.0021,0.0662,-0.0097,0.1143,-0.0350,-28.2229,-75.3689,0.6872,0.01879,-3.11487,-0.0290,-0.1413,-0.1033,0.0341,-0.01010,-0.00194
53,2.1200,0.5370,0.0000,0.0102,0.3585,-0.0115,0.0426,0.0537,-0.0334,0.0122,-28.2314,-75.3574,0.6875,0.01926,-3.11713,-0.0110,-0.1406,-0.0757,-0.0012,-0.01427,-0.00315
54,2.1600,0.5370,0.0000,0.0102,0.3581,-0.0013,0.0394,0.0024,-0.0326,0.0482,-28.2399,-75.3459,0.6874,0.01762,-3.11945,-0.0140,-0.1465,-0.0814,-0.0015,-0.01422,-0.00380
55,2.2000,0.5370,0.0000,0.0102,0.3620,-0.0029,0.0429,0.0108,-0.1186,0.0344,-28.2487,-75.3345,0.6873,0.01478,-3.11964,-0.0123,-0.1263,-0.0878,0.0315,-0.01555,-0.00277
56,2.2400,0.5370,0.0000,0.0102,0.3529,0.0064,0.0438,-0.0353,0.0692,0.0464,-28.2575,-75.3232,0.6874,0.01418,-3.11968,-0.0189,-0.1551,-0.0906,-0.0396,-0.01246,-0.00179
57,2.2800,0.5370,0.0000,0.0102,0.3451,0.0228,0.0434,-0.1097,0.2199,-0.0616,-28.2667,-75.3126,0.6873,0.02026,-3.11444,0.0060,-0.1411,-0.0489,0.0132,-0.01168,-0.00184
58,2.3200,0.5370,0.0000,0.0102,0.3585,-0.0037,0.0384,0.0132,-0.0393,0.0511,-28.2758,-75.3018,0.6871,0.02393,-3.11075,-0.0104,-0.1221,-0.0876,0.0217,-0.01630,-0.00197
59,2.3600,0.5370,0.0000,0.0102,0.3536,-0.0117,0.0472,0.0572,0.1252,-0.0178,-28.2842,-75.2901,0.6869,0.02540,-3.11477,-0.0171,-0.1502,-0.0822,-0.0138,-0.01406,-0.00044
60,2.4000,0.5370,0.0000,0.0102,0.3517,-0.0017,0.0611,0.0039,0.2002,0.0605,-28.2928,-75.2787,0.6873,0.03227,-3.11652,-0.0222,-0.1572,-0.0873,-0.0026,-0.01523,-0.00234
61,2.4400,0.5370,0.0000,0.0102,0.3718,0.0144,0.0464,-0.0717,-0.1469,-0.0131,-28.3021,-75.2675,0.6874,0.03131,-3.11362,0.0198,-0.1409,-0.0416,0.0165,-0.01719,-0.00813
62,2.4800,0.5370,0.0000,0.0102,0.3612,0.0018,0.0444,-0.0117,0.1444,0.0213,-28.3114,-75.2561,0.6872,0.03318,-3.11170,-0.0127,-0.1367,-0.0940,-0.0182,-0.01531,-0.00345
63,2.5200,0.5370,0.0000,0.0102,0.3780,-0.0169,0.0364,0.0773,-0.1048,0.0710,-28.3204,-75.2443,0.6868,0.03269,-3.11385,-0.0335,-0.1298,-0.0634,0.0387,-0.01578,-0.00486
64,2.5600,0.5370,0.0000,0.0102,0.3808,0.0089,0.0500,-0.0429,-0.0909,-0.0404,-28.3296,-75.2322,0.6866,0.02778,-3.11581,0.0196,-0.1386,-0.0313,-0.0136,-0.01195,-0.00653
65,2.6000,0.5370,0.0000,0.0102,0.3780,-0.0029,0.0493,0.0120,0.0157,0.0138,-28.3392,-75.2205,0.6868,0.02803,-3.11422,-0.0235,-0.1177,-0.0828,0.0254,-0.01221,-0.00396
66,2.6400,0.5370,0.0000,0.0102,0.3922,-0.0049,0.0387,0.0216,-0.2086,0.0167,-28.3486,-75.2083,0.6866,0.02257,-3.11575,0.0092,-0.1176,-0.0411,0.0181,-0.01374,-0.00557
67,2.6800,0.5370,0.0000,0.0102,0.3869,-0.0115,0.0398,0.0544,-0.0804,0.0170,-28.3579,-75.1959,0.6864,0.01788,-3.11886,-0.0287,-0.1206,-0.0906,0.0009,-0.00980,-0.00170
68,2.7200,0.5370,0.0000,0.0102,0.3808,0.0105,0.0454,-0.0552,0.0513,0.0336,-28.3675,-75.1838,0.6864,0.01702,-3.11914,-0.0173,-0.1510,-0.0620,-0.0314,-0.00772,-0.00245
69,2.7600,0.5370,0.0000,0.0102,0.3770,0.0080,0.0480,-0.0421,0.1300,0.0194,-28.3773,-75.1723,0.6865,0.02163,-3.11556,-0.0138,-0.1307,-0.0700,0.0345,-0.00879,-0.00127
70,2.8000,0.5370,0.0000,0.0102,0.3891,-0.0201,0.0358,0.0907,-0.0695,0.1166,-28.3868,-75.1602,0.6863,0.02256,-3.11767,-0.0351,-0.1154,-0.0793,0.0147,-0.01117,-0.00148
71,2.8400,0.5370,0.0000,0.0102,0.3785,0.0053,0.0445,-0.0299,0.1832,0.0513,-28.3961,-75.1478,0.6860,0.02455,-3.12122,-0.0129,-0.1461,-0.0523,-0.0425,-0.00681,-0.00160
72,2.8800,0.5370,0.0000,0.0102,0.3964,0.0032,0.0452,-0.0212,-0.1645,0.0636,-28.4062,-75.1361,0.6860,0.02443,-3.11799,-0.0297,-0.1205,-0.0654,0.0472,-0.01130,-0.00376
73,2.9200,0.5370,0.0000,0.0102,0.3937,0.0001,0.0483,0.0029,-0.0440,-0.0904,-28.4161,-75.1238,0.6859,0.02039,-3.11867,0.0110,-0.1098,-0.0480,-0.0012,-0.00778,-0.00060
74,2.9600,0.5370,0.0000,0.0102,0.3925,-0.0058,0.0499,0.0232,-0.0041,0.0628,-28.4260,-75.1116,0.6863,0.01990,-3.11941,-0.0357,-0.1334,-0.0815,-0.0032,-0.00817,-0.00025
75,3.0000,0.5370,0.0000,0.0102,0.3893,0.0063,0.0420,-0.0339,0.0741,0.0275,-28.4359,-75.0994,0.6862,0.02117,-3.11970,-0.0055,-0.1314,-0.0577,-0.0068,-0.00846,-0.00090
76,3.0400,0.5370,0.0000,0.0102,0.3969,0.0067,0.0382,-0.0316,-0.0638,-0.0607,-28.4462,-75.0874,0.6859,0.02118,-3.11694,-0.0059,-0.1046,-0.0461,0.0248,-0.00949,-0.00059
77,3.0800,0.5370,0.0000,0.0102,0.4004,-0.0208,0.0475,0.1004,-0.0951,0.0156,-28.4559,-75.0749,0.6859,0.01829,-3.11971,-0.0372,-0.1190,-0.0902,0.0273,-0.01034,0.00115
78,3.1200,0.5370,0.0000,0.0102,0.4057,-0.0038,0.0577,0.0142,-0.2038,0.0613,-28.4657,-75.0620,0.6864,0.01095,-3.12401,0.0036,-0.1368,-0.0582,-0.0012,-0.00832,-0.00027
79,3.1600,0.5370,0.0000,0.0102,0.3820,0.0129,0.0350,-0.0666,0.2390,0.0312,-28.4758,-75.0500,0.6866,0.01402,-3.12281,-0.0222,-0.1199,-0.0773,-0.0361,-0.00311,0.00355
80,3.2000,0.5370,0.0000,0.0102,0.3945,0.0092,0.0337,-0.0518,-0.0356,0.0813,-28.4863,-75.0384,0.6861,0.01714,-3.11817,-0.0162,-0.1260,-0.0666,0.0384,-0.00907,0.00094
81,3.2400,0.5370,0.0000,0.0102,0.3916,0.0076,0.0464,-0.0383,0.0425,-0.0164,-28.4966,-75.0265,0.6859,0.01730,-3.11627,0.0059,-0.1224,-0.0486,-0.0132,-0.00701,0.00193
82,3.2800,0.5370,0.0000,0.0102,0.3968,-0.0094,0.0493,0.0424,-0.0649,0.0467,-28.5066,-75.0143,0.6862,0.01699,-3.11628,-0.0217,-0.1189,-0.0737,0.0236,-0.01020,0.00210
83,3.3200,0.5370,0.0000,0.0102,0.3857,-0.0031,0.0560,0.0125,0.1765,0.0322,-28.5164,-75.0020,0.6865,0.01951,-3.11931,-0.0088,-0.1456,-0.0694,-0.0088,-0.00907,0.00192
84,3.3600,0.5370,0.0000,0.0102,0.3947,0.0078,0.0385,-0.0413,-0.0013,0.0178,-28.5267,-74.9901,0.6865,0.02237,-3.11758,-0.0214,-0.1315,-0.0507,0.0035,-0.01189,-0.00256
85,3.4000,0.5370,0.0000,0.0102,0.3958,-0.0038,0.0411,0.0166,0.0034,0.0077,-28.5369,-74.9781,0.6862,0.02291,-3.11729,-0.0145,-0.1219,-0.0830,0.0131,-0.01173,-0.00054
86,3.4400,0.5370,0.0000,0.0102,0.4056,0.0170,0.0562,-0.0844,-0.1736,-0.0257,-28.5475,-74.9659,0.6864,0.01784,-3.11501,0.0311,-0.1354,-0.0322,-0.0102,-0.01121,-0.00405
87,3.4800,0.5370,0.0000,0.0102,0.3998,-0.0042,0.0408,0.0205,-0.0565,-0.0264,-28.5580,-74.9539,0.6867,0.01497,-3.11307,-0.0228,-0.1180,-0.0961,0.0027,-0.01048,0.00005
88,3.5200,0.5370,0.0000,0.0102,0.3961,-0.0007,0.0454,0.0016,0.0194,-0.0027,-28.5681,-74.9415,0.6866,0.01362,-3.11451,0.0054,-0.1382,-0.0545,-0.0025,-0.00958,0.00074
89,3.5600,0.5370,0.0000,0.0102,0.3976,0.0039,0.0352,-0.0209,-0.0458,-0.0013,-28.5784,-74.9295,0.6865,0.01318,-3.11351,-0.0057,-0.1205,-0.0537,0.0013,-0.00865,0.00038
90,3.6000,0.5370,0.0000,0.0102,0.3979,-0.0130,0.0331,0.0621,-0.0406,0.0169,-28.5885,-74.9172,0.6863,0.01210,-3.11475,-0.0178,-0.1284,-0.0918,0.0046,-0.00712,0.00124
91,3.6400,0.5370,0.0000,0.0102,0.4081,-0.0543,-0.0033,0.2620,-0.0686,0.1331,-28.5977,-74.9040,0.6854,0.00994,-3.12524,-0.0342,-0.1312,-0.0881,-0.0138,-0.00517,0.00211
92,3.6800,0.5370,0.0000,0.0102,0.4181,-0.0740,-0.0431,0.3640,0.0893,0.2137,-28.6063,-74.8896,0.6828,0.00997,3.13771,-0.0040,-0.1556,-0.0603,-0.0339,0.00028,0.00160
93,3.7200,0.5370,0.0000,0.0102,0.4473,-0.1026,-0.1100,0.5197,-0.0256,0.0679,-28.6149,-74.8741,0.6780,0.00975,3.11163,0.0392,-0.1487,-0.0390,-0.0381,0.00316,-0.00557
94,3.7600,0.5370,0.0000,0.0102,0.4788,-0.1151,-0.1863,0.5738,0.0302,0.1232,-28.6240,-74.8573,0.6708,0.00735,3.08061,0.1254,-0.2843,0.0271,-0.2022,0.01355,-0.01421
95,3.8000,0.5370,0.0000,0.0102,0.5199,-0.1298,-0.2670,0.5901,-0.5676,0.1367,-28.6332,-74.8390,0.6590,-0.00182,3.04067,0.3648,-0.4592,0.0745,-0.2387,0.02145,-0.02353
96,3.8400,0.5370,0.0000,0.0102,0.5067,-0.1446,-0.0448,0.7300,-0.6027,0.1162,-28.6421,-74.8207,0.6516,-0.02161,2.99906,-0.0985,-0.1189,-0.0812,0.0475,0.03327,-0.02239
97,3.8800,0.5370,0.0000,0.0102,0.4847,-0.0413,0.1166,0.2112,-0.2123,-0.1340,-28.6517,-74.8029,0.6527,-0.03805,2.96882,0.1085,-0.2089,-0.0399,-0.2186,0.04368,-0.02403
98,3.9200,0.5370,0.0000,0.0102,0.4366,0.0361,0.0226,-0.1751,0.4809,-0.1441,-28.6636,-74.7889,0.6549,-0.02819,2.96726,0.0263,-0.1829,-0.0157,-0.1687,0.05098,-0.02220
99,3.9600,0.5370,0.0000,0.0102,0.4487,-0.0278,-0.0242,0.1327,-0.0645,0.0861,-28.6756,-74.7759,0.6533,-0.01951,2.96917,0.0186,-0.1288,-0.0864,0.0731,0.03593,-0.02582
100,4.0000,0.5370,0.0000,0.0102,0.4383,-0.0459,0.0192,0.2239,-0.0146,0.1099,-28.6859,-74.7613,0.6518,-0.02288,2.95577,0.0150,-0.1717,-0.0574,-0.1252,0.03613,-0.02596
101,4.0400,0.5370,0.0000,0.0102,0.4184,0.0188,0.0341,-0.0896,0.1603,-0.1148,-28.6968,-74.7479,0.6519,-0.02046,2.95091,0.0137,-0.1962,-0.0073,-0.1440,0.04092,-0.02930
102,4.0800,0.5370,0.0000,0.0102,0.4091,0.0177,0.0184,-0.0894,0.1137,-0.0253,-28.7083,-74.7361,0.6518,-0.01325,2.95603,0.0003,-0.1654,-0.0385,-0.0691,0.03576,-0.03080
103,4.1200,0.5370,0.0000,0.0102,0.4074,-0.0173,0.0266,0.0848,-0.0157,0.0190,-28.7190,-74.7237,0.6513,-0.01153,2.95437,0.0088,-0.1612,-0.0613,-0.0455,0.03241,-0.02897
104,4.1600,0.5370,0.0000,0.0102,0.3953,0.0091,0.0462,-0.0427,0.0807,-0.0880,-28.7292,-74.7112,0.6514,-0.01070,2.95073,0.0400,-0.1815,-0.0179,-0.1313,0.03439,-0.03014
105,4.2000,0.5370,0.0000,0.0102,0.3796,0.0198,0.0266,-0.0968,0.2304,-0.0877,-28.7399,-74.6998,0.6516,-0.00286,2.95364,0.0036,-0.1713,-0.0251,-0.1059,0.03124,-0.03021
106,4.2400,0.5370,0.0000,0.0102,0.3752,0.0024,0.0265,-0.0130,0.2039,-0.0228,-28.7501,-74.6886,0.6510,0.00617,2.95536,0.0059,-0.1701,-0.0324,-0.0671,0.02481,-0.03125
107,4.2800,0.5370,0.0000,0.0102,0.3793,-0.0013,0.0519,0.0061,0.0488,-0.0254,-28.7600,-74.6770,0.6509,0.01037,2.95403,0.0243,-0.1800,-0.0302,-0.0790,0.02184,-0.03280
108,4.3200,0.5370,0.0000,0.0102,0.3796,-0.0080,0.0620,0.0436,-0.0097,-0.0805,-28.7696,-74.6652,0.6516,0.01137,2.95084,0.0129,-0.1804,-0.0572,-0.0698,0.02136,-0.03308
109,4.3600,0.5370,0.0000,0.0102,0.3799,0.0199,0.0291,-0.0986,-0.0514,-0.0605,-28.7795,-74.6537,0.6519,0.00963,2.95032,0.0426,-0.1712,0.0115,-0.1376,0.02339,-0.03403
110,4.4000,0.5370,0.0000,0.0102,0.3705,0.0341,0.0061,-0.1680,0.2108,-0.2167,-28.7901,-74.6430,0.6508,0.01526,2.95638,0.0208,-0.1658,-0.0381,-0.0657,0.02220,-0.02998
111,4.4400,0.5370,0.0000,0.0102,0.3930,0.0131,0.0093,-0.0665,0.0487,-0.1252,-28.8007,-74.6319,0.6496,0.02157,2.96158,0.0042,-0.1571,-0.0908,-0.0110,0.01419,-0.02962
112,4.4800,0.5370,0.0000,0.0102,0.4307,-0.0044,-0.0071,0.0252,-0.2820,-0.0124,-28.8113,-74.6193,0.6480,0.01569,2.96025,-0.0154,-0.1533,-0.1583,0.0419,0.01197,-0.02854
113,4.5200,0.5370,0.0000,0.0102,0.4337,0.0529,-0.0322,-0.2597,0.0488,0.0499,-28.8230,-74.6066,0.6458,0.01174,2.96535,-0.0079,-0.1726,-0.2089,0.0366,0.01580,-0.02448
114,4.5600,0.5370,0.0000,0.0102,0.4585,0.0712,-0.1078,-0.3521,0.1885,0.0709,-28.8369,-74.5952,0.6415,0.01811,2.98490,-0.0047,-0.1179,-0.2491,0.1856,0.01188,-0.02094
115,4.6000,0.5370,0.0000,0.0102,0.4954,0.1331,-0.2762,-0.8193,0.0940,0.0663,-28.8530,-74.5837,0.6325,0.02242,3.01482,0.0259,-0.1025,-0.2438,0.2023,0.00597,-0.01827
116,4.6400,0.5370,0.0000,0.0102,0.5148,-0.0236,-0.2249,0.0967,-0.0663,0.0009,-28.8689,-74.5717,0.6196,0.02621,3.03729,0.0853,0.0185,-0.3789,0.4275,-0.00719,-0.00613
117,4.6800,0.5370,0.0000,0.0102,0.5790,-0.1047,-0.2183,0.5005,-0.4629,-0.2420,-28.8820,-74.5531,0.6098,0.00337,3.01644,0.1291,-0.2977,0.0373,-0.2811,-0.00286,-0.00822
118,4.7200,0.5370,0.0000,0.0102,0.5950,-0.0837,-0.3036,0.3369,-0.8194,0.1152,-28.8938,-74.5328,0.5965,-0.01900,2.98643,0.3736,-0.5035,0.0606,-0.2732,0.01188,-0.01167
119,4.7600,0.5370,0.0000,0.0102,0.5470,-0.0499,-0.1002,0.2534,-0.2988,-0.0082,-28.9067,-74.5147,0.5877,-0.03508,2.96768,-0.1349,-0.1654,-0.0502,0.0298,0.02486,-0.00403
120,4.8000,0.5370,0.0000,0.0102,0.5242,-0.0053,0.0354,0.0308,0.0163,-0.1373,-28.9195,-74.4975,0.5863,-0.03853,2.95687,0.0420,-0.1673,0.0064,-0.1548,0.03455,-0.00492
121,4.8400,0.5370,0.0000,0.0102,0.5142,0.0042,0.0109,-0.0163,-0.0914,-0.1699,-28.9326,-74.4816,0.5868,-0.03845,2.95457,0.0468,-0.1298,0.0000,-0.0781,0.03313,-0.00803
122,4.8800,0.5370,0.0000,0.0102,0.4943,-0.0130,0.0070,0.0670,0.0066,-0.0903,-28.9450,-74.4658,0.5863,-0.03877,2.94997,0.0470,-0.1480,-0.0536,-0.0327,0.03497,-0.00802
123,4.9200,0.5370,0.0000,0.0102,0.4801,0.0192,0.0046,-0.0919,-0.0037,-0.1766,-28.9574,-74.4506,0.5857,-0.03899,2.94778,0.0580,-0.1614,0.0179,-0.1182,0.03592,-0.01049
124,4.9600,0.5370,0.0000,0.0102,0.4601,-0.0194,0.0069,0.0937,0.0764,0.0457,-28.9691,-74.4361,0.5853,-0.03500,2.94643,-0.0106,-0.1359,-0.0684,-0.0226,0.03403,-0.00967
125,5.0000,0.5370,0.0000,0.0102,0.4595,-0.0144,0.0298,0.0747,-0.1734,-0.0906,-28.9798,-74.4211,0.5850,-0.03888,2.93890,0.0451,-0.1625,-0.0320,-0.0467,0.03478,-0.01316
126,5.0400,0.5370,0.0000,0.0102,0.4265,-0.0075,0.0365,0.0351,0.1963,0.0176,-28.9902,-74.4069,0.5857,-0.03632,2.93337,0.0032,-0.1608,-0.0518,-0.0854,0.03840,-0.01237
127,5.0800,0.5370,0.0000,0.0102,0.4096,0.0233,-0.0011,-0.1139,0.2607,-0.1063,-29.0010,-74.3939,0.5851,-0.02723,2.93425,0.0172,-0.1566,0.0134,-0.0801,0.03601,-0.01773
128,5.1200,0.5370,0.0000,0.0102,0.4066,0.0278,0.0027,-0.1370,0.0833,-0.1311,-29.0122,-74.3818,0.5841,-0.01995,2.94067,0.0165,-0.1483,0.0103,-0.0661,0.03198,-0.02138
129,5.1600,0.5370,0.0000,0.0102,0.4093,-0.0060,0.0335,0.0328,-0.1540,-0.0957,-29.0225,-74.3693,0.5838,-0.02110,2.94151,0.0159,-0.1464,-0.0340,-0.0382,0.02817,-0.02264
130,5.2000,0.5370,0.0000,0.0102,0.4004,-0.0140,0.0358,0.0703,-0.0536,-0.0929,-29.0317,-74.3560,0.5842,-0.02451,2.93429,0.0011,-0.1665,-0.0487,-0.0855,0.03266,-0.02055
131,5.2400,0.5370,0.0000,0.0102,0.3825,0.0528,-0.0224,-0.2669,0.2486,-0.2240,-29.0419,-74.3439,0.5834,-0.01959,2.93701,0.0117,-0.1675,-0.0144,-0.1089,0.03593,-0.02129
132,5.2800,0.5370,0.0000,0.0102,0.3940,0.0459,-0.0346,-0.2427,0.2378,-0.1060,-29.0533,-74.3331,0.5811,-0.00702,2.95247,-0.0360,-0.1590,-0.1269,0.0636,0.02832,-0.02210
133,5.3200,0.5370,0.0000,0.0102,0.4333,0.0281,-0.0324,-0.1519,-0.0188,-0.1546,-29.0646,-74.3207,0.5786,-0.00333,2.96135,-0.0234,-0.1541,-0.1769,0.0816,0.02094,-0.02212
134,5.3600,0.5370,0.0000,0.0102,0.4479,0.0571,-0.0694,-0.2857,0.1666,-0.0361,-29.0766,-74.3076,0.5755,0.00122,2.97166,-0.0603,-0.1427,-0.2476,0.1329,0.02000,-0.01807
135,5.4000,0.5370,0.0000,0.0102,0.4668,0.1639,-0.2312,-0.7929,-0.0822,0.0689,-29.0917,-74.2960,0.5686,0.00313,3.00743,-0.0451,-0.0707,-0.2969,0.2260,0.01079,-0.01588
136,5.4400,0.5370,0.0000,0.0102,0.4679,0.0305,-0.2202,-0.1616,-0.0783,0.2069,-29.1075,-74.2852,0.5568,0.00330,3.04606,-0.0603,0.0712,-0.3329,0.4140,0.00086,-0.00180
137,5.4800,0.5370,0.0000,0.0102,0.5174,-0.0445,-0.1335,0.2124,-0.3244,-0.0064,-29.1198,-74.2692,0.5489,-0.01344,3.04230,-0.0321,-0.1600,-0.0346,-0.1142,-0.00029,0.00095
138,5.5200,0.5370,0.0000,0.0102,0.5311,-0.0966,-0.1842,0.4634,-0.2504,-0.0690,-29.1308,-74.2511,0.5423,-0.02632,3.02180,0.0734,-0.2759,-0.0385,-0.0817,0.00867,0.00106
139,5.5600,0.5370,0.0000,0.0102,0.5486,-0.1457,-0.3509,0.2853,-0.6293,0.1913,-29.1406,-74.2313,0.5301,-0.04167,2.98508,0.3411,-0.4671,0.0685,-0.2061,0.02052,-0.00483
140,5.6000,0.5370,0.0000,0.0102,0.5218,-0.1530,-0.1510,0.7676,-0.5635,0.0863,-29.1491,-74.2113,0.5188,-0.06346,2.93816,-0.1955,-0.1169,-0.1014,0.1435,0.03246,0.00079
141,5.6400,0.5370,0.0000,0.0102,0.4798,0.0400,0.1059,-0.1995,0.1638,-0.0347,-29.1593,-74.1937,0.5188,-0.07216,2.92007,0.0482,-0.2809,-0.0195,-0.3028,0.04296,-0.00495
142,5.6800,0.5370,0.0000,0.0102,0.4394,0.0593,0.0003,-0.2898,0.5131,-0.1621,-29.1723,-74.1809,0.5212,-0.05148,2.93658,-0.0148,-0.1267,-0.0188,-0.0511,0.03980,-0.00562
143,5.7200,0.5370,0.0000,0.0102,0.4409,-0.0029,-0.0321,0.0159,0.2004,-0.0985,-29.1841,-74.1674,0.5192,-0.03786,2.94152,0.0344,-0.1400,-0.0313,0.0076,0.02661,-0.00969
144,5.7600,0.5370,0.0000,0.0102,0.4351,-0.0145,0.0300,0.0722,0.1062,-0.0290,-29.1943,-74.1530,0.5183,-0.03257,2.93567,0.0050,-0.1810,-0.0392,-0.1021,0.02397,-0.01498
145,5.8000,0.5370,0.0000,0.0102,0.4310,-0.0184,0.0457,0.0919,-0.0625,-0.0314,-29.2040,-74.1386,0.5190,-0.03179,2.92885,0.0029,-0.1655,-0.0592,-0.0507,0.02295,-0.01816
146,5.8400,0.5370,0.0000,0.0102,0.3996,0.0489,0.0285,-0.2419,0.3512,-0.1082,-29.2144,-74.1254,0.5195,-0.02598,2.93058,0.0517,-0.2135,0.0079,-0.1835,0.02845,-0.02037
147,5.8800,0.5370,0.0000,0.0102,0.3999,0.0104,0.0108,-0.0578,0.0835,0.0570,-29.2252,-74.1137,0.5192,-0.01544,2.94137,-0.0095,-0.1529,-0.0620,0.0122,0.01816,-0.02344
148,5.9200,0.5370,0.0000,0.0102,0.3951,-0.0149,0.0268,0.0755,0.0767,-0.0398,-29.2345,-74.1006,0.5184,-0.01339,2.93727,0.0251,-0.1693,-0.0216,-0.0905,0.01671,-0.02297
149,5.9600,0.5370,0.0000,0.0102,0.3839,-0.0011,0.0485,0.0054,0.1409,-0.0306,-29.2434,-74.0878,0.5188,-0.00876,2.93300,0.0017,-0.1867,-0.0374,-0.1013,0.01712,-0.02483
150,6.0000,0.5370,0.0000,0.0102,0.3841,0.0030,0.0401,-0.0124,-0.0149,-0.0821,-29.2526,-74.0754,0.5191,-0.00612,2.93183,0.0248,-0.1653,-0.0399,-0.0551,0.01556,-0.02721
151,6.0400,0.5370,0.0000,0.0102,0.3773,-0.0040,0.0240,0.0211,0.0614,-0.0460,-29.2615,-74.0631,0.5190,-0.00421,2.92901,-0.0083,-0.1732,-0.0544,-0.0852,0.01694,-0.02555
152,6.0800,0.5370,0.0000,0.0102,0.3818,0.0553,-0.0129,-0.2806,0.0086,-0.2558,-29.2714,-74.0514,0.5178,-0.00357,2.93419,0.0421,-0.1726,0.0216,-0.1069,0.01765,-0.02731
153,6.1200,0.5370,0.0000,0.0102,0.3888,0.0122,-0.0058,-0.0642,0.1856,-0.1358,-29.2817,-74.0400,0.5162,0.00483,2.94345,-0.0386,-0.1486,-0.1546,0.0890,0.01473,-0.02119
154,6.1600,0.5370,0.0000,0.0102,0.4112,0.0606,0.0004,-0.3256,0.1684,-0.2849,-29.2923,-74.0275,0.5147,0.01011,2.95132,0.0612,-0.1911,-0.1101,-0.0128,0.01257,-0.02389
155,6.2000,0.5370,0.0000,0.0102,0.4359,0.0556,-0.0419,-0.2819,0.2033,-0.0583,-29.3042,-74.0153,0.5125,0.02055,2.97037,-0.0387,-0.1578,-0.2809,0.1751,0.00613,-0.02107
156,6.2400,0.5370,0.0000,0.0102,0.4793,0.1095,-0.1561,-0.5386,-0.2687,0.0054,-29.3176,-74.0023,0.5071,0.01847,2.99358,0.0120,-0.0798,-0.2979,0.2376,-0.00045,-0.01957
157,6.2800,0.5370,0.0000,0.0102,0.4604,0.0989,-0.1843,-0.4610,-0.0411,0.1423,-29.3335,-73.9911,0.4971,0.01496,3.03762,0.0155,0.0682,-0.3465,0.4174,-0.00369,-0.00827
158,6.3200,0.5370,0.0000,0.0102,0.4945,0.0252,-0.1656,-0.1280,-0.2750,0.1457,-29.3472,-73.9771,0.4890,0.00206,3.05682,-0.0506,-0.0889,-0.0615,-0.1126,-0.00740,-0.00026
159,6.3600,0.5370,0.0000,0.0102,0.5110,-0.0316,-0.1550,0.1370,-0.1986,-0.0105,-29.3592,-73.9610,0.4814,-0.01027,3.05636,0.0252,-0.1805,-0.0557,0.0140,-0.00317,0.00557
160,6.4000,0.5370,0.0000,0.0102,0.5249,-0.0913,-0.2045,0.4598,-0.0267,-0.1043,-29.3699,-73.9428,0.4737,-0.01619,3.03756,0.1539,-0.3150,0.0149,-0.1147,0.00508,0.00479
161,6.4400,0.5370,0.0000,0.0102,0.5494,-0.0790,-0.2771,0.2447,-0.6670,-0.0127,-29.3791,-73.9227,0.4606,-0.03190,3.00081,0.4057,-0.4867,0.1604,-0.2394,0.01398,-0.00162
162,6.4800,0.5370,0.0000,0.0102,0.5080,-0.0872,-0.0371,0.4458,-0.1787,-0.0231,-29.3886,-73.9045,0.4543,-0.03840,2.97435,-0.1181,-0.1267,-0.1070,0.0633,0.02670,0.00516
163,6.5200,0.5370,0.0000,0.0102,0.4978,-0.0399,0.0565,0.1999,-0.0600,-0.0894,-29.3977,-73.8862,0.4544,-0.04425,2.94869,0.0779,-0.1927,0.0067,-0.2197,0.03790,-0.00169
164,6.5600,0.5370,0.0000,0.0102,0.4542,-0.0131,0.0197,0.0682,0.4963,-0.0842,-29.4075,-73.8699,0.4551,-0.03142,2.93824,0.0063,-0.1646,-0.0527,-0.0700,0.04385,-0.00501
165,6.6000,0.5370,0.0000,0.0102,0.4626,0.0033,-0.0027,-0.0119,0.0597,-0.1271,-29.4180,-73.8547,0.4540,-0.02107,2.93496,0.0711,-0.1396,-0.0196,-0.0518,0.03668,-0.01697
166,6.6400,0.5370,0.0000,0.0102,0.4545,-0.0165,0.0359,0.0835,0.0051,-0.0443,-29.4281,-73.8393,0.4536,-0.01920,2.93022,0.0480,-0.1525,-0.0716,-0.0383,0.03472,-0.01739
167,6.6800,0.5370,0.0000,0.0102,0.4498,-0.0064,0.0134,0.0338,-0.1034,-0.0854,-29.4378,-73.8240,0.4535,-0.02208,2.92319,0.0336,-0.1490,-0.0014,-0.1166,0.03550,-0.02131
168,6.7200,0.5370,0.0000,0.0102,0.4223,-0.0228,0.0169,0.1083,0.1914,0.1156,-29.4470,-73.8093,0.4528,-0.01834,2.91731,-0.0192,-0.1559,-0.0882,-0.0463,0.03722,-0.01886
169,6.7600,0.5370,0.0000,0.0102,0.4073,0.0109,0.0290,-0.0555,0.3118,-0.0008,-29.4562,-73.7953,0.4523,-0.00913,2.91458,0.0180,-0.1747,-0.0233,-0.1079,0.03435,-0.02202
170,6.8000,0.5370,0.0000,0.0102,0.4178,0.0071,0.0246,-0.0316,-0.0643,-0.1022,-29.4661,-73.7820,0.4520,-0.00469,2.91717,0.0009,-0.1416,-0.0135,-0.0245,0.02782,-0.02631
171,6.8400,0.5370,0.0000,0.0102,0.4201,-0.0211,0.0406,0.1051,-0.1627,-0.0090,-29.4749,-73.7679,0.4521,-0.00865,2.91165,0.0023,-0.1584,-0.0768,-0.0323,0.02577,-0.02514
172,6.8800,0.5370,0.0000,0.0102,0.3994,0.0384,0.0030,-0.1949,0.3116,-0.1934,-29.4843,-73.7542,0.4516,-0.00484,2.91005,0.0115,-0.1750,-0.0377,-0.1190,0.03046,-0.02210
173,6.9200,0.5370,0.0000,0.0102,0.4255,0.0518,-0.0310,-0.2650,-0.0075,-0.1250,-29.4954,-73.7420,0.4498,0.00269,2.92544,-0.0104,-0.1441,-0.1103,0.0934,0.02131,-0.02355
174,6.9600,0.5370,0.0000,0.0102,0.4632,0.0362,-0.0334,-0.1936,-0.2421,-0.1518,-29.5068,-73.7283,0.4474,-0.00234,2.93658,0.0121,-0.1402,-0.2357,0.1454,0.01820,-0.01966
175,7.0000,0.5370,0.0000,0.0102,0.4567,0.1336,-0.1069,-0.6417,0.1693,-0.1865,-29.5198,-73.7147,0.4438,-0.00069,2.96036,-0.0023,-0.1536,-0.2601,0.1158,0.02131,-0.01455
176,7.0400,0.5370,0.0000,0.0102,0.4402,0.1950,-0.2776,-0.7841,0.2826,0.3177,-29.5368,-73.7041,0.4343,0.00461,3.02035,-0.1164,-0.0265,-0.3680,0.3055,0.00660,-0.00785
177,7.0800,0.5370,0.0000,0.0102,0.4787,0.0962,-0.1957,-0.4731,-0.4552,0.2049,-29.5529,-73.6927,0.4231,-0.00392,3.07178,-0.1118,0.0023,-0.0883,0.1908,-0.00859,0.00101
178,7.1200,0.5370,0.0000,0.0102,0.5081,-0.0293,-0.0816,0.1425,-0.6816,-0.0661,-29.5652,-73.6775,0.4172,-0.02812,3.08295,-0.0497,-0.0765,-0.1049,0.0658,-0.00782,0.01211
179,7.1600,0.5370,0.0000,0.0102,0.5022,-0.0902,-0.0587,0.4465,-0.0526,-0.0775,-29.5740,-73.6591,0.4143,-0.04361,3.05804,0.0248,-0.2257,-0.0706,-0.1146,0.00589,0.01931
180,7.2000,0.5370,0.0000,0.0102,0.5004,-0.0827,-0.2076,0.4098,0.2350,-0.0517,-29.5829,-73.6403,0.4088,-0.04123,3.03073,0.1386,-0.3223,0.0323,-0.1337,0.01553,0.00955
181,7.2400,0.5370,0.0000,0.0102,0.5281,-0.0649,-0.3517,0.3117,-0.4963,0.0746,-29.5921,-73.6212,0.3947,-0.04523,2.99937,0.4027,-0.4501,0.1525,-0.2245,0.01971,-0.00339
182,7.2800,0.5370,0.0000,0.0102,0.5089,-0.0646,-0.0869,0.3392,-0.4591,-0.0959,-29.6017,-73.6033,0.3858,-0.05940,2.97660,-0.0773,-0.1380,-0.0436,0.0503,0.03174,-0.00274
183,7.3200,0.5370,0.0000,0.0102,0.4898,-0.0596,0.0799,0.3028,-0.1583,-0.1233,-29.6100,-73.5851,0.3863,-0.06950,2.94989,0.0443,-0.1779,-0.0324,-0.1910,0.04233,-0.00254
184,7.3600,0.5370,0.0000,0.0102,0.4434,-0.0211,0.0225,0.1061,0.3449,-0.0944,-29.6183,-73.5684,0.3881,-0.06339,2.93152,0.0311,-0.1658,-0.0133,-0.1453,0.04819,-0.00589
185,7.4000,0.5370,0.0000,0.0102,0.4154,0.0192,-0.0434,-0.0931,0.5153,-0.1344,-29.6279,-73.5538,0.3866,-0.04457,2.92932,0.0261,-0.1463,0.0247,-0.0874,0.04463,-0.01386
186,7.4400,0.5370,0.0000,0.0102,0.4233,-0.0128,0.0073,0.0669,0.0715,-0.0695,-29.6374,-73.5398,0.3849,-0.03289,2.92946,0.0087,-0.1416,-0.0440,0.0050,0.03374,-0.02238
187,7.4800,0.5370,0.0000,0.0102,0.3991,-0.0186,0.0616,0.0954,0.3931,-0.0724,-29.6454,-73.5251,0.3853,-0.02316,2.91909,0.0048,-0.1991,-0.0388,-0.1474,0.03461,-0.02358
188,7.5200,0.5370,0.0000,0.0102,0.3995,-0.0105,0.0276,0.0551,0.1526,-0.0816,-29.6534,-73.5112,0.3858,-0.01211,2.91181,0.0009,-0.1457,-0.0142,-0.0796,0.03045,-0.02993
189,7.5600,0.5370,0.0000,0.0102,0.3923,-0.0040,0.0241,0.0174,0.1236,0.0298,-29.6616,-73.4975,0.3853,-0.00706,2.90739,0.0099,-0.1656,-0.0378,-0.0847,0.02731,-0.03140
190,7.6000,0.5370,0.0000,0.0102,0.3922,0.0390,0.0226,-0.1957,-0.0246,-0.0669,-29.6707,-73.4846,0.3849,-0.00661,2.91293,0.0381,-0.1754,0.0307,-0.1386,0.02671,-0.03452
191,7.6400,0.5370,0.0000,0.0102,0.3956,0.0063,0.0248,-0.0306,-0.0892,-0.1329,-29.6798,-73.4719,0.3847,-0.00652,2.91894,0.0003,-0.1483,-0.0660,-0.0074,0.02517,-0.02984
192,7.6800,0.5370,0.0000,0.0102,0.3945,0.0045,0.0223,-0.0334,0.1730,-0.3094,-29.6880,-73.4583,0.3843,-0.00309,2.91426,0.0142,-0.1676,-0.1079,-0.0384,0.02609,-0.02570
193,7.7200,0.5370,0.0000,0.0102,0.4047,0.0163,0.0061,-0.0822,0.3031,-0.0701,-29.6967,-73.4448,0.3836,0.00823,2.91519,-0.0295,-0.1815,-0.2009,0.0653,0.02386,-0.02652
194,7.7600,0.5370,0.0000,0.0102,0.4329,0.0951,-0.0669,-0.4910,0.0523,-0.1405,-29.7076,-73.4315,0.3808,0.01274,2.93351,0.0444,-0.1506,-0.1411,0.0728,0.01820,-0.03121
195,7.8000,0.5370,0.0000,0.0102,0.4665,0.1256,-0.1904,-0.6205,-0.2925,0.0056,-29.7212,-73.4190,0.3746,0.01062,2.97292,-0.0507,-0.0629,-0.2935,0.2468,0.00904,-0.02391
196,7.8400,0.5370,0.0000,0.0102,0.4460,0.1108,-0.1903,-0.5195,-0.2499,0.1480,-29.7362,-73.4071,0.3639,-0.00026,3.02580,-0.0087,0.0841,-0.4123,0.4386,0.00406,-0.01014
197,7.8800,0.5370,0.0000,0.0102,0.4615,0.0726,-0.0507,-0.3439,-0.5294,-0.0102,-29.7494,-73.3937,0.3585,-0.02142,3.05810,-0.0852,-0.0731,-0.1122,-0.0160,0.00015,0.00113
198,7.9200,0.5370,0.0000,0.0102,0.4441,0.0344,-0.0340,-0.1685,-0.1733,0.0744,-29.7607,-73.3796,0.3566,-0.03510,3.07650,-0.0422,-0.1434,-0.0954,-0.0221,0.00576,0.01265
199,7.9600,0.5370,0.0000,0.0102,0.4370,-0.0247,-0.1227,0.1170,0.0213,0.0779,-29.7701,-73.3647,0.3525,-0.03755,3.07786,-0.0251,-0.1169,-0.0589,0.0115,0.00782,0.01725
200,8.0000,0.5370,0.0000,0.0102,0.4543,-0.0737,-0.1676,0.3583,0.0192,0.1215,-29.7781,-73.3484,0.3458,-0.03850,3.06118,0.0264,-0.1985,-0.0454,-0.0296,0.01137,0.01372
201,8.0400,0.5370,0.0000,0.0102,0.4729,-0.1440,-0.2821,0.7254,-0.1976,-0.0907,-29.7850,-73.3303,0.3368,-0.04375,3.02513,0.1818,-0.3294,0.0441,-0.1263,0.01742,0.00412
202,8.0800,0.5370,0.0000,0.0102,0.4710,-0.0554,-0.1681,0.2793,-0.3578,-0.1454,-29.7905,-73.3107,0.3240,-0.05929,2.97377,0.4192,-0.4583,0.1185,-0.1956,0.02973,-0.00417
203,8.1200,0.5370,0.0000,0.0102,0.4304,-0.0425,0.0205,0.2192,0.0844,-0.0936,-29.7986,-73.2953,0.3222,-0.05321,2.95936,-0.1422,-0.1272,-0.0726,-0.0474,0.03957,-0.00261
204,8.1600,0.5370,0.0000,0.0102,0.4149,-0.0340,0.0183,0.1722,0.1814,-0.1230,-29.8056,-73.2795,0.3221,-0.04939,2.93860,0.0791,-0.2012,0.0088,-0.1640,0.04084,-0.01014
205,8.2000,0.5370,0.0000,0.0102,0.3877,-0.0206,-0.0010,0.1062,0.3918,-0.0877,-29.8129,-73.2651,0.3214,-0.03528,2.92610,-0.0012,-0.1660,-0.0363,-0.0855,0.04084,-0.01569
206,8.2400,0.5370,0.0000,0.0102,0.3924,-0.0135,-0.0014,0.0679,0.0376,-0.0239,-29.8204,-73.2512,0.3201,-0.02797,2.91808,0.0238,-0.1625,-0.0141,-0.0844,0.03438,-0.02449
207,8.2800,0.5370,0.0000,0.0102,0.3853,-0.0072,0.0169,0.0394,-0.0436,-0.0922,-29.8279,-73.2376,0.3193,-0.02828,2.91171,0.0156,-0.1659,-0.0210,-0.0994,0.03470,-0.02613
208,8.3200,0.5370,0.0000,0.0102,0.3643,-0.0025,0.0367,0.0131,0.1505,-0.0475,-29.8351,-73.2244,0.3194,-0.02484,2.90691,0.0142,-0.1719,-0.0309,-0.0992,0.03421,-0.02543
209,8.3600,0.5370,0.0000,0.0102,0.3534,0.0029,0.0347,-0.0094,0.1545,-0.1372,-29.8423,-73.2120,0.3196,-0.01789,2.90395,0.0295,-0.1614,-0.0266,-0.0753,0.03114,-0.02650
210,8.4000,0.5370,0.0000,0.0102,0.3399,-0.0015,0.0539,0.0146,0.2617,-0.1682,-29.8491,-73.1997,0.3200,-0.00839,2.89984,0.0161,-0.1883,-0.0556,-0.0619,0.02837,-0.02682
211,8.4400,0.5370,0.0000,0.0102,0.3404,0.0042,0.0360,-0.0167,0.1578,-0.1213,-29.8558,-73.1877,0.3204,0.00034,2.89592,0.0189,-0.1824,-0.0216,-0.1015,0.02413,-0.03201
212,8.4800,0.5370,0.0000,0.0102,0.3511,0.0082,-0.0056,-0.0411,-0.0031,-0.1077,-29.8628,-73.1757,0.3194,0.00388,2.89473,0.0102,-0.1530,-0.0482,-0.0588,0.02119,-0.03216
213,8.5200,0.5370,0.0000,0.0102,0.3636,0.0323,-0.0070,-0.1658,-0.0128,-0.1173,-29.8705,-73.1637,0.3178,0.00364,2.89953,0.0074,-0.1804,-0.1047,-0.0268,0.02065,-0.03168
214,8.5600,0.5370,0.0000,0.0102,0.3753,0.0657,-0.0290,-0.3453,0.1412,-0.1648,-29.8796,-73.1518,0.3158,0.00714,2.91621,-0.0003,-0.1766,-0.1223,0.0020,0.01900,-0.03067
215,8.6000,0.5370,0.0000,0.0102,0.4092,0.0689,-0.0676,-0.3649,0.0370,-0.1167,-29.8899,-73.1396,0.3125,0.01168,2.94146,-0.0078,-0.1393,-0.1970,0.1399,0.01382,-0.02800
216,8.6400,0.5370,0.0000,0.0102,0.4364,0.1267,-0.1463,-0.6300,-0.0682,-0.1250,-29.9017,-73.1267,0.3071,0.01213,2.97585,0.0049,-0.0976,-0.2505,0.2057,0.00711,-0.02419
217,8.6800,0.5370,0.0000,0.0102,0.4146,0.1304,-0.1906,-0.6187,0.1849,0.2509,-29.9161,-73.1152,0.2972,0.01484,3.03630,-0.0643,0.0277,-0.3374,0.3716,0.00050,-0.01231
218,8.7200,0.5370,0.0000,0.0102,0.4398,0.0754,-0.0808,-0.3692,-0.1857,0.0919,-29.9286,-73.1023,0.2902,0.00986,3.07637,-0.0995,-0.0506,-0.0804,-0.0023,-0.01148,-0.00466
219,8.7600,0.5370,0.0000,0.0102,0.4391,0.0464,0.0643,-0.2225,-0.1984,-0.0689,-29.9393,-73.0883,0.2889,0.00166,3.09975,-0.0570,-0.1366,-0.1184,0.0693,-0.01304,0.00256
220,8.8000,0.5370,0.0000,0.0102,0.4436,-0.0050,0.0166,0.0181,-0.2027,0.0705,-29.9486,-73.0734,0.2898,-0.00653,3.10741,-0.0473,-0.1345,-0.0814,-0.0420,-0.01204,0.00770
221,8.8400,0.5370,0.0000,0.0102,0.4482,-0.0266,-0.0880,0.1277,-0.1261,0.0497,-29.9566,-73.0575,0.2867,-0.01429,3.10046,0.0402,-0.1413,-0.0337,0.0158,-0.00642,0.00818
222,8.8800,0.5370,0.0000,0.0102,0.4593,-0.0684,-0.1647,0.3438,0.0442,-0.0388,-29.9639,-73.0408,0.2803,-0.01645,3.08220,0.0629,-0.1589,-0.0165,-0.0361,-0.00162,0.00493
223,8.9200,0.5370,0.0000,0.0102,0.4810,-0.1702,-0.2557,0.8735,-0.0998,-0.1697,-29.9693,-73.0220,0.2712,-0.01799,3.03517,0.1218,-0.2607,-0.0268,-0.0912,0.00496,-0.00230
224,8.9600,0.5370,0.0000,0.0102,0.5027,-0.1090,-0.1793,0.3571,-0.6597,0.0275,-29.9725,-73.0011,0.2587,-0.03373,2.96106,0.4272,-0.4740,0.0654,-0.2712,0.01876,-0.01349
225,9.0000,0.5370,0.0000,0.0102,0.4542,-0.0472,0.0059,0.2468,-0.0297,-0.1426,-29.9793,-72.9837,0.2555,-0.03832,2.93383,-0.1300,-0.1486,-0.0325,-0.0310,0.03091,-0.00683
226,9.0400,0.5370,0.0000,0.0102,0.4366,-0.0168,0.0155,0.0882,0.1372,-0.1556,-29.9862,-72.9671,0.2551,-0.03528,2.91477,0.0642,-0.1693,0.0263,-0.1714,0.03624,-0.01067
227,9.0800,0.5370,0.0000,0.0102,0.4175,-0.0168,0.0063,0.0899,0.2477,-0.1462,-29.9936,-72.9517,0.2544,-0.02525,2.90443,0.0247,-0.1432,-0.0179,-0.0360,0.03598,-0.01333
228,9.1200,0.5370,0.0000,0.0102,0.4228,0.0012,0.0114,0.0010,-0.0708,-0.2037,-30.0010,-72.9365,0.2535,-0.02268,2.89616,0.0596,-0.1564,0.0146,-0.1120,0.03374,-0.02154
229,9.1600,0.5370,0.0000,0.0102,0.4033,-0.0264,0.0272,0.1353,0.1108,-0.0724,-30.0079,-72.9215,0.2532,-0.01974,2.88616,-0.0107,-0.1557,-0.0504,-0.0563,0.03381,-0.02049
230,9.2000,0.5370,0.0000,0.0102,0.3925,-0.0274,0.0366,0.1344,0.1372,0.0572,-30.0139,-72.9066,0.2531,-0.01506,2.87239,0.0056,-0.1672,-0.0383,-0.0764,0.03401,-0.02388
231,9.2400,0.5370,0.0000,0.0102,0.3885,0.0421,0.0023,-0.2097,0.0995,-0.2143,-30.0213,-72.8927,0.2526,-0.01100,2.87213,0.0456,-0.1647,0.0495,-0.1458,0.03331,-0.03010
232,9.2800,0.5370,0.0000,0.0102,0.4030,0.0038,0.0109,-0.0210,-0.0372,-0.1096,-30.0293,-72.8792,0.2518,-0.00654,2.87955,-0.0227,-0.1503,-0.1453,0.0872,0.02518,-0.02766
233,9.3200,0.5370,0.0000,0.0102,0.4128,0.0209,-0.0070,-0.1111,0.1400,-0.1012,-30.0367,-72.8644,0.2506,-0.00521,2.87787,0.0129,-0.1744,-0.1332,-0.0253,0.02669,-0.02565
234,9.3600,0.5370,0.0000,0.0102,0.4360,0.0400,-0.0594,-0.2120,0.0678,-0.1081,-30.0456,-72.8500,0.2480,0.00046,2.88880,-0.0462,-0.1300,-0.2364,0.1848,0.02288,-0.02565
235,9.4000,0.5370,0.0000,0.0102,0.4544,0.1239,-0.1532,-0.6057,0.0105,-0.1039,-30.0566,-72.8354,0.2428,0.00310,2.91798,-0.0341,-0.1095,-0.2800,0.2014,0.01977,-0.02210
236,9.4400,0.5370,0.0000,0.0102,0.4375,0.1415,-0.2292,-0.6741,0.0572,0.4699,-30.0713,-72.8228,0.2324,0.00354,2.98545,-0.1015,0.0457,-0.3947,0.3681,0.01064,-0.01261
237,9.4800,0.5370,0.0000,0.0102,0.4565,0.0917,-0.1038,-0.4362,-0.2765,0.0136,-30.0843,-72.8090,0.2243,-0.00700,3.03419,-0.1240,-0.0217,-0.0873,0.0869,0.00022,-0.00262
238,9.5200,0.5370,0.0000,0.0102,0.4478,0.0676,0.0671,-0.3202,-0.1600,-0.1137,-30.0955,-72.7945,0.2232,-0.01540,3.06669,-0.0786,-0.1418,-0.1236,0.0651,-0.00052,0.00719
239,9.5600,0.5370,0.0000,0.0102,0.4365,0.0219,0.0513,-0.1105,-0.0310,0.0684,-30.1049,-72.7796,0.2249,-0.01841,3.08275,-0.0554,-0.1153,-0.1017,0.0156,-0.00260,0.01308
240,9.6000,0.5370,0.0000,0.0102,0.4180,0.0632,-0.0006,-0.3047,0.1355,0.0336,-30.1141,-72.7650,0.2244,-0.01749,3.09933,0.0012,-0.1245,-0.0437,0.0038,-0.00295,0.01160
241,9.6400,0.5370,0.0000,0.0102,0.4103,0.0471,0.0075,-0.2332,0.1340,0.0671,-30.1240,-72.7514,0.2232,-0.01049,3.12516,-0.0511,-0.1100,-0.0987,0.0932,-0.00747,0.01231
242,9.6800,0.5370,0.0000,0.0102,0.4138,0.0269,0.0199,-0.1346,0.0016,0.0232,-30.1328,-72.7373,0.2223,-0.00886,3.13997,-0.0283,-0.1224,-0.0615,-0.0001,-0.00980,0.01183
243,9.7200,0.5370,0.0000,0.0102,0.4060,0.0203,0.0474,-0.0973,0.0703,-0.0931,-30.1411,-72.7231,0.2223,-0.00732,-3.13387,-0.0178,-0.1326,-0.0674,0.0418,-0.00979,0.01284
244,9.7600,0.5370,0.0000,0.0102,0.3889,0.0043,0.0415,-0.0230,0.3473,-0.0118,-30.1488,-72.7090,0.2227,0.00286,-3.12977,-0.0381,-0.1201,-0.0867,-0.0067,-0.01112,0.01528
245,9.8000,0.5370,0.0000,0.0102,0.4015,-0.0037,0.0295,0.0131,0.0394,0.0642,-30.1560,-72.6948,0.2224,0.00898,-3.12941,-0.0379,-0.1275,-0.0766,0.0463,-0.01514,0.00986
246,9.8400,0.5370,0.0000,0.0102,0.4043,0.0068,0.0421,-0.0367,-0.0469,0.0398,-30.1634,-72.6805,0.2222,0.00809,-3.12917,-0.0171,-0.1295,-0.0703,0.0074,-0.01355,0.00759
247,9.8800,0.5370,0.0000,0.0102,0.4000,0.0305,0.0487,-0.1491,-0.0004,-0.0495,-30.1715,-72.6665,0.2224,0.00694,-3.12061,0.0053,-0.1376,-0.0511,-0.0042,-0.01228,0.00559
248,9.9200,0.5370,0.0000,0.0102,0.3914,0.0044,0.0319,-0.0265,0.1493,0.0551,-30.1794,-72.6528,0.2224,0.01168,-3.11304,-0.0461,-0.1279,-0.0966,0.0036,-0.01377,0.00829
249,9.9600,0.4057,0.0000,0.1028,0.0331,-0.0354,0.0000,0.0038,-0.0134,-0.0077,-19.9636,-76.1919,0.9946,0.00000,3.14159,-0.0173,-0.1219,-0.0675,0.0544,0.00000,0.00000
250,10.0000,0.4057,0.0000,0.1028,-0.0018,-0.0489,-0.2718,0.3942,1.4152,-0.1299,-19.9654,-76.1915,0.9890,0.05979,3.10148,0.9420,0.3351,-1.0165,-0.0049,-0.00173,-0.00086
251,10.0400,0.4057,0.0000,0.1028,0.1402,-0.0571,-0.7843,0.4172,0.9603,-1.5480,-19.9687,-76.1935,0.9630,0.09500,3.05800,1.3672,1.6899,0.5296,1.1528,-0.01592,-0.01516
252,10.0800,0.4057,0.0000,0.1028,0.2239,-0.0586,-1.1697,0.4764,0.6522,-2.8009,-19.9716,-76.1957,0.9230,0.12458,3.07858,2.3872,1.6372,0.8599,2.1120,-0.02179,-0.02774
253,10.1200,0.4057,0.0000,0.1028,0.2872,-0.0515,-1.5747,-0.2466,0.1005,-0.0469,-19.9740,-76.1986,0.8649,0.12957,3.09924,1.3824,1.0599,0.6638,1.5181,-0.02383,-0.03881
254,10.1600,0.4057,0.0000,0.1028,0.3180,-0.0124,-2.0110,-0.7820,0.2457,2.1622,-19.9741,-76.2003,0.7908,0.13596,-3.13182,0.1127,0.2449,0.3943,0.0372,-0.03042,-0.03616
255,10.2000,0.4057,0.0000,0.1028,0.1652,-0.0411,-0.0467,0.1875,-0.6601,-0.0682,-19.9762,-76.2042,0.7578,0.12318,3.11943,-0.4158,-0.3903,-0.2708,0.2086,-0.04117,-0.02849
256,10.2400,0.4057,0.0000,0.1028,0.1649,0.0298,0.1892,-0.3373,-0.6915,0.1338,-19.9786,-76.2104,0.7632,0.09698,3.11454,-0.4312,-0.8675,-0.5220,-0.9471,-0.02754,-0.02123
257,10.2800,0.4057,0.0000,0.1028,0.1781,0.0502,0.1036,-0.2495,-0.5679,-0.0609,-19.9787,-76.2178,0.7664,0.06495,-3.13709,-0.4464,-0.7897,-0.3245,-0.0246,-0.02105,-0.00701
258,10.3200,0.4057,0.0000,0.1028,0.1859,0.0095,0.0637,-0.0565,-0.6294,0.1784,-19.9795,-76.2247,0.7680,0.04452,-3.11757,-0.0408,-0.1995,-0.0391,0.1039,-0.01554,0.00282
259,10.3600,0.4057,0.0000,0.1028,0.1545,-0.0124,0.0349,0.0516,0.1749,0.1852,-19.9820,-76.2308,0.7679,0.04078,-3.12481,-0.0188,-0.1310,-0.1469,0.0171,-0.00675,0.01427
260,10.4000,0.4057,0.0000,0.1028,0.1759,0.0197,0.0343,-0.1044,-0.0964,0.1323,-19.9837,-76.2373,0.7675,0.04010,-3.11900,-0.0462,-0.1635,-0.0668,-0.0010,-0.01008,0.00805
261,10.4400,0.4057,0.0000,0.1028,0.1753,0.0074,0.0480,-0.0428,0.0784,0.0961,-19.9851,-76.2442,0.7674,0.04116,-3.10953,-0.0338,-0.1452,-0.0926,0.0509,-0.00982,0.01048
262,10.4800,0.4057,0.0000,0.1028,0.1783,0.0159,0.0532,-0.0797,0.1990,0.0107,-19.9868,-76.2513,0.7675,0.04670,-3.10226,0.0036,-0.1452,-0.0502,0.0030,-0.01043,0.00683
263,10.5200,0.4057,0.0000,0.1028,0.2056,-0.0212,0.0295,0.0982,-0.1824,0.0883,-19.9890,-76.2587,0.7673,0.04671,-3.10193,-0.0424,-0.1007,-0.0834,0.0730,-0.01512,0.00390
264,10.5600,0.4057,0.0000,0.1028,0.2132,-0.0113,0.0621,0.0491,-0.1772,0.1048,-19.9923,-76.2664,0.7674,0.03828,-3.11578,-0.0027,-0.1569,-0.0938,0.0078,-0.01007,0.00382
265,10.6000,0.4057,0.0000,0.1028,0.1981,0.0300,0.0590,-0.1476,0.2454,-0.0048,-19.9943,-76.2745,0.7681,0.04109,-3.10841,-0.0139,-0.1642,-0.0767,-0.0402,-0.00564,0.00413
266,10.6400,0.4057,0.0000,0.1028,0.2165,0.0020,0.0175,-0.0227,0.0125,0.1781,-19.9957,-76.2828,0.7677,0.04643,-3.09355,-0.0437,-0.1191,-0.0730,0.0568,-0.01269,0.00084
267,10.6800,0.4057,0.0000,0.1028,0.2402,-0.0014,0.0338,0.0078,-0.3140,-0.0141,-19.9984,-76.2916,0.7666,0.03803,-3.09432,0.0194,-0.1160,-0.0369,0.0515,-0.01418,-0.00144
268,10.7200,0.4057,0.0000,0.1028,0.2452,-0.0050,0.0699,0.0286,-0.3091,-0.0792,-20.0011,-76.3007,0.7672,0.02627,-3.09677,-0.0135,-0.1335,-0.0953,0.0095,-0.00854,0.00189
269,10.7600,0.4057,0.0000,0.1028,0.2226,0.0077,0.0626,-0.0412,0.2207,0.0483,-20.0039,-76.3097,0.7683,0.02625,-3.09848,0.0002,-0.1559,-0.0893,-0.0350,-0.00084,0.00646
270,10.8000,0.4057,0.0000,0.1028,0.2394,-0.0008,0.0123,-0.0001,-0.0833,0.0530,-20.0061,-76.3187,0.7678,0.02846,-3.09233,-0.0237,-0.1069,-0.0663,0.0567,-0.00719,0.00270
271,10.8400,0.4057,0.0000,0.1028,0.2615,-0.0247,0.0270,0.1147,-0.4865,0.1252,-20.0093,-76.3280,0.7669,0.01545,-3.10107,-0.0305,-0.1196,-0.0941,0.0504,-0.00783,0.00220
272,10.8800,0.4057,0.0000,0.1028,0.2426,-0.0108,0.0637,0.0493,-0.1099,0.0683,-20.0129,-76.3373,0.7674,0.00481,-3.11607,-0.0191,-0.1402,-0.1076,-0.0120,0.00048,0.00792
273,10.9200,0.4057,0.0000,0.1028,0.2276,0.0207,0.0458,-0.1034,0.1353,0.0264,-20.0151,-76.3465,0.7682,0.00621,-3.11052,-0.0166,-0.1428,-0.0757,-0.0091,0.00261,0.00649
274,10.9600,0.4057,0.0000,0.1028,0.2284,0.0020,0.0215,-0.0170,0.0754,0.1182,-20.0169,-76.3554,0.7678,0.01116,-3.09968,-0.0276,-0.1162,-0.0872,0.0571,-0.00174,0.00653
275,11.0000,0.4057,0.0000,0.1028,0.2229,-0.0010,0.0352,-0.0015,0.1886,0.1164,-20.0194,-76.3642,0.7672,0.01648,-3.10024,-0.0150,-0.1337,-0.0781,0.0034,-0.00203,0.00576
276,11.0400,0.4057,0.0000,0.1028,0.2311,-0.0040,0.0393,0.0096,0.0159,0.1634,-20.0217,-76.3730,0.7671,0.02031,-3.09912,-0.0367,-0.1292,-0.0895,0.0094,-0.00768,0.00253
277,11.0800,0.4057,0.0000,0.1028,0.2292,0.0049,0.0480,-0.0333,0.0727,0.1562,-20.0240,-76.3820,0.7671,0.02170,-3.09793,-0.0141,-0.1476,-0.0787,-0.0002,-0.00485,0.00190
278,11.1200,0.4057,0.0000,0.1028,0.2251,0.0107,0.0417,-0.0549,0.1909,0.0302,-20.0258,-76.3910,0.7671,0.02768,-3.08974,-0.0189,-0.1283,-0.0662,0.0110,-0.00553,0.00101
279,11.1600,0.4057,0.0000,0.1028,0.2473,-0.0052,0.0383,0.0220,-0.2093,0.0515,-20.0279,-76.4003,0.7670,0.02603,-3.08500,-0.0204,-0.1241,-0.0791,0.0354,-0.00888,-0.00251
280,11.2000,0.4057,0.0000,0.1028,0.2437,-0.0099,0.0622,0.0459,-0.0879,0.0468,-20.0307,-76.4097,0.7674,0.02030,-3.09332,-0.0032,-0.1419,-0.0972,0.0148,-0.00691,0.00050
281,11.2400,0.4057,0.0000,0.1028,0.2347,0.0144,0.0501,-0.0743,0.1098,0.0502,-20.0328,-76.4191,0.7680,0.02124,-3.09081,-0.0038,-0.1466,-0.0729,-0.0307,-0.00329,0.00025
282,11.2800,0.4057,0.0000,0.1028,0.2433,0.0008,0.0272,-0.0102,-0.0538,0.0892,-20.0346,-76.4285,0.7677,0.02238,-3.08069,-0.0279,-0.1294,-0.0878,0.0517,-0.00794,-0.00112
283,11.3200,0.4057,0.0000,0.1028,0.2297,0.0009,0.0420,-0.0132,0.2738,0.1394,-20.0369,-76.4378,0.7674,0.02780,-3.08147,-0.0253,-0.1600,-0.1000,-0.0390,-0.00809,0.00195
284,11.3600,0.4057,0.0000,0.1028,0.2559,-0.0014,0.0396,0.0026,-0.2210,0.0650,-20.0388,-76.4473,0.7672,0.02706,-3.07595,-0.0132,-0.1209,-0.0608,0.0568,-0.01269,-0.00363
285,11.4000,0.4057,0.0000,0.1028,0.2556,-0.0207,0.0616,0.0946,-0.1599,0.1200,-20.0416,-76.4571,0.7677,0.01999,-3.08694,-0.0151,-0.1415,-0.1167,0.0265,-0.00865,0.00065
286,11.4400,0.4057,0.0000,0.1028,0.2443,0.0045,0.0392,-0.0272,0.0923,0.0860,-20.0442,-76.4668,0.7681,0.01907,-3.09461,-0.0277,-0.1503,-0.0890,-0.0632,-0.00477,0.00181
287,11.4800,0.4057,0.0000,0.1028,0.2484,0.0088,0.0279,-0.0485,0.0017,0.0729,-20.0458,-76.4765,0.7676,0.02092,-3.08355,-0.0314,-0.1359,-0.0834,0.0502,-0.00785,-0.00064
288,11.5200,0.4057,0.0000,0.1028,0.2463,0.0074,0.0425,-0.0423,0.0766,0.0856,-20.0475,-76.4863,0.7673,0.02298,-3.07560,-0.0044,-0.1364,-0.0838,-0.0126,-0.00888,0.00044
289,11.5600,0.4057,0.0000,0.1028,0.2592,-0.0067,0.0406,0.0247,-0.1708,0.1290,-20.0495,-76.4962,0.7673,0.02057,-3.07165,-0.0176,-0.1232,-0.0908,0.0190,-0.01169,-0.00023
290,11.6000,0.4057,0.0000,0.1028,0.2439,-0.0154,0.0579,0.0673,0.1633,0.1400,-20.0521,-76.5060,0.7676,0.02178,-3.08366,-0.0201,-0.1433,-0.1177,0.0104,-0.00760,0.00408
291,11.6400,0.4057,0.0000,0.1028,0.2455,0.0189,0.0490,-0.0966,0.1482,0.0543,-20.0538,-76.5158,0.7680,0.02717,-3.07857,0.0016,-0.1522,-0.0638,-0.0259,-0.00800,0.00052
292,11.6800,0.4057,0.0000,0.1028,0.2543,0.0044,0.0318,-0.0214,0.0099,-0.0107,-20.0551,-76.5257,0.7677,0.03056,-3.06291,-0.0193,-0.1220,-0.0816,0.0497,-0.01320,-0.00068
293,11.7200,0.4057,0.0000,0.1028,0.2568,-0.0158,0.0511,0.0708,0.0341,0.1040,-20.0574,-76.5358,0.7676,0.03168,-3.07040,-0.0197,-0.1450,-0.1147,0.0003,-0.01375,0.00105
294,11.7600,0.4057,0.0000,0.1028,0.2600,-0.0024,0.0527,0.0086,0.0344,0.0454,-20.0597,-76.5460,0.7679,0.03231,-3.07905,-0.0135,-0.1482,-0.0795,0.0001,-0.01266,0.00034
295,11.8000,0.4057,0.0000,0.1028,0.2623,0.0136,0.0389,-0.0767,0.0391,0.1403,-20.0613,-76.5564,0.7679,0.03391,-3.06950,-0.0202,-0.1555,-0.0922,-0.0360,-0.01049,-0.00181
296,11.8400,0.4057,0.0000,0.1028,0.2771,-0.0045,0.0260,0.0145,-0.1972,0.1084,-20.0629,-76.5670,0.7672,0.03025,-3.05928,-0.0281,-0.1206,-0.0853,0.0461,-0.01297,-0.00139
297,11.8800,0.4057,0.0000,0.1028,0.2838,0.0020,0.0469,-0.0141,-0.2843,0.0635,-20.0649,-76.5779,0.7670,0.01970,-3.06032,-0.0015,-0.1431,-0.0778,-0.0244,-0.00813,-0.00064
298,11.9200,0.4057,0.0000,0.1028,0.2712,-0.0056,0.0594,0.0185,-0.0366,0.1363,-20.0668,-76.5887,0.7677,0.01525,-3.05959,-0.0282,-0.1483,-0.1310,-0.0051,-0.00501,0.00374
299,11.9600,0.4057,0.0000,0.1028,0.2744,-0.0017,0.0431,0.0042,-0.1158,0.0599,-20.0688,-76.5994,0.7680,0.01153,-3.06098,-0.0042,-0.1377,-0.0846,0.0147,-0.00554,0.00350
300,12.0000,0.4057,0.0000,0.1028,0.2644,0.0112,0.0328,-0.0627,0.0426,0.1229,-20.0703,-76.6101,0.7680,0.01080,-3.05283,-0.0123,-0.1499,-0.0960,-0.0446,-0.00294,0.00350
301,12.0400,0.4057,0.0000,0.1028,0.2687,0.0025,0.0277,-0.0216,-0.1016,0.1381,-20.0715,-76.6206,0.7675,0.00949,-3.03632,-0.0235,-0.1372,-0.0940,0.0251,-0.00698,0.00284
302,12.0800,0.4057,0.0000,0.1028,0.2632,-0.0111,0.0382,0.0468,-0.0244,0.1328,-20.0733,-76.6310,0.7673,0.00753,-3.03911,-0.0258,-0.1387,-0.1028,-0.0091,-0.00523,0.00494
303,12.1200,0.4057,0.0000,0.1028,0.2516,0.0096,0.0421,-0.0494,0.1644,0.0258,-20.0749,-76.6413,0.7673,0.01059,-3.03794,-0.0260,-0.1623,-0.0889,-0.0540,-0.00088,0.00435
304,12.1600,0.4057,0.0000,0.1028,0.2433,-0.0069,0.0543,0.0295,0.3039,0.0614,-20.0761,-76.6512,0.7676,0.02153,-3.03142,-0.0370,-0.1485,-0.1153,0.0454,-0.00497,0.00498
305,12.2000,0.4057,0.0000,0.1028,0.2560,-0.0166,0.0496,0.0741,0.0822,0.1065,-20.0781,-76.6612,0.7679,0.02813,-3.04577,-0.0151,-0.1436,-0.0937,0.0057,-0.00898,0.00035
306,12.2400,0.4057,0.0000,0.1028,0.2738,-0.0025,0.0417,0.0108,-0.2529,0.0169,-20.0799,-76.6717,0.7679,0.02270,-3.05578,-0.0038,-0.1390,-0.0758,0.0115,-0.00993,-0.00344
307,12.2800,0.4057,0.0000,0.1028,0.2600,0.0172,0.0552,-0.0877,0.0333,0.0454,-20.0810,-76.6822,0.7683,0.01941,-3.04471,0.0042,-0.1598,-0.0975,-0.0246,-0.00466,-0.00017
308,12.3200,0.4057,0.0000,0.1028,0.2706,0.0049,0.0278,-0.0282,-0.1917,0.0558,-20.0817,-76.6928,0.7682,0.01621,-3.02124,-0.0185,-0.1297,-0.0962,0.0140,-0.00851,0.00006
309,12.3600,0.4057,0.0000,0.1028,0.2569,-0.0058,0.0414,0.0213,0.0839,0.1127,-20.0833,-76.7032,0.7679,0.01498,-3.02275,-0.0189,-0.1605,-0.1176,-0.0175,-0.00556,0.00206
310,12.4000,0.4057,0.0000,0.1028,0.2524,0.0167,0.0448,-0.0819,0.1660,-0.0140,-20.0842,-76.7135,0.7679,0.01977,-3.01039,-0.0047,-0.1572,-0.0635,-0.0183,-0.00563,0.00100
311,12.4400,0.4057,0.0000,0.1028,0.2673,0.0005,0.0322,-0.0092,-0.1559,0.0883,-20.0850,-76.7238,0.7678,0.01979,-2.98928,-0.0122,-0.1333,-0.0970,0.0033,-0.01046,-0.00115
312,12.4800,0.4057,0.0000,0.1028,0.2590,-0.0244,0.0442,0.1120,0.0265,0.1308,-20.0869,-76.7342,0.7676,0.01794,-3.00732,-0.0291,-0.1471,-0.1222,0.0076,-0.00719,0.00241
313,12.5200,0.4057,0.0000,0.1028,0.2579,0.0180,0.0554,-0.0833,0.0473,-0.0964,-20.0883,-76.7445,0.7680,0.01822,-3.01157,0.0166,-0.1626,-0.0564,-0.0333,-0.00507,-0.00144
314,12.5600,0.4057,0.0000,0.1028,0.2676,0.0006,0.0371,-0.0097,-0.1865,0.0857,-20.0888,-76.7549,0.7683,0.01610,-2.98840,-0.0161,-0.1292,-0.1030,0.0169,-0.00871,-0.00166
315,12.6000,0.4057,0.0000,0.1028,0.2575,-0.0168,0.0350,0.0762,0.0136,0.1060,-20.0906,-76.7653,0.7680,0.01321,-3.00249,-0.0102,-0.1419,-0.1117,-0.0002,-0.00751,0.00171
316,12.6400,0.4057,0.0000,0.1028,0.2516,0.0128,0.0528,-0.0645,0.0926,0.0165,-20.0917,-76.7755,0.7681,0.01524,-3.00048,0.0090,-0.1577,-0.0868,-0.0271,-0.00682,-0.00070
317,12.6800,0.4057,0.0000,0.1028,0.2458,0.0124,0.0453,-0.0618,0.1908,-0.0038,-20.0922,-76.7855,0.7684,0.02191,-2.97364,-0.0056,-0.1487,-0.0968,-0.0048,-0.00788,-0.00098
318,12.7200,0.4057,0.0000,0.1028,0.2626,-0.0098,0.0226,0.0423,-0.1474,0.0830,-20.0932,-76.7956,0.7680,0.02165,-2.96646,-0.0144,-0.1303,-0.0880,-0.0019,-0.01333,-0.00377
319,12.7600,0.4057,0.0000,0.1028,0.2616,-0.0177,0.0495,0.0834,-0.1396,0.0598,-20.0949,-76.8059,0.7677,0.01583,-2.98966,0.0080,-0.1336,-0.1043,0.0270,-0.01090,-0.00079
320,12.8000,0.4057,0.0000,0.1028,0.2532,0.0114,0.0425,-0.0621,0.0029,0.0889,-20.0961,-76.8161,0.7682,0.01313,-2.99018,-0.0172,-0.1644,-0.0915,-0.0904,-0.00808,-0.00072
321,12.8400,0.4057,0.0000,0.1028,0.2498,0.0199,0.0245,-0.0985,0.0125,-0.0107,-20.0963,-76.8262,0.7677,0.01385,-2.95117,0.0061,-0.1272,-0.0670,0.0190,-0.00712,-0.00028
322,12.8800,0.4057,0.0000,0.1028,0.2279,0.0040,0.0551,-0.0241,0.4473,0.0524,-20.0968,-76.8359,0.7675,0.02556,-2.92808,0.0071,-0.1452,-0.1084,-0.0104,-0.00988,0.00207
323,12.9200,0.4057,0.0000,0.1028,0.2412,-0.0196,0.0586,0.0974,0.2332,-0.0129,-20.0980,-76.8455,0.7680,0.03843,-2.93865,-0.0049,-0.1336,-0.0876,0.0527,-0.01749,-0.00395
324,12.9600,0.4057,0.0000,0.1028,0.2535,-0.0151,0.0637,0.0728,0.0686,0.0101,-20.0998,-76.8555,0.7685,0.04312,-2.97658,0.0255,-0.1451,-0.0864,-0.0061,-0.01880,-0.00961
325,13.0000,0.4057,0.0000,0.1028,0.2784,-0.0068,0.0489,0.0317,-0.3806,0.0180,-20.1011,-76.8660,0.7689,0.03499,-2.99080,0.0169,-0.1303,-0.0921,0.0281,-0.02067,-0.01131
326,13.0400,0.4057,0.0000,0.1028,0.2658,-0.0079,0.0370,0.0256,-0.0733,0.1975,-20.1025,-76.8767,0.7690,0.02732,-3.00287,-0.0135,-0.1442,-0.1273,-0.0371,-0.01389,-0.00273
327,13.0800,0.4057,0.0000,0.1028,0.2564,0.0169,0.0418,-0.0846,0.1304,0.0211,-20.1031,-76.8871,0.7686,0.02892,-2.98187,0.0181,-0.1399,-0.0851,0.0218,-0.01286,-0.00012
328,13.1200,0.4057,0.0000,0.1028,0.2564,0.0089,0.0456,-0.0447,0.1795,0.0044,-20.1033,-76.8976,0.7685,0.03608,-2.94668,0.0003,-0.1290,-0.0890,0.0129,-0.01495,0.00005
329,13.1600,0.4057,0.0000,0.1028,0.2825,-0.0099,0.0401,0.0442,-0.2947,0.0541,-20.1042,-76.9083,0.7684,0.03168,-2.94124,0.0110,-0.1303,-0.0866,0.0278,-0.01874,-0.00490
330,13.2000,0.4057,0.0000,0.1028,0.2738,-0.0010,0.0538,0.0060,-0.0761,-0.0243,-20.1055,-76.9193,0.7685,0.02444,-2.95908,0.0186,-0.1472,-0.0866,-0.0123,-0.01275,-0.00204
331,13.2400,0.4057,0.0000,0.1028,0.2834,0.0045,0.0486,-0.0236,-0.2915,0.0150,-20.1061,-76.9304,0.7690,0.01668,-2.94651,0.0104,-0.1402,-0.0923,0.0249,-0.01147,-0.00374
332,13.2800,0.4057,0.0000,0.1028,0.2698,0.0027,0.0204,-0.0183,-0.0356,0.0791,-20.1070,-76.9413,0.7687,0.01132,-2.93858,0.0004,-0.1319,-0.0932,-0.0434,-0.00540,0.00121
333,13.3200,0.4057,0.0000,0.1028,0.2721,-0.0052,0.0155,0.0211,-0.1448,0.0740,-20.1078,-76.9520,0.7677,0.00743,-2.92703,-0.0133,-0.1143,-0.0698,0.0507,-0.00774,0.00172
334,13.3600,0.4057,0.0000,0.1028,0.2538,-0.0104,0.0411,0.0446,0.1794,0.1217,-20.1090,-76.9625,0.7674,0.00982,-2.93899,-0.0209,-0.1344,-0.1022,-0.0164,-0.00593,0.00499
335,13.4000,0.4057,0.0000,0.1028,0.2579,-0.0157,0.0442,0.0682,0.0525,0.1536,-20.1101,-76.9727,0.7675,0.01416,-2.95077,-0.0376,-0.1350,-0.0964,0.0322,-0.00757,0.00246
336,13.4400,0.4057,0.0000,0.1028,0.2600,-0.0101,0.0466,0.0474,-0.0096,0.0355,-20.1113,-76.9831,0.7676,0.01456,-2.97994,-0.0060,-0.1253,-0.0829,0.0288,-0.00930,0.00083
337,13.4800,0.4057,0.0000,0.1028,0.2504,0.0136,0.0438,-0.0652,0.1715,-0.0358,-20.1119,-76.9934,0.7678,0.01814,-2.97444,-0.0085,-0.1383,-0.0717,-0.0220,-0.00737,-0.00086
338,13.5200,0.4057,0.0000,0.1028,0.2624,0.0034,0.0388,-0.0244,-0.0945,0.1135,-20.1120,-77.0036,0.7678,0.01938,-2.92894,-0.0073,-0.1255,-0.0918,0.0453,-0.01071,-0.00189
339,13.5600,0.4057,0.0000,0.1028,0.2475,-0.0002,0.0322,-0.0033,0.2440,0.0654,-20.1126,-77.0139,0.7674,0.02323,-2.92115,-0.0186,-0.1331,-0.0781,-0.0235,-0.00963,0.00140
340,13.6000,0.4057,0.0000,0.1028,0.2485,-0.0043,0.0454,0.0159,0.2539,0.0778,-20.1131,-77.0239,0.7671,0.03364,-2.90646,-0.0391,-0.1384,-0.0939,0.0359,-0.01482,-0.00180
341,13.6400,0.4057,0.0000,0.1028,0.2709,0.0024,0.0406,-0.0133,-0.1223,0.0107,-20.1136,-77.0344,0.7669,0.03422,-2.89878,0.0025,-0.1190,-0.0465,0.0050,-0.01649,-0.00751
342,13.6800,0.4057,0.0000,0.1028,0.2757,0.0081,0.0447,-0.0394,-0.1616,-0.0200,-20.1139,-77.0453,0.7669,0.02820,-2.87812,0.0075,-0.1192,-0.0566,0.0086,-0.01505,-0.00624
343,13.7200,0.4057,0.0000,0.1028,0.2662,-0.0002,0.0488,-0.0024,0.0804,0.0438,-20.1143,-77.0562,0.7670,0.02812,-2.85878,-0.0230,-0.1341,-0.0991,-0.0060,-0.01227,-0.00204
344,13.7600,0.4057,0.0000,0.1028,0.2758,-0.0139,0.0401,0.0564,-0.0678,0.1910,-20.1151,-77.0670,0.7670,0.02784,-2.85198,-0.0342,-0.1321,-0.0884,0.0217,-0.01193,-0.00255
345,13.8000,0.4057,0.0000,0.1028,0.2769,-0.0086,0.0467,0.0361,-0.0472,0.1062,-20.1160,-77.0780,0.7669,0.02524,-2.86259,-0.0204,-0.1352,-0.0820,0.0245,-0.00935,-0.00266
346,13.8400,0.4057,0.0000,0.1028,0.2649,0.0140,0.0544,-0.0751,0.2369,0.0902,-20.1162,-77.0889,0.7673,0.03021,-2.81143,-0.0178,-0.1480,-0.0851,-0.0343,-0.00779,-0.00195
347,13.8800,0.4057,0.0000,0.1028,0.2685,0.0154,0.0401,-0.0847,0.2375,0.1180,-20.1157,-77.0998,0.7672,0.03980,-2.65973,-0.0196,-0.1411,-0.0662,0.0169,-0.01083,-0.00388
348,13.9200,0.4057,0.0000,0.1028,0.3008,-0.0199,0.0317,0.0864,-0.3187,0.1722,-20.1160,-77.1112,0.7666,0.03674,-2.54485,-0.0242,-0.1056,-0.0849,0.0528,-0.01777,-0.00582
349,13.9600,0.4057,0.0000,0.1028,0.3110,-0.0198,0.0655,0.0939,-0.4410,0.0417,-20.1172,-77.1232,0.7668,0.02022,-2.59776,0.0071,-0.1263,-0.0851,0.0212,-0.01275,-0.00254
350,14.0000,0.4057,0.0000,0.1028,0.2962,-0.0008,0.0696,-0.0019,-0.1476,0.0960,-20.1178,-77.1352,0.7683,0.00990,-2.60741,-0.0127,-0.1451,-0.1157,-0.0237,-0.00566,0.00187
351,14.0400,0.4057,0.0000,0.1028,0.2869,0.0139,0.0311,-0.0768,-0.0037,0.1669,-20.1175,-77.1468,0.7686,0.00728,-2.27854,-0.0097,-0.1399,-0.0786,0.0195,-0.00284,0.00228
352,14.0800,0.4057,0.0000,0.1028,0.2918,-0.0013,0.0031,0.0001,-0.1658,0.1115,-20.1172,-77.1583,0.7675,0.00411,-1.79782,-0.0221,-0.0948,-0.0717,0.0478,-0.00454,0.00309
353,14.1200,0.4057,0.0000,0.1028,0.2818,0.0022,0.0284,-0.0164,-0.0196,0.1021,-20.1172,-77.1697,0.7667,0.00061,-1.31848,-0.0324,-0.1391,-0.0887,-0.0363,-0.00030,0.00559
354,14.1600,0.4057,0.0000,0.1028,0.2739,-0.0044,0.0530,0.0169,0.0660,0.0834,-20.1171,-77.1808,0.7669,0.00240,-1.01532,-0.0436,-0.1419,-0.1014,0.0373,-0.00061,0.00660
355,14.2000,0.4057,0.0000,0.1028,0.2690,0.0101,0.0349,-0.0513,0.1134,0.0149,-20.1169,-77.1917,0.7671,0.00567,-0.96280,-0.0018,-0.1221,-0.0418,-0.0293,-0.00112,0.00485
356,14.2400,0.4057,0.0000,0.1028,0.2659,0.0068,0.0330,-0.0364,0.1082,0.0399,-20.1164,-77.2024,0.7668,0.01076,-0.93602,-0.0110,-0.1166,-0.0747,0.0340,-0.00397,0.00289
357,14.2800,0.4057,0.0000,0.1028,0.2815,0.0044,0.0294,-0.0233,-0.0574,0.1094,-20.1159,-77.2134,0.7666,0.01143,-0.82240,-0.0084,-0.1387,-0.0829,-0.0068,-0.00359,0.00114
358,14.3200,0.4057,0.0000,0.1028,0.3099,-0.0056,-0.0431,0.0297,-0.1224,0.0395,-20.1158,-77.2251,0.7647,0.00763,-0.73102,-0.0056,-0.1134,-0.0657,0.0059,-0.00139,0.00264
359,14.3600,0.4057,0.0000,0.1028,0.3665,-0.0378,-0.1416,0.1977,-0.4612,0.0487,-20.1164,-77.2384,0.7598,-0.00557,-0.48588,-0.0110,-0.1242,-0.1309,0.0703,0.00074,0.00274
360,14.4000,0.4057,0.0000,0.1028,0.4126,-0.0547,-0.2316,0.2727,-0.2083,-0.0831,-20.1182,-77.2540,0.7515,-0.02044,-0.03004,0.0976,-0.1869,-0.2125,0.1543,0.00943,0.00674
361,14.4400,0.4057,0.0000,0.1028,0.4270,-0.0483,-0.4815,0.2331,-0.0043,-0.0769,-20.1199,-77.2713,0.7375,-0.02230,0.43738,0.2143,-0.3131,-0.3379,0.2106,0.01471,0.00532
362,14.4800,0.4057,0.0000,0.1028,0.4142,0.0416,-0.4882,-0.1901,-0.1653,0.2931,-20.1203,-77.2887,0.7125,-0.02525,0.50032,0.5381,-0.2985,-0.3090,0.4546,0.01683,0.00092
363,14.5200,0.4057,0.0000,0.1028,0.4223,0.0221,-0.1748,-0.0990,-0.5464,-0.0980,-20.1176,-77.3052,0.6996,-0.03619,0.06664,-0.1676,-0.0094,-0.1950,0.1264,0.01508,0.00433
364,14.5600,0.4057,0.0000,0.1028,0.4057,-0.0275,-0.0501,0.1307,-0.3151,-0.1097,-20.1179,-77.3219,0.6950,-0.05470,0.29241,-0.0544,-0.1055,-0.0947,-0.0808,0.02291,0.01524
365,14.6000,0.4057,0.0000,0.1028,0.3561,-0.0085,-0.0137,0.0388,0.2850,0.0338,-20.1187,-77.3371,0.6934,-0.05300,0.58577,-0.0599,-0.1107,-0.1065,-0.0077,0.03014,0.01797
366,14.6400,0.4057,0.0000,0.1028,0.3407,0.0304,-0.0267,-0.1500,0.1875,0.0903,-20.1178,-77.3512,0.6917,-0.04382,0.34565,-0.0235,-0.0956,-0.0699,0.0211,0.02448,0.01280
367,14.6800,0.4057,0.0000,0.1028,0.3201,0.0214,-0.0181,-0.1135,0.3087,0.1922,-20.1163,-77.3645,0.6897,-0.03258,0.00005,-0.0579,-0.1006,-0.1036,0.0040,0.01701,0.01309
368,14.7200,0.4057,0.0000,0.1028,0.3176,0.0319,0.0120,-0.1593,0.1228,0.0113,-20.1148,-77.3774,0.6883,-0.02547,-0.21248,-0.0176,-0.1170,-0.0542,-0.0112,0.00918,0.00735
369,14.7600,0.4057,0.0000,0.1028,0.3148,0.0111,0.0369,-0.0602,-0.0410,0.0698,-20.1134,-77.3900,0.6883,-0.02362,-0.35072,-0.0218,-0.1157,-0.0896,-0.0026,0.00289,0.00640
370,14.8000,0.4057,0.0000,0.1028,0.3030,0.0032,0.0471,-0.0191,-0.0078,0.0504,-20.1128,-77.4023,0.6888,-0.02481,-0.34525,-0.0041,-0.1384,-0.0923,-0.0127,0.00145,0.00641
371,14.8400,0.4057,0.0000,0.1028,0.2821,0.0082,0.0427,-0.0435,0.1931,0.0423,-20.1122,-77.4139,0.6894,-0.02002,-0.35548,-0.0097,-0.1336,-0.0897,-0.0149,0.00236,0.00664
372,14.8800,0.4057,0.0000,0.1028,0.2601,0.0238,0.0282,-0.1206,0.4557,0.0240,-20.1111,-77.4249,0.6893,-0.00599,-0.41939,-0.0057,-0.1387,-0.0740,-0.0469,-0.00019,0.00502
373,14.9200,0.4057,0.0000,0.1028,0.2675,-0.0012,0.0209,0.0008,0.1911,0.0606,-20.1100,-77.4356,0.6886,0.00657,-0.46436,-0.0378,-0.1227,-0.0799,0.0280,-0.00915,0.00077
374,14.9600,0.4057,0.0000,0.1028,0.2849,-0.0212,0.0536,0.1002,-0.2180,0.0643,-20.1101,-77.4467,0.6885,0.00417,-0.37923,-0.0005,-0.1319,-0.0922,0.0275,-0.01390,-0.00175
375,15.0000,0.4057,0.0000,0.1028,0.2741,-0.0021,0.0663,0.0080,-0.0818,0.0239,-20.1102,-77.4578,0.6897,-0.00181,-0.30688,0.0153,-0.1411,-0.0835,-0.0387,-0.00808,0.00062
376,15.0400,0.4057,0.0000,0.1028,0.2581,0.0141,0.0466,-0.0735,0.1145,0.0631,-20.1094,-77.4684,0.6905,0.00002,-0.32368,-0.0025,-0.1524,-0.1026,-0.0060,-0.00711,0.00085
377,15.0800,0.4057,0.0000,0.1028,0.2573,-0.0019,0.0093,0.0001,0.0342,0.1481,-20.1086,-77.4787,0.6899,0.00335,-0.32628,-0.0379,-0.1306,-0.0961,-0.0104,-0.01159,0.00062
378,15.1200,0.4057,0.0000,0.1028,0.2528,-0.0083,0.0282,0.0341,0.0519,0.1226,-20.1083,-77.4889,0.6890,0.00482,-0.27209,-0.0291,-0.1440,-0.0907,0.0101,-0.01271,0.00166
379,15.1600,0.4057,0.0000,0.1028,0.2422,-0.0038,0.0576,0.0122,0.2084,0.1100,-20.1079,-77.4989,0.6893,0.01109,-0.23286,-0.0352,-0.1584,-0.1138,-0.0256,-0.01281,0.00235
380,15.2000,0.4057,0.0000,0.1028,0.2591,-0.0075,0.0234,0.0236,-0.0513,0.1776,-20.1073,-77.5089,0.6894,0.01307,-0.21188,-0.0240,-0.1562,-0.0778,-0.0238,-0.01679,-0.00110
381,15.2400,0.4057,0.0000,0.1028,0.2886,-0.0421,-0.0373,0.2073,-0.3395,0.1503,-20.1075,-77.5197,0.6875,0.00465,-0.13214,0.0168,-0.1234,-0.0661,0.0265,-0.01585,-0.00066
382,15.2800,0.4057,0.0000,0.1028,0.3217,-0.0508,-0.0876,0.2595,-0.2241,0.0481,-20.1087,-77.5319,0.6837,-0.00737,0.00271,0.0330,-0.1755,-0.0785,-0.0342,-0.00481,0.00089
383,15.3200,0.4057,0.0000,0.1028,0.3616,-0.0727,-0.1946,0.3726,-0.0503,-0.0200,-20.1102,-77.5457,0.6770,-0.01314,0.15404,0.0415,-0.1936,-0.1015,-0.0128,0.00306,-0.00107
384,15.3600,0.4057,0.0000,0.1028,0.4130,-0.1302,-0.3437,0.7137,-0.1587,-0.2568,-20.1126,-77.5617,0.6660,-0.01673,0.38765,0.1819,-0.3152,-0.2092,0.1040,0.01110,-0.00715
385,15.4000,0.4057,0.0000,0.1028,0.4338,0.0030,-0.4154,-0.1999,-0.5798,-0.0835,-20.1159,-77.5792,0.6475,-0.02770,0.62889,0.5747,-0.4481,-0.2599,0.1207,0.02297,-0.01646
386,15.4400,0.4057,0.0000,0.1028,0.3586,0.1410,-0.3608,-0.6533,0.3765,0.0830,-20.1094,-77.5948,0.6301,-0.02694,0.45956,-0.1598,0.0096,-0.4671,0.3956,0.02882,-0.00152
387,15.4800,0.4057,0.0000,0.1028,0.3904,0.0370,-0.1945,-0.1892,-0.3322,0.1334,-20.1042,-77.6101,0.6181,-0.03112,0.17706,-0.1133,-0.0321,-0.1404,0.1194,0.01096,0.00548
388,15.5200,0.4057,0.0000,0.1028,0.3705,-0.0114,-0.0124,0.0565,-0.0614,-0.0301,-20.1031,-77.6253,0.6135,-0.03924,0.15888,-0.0820,-0.1102,-0.1143,-0.0134,0.01373,0.01286
389,15.5600,0.4057,0.0000,0.1028,0.3451,0.0322,0.0467,-0.1506,0.1482,-0.1033,-20.1018,-77.6396,0.6139,-0.03804,0.14340,-0.0464,-0.1617,-0.0803,-0.0949,0.01566,0.01067
390,15.6000,0.4057,0.0000,0.1028,0.3300,0.0195,0.0073,-0.0974,0.1213,0.0664,-20.0998,-77.6530,0.6139,-0.03126,0.05012,-0.0385,-0.1125,-0.1103,0.0655,0.01026,0.01156
391,15.6400,0.4057,0.0000,0.1028,0.3306,0.0222,-0.0081,-0.1102,-0.1621,0.0493,-20.0981,-77.6661,0.6125,-0.03395,-0.01645,0.0035,-0.1100,-0.0667,0.0126,0.00607,0.00848
392,15.6800,0.4057,0.0000,0.1028,0.3066,0.0055,0.0191,-0.0298,0.0585,0.0571,-20.0967,-77.6787,0.6118,-0.03398,-0.05706,-0.0326,-0.1027,-0.1221,0.0218,0.00668,0.01427
393,15.7200,0.4057,0.0000,0.1028,0.2891,0.0074,0.0352,-0.0407,0.1780,0.0814,-20.0957,-77.6906,0.6118,-0.02919,-0.07146,-0.0429,-0.1469,-0.1142,-0.0295,0.00430,0.01273
394,15.7600,0.4057,0.0000,0.1028,0.2778,0.0056,0.0378,-0.0352,0.1663,0.1479,-20.0945,-77.7019,0.6121,-0.02218,-0.09099,-0.0265,-0.1369,-0.1010,0.0251,-0.00016,0.01066
395,15.8000,0.4057,0.0000,0.1028,0.2632,0.0078,0.0177,-0.0440,0.2782,0.1042,-20.0934,-77.7128,0.6117,-0.01290,-0.10200,-0.0435,-0.1326,-0.0905,-0.0318,-0.00379,0.00829
396,15.8400,0.4057,0.0000,0.1028,0.2632,0.0199,0.0368,-0.1050,0.1144,0.1093,-20.0918,-77.7233,0.6113,-0.00596,-0.13714,-0.0135,-0.1508,-0.0863,0.0028,-0.00719,0.00273
397,15.8800,0.4057,0.0000,0.1028,0.2638,0.0005,0.0436,-0.0079,-0.0077,0.0813,-20.0904,-77.7338,0.6115,-0.00375,-0.15824,-0.0217,-0.1320,-0.0965,0.0170,-0.01029,0.00253
398,15.9200,0.4057,0.0000,0.1028,0.2512,0.0089,0.0571,-0.0451,0.1544,0.0114,-20.0894,-77.7441,0.6121,-0.00079,-0.15928,0.0079,-0.1590,-0.0894,-0.0252,-0.00875,0.00207
399,15.9600,0.4057,0.0000,0.1028,0.2440,0.0109,0.0472,-0.0569,0.1963,0.0420,-20.0880,-77.7540,0.6127,0.00694,-0.18360,0.0005,-0.1436,-0.0926,-0.0037,-0.01098,0.00043
400,16.0000,0.4057,0.0000,0.1028,0.2455,0.0026,0.0304,-0.0170,0.1108,0.0593,-20.0868,-77.7638,0.6125,0.01266,-0.19394,0.0000,-0.1388,-0.0840,-0.0004,-0.01442,-0.00174
401,16.0400,0.4057,0.0000,0.1028,0.2431,0.0008,0.0408,-0.0056,0.1306,0.0201,-20.0858,-77.7736,0.6122,0.01743,-0.19206,-0.0081,-0.1524,-0.0950,-0.0094,-0.01448,-0.00364
402,16.0800,0.4057,0.0000,0.1028,0.2445,-0.0058,0.0577,0.0278,0.0953,0.0076,-20.0849,-77.7834,0.6125,0.02197,-0.18725,0.0008,-0.1458,-0.0944,0.0224,-0.01692,-0.00475
403,16.1200,0.4057,0.0000,0.1028,0.2536,-0.0143,0.0547,0.0679,-0.0786,0.0270,-20.0843,-77.7934,0.6131,0.02181,-0.16541,0.0055,-0.1414,-0.1079,0.0135,-0.01846,-0.00554
404,16.1600,0.4057,0.0000,0.1028,0.2463,-0.0089,0.0357,0.0318,0.2413,0.1851,-20.0839,-77.8035,0.6133,0.02615,-0.13331,0.0055,-0.1695,-0.1099,-0.0413,-0.01521,-0.00489
405,16.2000,0.4057,0.0000,0.1028,0.2797,-0.0295,-0.0267,0.1354,-0.1220,0.1526,-20.0833,-77.8140,0.6115,0.02712,-0.10324,0.0228,-0.1246,-0.0594,0.0443,-0.01650,-0.00863
406,16.2400,0.4057,0.0000,0.1028,0.3108,-0.0667,-0.0783,0.3476,-0.2048,0.1770,-20.0841,-77.8258,0.6077,0.01961,-0.01071,0.0322,-0.1538,-0.0611,-0.0554,-0.00977,-0.00884
407,16.2800,0.4057,0.0000,0.1028,0.3563,-0.1088,-0.1644,0.5616,-0.2928,0.0237,-20.0863,-77.8393,0.6015,0.00735,0.13851,0.0431,-0.1835,-0.0317,-0.0327,-0.00083,-0.00998
408,16.3200,0.4057,0.0000,0.1028,0.3936,-0.1800,-0.3475,0.9022,-0.4387,-0.2370,-20.0901,-77.8548,0.5905,-0.00690,0.37028,0.1186,-0.2496,-0.0522,-0.0611,0.01269,-0.01497
409,16.3600,0.4057,0.0000,0.1028,0.4264,-0.1264,-0.4149,0.0469,-0.9010,-0.2753,-20.0956,-77.8716,0.5719,-0.02739,0.61361,0.4740,-0.4378,-0.1076,-0.0010,0.02557,-0.02241
410,16.4000,0.4057,0.0000,0.1028,0.3782,0.1396,-0.3777,-0.6233,-0.5963,-0.4927,-20.0931,-77.8874,0.5569,-0.05126,0.68787,-0.1174,-0.0601,-0.5987,0.4241,0.03690,-0.00668
411,16.4400,0.4057,0.0000,0.1028,0.3369,0.0637,-0.1760,-0.2842,-0.2382,-0.1437,-20.0857,-77.9009,0.5445,-0.05566,0.56984,-0.0208,0.1443,-0.4282,0.4847,0.03578,0.00852
412,16.4800,0.4057,0.0000,0.1028,0.3081,0.0225,-0.0592,-0.1076,0.2656,0.0696,-20.0833,-77.9146,0.5399,-0.06039,0.54523,-0.1101,-0.0917,-0.0939,-0.1748,0.03249,0.01823
413,16.5200,0.4057,0.0000,0.1028,0.2808,0.0499,-0.0355,-0.2357,0.2751,0.0764,-20.0806,-77.9263,0.5372,-0.04981,0.44387,-0.1040,-0.0957,-0.1079,0.0773,0.02665,0.01470
414,16.5600,0.4057,0.0000,0.1028,0.2726,0.0701,-0.0275,-0.3379,0.0560,0.0828,-20.0769,-77.9373,0.5350,-0.04476,0.29778,-0.0379,-0.0848,-0.0480,0.0079,0.01706,0.01073
415,16.6000,0.4057,0.0000,0.1028,0.2415,0.0433,0.0150,-0.2145,0.3949,0.0797,-20.0736,-77.9474,0.5336,-0.03362,0.15502,-0.0602,-0.1063,-0.1137,0.0597,0.01313,0.01516
416,16.6400,0.4057,0.0000,0.1028,0.2338,0.0281,0.0347,-0.1400,0.3577,0.0418,-20.0713,-77.9570,0.5334,-0.01928,0.07092,-0.0381,-0.1143,-0.0587,0.0152,0.00422,0.00976
417,16.6800,0.4057,0.0000,0.1028,0.2267,0.0092,0.0418,-0.0450,0.3353,-0.0083,-20.0698,-77.9663,0.5334,-0.00509,0.03012,-0.0251,-0.1005,-0.0853,0.0515,-0.00268,0.00765
418,16.7200,0.4057,0.0000,0.1028,0.2340,-0.0028,0.0317,0.0077,0.0902,0.1049,-20.0688,-77.9757,0.5334,0.00213,0.02304,-0.0567,-0.1188,-0.0927,0.0042,-0.01025,0.00272
419,16.7600,0.4057,0.0000,0.1028,0.2274,0.0321,0.0526,-0.1547,0.1300,-0.0585,-20.0674,-77.9849,0.5334,0.00536,-0.00842,0.0054,-0.1433,-0.0608,0.0184,-0.00974,0.00082
420,16.8000,0.4057,0.0000,0.1028,0.2171,0.0155,0.0471,-0.0806,0.3012,0.0656,-20.0654,-77.9938,0.5340,0.01591,-0.06575,-0.0544,-0.1391,-0.1058,0.0133,-0.01103,0.00159
421,16.8400,0.4057,0.0000,0.1028,0.2302,-0.0075,0.0321,0.0291,0.0532,0.1293,-20.0645,-78.0028,0.5337,0.02171,-0.06908,-0.0286,-0.1249,-0.0820,0.0462,-0.01742,-0.00062
422,16.8800,0.4057,0.0000,0.1028,0.2301,0.0080,0.0482,-0.0425,0.0874,0.0548,-20.0636,-78.0120,0.5336,0.02370,-0.06359,-0.0323,-0.1576,-0.0759,-0.0027,-0.01525,-0.00260
423,16.9200,0.4057,0.0000,0.1028,0.2206,0.0091,0.0538,-0.0520,0.3251,0.1058,-20.0622,-78.0211,0.5339,0.03373,-0.08003,-0.0357,-0.1412,-0.0989,0.0077,-0.01679,-0.00175
424,16.9600,0.4057,0.0000,0.1028,0.2528,-0.0051,0.0382,0.0223,-0.2310,0.0398,-20.0610,-78.0306,0.5338,0.03307,-0.08734,-0.0221,-0.1228,-0.0672,0.0727,-0.02454,-0.00625
425,17.0000,0.4057,0.0000,0.1028,0.2574,0.0061,0.0470,-0.0335,-0.2488,0.0496,-20.0600,-78.0406,0.5339,0.02270,-0.08114,0.0009,-0.1358,-0.0644,-0.0230,-0.01824,-0.00372
426,17.0400,0.4057,0.0000,0.1028,0.2347,0.0166,0.0554,-0.0861,0.2392,0.0693,-20.0584,-78.0504,0.5343,0.02502,-0.09850,-0.0196,-0.1515,-0.1039,0.0002,-0.01438,0.00107
427,17.0800,0.4057,0.0000,0.1028,0.2383,0.0242,0.0350,-0.1230,0.2317,0.0448,-20.0564,-78.0599,0.5341,0.03422,-0.13676,0.0002,-0.1370,-0.0469,0.0006,-0.01920,-0.00269
428,17.1200,0.4057,0.0000,0.1028,0.2595,-0.0094,0.0236,0.0456,-0.0978,0.0040,-20.0548,-78.0698,0.5333,0.03609,-0.15051,-0.0280,-0.1109,-0.0631,0.0587,-0.02265,-0.00478
429,17.1600,0.4057,0.0000,0.1028,0.2722,-0.0167,0.0545,0.0765,-0.2665,0.0967,-20.0543,-78.0804,0.5332,0.02786,-0.11948,-0.0059,-0.1354,-0.0873,-0.0179,-0.01937,-0.00261
430,17.2000,0.4057,0.0000,0.1028,0.2511,0.0131,0.0622,-0.0667,0.2201,0.0304,-20.0532,-78.0908,0.5339,0.02828,-0.11116,-0.0124,-0.1629,-0.0808,-0.0419,-0.01092,0.00080
431,17.2400,0.4057,0.0000,0.1028,0.2736,-0.0044,0.0165,0.0403,-0.0459,0.1452,-20.0514,-78.1012,0.5337,0.03178,-0.12616,-0.0036,-0.1269,-0.0673,0.0369,-0.01459,-0.00134
432,17.2800,0.4057,0.0000,0.1028,0.3135,-0.0752,-0.0507,0.4051,-0.4989,0.1782,-20.0516,-78.1128,0.5312,0.01892,-0.05840,0.0061,-0.1130,-0.0648,0.0413,-0.01413,-0.00192
433,17.3200,0.4057,0.0000,0.1028,0.3282,-0.1033,-0.0678,0.5099,-0.1207,0.2467,-20.0539,-78.1259,0.5274,0.00627,0.08125,0.0172,-0.2004,-0.0881,-0.0723,0.00197,0.00102
434,17.3600,0.4057,0.0000,0.1028,0.3671,-0.1050,-0.1968,0.5274,-0.2494,-0.0051,-20.0558,-78.1402,0.5211,-0.00296,0.20667,0.1100,-0.2402,0.0334,-0.1005,0.01215,-0.00629
435,17.4000,0.4057,0.0000,0.1028,0.3944,-0.1693,-0.4573,0.8611,-0.5849,-0.2354,-20.0584,-78.1561,0.5072,-0.02178,0.38297,0.3144,-0.4079,0.0656,-0.1616,0.02331,-0.01018
436,17.4400,0.4057,0.0000,0.1028,0.4091,0.0220,-0.1382,-0.2445,-0.4452,-0.9333,-20.0606,-78.1728,0.4920,-0.04403,0.54752,0.5613,-0.3459,-0.2155,0.2105,0.03491,-0.01241
437,17.4800,0.4057,0.0000,0.1028,0.3903,0.1810,-0.2172,-0.8667,-0.5088,-0.5982,-20.0541,-78.1880,0.4876,-0.05251,0.56454,-0.0655,-0.0718,-0.6122,0.2925,0.03680,-0.00073
438,17.5200,0.4057,0.0000,0.1028,0.3477,0.0044,-0.2661,-0.0384,-0.0700,0.1494,-20.0474,-78.2025,0.4746,-0.05864,0.43498,0.0086,0.0909,-0.5285,0.5642,0.03043,0.01376
439,17.5600,0.4057,0.0000,0.1028,0.3291,0.0296,-0.1884,-0.1329,0.0132,-0.0219,-20.0459,-78.2174,0.4649,-0.07172,0.44564,-0.0773,-0.1072,0.0136,-0.1973,0.03051,0.01431
440,17.6000,0.4057,0.0000,0.1028,0.2821,0.0535,-0.0466,-0.2563,0.3885,0.1287,-20.0425,-78.2294,0.4600,-0.05944,0.31937,-0.1544,-0.1190,-0.1558,0.1497,0.02564,0.01593
441,17.6400,0.4057,0.0000,0.1028,0.2670,0.0575,-0.0105,-0.2763,0.3811,0.0204,-20.0391,-78.2406,0.4581,-0.04475,0.19853,-0.0418,-0.1008,-0.0508,-0.0306,0.01312,0.01305
442,17.6800,0.4057,0.0000,0.1028,0.2584,0.0151,-0.0093,-0.0812,0.2553,0.1598,-20.0366,-78.2510,0.4565,-0.03159,0.10825,-0.0882,-0.0993,-0.1143,0.0442,0.00222,0.01084
443,17.7200,0.4057,0.0000,0.1028,0.2583,0.0177,0.0213,-0.0887,0.0337,0.0616,-20.0350,-78.2614,0.4555,-0.02805,0.07144,-0.0362,-0.1192,-0.0675,0.0203,-0.00321,0.00790
444,17.7600,0.4057,0.0000,0.1028,0.2383,0.0258,0.0439,-0.1324,0.2182,0.1297,-20.0331,-78.2712,0.4557,-0.02203,0.02255,-0.0458,-0.1382,-0.0980,-0.0167,-0.00321,0.00726
445,17.8000,0.4057,0.0000,0.1028,0.2104,0.0468,0.0390,-0.2349,0.6180,0.0833,-20.0306,-78.2802,0.4559,-0.00413,-0.04869,-0.0167,-0.1533,-0.0730,-0.0369,-0.00591,0.00542
446,17.8400,0.4057,0.0000,0.1028,0.2372,0.0194,0.0134,-0.0959,-0.0117,-0.0257,-20.0279,-78.2891,0.4551,0.00597,-0.12491,-0.0186,-0.0980,-0.0324,0.0733,-0.01847,-0.00288
447,17.8800,0.4057,0.0000,0.1028,0.2430,-0.0084,0.0537,0.0376,-0.1623,0.0646,-20.0269,-78.2987,0.4550,0.00177,-0.12343,-0.0020,-0.1397,-0.0944,-0.0005,-0.01844,-0.00300
448,17.9200,0.4057,0.0000,0.1028,0.2275,-0.0101,0.0653,0.0386,0.0773,0.2036,-20.0263,-78.3080,0.4562,0.00108,-0.09764,-0.0442,-0.1698,-0.1285,-0.0392,-0.01566,0.00035
449,17.9600,0.4057,0.0000,0.1028,0.2278,0.0108,0.0445,-0.0580,-0.0157,0.0888,-20.0251,-78.3170,0.4568,0.00138,-0.09873,-0.0113,-0.1591,-0.0769,0.0270,-0.01357,-0.00164
450,18.0000,0.4057,0.0000,0.1028,0.2060,0.0252,0.0374,-0.1286,0.3712,0.0651,-20.0233,-78.3256,0.4568,0.01046,-0.12543,0.0006,-0.1474,-0.0756,-0.0286,-0.01108,0.00053
451,18.0400,0.4057,0.0000,0.1028,0.2081,0.0189,0.0291,-0.0980,0.3187,0.0522,-20.0212,-78.3339,0.4563,0.02441,-0.16268,-0.0027,-0.1378,-0.0620,0.0115,-0.01630,-0.00427
452,18.0800,0.4057,0.0000,0.1028,0.2315,-0.0245,0.0321,0.1143,-0.1024,0.1084,-20.0201,-78.3428,0.4557,0.02762,-0.15474,-0.0300,-0.1239,-0.0883,0.0424,-0.02109,-0.00719
453,18.1200,0.4057,0.0000,0.1028,0.2342,-0.0099,0.0629,0.0475,-0.1031,0.0197,-20.0198,-78.3521,0.4560,0.02229,-0.11888,0.0139,-0.1534,-0.0717,-0.0269,-0.01518,-0.00754
454,18.1600,0.4057,0.0000,0.1028,0.2181,0.0135,0.0520,-0.0661,0.2376,-0.0153,-20.0185,-78.3611,0.4567,0.02676,-0.12371,-0.0092,-0.1437,-0.0810,-0.0331,-0.01273,-0.00547
455,18.2000,0.4057,0.0000,0.1028,0.2279,-0.0010,0.0409,-0.0041,0.0741,0.1283,-20.0169,-78.3700,0.4567,0.03296,-0.13464,-0.0027,-0.1359,-0.0931,0.0480,-0.01809,-0.00733
456,18.2400,0.4057,0.0000,0.1028,0.2408,-0.0044,0.0377,0.0171,-0.1096,0.0654,-20.0158,-78.3794,0.4564,0.03099,-0.12536,0.0017,-0.1405,-0.0752,-0.0078,-0.01752,-0.00769
457,18.2800,0.4057,0.0000,0.1028,0.2428,0.0035,0.0539,-0.0199,-0.0706,0.0297,-20.0144,-78.3889,0.4566,0.02747,-0.12410,-0.0067,-0.1678,-0.0927,-0.0106,-0.01485,-0.00683
458,18.3200,0.4057,0.0000,0.1028,0.2552,-0.0281,0.0062,0.1536,-0.0842,0.1757,-20.0134,-78.3988,0.4562,0.02504,-0.10599,-0.0315,-0.1424,-0.0897,-0.0122,-0.01172,-0.00483
459,18.3600,0.4057,0.0000,0.1028,0.2788,-0.0418,-0.0378,0.1942,-0.1364,0.2445,-20.0134,-78.4094,0.4537,0.01957,-0.05385,0.0009,-0.1697,-0.0723,-0.0444,-0.00656,-0.00630
460,18.4000,0.4057,0.0000,0.1028,0.3108,-0.0969,-0.1039,0.4810,-0.2851,0.1240,-20.0143,-78.4213,0.4493,0.01047,0.03107,-0.0014,-0.1331,-0.0530,-0.0081,0.00007,-0.00643
461,18.4400,0.4057,0.0000,0.1028,0.3452,-0.1288,-0.1452,0.6499,-0.2146,0.1800,-20.0167,-78.4349,0.4432,-0.00149,0.16243,0.0942,-0.2518,-0.0353,-0.1233,0.01202,-0.01053
462,18.4800,0.4057,0.0000,0.1028,0.3760,-0.2054,-0.3674,1.0605,-0.5553,-0.0782,-20.0203,-78.4503,0.4323,-0.01792,0.33918,0.2422,-0.3942,0.0390,-0.1694,0.02498,-0.01591
463,18.5200,0.4057,0.0000,0.1028,0.3775,0.0283,-0.2191,-0.1915,-0.6277,-0.5504,-20.0230,-78.4663,0.4166,-0.04567,0.46584,0.5291,-0.4747,0.0639,-0.1977,0.03638,-0.02059
464,18.5600,0.4057,0.0000,0.1028,0.3743,0.0614,-0.1387,-0.3572,-0.3356,-0.7311,-20.0178,-78.4799,0.4112,-0.04639,0.47889,-0.1735,-0.0815,-0.5295,0.3354,0.03953,-0.00568
465,18.6000,0.4057,0.0000,0.1028,0.3396,0.1331,-0.4174,-0.4447,-0.1075,-0.1994,-20.0118,-78.4947,0.3985,-0.06289,0.48120,0.0071,0.0179,-0.3990,0.4151,0.03620,0.00575
466,18.6400,0.4057,0.0000,0.1028,0.3102,0.1261,-0.2372,-0.6066,0.1848,0.2356,-20.0040,-78.5079,0.3844,-0.06128,0.27429,-0.0869,-0.0699,-0.1129,0.1454,0.03114,0.01474
467,18.6800,0.4057,0.0000,0.1028,0.3179,0.0440,-0.0469,-0.2179,-0.1301,0.0311,-19.9985,-78.5201,0.3787,-0.05928,0.11521,-0.1295,-0.0697,-0.1543,0.1011,0.01823,0.02049
468,18.7200,0.4057,0.0000,0.1028,0.2959,-0.0072,0.0650,0.0329,0.1552,-0.0238,-19.9967,-78.5323,0.3788,-0.05862,0.10148,-0.0730,-0.1531,-0.1296,-0.0565,0.01754,0.02488
469,18.7600,0.4057,0.0000,0.1028,0.2694,0.0004,0.0394,-0.0041,0.3015,0.0254,-19.9957,-78.5436,0.3802,-0.04932,0.11339,-0.0641,-0.1324,-0.1016,-0.0006,0.01300,0.01997
470,18.8000,0.4057,0.0000,0.1028,0.2473,0.0267,-0.0083,-0.1375,0.4044,0.1939,-19.9938,-78.5539,0.3795,-0.03472,0.08424,-0.0596,-0.1256,-0.1061,-0.0062,0.00728,0.01506
471,18.8400,0.4057,0.0000,0.1028,0.2373,0.0441,0.0014,-0.2229,0.3763,0.1046,-19.9909,-78.5636,0.3778,-0.01941,0.01760,-0.0489,-0.1259,-0.0810,0.0184,-0.00130,0.01035
472,18.8800,0.4057,0.0000,0.1028,0.2377,0.0344,0.0386,-0.1762,0.2286,0.0630,-19.9878,-78.5729,0.3772,-0.00760,-0.04753,-0.0311,-0.1405,-0.0884,-0.0083,-0.00892,0.00779
473,18.9200,0.4057,0.0000,0.1028,0.2365,0.0073,0.0588,-0.0397,0.1714,0.0224,-19.9857,-78.5824,0.3777,0.00013,-0.07705,-0.0271,-0.1504,-0.0943,0.0112,-0.01357,0.00746
474,18.9600,0.4057,0.0000,0.1028,0.2361,0.0093,0.0572,-0.0453,0.1095,-0.0416,-19.9842,-78.5918,0.3785,0.00485,-0.08741,-0.0012,-0.1531,-0.0701,-0.0092,-0.01642,0.00306
475,19.0000,0.4057,0.0000,0.1028,0.2283,0.0134,0.0492,-0.0664,0.2034,-0.0298,-19.9824,-78.6010,0.3790,0.01166,-0.10505,-0.0054,-0.1552,-0.0917,-0.0031,-0.01559,0.00225
476,19.0400,0.4057,0.0000,0.1028,0.2325,-0.0045,0.0311,0.0120,0.0958,0.1481,-19.9810,-78.6103,0.3790,0.01749,-0.11125,-0.0397,-0.1524,-0.1003,0.0041,-0.01893,0.00054
477,19.0800,0.4057,0.0000,0.1028,0.2406,0.0129,0.0370,-0.0670,-0.0777,0.0355,-19.9795,-78.6197,0.3785,0.01621,-0.11433,0.0117,-0.1545,-0.0652,-0.0085,-0.01844,-0.00175
478,19.1200,0.4057,0.0000,0.1028,0.2266,-0.0039,0.0558,0.0128,0.2085,0.0835,-19.9780,-78.6289,0.3789,0.02125,-0.11906,-0.0382,-0.1559,-0.1292,0.0017,-0.01752,0.00328
479,19.1600,0.4057,0.0000,0.1028,0.2386,-0.0070,0.0513,0.0278,-0.0036,0.0883,-19.9768,-78.6383,0.3793,0.02390,-0.10973,-0.0077,-0.1590,-0.0897,0.0092,-0.01956,-0.00022
480,19.2000,0.4057,0.0000,0.1028,0.2514,0.0068,0.0373,-0.0335,-0.2541,-0.0189,-19.9754,-78.6479,0.3793,0.01724,-0.11051,0.0137,-0.1382,-0.0618,0.0006,-0.01822,-0.00335
481,19.2400,0.4057,0.0000,0.1028,0.2487,-0.0098,0.0439,0.0424,-0.2266,0.0806,-19.9740,-78.6577,0.3794,0.00871,-0.10741,-0.0125,-0.1383,-0.1222,0.0252,-0.01463,0.00127
482,19.2800,0.4057,0.0000,0.1028,0.2367,0.0038,0.0367,-0.0267,-0.0180,0.1355,-19.9728,-78.6673,0.3796,0.00396,-0.09809,-0.0149,-0.1679,-0.0983,-0.0522,-0.00885,0.00263
483,19.3200,0.4057,0.0000,0.1028,0.2127,0.0149,0.0424,-0.0781,0.4002,0.0538,-19.9709,-78.6762,0.3794,0.01419,-0.10944,0.0001,-0.1469,-0.1039,0.0110,-0.00825,0.00426
484,19.3600,0.4057,0.0000,0.1028,0.2289,0.0004,0.0246,-0.0045,0.1166,0.0082,-19.9690,-78.6850,0.3790,0.02373,-0.12385,-0.0113,-0.1317,-0.0711,0.0076,-0.01609,-0.00113
485,19.4000,0.4057,0.0000,0.1028,0.2528,-0.0380,0.0144,0.1784,-0.1550,0.1670,-19.9683,-78.6946,0.3782,0.02194,-0.09753,-0.0061,-0.1451,-0.1024,0.0060,-0.01801,-0.00370
486,19.4400,0.4057,0.0000,0.1028,0.2678,-0.0469,-0.0089,0.2281,-0.0139,0.1787,-19.9685,-78.7051,0.3766,0.01835,-0.04113,0.0079,-0.1626,-0.0785,-0.0434,-0.01230,-0.00319
487,19.4800,0.4057,0.0000,0.1028,0.3040,-0.0612,-0.0733,0.3030,-0.2007,0.1642,-19.9686,-78.7167,0.3735,0.01208,0.01606,0.0168,-0.1783,-0.0524,-0.0476,-0.00635,-0.00836
488,19.5200,0.4057,0.0000,0.1028,0.3275,-0.1137,-0.1512,0.5936,-0.0243,0.0919,-19.9700,-78.7296,0.3673,0.00710,0.11435,0.0501,-0.1729,-0.0155,-0.0613,0.00313,-0.00812
489,19.5600,0.4057,0.0000,0.1028,0.3666,-0.1830,-0.2639,0.9568,-0.2523,-0.0569,-19.9729,-78.7444,0.3582,0.00059,0.26532,0.1417,-0.3031,0.0128,-0.1457,0.01443,-0.01720
490,19.6000,0.4057,0.0000,0.1028,0.4040,-0.1510,-0.3723,0.5720,-0.8134,-0.4361,-19.9780,-78.7609,0.3417,-0.02172,0.46606,0.4160,-0.4303,0.1534,-0.2300,0.02710,-0.02820
491,19.6400,0.4057,0.0000,0.1028,0.3993,-0.0544,-0.0889,0.2608,-0.2803,-0.3329,-19.9791,-78.7765,0.3324,-0.03396,0.58395,-0.0830,-0.1364,-0.3141,0.2215,0.03825,-0.02245
492,19.6800,0.4057,0.0000,0.1028,0.4042,0.0904,-0.0847,-0.4080,-0.2321,-0.3573,-19.9764,-78.7925,0.3294,-0.04043,0.62048,0.1128,-0.1163,-0.4087,0.2303,0.04725,-0.02230
493,19.7200,0.4057,0.0000,0.1028,0.3691,0.1625,-0.3295,-0.5494,0.0002,0.0866,-19.9678,-78.8073,0.3200,-0.04559,0.52351,-0.0691,0.0302,-0.4840,0.3852,0.04227,-0.01044
494,19.7600,0.4057,0.0000,0.1028,0.3606,0.1224,-0.2619,-0.5780,-0.1654,0.2193,-19.9589,-78.8217,0.3069,-0.05375,0.35097,-0.1110,-0.0107,-0.0660,0.1246,0.03192,-0.00033
495,19.8000,0.4057,0.0000,0.1028,0.3411,0.0679,-0.0579,-0.3318,-0.0409,0.0465,-19.9525,-78.8351,0.3004,-0.05609,0.21754,-0.1351,-0.0517,-0.1398,0.1064,0.02549,0.01202
496,19.8400,0.4057,0.0000,0.1028,0.3210,0.0327,0.0588,-0.1551,0.1800,-0.0645,-19.9486,-78.8480,0.3003,-0.05308,0.15962,-0.0723,-0.1227,-0.0969,-0.0110,0.01970,0.01625
497,19.8800,0.4057,0.0000,0.1028,0.2848,0.0444,0.0357,-0.2134,0.5679,-0.0164,-19.9455,-78.8599,0.3014,-0.03723,0.11813,-0.0310,-0.1223,-0.0710,-0.0529,0.01459,0.01322
498,19.9200,0.4057,0.0000,0.1028,0.2786,0.0407,-0.0050,-0.2052,0.4112,0.1538,-19.9419,-78.8710,0.3005,-0.01771,0.05216,-0.0371,-0.1006,-0.0783,0.0415,0.00382,0.00675
499,19.9600,0.0000,0.0000,0.0000,0.0093,-0.0058,0.0000,0.0255,0.0093,0.0368,-19.8586,-76.2445,0.9946,-0.00000,3.14159,-0.0534,-0.0929,-0.0923,0.0630,0.00000,0.00000
500,20.0000,0.0000,0.0000,0.0000,0.0038,-0.0162,-0.2775,0.3484,0.3563,-0.2858,-19.8584,-76.2439,0.9890,0.01968,3.13393,0.6624,-0.0280,-0.5054,0.3912,0.00064,-0.00051
501,20.0400,0.0000,0.0000,0.0000,0.0311,-0.0147,-0.7452,0.1017,0.1328,-0.8955,-19.8589,-76.2431,0.9654,0.02387,3.12875,0.9289,0.4173,0.2060,0.8933,0.00055,-0.01221
502,20.0800,0.0000,0.0000,0.0000,0.0215,-0.0055,-1.1171,-0.0837,-0.2314,-0.9827,-19.8590,-76.2430,0.9269,0.01773,3.13570,1.2089,0.2092,0.2707,1.0571,0.00084,-0.01515
503,20.1200,0.0000,0.0000,0.0000,0.0180,-0.0365,-1.6076,0.2497,-0.4472,-0.3909,-19.8592,-76.2420,0.8688,0.00109,3.12392,0.9008,0.6387,0.4690,1.0368,0.00399,-0.00995
504,20.1600,0.0000,0.0000,0.0000,-0.0272,-0.0118,-2.0682,-0.1370,-0.3360,0.7415,-19.8591,-76.2425,0.7919,-0.01431,3.13337,0.3415,0.5509,0.7220,0.2922,0.01575,-0.00740
505,20.2000,0.0000,0.0000,0.0000,-0.0630,0.1259,-0.3824,-0.7099,-1.6258,-0.1072,-19.8586,-76.2447,0.7462,-0.06703,3.13918,-0.1714,-0.0498,-0.0661,0.3312,0.01893,0.00115
506,20.2400,0.0000,0.0000,0.0000,-0.0609,-0.0264,0.3762,0.2537,-0.0942,0.0432,-19.8556,-76.2497,0.7510,-0.08540,-3.12732,-0.4251,-0.3923,-0.6488,-0.4896,0.03106,0.01541
507,20.2800,0.0000,0.0000,0.0000,-0.0941,-0.1089,0.4104,0.5012,0.5560,0.1679,-19.8508,-76.2465,0.7660,-0.08035,3.13364,-0.1521,-0.5933,-0.3852,-0.1885,0.03622,0.01525
508,20.3200,0.0000,0.0000,0.0000,-0.1373,-0.0231,0.0343,0.0374,0.5919,0.1778,-19.8451,-76.2455,0.7721,-0.05414,3.12620,-0.0471,-0.1394,-0.0371,-0.0059,0.03263,-0.00098
509,20.3600,0.0000,0.0000,0.0000,-0.1401,0.0475,-0.0922,-0.2293,0.1933,0.1639,-19.8403,-76.2477,0.7678,-0.04018,3.13015,-0.0006,-0.0459,-0.0491,0.1288,0.02066,-0.00921
510,20.4000,0.0000,0.0000,0.0000,-0.1315,0.0284,0.0337,-0.1410,-0.1870,0.0914,-19.8356,-76.2512,0.7650,-0.04046,3.13938,-0.0387,-0.0890,-0.1311,0.1310,0.01075,-0.00772
511,20.4400,0.0000,0.0000,0.0000,-0.1734,0.0042,0.1510,-0.0218,0.5066,0.0214,-19.8298,-76.2532,0.7676,-0.03059,3.14143,0.0377,-0.1512,-0.1737,-0.0130,0.01152,0.00188
512,20.4800,0.0000,0.0000,0.0000,-0.1747,-0.0093,0.0411,0.0465,0.3335,-0.0622,-19.8234,-76.2549,0.7698,-0.01601,3.14089,-0.0542,-0.1191,-0.0360,0.0377,0.00240,-0.00476
513,20.5200,0.0000,0.0000,0.0000,-0.1806,-0.0096,0.0062,0.0473,0.2527,-0.0423,-19.8165,-76.2563,0.7686,-0.00409,3.13836,0.0111,-0.0720,-0.0686,0.1223,-0.00226,-0.00773
514,20.5600,0.0000,0.0000,0.0000,-0.1713,0.0017,0.0381,-0.0055,-0.0367,-0.0676,-19.8098,-76.2582,0.7680,-0.00133,3.13791,-0.0147,-0.1016,-0.0710,0.0873,-0.00423,-0.01219
515,20.6000,0.0000,0.0000,0.0000,-0.1718,0.0032,0.0660,-0.0133,-0.1175,-0.0512,-19.8032,-76.2601,0.7688,-0.00440,3.13823,0.0106,-0.1168,-0.1073,0.0684,-0.00400,-0.01044
516,20.6400,0.0000,0.0000,0.0000,-0.1939,0.0185,0.0800,-0.0873,0.2322,-0.0294,-19.7963,-76.2625,0.7703,-0.00088,3.13989,0.0323,-0.1557,-0.1275,0.0455,-0.00135,-0.00596
517,20.6800,0.0000,0.0000,0.0000,-0.1940,0.0172,0.0168,-0.0792,0.1788,-0.0671,-19.7892,-76.2655,0.7706,0.00662,-3.13940,-0.0109,-0.1222,-0.0458,0.0780,-0.00563,-0.00743
518,20.7200,0.0000,0.0000,0.0000,-0.1875,-0.0154,-0.0023,0.0755,0.0150,-0.0383,-19.7819,-76.2676,0.7692,0.01084,-3.13959,-0.0086,-0.0728,-0.0746,0.1250,-0.00766,-0.00823
519,20.7600,0.0000,0.0000,0.0000,-0.1887,-0.0091,0.0528,0.0469,0.0283,-0.0863,-19.7746,-76.2690,0.7689,0.01143,3.14038,0.0167,-0.1146,-0.1021,0.0693,-0.00511,-0.00906
520,20.8000,0.0000,0.0000,0.0000,-0.1871,0.0098,0.0660,-0.0434,-0.0319,-0.0855,-19.7674,-76.2712,0.7701,0.01078,3.14068,0.0179,-0.1347,-0.0904,0.0567,-0.00518,-0.01079
521,20.8400,0.0000,0.0000,0.0000,-0.1974,0.0059,0.0462,-0.0271,0.1593,-0.0303,-19.7602,-76.2737,0.7709,0.01456,-3.14119,0.0216,-0.1269,-0.1099,0.0878,-0.00478,-0.00712
522,20.8800,0.0000,0.0000,0.0000,-0.1888,-0.0003,0.0039,0.0014,0.0072,-0.0079,-19.7530,-76.2760,0.7704,0.01638,-3.14055,-0.0294,-0.1268,-0.0573,0.0810,-0.00814,-0.00980
523,20.9200,0.0000,0.0000,0.0000,-0.1874,-0.0030,0.0173,0.0164,-0.0318,-0.0553,-19.7457,-76.2781,0.7693,0.01648,-3.14119,0.0053,-0.0984,-0.0914,0.0871,-0.00681,-0.01045
524,20.9600,0.0000,0.0000,0.0000,-0.1876,-0.0025,0.0487,0.0112,-0.0205,0.0095,-19.7384,-76.2801,0.7695,0.01595,3.14128,0.0135,-0.1076,-0.1149,0.0534,-0.00599,-0.01083
525,21.0000,0.0000,0.0000,0.0000,-0.1916,0.0202,0.0582,-0.0943,0.0430,-0.0514,-19.7314,-76.2826,0.7703,0.01592,-3.14022,0.0503,-0.1340,-0.0920,0.0514,-0.00452,-0.01068
526,21.0400,0.0000,0.0000,0.0000,-0.1947,0.0029,0.0290,-0.0107,0.1245,-0.0653,-19.7242,-76.2854,0.7707,0.02014,-3.13772,-0.0078,-0.1198,-0.0972,0.0869,-0.00553,-0.01006
527,21.0800,0.0000,0.0000,0.0000,-0.1816,-0.0251,0.0064,0.1186,-0.1153,0.0253,-19.7169,-76.2871,0.7699,0.01957,-3.14039,-0.0194,-0.0952,-0.0955,0.0866,-0.00759,-0.01044
528,21.1200,0.0000,0.0000,0.0000,-0.1879,0.0064,0.0496,-0.0284,-0.0083,-0.0646,-19.7097,-76.2887,0.7697,0.01669,3.14029,0.0311,-0.1378,-0.1060,0.0421,-0.00311,-0.00939
529,21.1600,0.0000,0.0000,0.0000,-0.1954,0.0231,0.0628,-0.1032,0.1339,-0.1407,-19.7026,-76.2917,0.7707,0.02018,-3.13940,0.0395,-0.1238,-0.0879,0.0825,-0.00317,-0.00904
530,21.2000,0.0000,0.0000,0.0000,-0.1798,-0.0167,-0.0024,0.0798,-0.1320,0.0039,-19.6955,-76.2940,0.7705,0.01943,-3.13876,-0.0386,-0.0987,-0.0785,0.0863,-0.00794,-0.00861
531,21.2400,0.0000,0.0000,0.0000,-0.1898,0.0007,0.0271,0.0007,0.0571,-0.1002,-19.6883,-76.2957,0.7694,0.01803,-3.14158,0.0344,-0.1204,-0.0947,0.0608,-0.00507,-0.00772
532,21.2800,0.0000,0.0000,0.0000,-0.1885,0.0139,0.0544,-0.0607,0.0378,-0.1167,-19.6813,-76.2984,0.7700,0.02012,-3.13944,0.0028,-0.1313,-0.0903,0.0728,-0.00502,-0.00846
533,21.3200,0.0000,0.0000,0.0000,-0.1810,-0.0251,0.0294,0.1156,-0.0747,0.0844,-19.6741,-76.3003,0.7704,0.01995,-3.14084,-0.0165,-0.1017,-0.1226,0.0971,-0.00711,-0.00619
534,21.3600,0.0000,0.0000,0.0000,-0.1857,0.0118,0.0486,-0.0521,0.0124,-0.1174,-19.6671,-76.3021,0.7704,0.01738,3.14024,0.0648,-0.1321,-0.0747,0.0654,-0.00220,-0.00656
535,21.4000,0.0000,0.0000,0.0000,-0.1928,0.0122,0.0407,-0.0558,0.1538,-0.0402,-19.6601,-76.3050,0.7711,0.02265,-3.13992,0.0048,-0.1134,-0.1113,0.0691,-0.00210,-0.00601
536,21.4400,0.0000,0.0000,0.0000,-0.1873,0.0046,0.0255,-0.0173,0.1055,-0.1083,-19.6532,-76.3076,0.7708,0.02661,-3.13852,0.0277,-0.1259,-0.0667,0.1132,-0.00538,-0.00520
537,21.4800,0.0000,0.0000,0.0000,-0.1665,-0.0118,0.0047,0.0615,-0.2788,-0.1159,-19.6463,-76.3097,0.7701,0.02213,-3.13917,-0.0003,-0.0803,-0.0641,0.0822,-0.00828,-0.00713
538,21.5200,0.0000,0.0000,0.0000,-0.1864,-0.0111,0.0600,0.0537,0.1424,-0.0346,-19.6394,-76.3112,0.7702,0.02146,3.14045,0.0278,-0.1305,-0.1524,0.0718,-0.00359,-0.00416
539,21.5600,0.0000,0.0000,0.0000,-0.1689,0.0065,0.0196,-0.0288,-0.2029,-0.0543,-19.6327,-76.3134,0.7706,0.01813,3.14069,-0.0103,-0.1099,-0.0667,0.0302,-0.00754,-0.00697
540,21.6000,0.0000,0.0000,0.0000,-0.1858,0.0097,0.0395,-0.0456,0.1136,-0.0153,-19.6260,-76.3159,0.7702,0.01818,-3.14140,0.0352,-0.1227,-0.1292,0.0904,-0.00523,-0.00272
541,21.6400,0.0000,0.0000,0.0000,-0.2125,0.0240,0.1224,-0.0889,0.6349,-0.4113,-19.6189,-76.3190,0.7722,0.03668,-3.13836,0.1500,-0.1236,-0.1687,0.1345,-0.00951,-0.00279
542,21.6800,0.0000,0.0000,0.0000,-0.1492,-0.0266,0.0165,0.1165,-0.4939,-0.2186,-19.6125,-76.3214,0.7741,0.03301,-3.13745,-0.0440,-0.1340,-0.0477,0.1021,-0.02012,-0.01305
543,21.7200,0.0000,0.0000,0.0000,-0.2095,-0.0025,0.1165,0.0323,0.6923,-0.4031,-19.6054,-76.3226,0.7750,0.04375,3.13936,0.2390,-0.1457,-0.2505,0.1356,-0.01076,-0.00718
544,21.7600,0.0000,0.0000,0.0000,-0.1483,0.0027,0.0194,0.0184,-0.3945,-0.2344,-19.5993,-76.3254,0.7772,0.04235,-3.14113,-0.0555,-0.1759,-0.0486,0.0999,-0.02146,-0.02072
545,21.8000,0.0000,0.0000,0.0000,-0.1973,0.0018,0.0370,0.0006,0.6873,-0.1639,-19.5927,-76.3274,0.7765,0.05519,3.13971,0.1678,-0.1371,-0.2206,0.1189,-0.01383,-0.01172
546,21.8400,0.0000,0.0000,0.0000,-0.1409,0.0240,-0.0459,-0.0954,-0.2941,-0.2814,-19.5871,-76.3307,0.7752,0.05629,-3.13866,-0.0126,-0.1210,-0.0179,0.0483,-0.02350,-0.02393
547,21.8800,0.0000,0.0000,0.0000,-0.1894,0.0009,0.1147,0.0288,0.7491,-0.4173,-19.5810,-76.3333,0.7753,0.07382,-3.13816,0.2338,-0.1198,-0.2916,0.2294,-0.01861,-0.01661
548,21.9200,0.0000,0.0000,0.0000,-0.0924,-0.0291,0.0462,0.1369,-0.8908,-0.2415,-19.5764,-76.3351,0.7782,0.05996,-3.13861,-0.0321,-0.1927,-0.0625,0.0964,-0.03078,-0.02887
549,21.9600,0.0000,0.0000,0.0000,-0.1331,-0.0416,0.0063,0.1839,0.0924,0.0053,-19.5710,-76.3350,0.7777,0.04987,3.13362,0.0847,-0.1426,-0.2319,0.0554,-0.01292,-0.01630
550,22.0000,0.0000,0.0000,0.0000,-0.1511,0.0514,0.0310,-0.2106,0.5420,-0.3821,-19.5662,-76.3374,0.7770,0.06350,3.13535,0.1292,-0.1501,-0.1386,0.0587,-0.01024,-0.01988
551,22.0400,0.0000,0.0000,0.0000,-0.0984,-0.0013,-0.0197,0.0353,-0.3580,-0.1152,-19.5624,-76.3409,0.7762,0.06472,-3.14110,-0.0042,-0.0784,-0.1185,0.1782,-0.02341,-0.02422
552,22.0800,0.0000,0.0000,0.0000,-0.1111,-0.0209,0.0439,0.1093,0.0415,-0.3114,-19.5581,-76.3417,0.7752,0.05996,3.13671,0.1559,-0.1081,-0.2000,0.1007,-0.01598,-0.01744
553,22.1200,0.0000,0.0000,0.0000,-0.1123,0.0020,0.0552,0.0094,0.2099,-0.2754,-19.5542,-76.3431,0.7764,0.06524,3.13500,0.0541,-0.1293,-0.1545,0.0361,-0.01332,-0.01957
554,22.1600,0.0000,0.0000,0.0000,-0.1109,0.0190,0.0521,-0.0517,0.2925,-0.4696,-19.5507,-76.3452,0.7771,0.07592,3.13718,0.1609,-0.1129,-0.1646,0.1553,-0.01723,-0.02140
555,22.2000,0.0000,0.0000,0.0000,-0.0918,0.0014,0.0315,0.0187,0.1445,-0.3384,-19.5476,-76.3473,0.7777,0.08363,3.13965,0.0853,-0.1210,-0.1368,0.1294,-0.02196,-0.02471
556,22.2400,0.0000,0.0000,0.0000,-0.0768,-0.0132,0.0047,0.0702,0.0767,-0.1690,-19.5445,-76.3484,0.7770,0.08770,3.13784,0.0783,-0.1248,-0.1730,0.0932,-0.02350,-0.02695
557,22.2800,0.0000,0.0000,0.0000,-0.0823,0.0075,0.0635,0.0085,0.3743,-0.5350,-19.5419,-76.3495,0.7769,0.09819,3.13698,0.1710,-0.1157,-0.1902,0.1461,-0.02322,-0.02709
558,22.3200,0.0000,0.0000,0.0000,-0.0165,-0.0068,0.0391,0.0460,-0.7203,-0.1869,-19.5405,-76.3506,0.7782,0.08551,3.13889,0.0510,-0.1416,-0.1443,0.1008,-0.02991,-0.03212
559,22.3600,0.0000,0.0000,0.0000,-0.0238,-0.0179,-0.0329,0.0761,-0.3082,0.1086,-19.5391,-76.3503,0.7768,0.06608,3.13439,0.0347,-0.1330,-0.1780,-0.0067,-0.01433,-0.01997
560,22.4000,0.0000,0.0000,0.0000,-0.0437,0.0177,0.0174,-0.0746,0.1818,-0.2236,-19.5379,-76.3510,0.7748,0.06599,3.13431,0.0763,-0.1196,-0.1721,0.1190,-0.00707,-0.01558
561,22.4400,0.0000,0.0000,0.0000,-0.0275,0.0217,0.0537,-0.0862,-0.0433,-0.3065,-19.5373,-76.3525,0.7751,0.06886,3.13928,0.0989,-0.0916,-0.1512,0.0694,-0.01187,-0.01867
562,22.4800,0.0000,0.0000,0.0000,-0.0175,-0.0024,0.0295,0.0284,-0.0729,-0.2561,-19.5368,-76.3531,0.7753,0.06623,3.14066,0.0923,-0.0927,-0.1573,0.0600,-0.01230,-0.01718
563,22.5200,0.0000,0.0000,0.0000,-0.0462,0.0067,0.0885,0.0026,0.5962,-0.4597,-19.5359,-76.3534,0.7761,0.08008,3.13986,0.1791,-0.1149,-0.2077,0.1255,-0.00966,-0.01505
564,22.5600,0.0000,0.0000,0.0000,0.0221,0.0094,0.0536,-0.0312,-0.6524,-0.1830,-19.5362,-76.3541,0.7779,0.07124,-3.13917,0.0696,-0.1723,-0.1129,0.1068,-0.01901,-0.02602
565,22.6000,0.0000,0.0000,0.0000,0.0230,-0.0143,-0.0421,0.0756,-0.5126,-0.1408,-19.5364,-76.3534,0.7763,0.04899,-3.14134,0.0727,-0.0707,-0.1261,0.0356,-0.00740,-0.01422
566,22.6400,0.0000,0.0000,0.0000,0.0087,0.0011,-0.0218,0.0006,-0.2293,-0.0803,-19.5365,-76.3529,0.7735,0.03490,3.13998,0.0205,-0.1160,-0.1424,0.0451,0.00360,-0.00716
567,22.6800,0.0000,0.0000,0.0000,-0.0086,0.0106,0.0500,-0.0423,0.0593,-0.1385,-19.5366,-76.3532,0.7727,0.03424,3.14139,0.0753,-0.1002,-0.1769,0.0577,0.00720,-0.00214
568,22.7200,0.0000,0.0000,0.0000,-0.0160,0.0075,0.0642,-0.0240,0.2241,-0.3231,-19.5365,-76.3536,0.7737,0.04065,-3.14030,0.0821,-0.1090,-0.1549,0.0460,0.00488,-0.00237
569,22.7600,0.0000,0.0000,0.0000,0.0014,-0.0081,0.0565,0.0635,-0.1453,-0.3491,-19.5364,-76.3536,0.7746,0.04101,-3.14055,0.1097,-0.0844,-0.1533,0.1136,-0.00091,-0.00794
570,22.8000,0.0000,0.0000,0.0000,-0.0063,-0.0109,0.0398,0.0623,0.0116,-0.1625,-19.5360,-76.3531,0.7751,0.03878,3.13911,0.0957,-0.1002,-0.1730,0.0284,0.00198,-0.00827
571,22.8400,0.0000,0.0000,0.0000,-0.0276,0.0024,0.0624,0.0173,0.4030,-0.3669,-19.5355,-76.3531,0.7755,0.04927,3.13746,0.1178,-0.1074,-0.2018,0.1230,0.00027,-0.00876
572,22.8800,0.0000,0.0000,0.0000,0.0022,0.0061,0.0186,-0.0213,-0.1701,-0.1738,-19.5355,-76.3535,0.7758,0.05043,3.13905,0.0486,-0.1172,-0.1322,0.0285,-0.00573,-0.01721
573,22.9200,0.0000,0.0000,0.0000,-0.0271,-0.0029,0.0461,0.0226,0.4414,-0.2658,-19.5350,-76.3536,0.7753,0.05950,3.13768,0.1317,-0.0971,-0.2049,0.1256,-0.00300,-0.01181
574,22.9600,0.0000,0.0000,0.0000,0.0095,-0.0012,0.0213,0.0272,-0.2323,-0.3114,-19.5350,-76.3537,0.7753,0.06011,3.13841,0.0619,-0.0834,-0.1291,0.0575,-0.01191,-0.01864
575,23.0000,0.0000,0.0000,0.0000,-0.0031,-0.0057,0.0391,0.0434,0.0721,-0.2106,-19.5349,-76.3532,0.7750,0.05814,3.13611,0.0933,-0.1152,-0.1931,0.0705,-0.00847,-0.01468
576,23.0400,0.0000,0.0000,0.0000,0.0046,0.0059,0.0451,-0.0092,-0.0507,-0.2804,-19.5350,-76.3531,0.7752,0.05795,3.13638,0.0872,-0.1046,-0.1619,0.0806,-0.00961,-0.01439
577,23.0800,0.0000,0.0000,0.0000,0.0052,0.0090,0.0279,-0.0302,0.0031,-0.2207,-19.5354,-76.3531,0.7752,0.05708,3.13771,0.0890,-0.0982,-0.1515,0.0498,-0.01073,-0.01342
578,23.1200,0.0000,0.0000,0.0000,0.0110,0.0062,0.0405,-0.0063,-0.0961,-0.3333,-19.5359,-76.3531,0.7749,0.05502,3.13948,0.1051,-0.0994,-0.1707,0.1138,-0.01024,-0.01285
579,23.1600,0.0000,0.0000,0.0000,0.0193,0.0015,0.0333,0.0092,-0.2089,-0.2636,-19.5365,-76.3527,0.7751,0.04788,3.13998,0.0733,-0.1082,-0.1439,0.0413,-0.00728,-0.01069
580,23.2000,0.0000,0.0000,0.0000,0.0137,0.0032,0.0115,-0.0039,-0.0882,-0.1902,-19.5369,-76.3523,0.7744,0.04250,3.13975,0.0660,-0.1014,-0.1502,0.0439,-0.00249,-0.00776
581,23.2400,0.0000,0.0000,0.0000,0.0128,0.0142,0.0308,-0.0497,-0.1214,-0.2727,-19.5375,-76.3522,0.7737,0.03819,-3.14123,0.0978,-0.0965,-0.1399,0.0795,-0.00042,-0.00741
582,23.2800,0.0000,0.0000,0.0000,0.0127,-0.0141,0.0564,0.0777,-0.1420,-0.1471,-19.5379,-76.3519,0.7742,0.03384,-3.14149,0.0735,-0.0967,-0.1796,0.0985,-0.00109,-0.00340
583,23.3200,0.0000,0.0000,0.0000,-0.0063,0.0027,0.0701,0.0136,0.2108,-0.4160,-19.5377,-76.3512,0.7751,0.03623,3.13825,0.1380,-0.1087,-0.1592,0.0592,0.00107,-0.00407
584,23.3600,0.0000,0.0000,0.0000,0.0079,-0.0019,-0.0008,0.0163,-0.0941,-0.1463,-19.5379,-76.3512,0.7752,0.03756,3.13896,0.0167,-0.0907,-0.1421,0.0268,-0.00360,-0.00747
585,23.4000,0.0000,0.0000,0.0000,-0.0206,0.0200,0.0499,-0.0812,0.4118,-0.3632,-19.5379,-76.3513,0.7742,0.04582,3.13963,0.1647,-0.1080,-0.1685,0.1244,-0.00149,-0.00696
586,23.4400,0.0000,0.0000,0.0000,0.0102,-0.0068,0.0116,0.0406,-0.1690,-0.1700,-19.5383,-76.3517,0.7743,0.04893,-3.14052,-0.0016,-0.0820,-0.1369,0.0358,-0.01069,-0.01186
587,23.4800,0.0000,0.0000,0.0000,0.0072,-0.0124,0.0380,0.0778,-0.1226,-0.2546,-19.5380,-76.3509,0.7735,0.04237,3.13791,0.1168,-0.1045,-0.1596,0.1112,-0.00697,-0.00821
588,23.5200,0.0000,0.0000,0.0000,0.0094,-0.0025,0.0442,0.0178,-0.1959,-0.0765,-19.5380,-76.3505,0.7741,0.03600,3.13623,0.0363,-0.1194,-0.1695,0.0002,-0.00446,-0.00880
589,23.5600,0.0000,0.0000,0.0000,0.0148,0.0078,0.0274,-0.0229,-0.3710,-0.2425,-19.5384,-76.3503,0.7738,0.02326,3.13660,0.0832,-0.1007,-0.1298,0.1028,-0.00072,-0.00803
590,23.6000,0.0000,0.0000,0.0000,-0.0064,0.0056,0.0386,-0.0210,-0.0379,-0.1361,-19.5385,-76.3504,0.7738,0.01780,3.13750,0.0648,-0.1008,-0.1780,0.0294,0.00425,-0.00090
591,23.6400,0.0000,0.0000,0.0000,-0.0246,0.0106,0.0566,-0.0462,0.2207,-0.2787,-19.5384,-76.3509,0.7741,0.02273,3.13881,0.1080,-0.0992,-0.1623,0.0954,0.00399,-0.00157
592,23.6800,0.0000,0.0000,0.0000,-0.0317,0.0050,0.0407,-0.0043,0.3038,-0.2923,-19.5380,-76.3518,0.7747,0.03400,3.14046,0.0775,-0.0927,-0.1569,0.0494,-0.00158,-0.00353
593,23.7200,0.0000,0.0000,0.0000,-0.0352,-0.0025,0.0604,0.0323,0.3207,-0.3535,-19.5372,-76.3525,0.7750,0.04672,3.13995,0.1287,-0.0954,-0.1713,0.1373,-0.00780,-0.00856
594,23.7600,0.0000,0.0000,0.0000,-0.0061,-0.0138,0.0030,0.0716,-0.2496,-0.0928,-19.5366,-76.3528,0.7750,0.04499,3.13787,0.0305,-0.0976,-0.1448,0.0053,-0.01123,-0.01491
595,23.8000,0.0000,0.0000,0.0000,-0.0277,0.0071,0.0675,-0.0080,0.1127,-0.3469,-19.5358,-76.3530,0.7746,0.04344,3.13511,0.1570,-0.1175,-0.1830,0.1565,-0.00598,-0.01463
596,23.8400,0.0000,0.0000,0.0000,-0.0266,0.0194,0.0196,-0.0864,0.1451,-0.2106,-19.5358,-76.3540,0.7754,0.04853,3.13923,0.0367,-0.0998,-0.1182,-0.0332,-0.00716,-0.01556
597,23.8800,0.0000,0.0000,0.0000,-0.0359,0.0182,0.0513,-0.0504,0.3087,-0.5076,-19.5356,-76.3553,0.7747,0.05892,-3.13919,0.1853,-0.0809,-0.1644,0.1988,-0.01159,-0.01717
598,23.9200,0.0000,0.0000,0.0000,0.0068,-0.0301,0.0062,0.1377,-0.4334,0.0248,-19.5352,-76.3555,0.7750,0.05299,-3.14018,-0.0239,-0.1068,-0.1465,0.0129,-0.01803,-0.02166
599,23.9600,0.0000,0.0000,0.0000,-0.0173,-0.0200,0.0455,0.1107,0.0519,-0.2373,-19.5338,-76.3548,0.7741,0.04692,3.13183,0.1243,-0.1180,-0.1871,0.1297,-0.00864,-0.01328
600,24.0000,0.0000,0.0000,0.0000,-0.0284,0.0293,0.0799,-0.1173,0.2583,-0.3727,-19.5337,-76.3554,0.7756,0.05439,3.13396,0.0963,-0.1295,-0.1686,0.0140,-0.00778,-0.01454
601,24.0400,0.0000,0.0000,0.0000,-0.0033,0.0058,-0.0122,-0.0223,-0.1435,-0.1080,-19.5341,-76.3564,0.7754,0.05502,3.13976,0.0276,-0.0927,-0.1359,0.0595,-0.01285,-0.01632
602,24.0800,0.0000,0.0000,0.0000,-0.0286,-0.0072,0.0645,0.0502,0.3949,-0.3229,-19.5334,-76.3566,0.7745,0.06280,3.13664,0.1530,-0.1078,-0.2151,0.1743,-0.00993,-0.01227
603,24.1200,0.0000,0.0000,0.0000,0.0134,-0.0047,0.0302,0.0460,-0.3240,-0.3291,-19.5334,-76.3565,0.7754,0.06001,3.13606,0.0293,-0.1018,-0.1117,0.0094,-0.01632,-0.02081
604,24.1600,0.0000,0.0000,0.0000,-0.0029,-0.0008,0.0325,0.0201,0.0574,-0.2176,-19.5331,-76.3561,0.7749,0.05642,3.13297,0.1081,-0.1099,-0.1804,0.0878,-0.00881,-0.01530
605,24.2000,0.0000,0.0000,0.0000,0.0042,0.0203,0.0437,-0.0719,-0.0647,-0.3343,-19.5336,-76.3562,0.7750,0.05581,3.13691,0.1124,-0.0926,-0.1393,0.0866,-0.00955,-0.01719
606,24.2400,0.0000,0.0000,0.0000,0.0008,0.0053,0.0335,-0.0088,0.0905,-0.2314,-19.5341,-76.3563,0.7751,0.05748,3.14027,0.0827,-0.0987,-0.1664,0.0603,-0.01104,-0.01408
607,24.2800,0.0000,0.0000,0.0000,-0.0064,0.0063,0.0500,0.0003,0.3035,-0.3938,-19.5343,-76.3562,0.7751,0.06614,3.14112,0.1331,-0.0953,-0.1578,0.1104,-0.01319,-0.01361
608,24.3200,0.0000,0.0000,0.0000,0.0159,-0.0055,0.0377,0.0445,-0.0558,-0.2387,-19.5346,-76.3559,0.7755,0.06979,-3.14127,0.0807,-0.0955,-0.1629,0.0690,-0.01753,-0.01724
609,24.3600,0.0000,0.0000,0.0000,0.0181,-0.0044,0.0403,0.0401,-0.0020,-0.2451,-19.5346,-76.3549,0.7754,0.06823,3.13878,0.1148,-0.1126,-0.1735,0.0791,-0.01409,-0.01647
610,24.4000,0.0000,0.0000,0.0000,0.0173,-0.0052,0.0457,0.0442,0.1067,-0.2372,-19.5349,-76.3541,0.7757,0.07156,3.13689,0.0859,-0.1002,-0.1983,0.0656,-0.01489,-0.01635
611,24.4400,0.0000,0.0000,0.0000,0.0233,0.0096,0.0414,-0.0221,0.1022,-0.2799,-19.5355,-76.3532,0.7758,0.07467,3.13729,0.1053,-0.1214,-0.1609,0.0609,-0.01689,-0.01700
612,24.4800,0.0000,0.0000,0.0000,0.0314,0.0026,0.0434,0.0092,0.0493,-0.2575,-19.5364,-76.3522,0.7759,0.07808,3.13983,0.1115,-0.0916,-0.1684,0.1097,-0.01985,-0.01730
613,24.5200,0.0000,0.0000,0.0000,0.0524,-0.0028,0.0307,0.0395,-0.2365,-0.3214,-19.5372,-76.3506,0.7757,0.07250,3.13956,0.1061,-0.0956,-0.1491,0.0740,-0.02206,-0.01776
614,24.5600,0.0000,0.0000,0.0000,0.0598,0.0030,0.0186,-0.0030,-0.2901,-0.1520,-19.5382,-76.3487,0.7752,0.06102,3.13898,0.0722,-0.1123,-0.1456,0.0348,-0.01672,-0.01418
615,24.6000,0.0000,0.0000,0.0000,0.0633,0.0111,0.0092,-0.0433,-0.3397,-0.1301,-19.5396,-76.3468,0.7741,0.04822,-3.14154,0.0670,-0.1038,-0.1461,0.0559,-0.01198,-0.01139
616,24.6400,0.0000,0.0000,0.0000,0.0571,0.0109,0.0241,-0.0446,-0.2204,-0.1137,-19.5411,-76.3451,0.7733,0.03770,-3.13775,0.0599,-0.1087,-0.1505,0.0425,-0.00628,-0.00494
617,24.6800,0.0000,0.0000,0.0000,0.0597,-0.0073,0.0122,0.0400,-0.2976,-0.0771,-19.5422,-76.3432,0.7726,0.02746,-3.13729,0.0205,-0.0944,-0.1482,0.0402,-0.00518,-0.00067
618,24.7200,0.0000,0.0000,0.0000,0.0454,-0.0007,0.0461,0.0149,-0.0975,-0.1785,-19.5429,-76.3413,0.7722,0.02011,-3.14051,0.0739,-0.1088,-0.1482,0.0631,-0.00177,0.00385
619,24.7600,0.0000,0.0000,0.0000,0.0450,0.0093,0.0368,-0.0329,-0.2047,-0.1911,-19.5440,-76.3398,0.7725,0.01392,-3.13865,0.0534,-0.0952,-0.1300,0.0205,-0.00055,0.00281
620,24.8000,0.0000,0.0000,0.0000,0.0206,0.0025,0.0525,-0.0011,0.1678,-0.1702,-19.5447,-76.3387,0.7727,0.01537,-3.13796,0.0806,-0.1074,-0.1681,0.0785,0.00342,0.00611
621,24.8400,0.0000,0.0000,0.0000,0.0273,-0.0019,0.0314,0.0262,-0.0786,-0.2674,-19.5452,-76.3378,0.7729,0.01624,-3.13790,0.0632,-0.0829,-0.1259,0.0539,-0.00014,0.00154
622,24.8800,0.0000,0.0000,0.0000,0.0229,-0.0111,0.0504,0.0698,-0.1199,-0.2659,-19.5453,-76.3367,0.7730,0.01205,3.14098,0.0866,-0.0961,-0.1490,0.1011,-0.00098,0.00098
623,24.9200,0.0000,0.0000,0.0000,0.0007,0.0017,0.0522,0.0010,0.2037,-0.1391,-19.5452,-76.3361,0.7738,0.01505,3.13700,0.0669,-0.1188,-0.1655,0.0093,0.00240,0.00014
624,24.9600,0.0000,0.0000,0.0000,-0.0073,0.0161,0.0338,-0.0599,0.2387,-0.3172,-19.5456,-76.3362,0.7737,0.02415,3.14068,0.0955,-0.0851,-0.1253,0.1018,-0.00207,-0.00402
625,25.0000,0.0000,0.0000,0.0000,0.0062,-0.0063,0.0010,0.0383,-0.1053,-0.1304,-19.5458,-76.3362,0.7730,0.02572,-3.14054,0.0257,-0.0797,-0.1390,0.0386,-0.00685,-0.00799
626,25.0400,0.0000,0.0000,0.0000,-0.0135,-0.0013,0.0573,0.0235,0.1832,-0.2301,-19.5454,-76.3361,0.7725,0.02834,3.13799,0.0956,-0.1158,-0.1844,0.0826,-0.00385,-0.00698
627,25.0800,0.0000,0.0000,0.0000,0.0007,0.0034,0.0544,0.0004,-0.1772,-0.2528,-19.5455,-76.3363,0.7735,0.02699,3.13929,0.0616,-0.0982,-0.1377,0.0462,-0.00621,-0.00918
628,25.1200,0.0000,0.0000,0.0000,-0.0144,-0.0093,0.0252,0.0449,0.0725,-0.0334,-19.5451,-76.3364,0.7736,0.02606,3.13533,0.0499,-0.1048,-0.1736,0.0355,-0.00114,-0.00583
629,25.1600,0.0000,0.0000,0.0000,-0.0347,0.0212,0.0714,-0.0765,0.3679,-0.3246,-19.5449,-76.3372,0.7738,0.03600,3.13686,0.1444,-0.1080,-0.1575,0.1190,-0.00169,-0.00883
630,25.2000,0.0000,0.0000,0.0000,-0.0109,0.0051,0.0321,-0.0034,-0.1275,-0.3075,-19.5453,-76.3381,0.7747,0.03932,-3.13917,0.0581,-0.0813,-0.1363,0.0461,-0.00946,-0.01312
631,25.2400,0.0000,0.0000,0.0000,-0.0088,-0.0078,0.0123,0.0486,-0.1969,-0.1590,-19.5449,-76.3383,0.7739,0.03131,3.14046,0.0811,-0.1026,-0.1320,0.0744,-0.00571,-0.01118
632,25.2800,0.0000,0.0000,0.0000,-0.0357,0.0096,0.0644,-0.0322,0.2396,-0.2670,-19.5444,-76.3391,0.7740,0.03495,3.13889,0.1239,-0.0991,-0.1770,0.0877,-0.00333,-0.00800
633,25.3200,0.0000,0.0000,0.0000,-0.0200,0.0005,0.0324,0.0101,-0.1012,-0.2405,-19.5444,-76.3401,0.7746,0.03654,-3.14098,0.0649,-0.0824,-0.1458,0.0523,-0.00831,-0.01295
634,25.3600,0.0000,0.0000,0.0000,-0.0384,0.0011,0.0346,-0.0024,0.2434,-0.2024,-19.5438,-76.3410,0.7743,0.04056,3.13908,0.0999,-0.1134,-0.1707,0.0577,-0.00578,-0.01044
635,25.4000,0.0000,0.0000,0.0000,-0.0624,0.0048,0.0799,0.0094,0.7046,-0.4217,-19.5433,-76.3425,0.7751,0.06276,3.13977,0.1380,-0.0892,-0.1902,0.1339,-0.00929,-0.01273
636,25.4400,0.0000,0.0000,0.0000,-0.0048,-0.0396,-0.0150,0.1841,-0.2953,-0.0383,-19.5424,-76.3432,0.7752,0.06528,3.13245,-0.0330,-0.0935,-0.1179,0.0631,-0.02158,-0.02171
637,25.4800,0.0000,0.0000,0.0000,-0.0459,0.0117,0.0846,-0.0283,0.5137,-0.4214,-19.5410,-76.3436,0.7746,0.07253,3.11704,0.2183,-0.1339,-0.2056,0.1187,-0.01048,-0.01965
638,25.5200,0.0000,0.0000,0.0000,-0.0017,0.0129,0.0354,-0.0393,-0.2251,-0.1244,-19.5418,-76.3445,0.7763,0.07586,3.12806,-0.0093,-0.1162,-0.1467,0.0274,-0.01962,-0.02683
639,25.5600,0.0000,0.0000,0.0000,-0.0169,0.0034,0.0243,0.0019,0.2602,-0.2066,-19.5416,-76.3447,0.7754,0.07830,3.12695,0.1455,-0.1088,-0.1811,0.1123,-0.01464,-0.02117
640,25.6000,0.0000,0.0000,0.0000,0.0196,0.0066,0.0441,-0.0096,-0.3911,-0.2656,-19.5421,-76.3447,0.7755,0.07314,3.13334,0.1003,-0.0880,-0.1480,0.1059,-0.02032,-0.02534
641,25.6400,0.0000,0.0000,0.0000,0.0275,-0.0172,0.0231,0.0817,-0.3959,-0.0394,-19.5419,-76.3438,0.7755,0.05696,3.12718,0.0525,-0.1102,-0.1774,0.0375,-0.01448,-0.01772
642,25.6800,0.0000,0.0000,0.0000,0.0175,0.0002,0.0133,0.0012,-0.1520,-0.0287,-19.5417,-76.3429,0.7746,0.04633,3.12023,0.0573,-0.1133,-0.1538,0.0580,-0.00636,-0.01066
643,25.7200,0.0000,0.0000,0.0000,0.0150,0.0377,0.0561,-0.1497,-0.1693,-0.4037,-19.5428,-76.3426,0.7744,0.03991,3.13349,0.1463,-0.0939,-0.1283,0.1157,-0.00402,-0.01131
644,25.7600,0.0000,0.0000,0.0000,0.0098,0.0010,0.0268,0.0025,-0.0091,-0.1864,-19.5437,-76.3423,0.7749,0.03841,-3.13889,0.0342,-0.0932,-0.1706,0.0191,-0.00284,-0.00702
645,25.8000,0.0000,0.0000,0.0000,-0.0213,0.0058,0.0794,0.0018,0.5958,-0.4694,-19.5435,-76.3422,0.7751,0.05269,3.14090,0.1807,-0.1087,-0.1864,0.1484,-0.00330,-0.00940
646,25.8400,0.0000,0.0000,0.0000,0.0311,-0.0078,0.0274,0.0466,-0.4330,-0.1487,-19.5439,-76.3418,0.7762,0.05081,-3.13818,0.0361,-0.1080,-0.1320,0.0443,-0.01189,-0.01909
647,25.8800,0.0000,0.0000,0.0000,0.0201,-0.0072,-0.0134,0.0507,-0.1731,-0.2463,-19.5434,-76.3407,0.7745,0.03839,3.13299,0.0916,-0.0944,-0.1201,0.0680,-0.00520,-0.01340
648,25.9200,0.0000,0.0000,0.0000,0.0006,0.0095,0.0661,-0.0202,0.1195,-0.3491,-19.5435,-76.3404,0.7742,0.04041,3.13339,0.1122,-0.0917,-0.1946,0.1137,-0.00356,-0.01050
649,25.9600,0.0000,0.0000,0.0000,0.0113,-0.0068,0.0545,0.0485,-0.0731,-0.2373,-19.5437,-76.3400,0.7754,0.04059,3.13377,0.0667,-0.1055,-0.1795,0.0471,-0.00690,-0.01159
650,26.0000,0.0000,0.0000,0.0000,0.0045,0.0076,0.0112,-0.0245,0.0686,-0.1697,-19.5436,-76.3395,0.7750,0.03960,3.12963,0.0838,-0.1143,-0.1299,0.0343,-0.00400,-0.01210
651,26.0400,0.0000,0.0000,0.0000,-0.0334,0.0147,0.0835,-0.0335,0.7661,-0.4263,-19.5439,-76.3399,0.7752,0.06165,3.13596,0.1663,-0.0882,-0.2228,0.1579,-0.00704,-0.01192
652,26.0800,0.0000,0.0000,0.0000,0.0437,-0.0221,-0.0043,0.1105,-0.6617,-0.1094,-19.5441,-76.3393,0.7757,0.05572,3.13868,0.0025,-0.0864,-0.0928,0.0476,-0.02060,-0.02341
653,26.1200,0.0000,0.0000,0.0000,0.0168,-0.0169,0.0074,0.0839,-0.1320,-0.0370,-19.5430,-76.3381,0.7738,0.04131,3.10932,0.0961,-0.1157,-0.1746,0.0523,-0.00781,-0.01331
654,26.1600,0.0000,0.0000,0.0000,0.0085,0.0222,0.0583,-0.0872,-0.0353,-0.2519,-19.5434,-76.3377,0.7739,0.03886,3.11524,0.0712,-0.1144,-0.1552,0.0694,-0.00532,-0.01242
655,26.2000,0.0000,0.0000,0.0000,-0.0070,0.0172,0.0626,-0.0622,0.2843,-0.2580,-19.5441,-76.3377,0.7749,0.04638,3.13084,0.1123,-0.0927,-0.1685,0.0608,-0.00522,-0.01094
656,26.2400,0.0000,0.0000,0.0000,0.0029,-0.0069,0.0474,0.0605,0.1147,-0.3641,-19.5443,-76.3375,0.7755,0.05413,3.13373,0.1130,-0.0780,-0.1744,0.1302,-0.01231,-0.01424
657,26.2800,0.0000,0.0000,0.0000,0.0196,-0.0167,0.0319,0.0839,-0.1892,-0.0916,-19.5438,-76.3368,0.7757,0.05054,3.11642,0.0756,-0.1100,-0.1683,0.0436,-0.01351,-0.01614
658,26.3200,0.0000,0.0000,0.0000,0.0178,0.0077,0.0203,-0.0222,-0.1667,-0.2059,-19.5436,-76.3360,0.7750,0.04229,3.10819,0.0948,-0.1081,-0.1305,0.0795,-0.01011,-0.01496
659,26.3600,0.0000,0.0000,0.0000,0.0068,0.0075,0.0485,-0.0192,0.0176,-0.2335,-19.5440,-76.3356,0.7750,0.04159,3.11597,0.0870,-0.0971,-0.1851,0.0963,-0.00749,-0.00972
660,26.4000,0.0000,0.0000,0.0000,0.0007,0.0092,0.0538,-0.0222,0.1589,-0.3155,-19.5443,-76.3353,0.7756,0.04522,3.12112,0.1056,-0.1107,-0.1524,0.0786,-0.00670,-0.01014
661,26.4400,0.0000,0.0000,0.0000,0.0039,-0.0106,0.0431,0.0675,0.1010,-0.2343,-19.5442,-76.3350,0.7760,0.05128,3.11661,0.0920,-0.0860,-0.1898,0.1076,-0.01101,-0.01242
662,26.4800,0.0000,0.0000,0.0000,-0.0072,0.0042,0.0348,0.0016,0.3845,-0.2707,-19.5439,-76.3347,0.7759,0.06138,3.10071,0.1062,-0.1142,-0.1773,0.0289,-0.01179,-0.01254
663,26.5200,0.0000,0.0000,0.0000,0.0285,0.0198,0.0310,-0.0671,-0.3607,-0.3351,-19.5447,-76.3343,0.7757,0.05797,3.12972,0.1234,-0.0909,-0.1234,0.1229,-0.01749,-0.01994
664,26.5600,0.0000,0.0000,0.0000,0.0331,-0.0113,-0.0097,0.0514,-0.3691,0.0225,-19.5448,-76.3332,0.7748,0.04331,3.12906,0.0232,-0.0989,-0.1534,0.0053,-0.01221,-0.01333
665,26.6000,0.0000,0.0000,0.0000,0.0256,-0.0035,-0.0059,0.0186,-0.2729,-0.0271,-19.5445,-76.3322,0.7727,0.03024,3.11013,0.0361,-0.1049,-0.1437,0.0662,-0.00419,-0.00660
666,26.6400,0.0000,0.0000,0.0000,0.0004,0.0270,0.0791,-0.1066,0.1260,-0.3421,-19.5450,-76.3318,0.7728,0.02953,3.13048,0.1209,-0.1073,-0.1463,0.0867,-0.00002,-0.00399
667,26.6800,0.0000,0.0000,0.0000,-0.0090,-0.0036,0.0652,0.0293,0.3259,-0.1887,-19.5455,-76.3318,0.7745,0.04092,-3.13114,0.0581,-0.0938,-0.1719,0.0580,-0.00446,-0.00264
668,26.7200,0.0000,0.0000,0.0000,-0.0029,-0.0211,0.0042,0.1116,0.2601,-0.1603,-19.5448,-76.3316,0.7741,0.05151,3.11138,0.0549,-0.0872,-0.1478,0.0638,-0.00903,-0.00678
669,26.7600,0.0000,0.0000,0.0000,0.0137,0.0050,0.0511,0.0063,-0.1298,-0.3970,-19.5445,-76.3312,0.7735,0.05206,3.08285,0.1412,-0.0756,-0.1296,0.1390,-0.01319,-0.01284
670,26.8000,0.0000,0.0000,0.0000,0.0114,0.0054,0.0366,-0.0201,-0.0159,-0.0898,-19.5446,-76.3306,0.7742,0.04951,3.08558,0.0390,-0.1093,-0.1522,-0.0162,-0.01133,-0.01152
671,26.8400,0.0000,0.0000,0.0000,0.0003,0.0123,0.0624,-0.0354,0.2028,-0.3180,-19.5450,-76.3302,0.7743,0.05427,3.10460,0.1311,-0.1150,-0.1769,0.1597,-0.01062,-0.01018
672,26.8800,0.0000,0.0000,0.0000,0.0293,-0.0076,0.0167,0.0450,-0.2977,-0.1381,-19.5452,-76.3295,0.7746,0.05036,3.11833,0.0366,-0.0803,-0.1305,0.0229,-0.01227,-0.01322
673,26.9200,0.0000,0.0000,0.0000,0.0242,-0.0068,0.0212,0.0448,-0.1973,-0.1811,-19.5447,-76.3285,0.7736,0.03992,3.04662,0.0924,-0.1023,-0.1440,0.1018,-0.00642,-0.00912
674,26.9600,0.0000,0.0000,0.0000,0.0051,0.0171,0.0432,-0.0720,0.1575,-0.1528,-19.5449,-76.3279,0.7736,0.04127,3.05141,0.0643,-0.1110,-0.1682,-0.0040,-0.00176,-0.00835
675,27.0000,0.0000,0.0000,0.0000,0.0172,0.0052,0.0446,-0.0035,-0.1051,-0.2990,-19.5455,-76.3274,0.7737,0.04163,-3.13652,0.0931,-0.0821,-0.1467,0.1399,-0.00856,-0.00974
676,27.0400,0.0000,0.0000,0.0000,0.0210,0.0001,0.0257,0.0107,-0.1651,-0.1797,-19.5454,-76.3265,0.7737,0.03497,3.12317,0.0796,-0.0936,-0.1109,0.0138,-0.00522,-0.00873
677,27.0800,0.0000,0.0000,0.0000,0.0115,-0.0047,0.0203,0.0312,-0.0323,-0.1283,-19.5452,-76.3259,0.7731,0.03220,2.91706,0.0527,-0.0951,-0.1646,0.0727,-0.00344,-0.00702
678,27.1200,0.0000,0.0000,0.0000,0.0119,0.0080,0.0435,-0.0303,-0.1205,-0.1181,-19.5453,-76.3254,0.7729,0.02843,1.37833,0.0808,-0.1083,-0.1421,0.0518,-0.00352,-0.00670
679,27.1600,0.0000,0.0000,0.0000,-0.0005,0.0006,0.0513,0.0129,0.0727,-0.2319,-19.5454,-76.3252,0.7734,0.02918,0.05215,0.0757,-0.0928,-0.1717,0.0685,-0.00369,-0.00510
680,27.2000,0.0000,0.0000,0.0000,0.0004,0.0044,0.0323,-0.0054,0.0116,-0.2353,-19.5455,-76.3250,0.7735,0.02980,0.01761,0.0606,-0.1087,-0.1303,0.0378,-0.00540,-0.00708
681,27.2400,0.0000,0.0000,0.0000,-0.0127,-0.0097,0.0344,0.0406,0.2215,-0.0936,-19.5453,-76.3252,0.7733,0.03625,0.06189,0.0543,-0.0970,-0.1734,0.0846,-0.00464,-0.00692
682,27.2800,0.0000,0.0000,0.0000,-0.0219,0.0021,0.0407,0.0041,0.4089,-0.2812,-19.5450,-76.3256,0.7732,0.04930,0.08733,0.0814,-0.0935,-0.1437,0.0607,-0.00744,-0.00913
683,27.3200,0.0000,0.0000,0.0000,0.0089,-0.0009,0.0333,0.0152,-0.2195,-0.1763,-19.5452,-76.3256,0.7733,0.05032,0.04446,0.0634,-0.0875,-0.1375,0.0809,-0.01458,-0.01524
684,27.3600,0.0000,0.0000,0.0000,0.0014,-0.0120,0.0411,0.0643,-0.0220,-0.0986,-19.5447,-76.3254,0.7733,0.04579,0.09300,0.0606,-0.1119,-0.1657,0.0649,-0.01039,-0.00955
685,27.4000,0.0000,0.0000,0.0000,0.0078,0.0091,0.0650,-0.0231,-0.1838,-0.3101,-19.5446,-76.3252,0.7739,0.04082,0.08248,0.1097,-0.1027,-0.1437,0.1071,-0.01043,-0.01199
686,27.4400,0.0000,0.0000,0.0000,0.0197,0.0030,0.0157,-0.0100,-0.4248,-0.1041,-19.5448,-76.3247,0.7743,0.02784,0.05247,0.0441,-0.0923,-0.1361,0.0124,-0.00787,-0.01100
687,27.4800,0.0000,0.0000,0.0000,-0.0057,0.0082,0.0052,-0.0438,0.0169,0.0301,-19.5449,-76.3246,0.7730,0.02147,0.05022,0.0403,-0.1217,-0.1719,0.0331,0.00001,-0.00382
688,27.5200,0.0000,0.0000,0.0000,-0.0136,0.0255,0.0467,-0.1117,0.0629,-0.2703,-19.5457,-76.3249,0.7725,0.02347,-0.00917,0.0920,-0.0977,-0.1239,0.1019,0.00022,-0.00267
689,27.5600,0.0000,0.0000,0.0000,-0.0034,-0.0101,0.0347,0.0632,-0.1856,-0.2709,-19.5461,-76.3252,0.7728,0.02103,-0.02311,0.0532,-0.0619,-0.1319,0.0662,-0.00280,-0.00214
690,27.6000,0.0000,0.0000,0.0000,-0.0254,-0.0092,0.0409,0.0404,0.1797,-0.0824,-19.5454,-76.3257,0.7729,0.02162,0.02156,0.0699,-0.1174,-0.1554,0.0220,0.00147,-0.00163
691,27.6400,0.0000,0.0000,0.0000,-0.0467,0.0175,0.0623,-0.0616,0.5071,-0.3018,-19.5457,-76.3268,0.7733,0.03713,0.01103,0.0979,-0.1058,-0.1515,0.0991,-0.00015,-0.00724
692,27.6800,0.0000,0.0000,0.0000,-0.0201,-0.0177,-0.0037,0.0855,0.0162,-0.0519,-19.5459,-76.3279,0.7731,0.04607,0.00615,-0.0071,-0.0718,-0.1258,0.0499,-0.00982,-0.01272
693,27.7200,0.0000,0.0000,0.0000,-0.0284,-0.0008,0.0471,0.0119,0.1448,-0.2142,-19.5453,-76.3288,0.7721,0.04894,0.03702,0.1296,-0.1001,-0.1564,0.0993,-0.00732,-0.01331
694,27.7600,0.0000,0.0000,0.0000,-0.0247,0.0100,0.0800,-0.0361,0.0802,-0.2994,-19.5457,-76.3296,0.7736,0.05380,0.01998,0.0785,-0.1041,-0.1615,0.0641,-0.01074,-0.01505
695,27.8000,0.0000,0.0000,0.0000,-0.0246,-0.0039,0.0476,0.0305,0.1946,-0.2487,-19.5457,-76.3303,0.7747,0.05937,0.01844,0.0781,-0.1115,-0.1546,0.0774,-0.01132,-0.01452
696,27.8400,0.0000,0.0000,0.0000,-0.0077,0.0017,0.0233,0.0103,-0.0896,-0.2544,-19.5457,-76.3308,0.7745,0.05995,0.01858,0.1050,-0.0799,-0.1241,0.1004,-0.01315,-0.01860
697,27.8800,0.0000,0.0000,0.0000,-0.0115,0.0035,0.0320,-0.0056,0.0563,-0.1494,-19.5458,-76.3311,0.7742,0.06009,0.01717,0.0725,-0.1103,-0.1738,0.0492,-0.01137,-0.01725
698,27.9200,0.0000,0.0000,0.0000,0.0023,0.0029,0.0390,0.0053,-0.1614,-0.2567,-19.5459,-76.3312,0.7741,0.05687,0.01056,0.0836,-0.0975,-0.1470,0.1037,-0.01254,-0.01897
699,27.9600,0.0000,0.0000,0.0000,0.0073,-0.0104,0.0211,0.0578,-0.1828,-0.1088,-19.5456,-76.3310,0.7739,0.04996,0.01747,0.0460,-0.0937,-0.1527,0.0309,-0.01030,-0.01691
700,28.0000,0.0000,0.0000,0.0000,0.0205,0.0008,0.0073,0.0036,-0.4657,-0.1119,-19.5454,-76.3306,0.7729,0.03484,0.02378,0.0500,-0.0994,-0.1252,0.0629,-0.00553,-0.01615
701,28.0400,0.0000,0.0000,0.0000,0.0078,0.0083,0.0191,-0.0413,-0.2781,0.0202,-19.5455,-76.3303,0.7721,0.02113,0.01976,0.0252,-0.1072,-0.1559,0.0156,0.00257,-0.00748
702,28.0800,0.0000,0.0000,0.0000,-0.0065,0.0100,0.0285,-0.0467,-0.0829,-0.0442,-19.5459,-76.3303,0.7716,0.01495,0.00922,0.0332,-0.1023,-0.1445,0.0546,0.00596,-0.00182
703,28.1200,0.0000,0.0000,0.0000,-0.0177,0.0037,0.0671,-0.0169,0.0300,-0.1756,-19.5462,-76.3308,0.7721,0.01512,0.00296,0.0789,-0.1004,-0.1624,0.0901,0.00480,0.00084
704,28.1600,0.0000,0.0000,0.0000,-0.0133,-0.0225,0.0289,0.1063,-0.1268,-0.1193,-19.5459,-76.3314,0.7727,0.01282,0.01634,0.0119,-0.0835,-0.1451,0.0349,0.00134,0.00048
705,28.2000,0.0000,0.0000,0.0000,-0.0286,-0.0038,0.0474,0.0188,0.0382,-0.1721,-19.5453,-76.3324,0.7725,0.01088,0.03734,0.0756,-0.1116,-0.1404,0.0914,0.00491,-0.00107
706,28.2400,0.0000,0.0000,0.0000,-0.0458,0.0229,0.0488,-0.0939,0.2481,-0.2719,-19.5460,-76.3336,0.7731,0.01817,0.02569,0.0811,-0.0826,-0.1257,0.0499,0.00569,-0.00178
707,28.2800,0.0000,0.0000,0.0000,-0.0387,-0.0041,0.0024,0.0246,0.0419,-0.0818,-19.5467,-76.3351,0.7726,0.02374,0.01596,0.0200,-0.0683,-0.1331,0.0760,-0.00129,-0.00633
708,28.3200,0.0000,0.0000,0.0000,-0.0400,-0.0199,0.0363,0.0897,-0.0149,-0.0745,-19.5463,-76.3367,0.7717,0.02385,0.03325,0.0468,-0.0970,-0.1682,0.1089,-0.00256,-0.00558
709,28.3600,0.0000,0.0000,0.0000,-0.0551,0.0002,0.0709,0.0022,0.2359,-0.1202,-19.5462,-76.3385,0.7726,0.02885,0.04511,0.0386,-0.1288,-0.1598,0.0352,-0.00160,-0.00548
710,28.4000,0.0000,0.0000,0.0000,-0.0468,0.0094,0.0283,-0.0333,0.0351,-0.1886,-19.5468,-76.3403,0.7731,0.03329,0.03733,0.0416,-0.0911,-0.1137,0.0861,-0.00506,-0.00732
711,28.4400,0.0000,0.0000,0.0000,-0.0423,0.0042,0.0227,-0.0140,-0.0953,-0.1733,-19.5474,-76.3420,0.7726,0.03212,0.03214,0.0693,-0.0749,-0.1456,0.0833,-0.00772,-0.00659
712,28.4800,0.0000,0.0000,0.0000,-0.0535,0.0198,0.0357,-0.0862,0.0980,-0.1553,-19.5482,-76.3437,0.7724,0.03243,0.02348,0.0613,-0.1085,-0.1421,0.0127,-0.00585,-0.00711
713,28.5200,0.0000,0.0000,0.0000,-0.0507,0.0102,0.0297,-0.0428,0.0058,-0.0960,-19.5494,-76.3455,0.7723,0.03447,0.00942,0.0405,-0.0971,-0.1407,0.0789,-0.00953,-0.00891
714,28.5600,0.0000,0.0000,0.0000,-0.0501,-0.0058,0.0456,0.0359,-0.0046,-0.1960,-19.5498,-76.3474,0.7723,0.03425,0.00996,0.0621,-0.0989,-0.1380,0.1078,-0.01047,-0.00573
715,28.6000,0.0000,0.0000,0.0000,-0.0626,0.0001,0.0381,0.0050,0.2603,-0.1438,-19.5500,-76.3494,0.7726,0.04051,0.01552,0.0366,-0.1117,-0.1499,-0.0004,-0.00806,-0.00546
716,28.6400,0.0000,0.0000,0.0000,-0.0332,-0.0020,0.0112,0.0204,-0.3525,-0.1603,-19.5505,-76.3512,0.7721,0.03569,0.01319,0.0360,-0.0824,-0.1094,0.1148,-0.01477,-0.00989
717,28.6800,0.0000,0.0000,0.0000,-0.0403,-0.0195,0.0527,0.0833,-0.2392,0.0224,-19.5503,-76.3530,0.7721,0.02483,0.02547,0.0326,-0.1195,-0.1910,0.0718,-0.00943,-0.00492
718,28.7200,0.0000,0.0000,0.0000,-0.0536,0.0050,0.0535,-0.0227,0.0017,-0.0795,-19.5503,-76.3549,0.7729,0.02007,0.03312,0.0337,-0.1331,-0.1348,0.0404,-0.00435,-0.00404
719,28.7600,0.0000,0.0000,0.0000,-0.0592,0.0085,0.0385,-0.0351,0.0322,-0.0705,-19.5513,-76.3570,0.7733,0.02209,0.02624,0.0443,-0.1000,-0.1577,0.0945,-0.00479,-0.00241
720,28.8000,0.0000,0.0000,0.0000,-0.0660,0.0178,0.0331,-0.0704,0.1311,-0.2402,-19.5523,-76.3592,0.7731,0.02527,0.01775,0.0860,-0.0916,-0.1148,0.0719,-0.00484,-0.00268
721,28.8400,0.0000,0.0000,0.0000,-0.0639,-0.0144,0.0454,0.0758,0.0659,-0.1813,-19.5530,-76.3616,0.7733,0.03009,0.01646,0.0298,-0.0965,-0.1680,0.1394,-0.00770,-0.00303
722,28.8800,0.0000,0.0000,0.0000,-0.0738,-0.0019,0.0454,0.0155,0.2774,-0.2025,-19.5530,-76.3642,0.7737,0.03689,0.02669,0.0721,-0.1167,-0.1400,0.0297,-0.00537,-0.00596
723,28.9200,0.0000,0.0000,0.0000,-0.0654,0.0035,0.0298,0.0005,0.1085,-0.2782,-19.5539,-76.3666,0.7737,0.04411,0.02340,0.0525,-0.0878,-0.1232,0.1349,-0.00843,-0.01040
724,28.9600,0.0000,0.0000,0.0000,-0.0497,-0.0124,0.0173,0.0522,-0.1715,-0.0489,-19.5542,-76.3688,0.7733,0.04198,0.02706,0.0379,-0.0877,-0.1476,0.0722,-0.01272,-0.01223
725,29.0000,0.0000,0.0000,0.0000,-0.0505,0.0035,0.0429,-0.0017,-0.1530,-0.2522,-19.5545,-76.3709,0.7730,0.03470,0.03172,0.0711,-0.1083,-0.1380,0.1064,-0.00903,-0.01031
726,29.0400,0.0000,0.0000,0.0000,-0.0653,0.0154,0.0467,-0.0662,0.1528,-0.0893,-19.5555,-76.3729,0.7737,0.03665,0.02568,0.0399,-0.1172,-0.1627,0.0182,-0.00626,-0.00820
727,29.0800,0.0000,0.0000,0.0000,-0.0536,0.0073,-0.0023,-0.0291,-0.0652,-0.0778,-19.5567,-76.3749,0.7729,0.03737,0.01787,0.0233,-0.0938,-0.1299,0.0784,-0.00993,-0.01124
728,29.1200,0.0000,0.0000,0.0000,-0.0743,0.0210,0.0568,-0.0870,0.3522,-0.1712,-19.5578,-76.3771,0.7725,0.04465,0.01135,0.0939,-0.1261,-0.1516,0.0828,-0.00827,-0.00817
729,29.1600,0.0000,0.0000,0.0000,-0.0430,0.0043,0.0337,-0.0049,-0.2270,-0.2578,-19.5592,-76.3790,0.7731,0.04531,0.00139,0.0463,-0.0811,-0.1037,0.0946,-0.01610,-0.01299
730,29.2000,0.0000,0.0000,0.0000,-0.0472,-0.0170,0.0424,0.0808,-0.0829,-0.1359,-19.5592,-76.3809,0.7732,0.03954,0.01039,0.0655,-0.1148,-0.1600,0.0741,-0.00997,-0.00870
731,29.2400,0.0000,0.0000,0.0000,-0.0441,0.0007,0.0406,0.0061,-0.1517,-0.2090,-19.5594,-76.3827,0.7735,0.03417,0.01569,0.0622,-0.1056,-0.1340,0.0661,-0.00835,-0.01008
732,29.2800,0.0000,0.0000,0.0000,-0.0542,0.0003,0.0413,0.0017,0.0532,-0.0836,-19.5600,-76.3846,0.7738,0.03354,0.01588,0.0472,-0.1133,-0.1628,0.0852,-0.00516,-0.00918
733,29.3200,0.0000,0.0000,0.0000,-0.0554,0.0130,0.0186,-0.0511,0.0877,-0.1673,-19.5609,-76.3865,0.7734,0.03590,0.01241,0.0525,-0.1076,-0.1178,0.0605,-0.00534,-0.01028
734,29.3600,0.0000,0.0000,0.0000,-0.0645,0.0178,0.0388,-0.0661,0.2679,-0.2825,-19.5622,-76.3884,0.7730,0.04437,0.00425,0.0891,-0.0921,-0.1343,0.0944,-0.00591,-0.01145
735,29.4000,0.0000,0.0000,0.0000,-0.0295,-0.0229,0.0005,0.1258,-0.3878,-0.0167,-19.5629,-76.3901,0.7726,0.03921,0.00541,-0.0024,-0.0709,-0.1249,0.0686,-0.01270,-0.01512
736,29.4400,0.0000,0.0000,0.0000,-0.0390,-0.0013,0.0255,0.0142,-0.2240,-0.1440,-19.5626,-76.3918,0.7714,0.02615,0.01687,0.0688,-0.1120,-0.1275,0.0347,-0.00348,-0.01196
737,29.4800,0.0000,0.0000,0.0000,-0.0505,0.0225,0.0569,-0.1034,-0.0771,-0.1845,-19.5638,-76.3933,0.7720,0.02153,0.00928,0.0432,-0.1092,-0.1379,0.0547,-0.00010,-0.01064
738,29.5200,0.0000,0.0000,0.0000,-0.0555,0.0076,0.0369,-0.0264,-0.0167,-0.1563,-19.5651,-76.3951,0.7724,0.02055,0.00257,0.0602,-0.0882,-0.1335,0.0694,-0.00012,-0.00673
739,29.5600,0.0000,0.0000,0.0000,-0.0555,-0.0087,0.0211,0.0458,-0.0798,-0.1405,-19.5658,-76.3972,0.7720,0.01849,0.00446,0.0433,-0.0815,-0.1338,0.0731,-0.00099,-0.00670
740,29.6000,0.0000,0.0000,0.0000,-0.0711,-0.0052,0.0432,0.0295,0.1550,-0.1130,-19.5662,-76.3997,0.7719,0.02086,0.01048,0.0415,-0.1071,-0.1515,0.0575,0.00008,-0.00689
741,29.6400,0.0000,0.0000,0.0000,-0.0599,0.0090,0.0278,-0.0343,-0.1653,-0.2448,-19.5673,-76.4019,0.7719,0.01912,0.00871,0.0496,-0.0832,-0.1024,0.0636,-0.00228,-0.01107
742,29.6800,0.0000,0.0000,0.0000,-0.0770,-0.0011,0.0398,0.0066,0.1014,-0.0570,-19.5684,-76.4045,0.7719,0.01974,0.00903,0.0468,-0.0948,-0.1606,0.0534,-0.00117,-0.00715
743,29.7200,0.0000,0.0000,0.0000,-0.0899,0.0104,0.0324,-0.0419,0.3128,-0.1435,-19.5697,-76.4073,0.7718,0.02823,0.00751,0.0354,-0.1109,-0.1245,0.0494,-0.00294,-0.00611
744,29.7600,0.0000,0.0000,0.0000,-0.0740,0.0015,0.0137,0.0056,-0.0402,-0.2156,-19.5712,-76.4101,0.7712,0.03242,0.00366,0.0228,-0.0778,-0.1013,0.0883,-0.00783,-0.01091
745,29.8000,0.0000,0.0000,0.0000,-0.0662,-0.0169,0.0469,0.0806,-0.2331,-0.1459,-19.5719,-76.4129,0.7710,0.02648,0.00938,0.0456,-0.0935,-0.1544,0.0872,-0.00903,-0.01018
746,29.8400,0.0000,0.0000,0.0000,-0.0722,-0.0068,0.0518,0.0279,-0.1437,-0.0564,-19.5724,-76.4157,0.7719,0.01859,0.01711,0.0186,-0.1272,-0.1492,0.0134,-0.00384,-0.00718
747,29.8800,0.0000,0.0000,0.0000,-0.0872,0.0214,0.0432,-0.0958,0.0714,-0.0816,-19.5740,-76.4185,0.7723,0.01776,0.01355,0.0431,-0.1297,-0.1320,0.0635,0.00033,-0.00490
748,29.9200,0.0000,0.0000,0.0000,-0.0966,0.0134,0.0323,-0.0506,0.2161,-0.2179,-19.5762,-76.4215,0.7722,0.02506,0.00524,0.0454,-0.0890,-0.1250,0.1019,-0.00410,-0.00431
749,29.9600,0.4469,0.0000,-0.0386,0.0008,0.0606,0.0000,-0.0086,0.0264,0.0045,-20.0857,-76.2951,0.9946,-0.00000,-0.00000,0.0197,-0.0634,-0.1113,0.1162,0.00000,0.00000
750,30.0000,0.4469,0.0000,-0.0386,-0.0443,0.0441,-0.2747,0.4621,1.6819,-0.1610,-20.0881,-76.2955,0.9890,0.07117,0.02435,1.0632,0.5249,-1.1200,-0.0587,-0.00121,-0.00228
751,30.0400,0.4469,0.0000,-0.0386,0.1264,0.0296,-0.8123,0.5980,1.1769,-1.7535,-20.0879,-76.2932,0.9626,0.11040,0.05309,1.4651,2.2171,0.6359,1.2560,-0.01546,-0.01641
752,30.0800,0.4469,0.0000,-0.0386,0.2346,0.0145,-1.2073,0.7588,1.0653,-3.2650,-20.0876,-76.2907,0.9210,0.15478,0.05257,2.8406,2.2036,0.9005,2.6034,-0.02448,-0.02884
753,30.1200,0.4469,0.0000,-0.0386,0.3108,0.0379,-1.5753,-0.4881,0.4420,-0.0104,-20.0882,-76.2872,0.8625,0.17367,0.02918,1.5414,1.3403,0.7186,1.6267,-0.03019,-0.03978
754,30.1600,0.4469,0.0000,-0.0386,0.3921,0.0981,-1.9498,-0.4149,0.5494,2.2560,-20.0913,-76.2840,0.7906,0.19375,-0.00356,0.1176,0.0697,0.1188,0.0387,-0.04097,-0.03864
755,30.2000,0.4469,0.0000,-0.0386,0.1485,0.0264,0.1541,-0.1506,-0.5361,0.1132,-20.0917,-76.2785,0.7661,0.19181,-0.00099,-0.2052,-0.5491,-0.4255,0.2210,-0.05045,-0.04263
756,30.2400,0.4469,0.0000,-0.0386,0.2212,-0.0036,0.0838,-0.1484,-0.8401,0.1135,-20.0866,-76.2719,0.7710,0.16232,0.00115,-0.2673,-0.7211,-0.4798,-0.8559,-0.04343,-0.03245
757,30.2800,0.4469,0.0000,-0.0386,0.2587,0.0158,-0.0285,-0.0815,-0.9293,0.0159,-20.0814,-76.2639,0.7687,0.11494,-0.00220,-0.6158,-0.9339,-0.3228,-0.1786,-0.03164,-0.01742
758,30.3200,0.4469,0.0000,-0.0386,0.2548,0.0188,0.0824,-0.0881,-0.7429,-0.1196,-20.0764,-76.2559,0.7676,0.08546,-0.00948,-0.1321,-0.3253,-0.0536,0.1634,-0.01662,-0.00093
759,30.3600,0.4469,0.0000,-0.0386,0.2493,0.0052,0.0644,-0.0280,-0.2914,-0.0061,-20.0707,-76.2479,0.7686,0.07035,-0.01202,0.0201,-0.0955,-0.0661,-0.0135,-0.00674,0.00808
760,30.4000,0.4469,0.0000,-0.0386,0.2647,-0.0105,0.0383,0.0519,-0.3185,-0.0368,-20.0644,-76.2400,0.7684,0.05830,-0.01091,-0.0106,-0.1101,-0.1103,0.0811,-0.00370,0.01104
761,30.4400,0.4469,0.0000,-0.0386,0.2632,0.0122,0.0546,-0.0545,-0.0479,-0.0970,-20.0578,-76.2316,0.7683,0.05115,-0.01036,0.0053,-0.1379,-0.0721,-0.0098,0.00088,0.01305
762,30.4800,0.4469,0.0000,-0.0386,0.2633,0.0062,0.0429,-0.0286,0.1387,-0.0420,-20.0517,-76.2230,0.7682,0.05459,-0.01393,-0.0284,-0.1206,-0.0884,0.0422,0.00085,0.01322
763,30.5200,0.4469,0.0000,-0.0386,0.2885,-0.0017,0.0318,0.0074,-0.1777,0.0018,-20.0449,-76.2141,0.7675,0.05215,-0.01474,-0.0044,-0.1105,-0.0595,0.0381,-0.00251,0.00966
764,30.5600,0.4469,0.0000,-0.0386,0.2997,-0.0080,0.0541,0.0417,-0.2427,-0.0693,-20.0375,-76.2051,0.7672,0.04341,-0.01276,-0.0040,-0.1098,-0.0777,0.0567,-0.00028,0.01126
765,30.6000,0.4469,0.0000,-0.0386,0.2987,-0.0073,0.0543,0.0397,-0.0763,-0.0792,-20.0298,-76.1959,0.7676,0.03776,-0.00970,-0.0279,-0.1193,-0.0891,-0.0001,0.00267,0.01377
766,30.6400,0.4469,0.0000,-0.0386,0.2990,0.0054,0.0426,-0.0285,0.0101,0.0262,-20.0224,-76.1865,0.7676,0.03645,-0.00936,-0.0230,-0.1314,-0.0818,0.0118,0.00473,0.01241
767,30.6800,0.4469,0.0000,-0.0386,0.3033,0.0042,0.0278,-0.0260,0.0109,0.0799,-20.0152,-76.1768,0.7670,0.03723,-0.01127,-0.0398,-0.1178,-0.0855,0.0152,0.00344,0.01180
768,30.7200,0.4469,0.0000,-0.0386,0.3089,0.0120,0.0474,-0.0536,0.0024,-0.1013,-20.0079,-76.1669,0.7664,0.03687,-0.01382,-0.0044,-0.1162,-0.0515,0.0426,0.00192,0.00961
769,30.7600,0.4469,0.0000,-0.0386,0.3128,0.0062,0.0560,-0.0278,0.0324,-0.0598,-20.0005,-76.1568,0.7667,0.03805,-0.01677,-0.0245,-0.1258,-0.0735,-0.0036,0.00111,0.00850
770,30.8000,0.4469,0.0000,-0.0386,0.3317,-0.0178,0.0455,0.0862,-0.2522,-0.0067,-19.9923,-76.1468,0.7668,0.03280,-0.01477,-0.0211,-0.1034,-0.0833,0.0582,-0.00114,0.00889
771,30.8400,0.4469,0.0000,-0.0386,0.3310,-0.0068,0.0521,0.0368,-0.1620,-0.0920,-19.9836,-76.1368,0.7669,0.02413,-0.00962,-0.0023,-0.1115,-0.0674,0.0103,0.00386,0.00982
772,30.8800,0.4469,0.0000,-0.0386,0.3157,0.0192,0.0556,-0.0917,0.1624,-0.0848,-19.9757,-76.1265,0.7674,0.02559,-0.01160,-0.0102,-0.1324,-0.0867,-0.0143,0.00699,0.01034
773,30.9200,0.4469,0.0000,-0.0386,0.3244,0.0146,0.0345,-0.0769,0.0211,0.0563,-19.9684,-76.1159,0.7673,0.02906,-0.01789,-0.0111,-0.1194,-0.0710,0.0235,0.00216,0.00722
774,30.9600,0.4469,0.0000,-0.0386,0.3459,-0.0090,0.0252,0.0408,-0.3743,0.0289,-19.9602,-76.1054,0.7665,0.02056,-0.01883,-0.0116,-0.0989,-0.0751,0.0402,-0.00121,0.00517
775,31.0000,0.4469,0.0000,-0.0386,0.3455,-0.0201,0.0626,0.1006,-0.3556,-0.0560,-19.9512,-76.0952,0.7668,0.00605,-0.01313,-0.0040,-0.1096,-0.0992,0.0441,0.00428,0.00854
776,31.0400,0.4469,0.0000,-0.0386,0.3082,0.0190,0.0613,-0.0904,0.3543,-0.0694,-19.9429,-76.0850,0.7679,0.00814,-0.01156,-0.0079,-0.1507,-0.0891,-0.0785,0.01150,0.01062
777,31.0800,0.4469,0.0000,-0.0386,0.3246,0.0151,0.0095,-0.0763,-0.0572,0.0071,-19.9358,-76.0744,0.7675,0.01335,-0.01928,-0.0284,-0.1061,-0.0657,0.0567,0.00382,0.00575
778,31.1200,0.4469,0.0000,-0.0386,0.3185,-0.0022,0.0241,0.0100,0.0604,0.0033,-19.9278,-76.0642,0.7663,0.01375,-0.01997,-0.0093,-0.1127,-0.0790,-0.0001,0.00358,0.00781
779,31.1600,0.4469,0.0000,-0.0386,0.3179,0.0063,0.0528,-0.0265,0.0456,-0.0927,-19.9200,-76.0542,0.7663,0.01570,-0.02074,-0.0148,-0.1269,-0.0754,-0.0102,0.00260,0.00506
780,31.2000,0.4469,0.0000,-0.0386,0.3278,-0.0093,0.0455,0.0439,-0.1788,0.0015,-19.9119,-76.0441,0.7667,0.01253,-0.02044,-0.0244,-0.1179,-0.0889,0.0080,0.00038,0.00374
781,31.2400,0.4469,0.0000,-0.0386,0.3200,-0.0076,0.0536,0.0373,-0.0634,-0.0173,-19.9035,-76.0343,0.7671,0.00781,-0.01677,0.0086,-0.1224,-0.0893,0.0213,0.00303,0.00548
782,31.2800,0.4469,0.0000,-0.0386,0.3139,0.0001,0.0345,-0.0008,-0.0045,-0.0239,-19.8955,-76.0245,0.7673,0.00708,-0.01580,-0.0242,-0.1123,-0.0897,-0.0183,0.00387,0.00552
783,31.3200,0.4469,0.0000,-0.0386,0.3132,0.0022,0.0329,-0.0119,-0.0674,0.0068,-19.8877,-76.0147,0.7670,0.00524,-0.01641,-0.0237,-0.1317,-0.0974,0.0146,0.00439,0.00531
784,31.3600,0.4469,0.0000,-0.0386,0.3146,0.0011,0.0311,-0.0046,-0.1728,-0.0248,-19.8800,-76.0049,0.7668,0.00009,-0.01703,-0.0174,-0.1119,-0.0759,0.0032,0.00278,0.00541
785,31.4000,0.4469,0.0000,-0.0386,0.3006,-0.0085,0.0339,0.0403,0.0123,0.0200,-19.8721,-75.9955,0.7667,-0.00188,-0.01527,-0.0436,-0.1227,-0.1164,-0.0139,0.00589,0.00891
786,31.4400,0.4469,0.0000,-0.0386,0.2929,0.0169,0.0481,-0.0809,0.0638,-0.0593,-19.8648,-75.9861,0.7668,-0.00102,-0.01664,-0.0086,-0.1488,-0.0762,-0.0125,0.00501,0.00515
787,31.4800,0.4469,0.0000,-0.0386,0.2844,-0.0005,0.0398,0.0035,0.1409,-0.0323,-19.8580,-75.9768,0.7671,0.00465,-0.01956,-0.0257,-0.1093,-0.0963,0.0253,0.00239,0.00695
788,31.5200,0.4469,0.0000,-0.0386,0.2855,0.0021,0.0380,-0.0075,0.0687,-0.0662,-19.8507,-75.9678,0.7670,0.00757,-0.01916,-0.0062,-0.1343,-0.0654,0.0009,0.00143,0.00352
789,31.5600,0.4469,0.0000,-0.0386,0.2839,0.0032,0.0436,-0.0122,0.0377,-0.0757,-19.8436,-75.9588,0.7671,0.00993,-0.02011,-0.0158,-0.1280,-0.0837,0.0091,-0.00190,0.00256
790,31.6000,0.4469,0.0000,-0.0386,0.2675,0.0030,0.0425,-0.0153,0.3511,-0.0025,-19.8366,-75.9501,0.7671,0.01887,-0.02032,-0.0329,-0.1467,-0.0957,-0.0346,-0.00272,0.00329
791,31.6400,0.4469,0.0000,-0.0386,0.2839,0.0124,0.0343,-0.0584,0.0118,-0.0596,-19.8299,-75.9411,0.7668,0.02436,-0.02370,-0.0056,-0.1304,-0.0517,0.0168,-0.00809,-0.00391
792,31.6800,0.4469,0.0000,-0.0386,0.2846,0.0067,0.0514,-0.0270,0.0319,-0.1132,-19.8230,-75.9320,0.7667,0.02536,-0.02629,-0.0022,-0.1376,-0.0775,-0.0006,-0.00799,-0.00370
793,31.7200,0.4469,0.0000,-0.0386,0.2943,-0.0152,0.0624,0.0796,-0.1285,-0.0788,-19.8155,-75.9232,0.7673,0.02335,-0.02480,-0.0048,-0.1253,-0.0996,0.0360,-0.00930,-0.00233
794,31.7600,0.4469,0.0000,-0.0386,0.2884,-0.0065,0.0510,0.0328,0.0214,-0.0249,-19.8076,-75.9146,0.7679,0.02103,-0.02020,-0.0061,-0.1485,-0.0926,-0.0429,-0.00669,-0.00031
795,31.8000,0.4469,0.0000,-0.0386,0.2879,0.0111,0.0376,-0.0572,0.0144,0.0337,-19.8004,-75.9055,0.7679,0.02160,-0.02172,-0.0146,-0.1503,-0.0853,0.0047,-0.00739,-0.00301
796,31.8400,0.4469,0.0000,-0.0386,0.2904,-0.0118,0.0349,0.0511,-0.0207,0.0984,-19.7931,-75.8966,0.7676,0.02220,-0.02206,-0.0408,-0.1357,-0.1145,0.0320,-0.00993,-0.00091
797,31.8800,0.4469,0.0000,-0.0386,0.2932,0.0008,0.0455,-0.0016,-0.0459,-0.0431,-19.7854,-75.8877,0.7674,0.01989,-0.01979,0.0015,-0.1369,-0.0660,-0.0077,-0.01016,-0.00139
798,31.9200,0.4469,0.0000,-0.0386,0.3003,0.0033,0.0470,-0.0126,-0.2010,-0.1012,-19.7781,-75.8784,0.7677,0.01475,-0.02102,-0.0051,-0.1229,-0.0774,0.0258,-0.01016,-0.00236
799,31.9600,0.4469,0.0000,-0.0386,0.3000,-0.0055,0.0529,0.0249,-0.2193,0.0038,-19.7705,-75.8693,0.7682,0.00641,-0.02016,0.0014,-0.1433,-0.1079,0.0145,-0.00758,-0.00052
800,32.0000,0.4469,0.0000,-0.0386,0.2832,0.0078,0.0375,-0.0370,0.0682,-0.0576,-19.7630,-75.8604,0.7684,0.00438,-0.01983,-0.0015,-0.1400,-0.0897,-0.0263,-0.00388,0.00263
801,32.0400,0.4469,0.0000,-0.0386,0.2864,0.0119,0.0254,-0.0568,-0.0812,-0.0664,-19.7562,-75.8512,0.7681,0.00368,-0.02363,-0.0047,-0.1295,-0.0708,0.0270,-0.00399,0.00116
802,32.0800,0.4469,0.0000,-0.0386,0.2761,-0.0030,0.0261,0.0166,0.0733,-0.0672,-19.7491,-75.8425,0.7675,0.00456,-0.02419,-0.0226,-0.1286,-0.0929,-0.0086,-0.00315,0.00361
803,32.1200,0.4469,0.0000,-0.0386,0.2694,-0.0016,0.0384,0.0087,0.1533,-0.0420,-19.7419,-75.8342,0.7672,0.00922,-0.02310,-0.0236,-0.1423,-0.0861,-0.0139,-0.00629,0.00208
804,32.1600,0.4469,0.0000,-0.0386,0.2551,0.0055,0.0570,-0.0242,0.4150,-0.0749,-19.7351,-75.8259,0.7675,0.02166,-0.02339,-0.0137,-0.1552,-0.0950,-0.0016,-0.00844,0.00195
805,32.2000,0.4469,0.0000,-0.0386,0.2796,-0.0071,0.0496,0.0368,-0.0652,-0.0617,-19.7282,-75.8175,0.7678,0.02703,-0.02407,0.0025,-0.1220,-0.0755,0.0497,-0.01545,-0.00377
806,32.2400,0.4469,0.0000,-0.0386,0.2665,-0.0115,0.0511,0.0578,0.2651,-0.0409,-19.7206,-75.8095,0.7680,0.03195,-0.01956,-0.0156,-0.1504,-0.1108,-0.0318,-0.01335,-0.00171
807,32.2800,0.4469,0.0000,-0.0386,0.2768,0.0092,0.0591,-0.0406,0.1015,-0.1027,-19.7135,-75.8010,0.7683,0.03819,-0.02005,0.0124,-0.1449,-0.0773,0.0343,-0.01689,-0.00605
808,32.3200,0.4469,0.0000,-0.0386,0.2896,-0.0014,0.0473,0.0042,-0.0744,0.0115,-19.7062,-75.7922,0.7685,0.03848,-0.02151,0.0032,-0.1289,-0.0933,0.0107,-0.01996,-0.00642
809,32.3600,0.4469,0.0000,-0.0386,0.2995,-0.0120,0.0459,0.0601,-0.1928,-0.0434,-19.6983,-75.7834,0.7684,0.03233,-0.01910,-0.0003,-0.1321,-0.0994,0.0418,-0.02075,-0.00544
810,32.4000,0.4469,0.0000,-0.0386,0.2983,-0.0001,0.0524,0.0017,-0.1051,-0.0510,-19.6903,-75.7746,0.7686,0.02613,-0.01689,-0.0036,-0.1452,-0.0799,0.0026,-0.01553,-0.00406
811,32.4400,0.4469,0.0000,-0.0386,0.2941,0.0132,0.0310,-0.0666,-0.0059,0.0064,-19.6829,-75.7654,0.7685,0.02475,-0.01905,-0.0154,-0.1441,-0.1023,-0.0363,-0.01378,-0.00320
812,32.4800,0.4469,0.0000,-0.0386,0.2938,0.0051,0.0454,-0.0281,0.0208,0.0243,-19.6756,-75.7561,0.7682,0.02539,-0.02220,-0.0079,-0.1498,-0.1104,0.0433,-0.01383,-0.00237
813,32.5200,0.4469,0.0000,-0.0386,0.2941,-0.0106,0.0480,0.0475,0.0656,0.0468,-19.6678,-75.7472,0.7683,0.02763,-0.02110,-0.0204,-0.1389,-0.1046,-0.0022,-0.01423,-0.00044
814,32.5600,0.4469,0.0000,-0.0386,0.2894,0.0206,0.0502,-0.0973,0.2075,-0.0916,-19.6602,-75.7381,0.7683,0.03240,-0.02224,0.0246,-0.1556,-0.0575,-0.0207,-0.01099,-0.00245
815,32.6000,0.4469,0.0000,-0.0386,0.3049,0.0127,0.0445,-0.0519,-0.0595,-0.1962,-19.6531,-75.7284,0.7683,0.03520,-0.02849,0.0171,-0.1145,-0.0694,0.0545,-0.01480,-0.00555
816,32.6400,0.4469,0.0000,-0.0386,0.3169,-0.0175,0.0416,0.0866,-0.2170,-0.0538,-19.6448,-75.7192,0.7682,0.02910,-0.02663,0.0097,-0.1187,-0.0911,-0.0006,-0.01662,-0.00410
817,32.6800,0.4469,0.0000,-0.0386,0.3206,-0.0175,0.0528,0.0852,-0.2793,-0.0114,-19.6359,-75.7102,0.7684,0.01842,-0.02071,0.0083,-0.1381,-0.1018,0.0243,-0.01235,-0.00183
818,32.7200,0.4469,0.0000,-0.0386,0.2995,-0.0062,0.0412,0.0295,0.1451,0.0088,-19.6273,-75.7012,0.7687,0.01775,-0.01661,-0.0251,-0.1356,-0.1141,-0.0297,-0.00594,0.00295
819,32.7600,0.4469,0.0000,-0.0386,0.2961,0.0140,0.0305,-0.0679,0.2019,-0.0208,-19.6196,-75.6920,0.7682,0.02455,-0.01844,-0.0152,-0.1433,-0.0825,0.0077,-0.00795,0.00190
820,32.8000,0.4469,0.0000,-0.0386,0.3004,0.0069,0.0377,-0.0316,0.1429,-0.0448,-19.6121,-75.6825,0.7676,0.03174,-0.02200,-0.0069,-0.1238,-0.0863,0.0205,-0.01185,0.00131
821,32.8400,0.4469,0.0000,-0.0386,0.3134,-0.0039,0.0551,0.0223,-0.0537,-0.0592,-19.6039,-75.6732,0.7676,0.03232,-0.02232,0.0023,-0.1361,-0.0787,0.0277,-0.01581,-0.00176
822,32.8800,0.4469,0.0000,-0.0386,0.3182,0.0004,0.0518,-0.0016,-0.0970,-0.0192,-19.5955,-75.6637,0.7680,0.02880,-0.02142,0.0013,-0.1416,-0.0800,-0.0225,-0.01354,-0.00204
823,32.9200,0.4469,0.0000,-0.0386,0.3176,0.0112,0.0475,-0.0544,-0.0690,-0.0390,-19.5873,-75.6540,0.7681,0.02555,-0.02322,0.0189,-0.1360,-0.0805,0.0111,-0.01186,-0.00186
824,32.9600,0.4469,0.0000,-0.0386,0.3201,0.0108,0.0397,-0.0506,-0.0958,-0.0768,-19.5793,-75.6441,0.7681,0.02224,-0.02661,0.0112,-0.1301,-0.0720,0.0043,-0.00961,-0.00056
825,33.0000,0.4469,0.0000,-0.0386,0.3218,-0.0159,0.0352,0.0774,-0.1141,-0.0207,-19.5707,-75.6346,0.7678,0.01855,-0.02543,-0.0135,-0.1169,-0.0936,0.0304,-0.00915,0.00297
826,33.0400,0.4469,0.0000,-0.0386,0.3178,-0.0197,0.0380,0.0972,-0.0202,-0.0173,-19.5616,-75.6256,0.7676,0.01564,-0.01929,-0.0171,-0.1228,-0.0692,0.0200,-0.00646,0.00415
827,33.0800,0.4469,0.0000,-0.0386,0.3229,-0.0007,0.0398,0.0056,-0.1643,-0.0651,-19.5528,-75.6164,0.7675,0.01130,-0.01661,-0.0053,-0.1222,-0.0673,0.0209,-0.00500,0.00100
828,33.1200,0.4469,0.0000,-0.0386,0.3060,0.0040,0.0375,-0.0209,0.1556,0.0062,-19.5445,-75.6070,0.7675,0.01266,-0.01673,-0.0213,-0.1271,-0.0840,-0.0073,-0.00216,0.00540
829,33.1600,0.4469,0.0000,-0.0386,0.3091,-0.0024,0.0217,0.0114,0.0799,-0.0027,-19.5363,-75.5976,0.7669,0.01722,-0.01742,-0.0378,-0.1132,-0.0666,0.0317,-0.00684,0.00362
830,33.2000,0.4469,0.0000,-0.0386,0.3067,0.0133,0.0407,-0.0622,0.1372,-0.0753,-19.5282,-75.5882,0.7663,0.02113,-0.01862,-0.0074,-0.1342,-0.0536,-0.0143,-0.00627,0.00217
831,33.2400,0.4469,0.0000,-0.0386,0.3222,-0.0067,0.0506,0.0311,-0.1633,0.0217,-19.5200,-75.5787,0.7666,0.02027,-0.02057,-0.0211,-0.1144,-0.0803,0.0510,-0.01096,-0.00045
832,33.2800,0.4469,0.0000,-0.0386,0.3148,0.0015,0.0511,-0.0039,0.0225,-0.0727,-19.5113,-75.5693,0.7668,0.01718,-0.01837,0.0023,-0.1366,-0.0624,-0.0240,-0.00575,0.00109
833,33.3200,0.4469,0.0000,-0.0386,0.3241,-0.0018,0.0479,0.0097,-0.1897,-0.0462,-19.5029,-75.5598,0.7672,0.01363,-0.01920,-0.0118,-0.1183,-0.0748,0.0554,-0.00779,0.00013
834,33.3600,0.4469,0.0000,-0.0386,0.3196,0.0009,0.0385,-0.0030,-0.1037,-0.0690,-19.4942,-75.5503,0.7673,0.00771,-0.01807,-0.0006,-0.1273,-0.0696,-0.0109,-0.00422,0.00095
835,33.4000,0.4469,0.0000,-0.0386,0.3193,0.0014,0.0226,-0.0095,-0.1635,0.0140,-19.4858,-75.5408,0.7670,0.00237,-0.01872,-0.0259,-0.1174,-0.0663,0.0069,-0.00395,0.00129
836,33.4400,0.4469,0.0000,-0.0386,0.2981,-0.0021,0.0375,0.0067,0.2046,0.0678,-19.4775,-75.5317,0.7667,0.00507,-0.01797,-0.0336,-0.1377,-0.1073,-0.0050,-0.00180,0.00439
837,33.4800,0.4469,0.0000,-0.0386,0.2934,0.0283,0.0343,-0.1370,0.2569,-0.0729,-19.4699,-75.5223,0.7664,0.01378,-0.02234,-0.0082,-0.1373,-0.0374,-0.0477,-0.00515,0.00008
838,33.5200,0.4469,0.0000,-0.0386,0.3113,-0.0018,0.0288,0.0085,-0.1262,-0.0115,-19.4624,-75.5128,0.7660,0.01585,-0.02741,-0.0273,-0.1080,-0.0643,0.0515,-0.01132,-0.00301
839,33.5600,0.4469,0.0000,-0.0386,0.3064,-0.0218,0.0538,0.1094,0.0019,-0.0238,-19.4536,-75.5041,0.7659,0.01346,-0.02225,-0.0115,-0.1230,-0.0729,0.0087,-0.00724,-0.00008
840,33.6000,0.4469,0.0000,-0.0386,0.3091,-0.0018,0.0548,0.0147,-0.0778,-0.1262,-19.4450,-75.4953,0.7666,0.01124,-0.01879,-0.0136,-0.1295,-0.0593,-0.0042,-0.00477,-0.00276
841,33.6400,0.4469,0.0000,-0.0386,0.2975,0.0028,0.0378,-0.0167,0.1284,0.0406,-19.4368,-75.4863,0.7669,0.01336,-0.01883,-0.0314,-0.1345,-0.0818,-0.0184,-0.00350,-0.00207
842,33.6800,0.4469,0.0000,-0.0386,0.3092,0.0087,0.0320,-0.0436,-0.1435,-0.0027,-19.4289,-75.4770,0.7665,0.01187,-0.02132,0.0003,-0.1218,-0.0574,0.0375,-0.00608,-0.00587
843,33.7200,0.4469,0.0000,-0.0386,0.3125,0.0040,0.0426,-0.0178,-0.2361,-0.0711,-19.4208,-75.4677,0.7665,0.00413,-0.02299,-0.0089,-0.1273,-0.0750,-0.0072,-0.00318,-0.00362
844,33.7600,0.4469,0.0000,-0.0386,0.2976,-0.0048,0.0498,0.0263,0.0190,-0.0675,-19.4126,-75.4588,0.7669,0.00092,-0.02207,-0.0128,-0.1267,-0.0769,0.0098,-0.00052,0.00013
845,33.8000,0.4469,0.0000,-0.0386,0.2796,0.0086,0.0385,-0.0412,0.3185,-0.0384,-19.4048,-75.4502,0.7671,0.00875,-0.02211,-0.0131,-0.1371,-0.0685,-0.0309,0.00029,-0.00030
846,33.8400,0.4469,0.0000,-0.0386,0.2954,-0.0104,0.0160,0.0504,-0.0444,0.0101,-19.3970,-75.4416,0.7664,0.01346,-0.02290,-0.0530,-0.1165,-0.0808,0.0330,-0.00677,-0.00522
847,33.8800,0.4469,0.0000,-0.0386,0.2833,-0.0001,0.0504,0.0014,0.2077,-0.0195,-19.3888,-75.4332,0.7660,0.01678,-0.02004,-0.0200,-0.1539,-0.0777,-0.0340,-0.00474,-0.00278
848,33.9200,0.4469,0.0000,-0.0386,0.2950,0.0091,0.0549,-0.0419,-0.0409,-0.0687,-19.3813,-75.4244,0.7665,0.01945,-0.02264,-0.0126,-0.1292,-0.0576,0.0211,-0.00781,-0.00804
849,33.9600,0.4469,0.0000,-0.0386,0.2971,-0.0008,0.0499,0.0019,-0.0675,0.0209,-19.3734,-75.4155,0.7669,0.01719,-0.02343,0.0034,-0.1322,-0.0720,0.0065,-0.00811,-0.00837
850,34.0000,0.4469,0.0000,-0.0386,0.3005,-0.0069,0.0365,0.0396,-0.1311,-0.1380,-19.3652,-75.4069,0.7669,0.01299,-0.02204,-0.0078,-0.1092,-0.0616,0.0343,-0.00833,-0.00608
851,34.0400,0.4469,0.0000,-0.0386,0.3020,-0.0075,0.0385,0.0363,-0.1873,-0.0191,-19.3568,-75.3983,0.7670,0.00641,-0.01954,-0.0205,-0.1274,-0.0795,-0.0123,-0.00689,-0.00402
852,34.0800,0.4469,0.0000,-0.0386,0.2849,-0.0004,0.0425,-0.0016,0.0963,0.0569,-19.3487,-75.3899,0.7670,0.00596,-0.01802,-0.0195,-0.1363,-0.0986,-0.0065,-0.00278,-0.00000
853,34.1200,0.4469,0.0000,-0.0386,0.2824,0.0004,0.0363,-0.0047,0.1033,0.0315,-19.3410,-75.3814,0.7670,0.01015,-0.01862,-0.0304,-0.1274,-0.0767,0.0246,-0.00561,-0.00014
854,34.1600,0.4469,0.0000,-0.0386,0.2843,0.0089,0.0337,-0.0416,0.0457,-0.0814,-19.3334,-75.3729,0.7666,0.01243,-0.01993,-0.0083,-0.1233,-0.0445,0.0045,-0.00589,-0.00129
855,34.2000,0.4469,0.0000,-0.0386,0.2924,-0.0147,0.0394,0.0667,-0.1492,0.0836,-19.3256,-75.3645,0.7666,0.01062,-0.01948,-0.0398,-0.1216,-0.1040,0.0235,-0.00793,-0.00115
856,34.2400,0.4469,0.0000,-0.0386,0.2937,-0.0006,0.0432,0.0025,-0.2096,-0.0229,-19.3174,-75.3562,0.7667,0.00225,-0.01659,0.0034,-0.1281,-0.0650,-0.0110,-0.00523,-0.00118
857,34.2800,0.4469,0.0000,-0.0386,0.2640,0.0197,0.0593,-0.0957,0.3105,-0.0655,-19.3102,-75.3477,0.7673,0.00692,-0.01915,-0.0016,-0.1411,-0.0973,-0.0192,-0.00108,0.00294
858,34.3200,0.4469,0.0000,-0.0386,0.2674,0.0075,0.0232,-0.0395,0.2124,0.0027,-19.3034,-75.3393,0.7672,0.01736,-0.02391,-0.0302,-0.1210,-0.0624,0.0044,-0.00575,-0.00004
859,34.3600,0.4469,0.0000,-0.0386,0.2884,-0.0041,0.0286,0.0209,-0.2241,-0.0460,-19.2959,-75.3310,0.7663,0.01477,-0.02442,0.0093,-0.1143,-0.0433,0.0541,-0.01117,-0.00414
860,34.4000,0.4469,0.0000,-0.0386,0.2648,-0.0103,0.0723,0.0487,0.2480,0.0223,-19.2880,-75.3232,0.7670,0.01790,-0.02116,-0.0149,-0.1461,-0.1254,-0.0292,-0.00632,0.00150
861,34.4400,0.4469,0.0000,-0.0386,0.2729,0.0115,0.0399,-0.0533,0.0979,-0.0931,-19.2807,-75.3150,0.7674,0.02319,-0.02202,-0.0183,-0.1449,-0.0487,-0.0211,-0.00881,-0.00355
862,34.4800,0.4469,0.0000,-0.0386,0.2855,-0.0174,0.0299,0.0816,-0.1576,0.0483,-19.2731,-75.3069,0.7670,0.02218,-0.02155,-0.0268,-0.1094,-0.1010,0.0535,-0.01200,-0.00208
863,34.5200,0.4469,0.0000,-0.0386,0.2850,-0.0040,0.0421,0.0235,-0.1171,-0.0948,-19.2649,-75.2990,0.7667,0.01568,-0.01733,-0.0107,-0.1363,-0.0746,-0.0313,-0.00969,-0.00079
864,34.5600,0.4469,0.0000,-0.0386,0.2793,0.0184,0.0612,-0.0898,-0.0397,-0.0568,-19.2576,-75.2904,0.7674,0.01294,-0.02001,-0.0031,-0.1514,-0.0821,-0.0050,-0.00864,-0.00048
865,34.6000,0.4469,0.0000,-0.0386,0.2672,-0.0083,0.0419,0.0392,0.2039,0.0015,-19.2503,-75.2823,0.7677,0.01828,-0.02125,-0.0284,-0.1232,-0.1033,0.0324,-0.00980,0.00396
866,34.6400,0.4469,0.0000,-0.0386,0.2739,-0.0052,0.0343,0.0261,0.0916,-0.0396,-19.2425,-75.2744,0.7673,0.02285,-0.01891,-0.0177,-0.1399,-0.0691,0.0035,-0.01127,0.00091
867,34.6800,0.4469,0.0000,-0.0386,0.2792,-0.0050,0.0534,0.0232,-0.0041,0.0026,-19.2348,-75.2664,0.7674,0.02455,-0.01776,-0.0184,-0.1396,-0.0967,0.0280,-0.01259,-0.00030
868,34.7200,0.4469,0.0000,-0.0386,0.2805,0.0013,0.0364,-0.0079,0.0157,-0.0068,-19.2271,-75.2582,0.7675,0.02454,-0.01700,-0.0223,-0.1318,-0.0741,-0.0298,-0.01066,0.00060
869,34.7600,0.4469,0.0000,-0.0386,0.2789,0.0019,0.0355,-0.0125,0.0677,0.0283,-19.2195,-75.2499,0.7670,0.02668,-0.01767,-0.0219,-0.1262,-0.0868,0.0157,-0.01056,0.00254
870,34.8000,0.4469,0.0000,-0.0386,0.2807,0.0177,0.0455,-0.0866,0.0797,-0.0451,-19.2121,-75.2414,0.7668,0.02913,-0.02062,-0.0133,-0.1529,-0.0753,-0.0330,-0.01247,0.00087
871,34.8400,0.4469,0.0000,-0.0386,0.2939,0.0019,0.0548,-0.0083,-0.1415,-0.0528,-19.2047,-75.2326,0.7671,0.02750,-0.02414,-0.0121,-0.1365,-0.0855,0.0388,-0.01298,0.00008
872,34.8800,0.4469,0.0000,-0.0386,0.2947,-0.0032,0.0557,0.0171,-0.0972,-0.0549,-19.1965,-75.2241,0.7676,0.02251,-0.02295,0.0061,-0.1428,-0.0789,-0.0169,-0.00952,0.00073
873,34.9200,0.4469,0.0000,-0.0386,0.2872,-0.0112,0.0407,0.0549,0.0740,-0.0244,-19.1883,-75.2159,0.7677,0.02328,-0.02064,-0.0321,-0.1324,-0.1034,0.0035,-0.00623,0.00312
874,34.9600,0.4469,0.0000,-0.0386,0.3011,-0.0039,0.0330,0.0152,-0.1969,0.0459,-19.1800,-75.2074,0.7674,0.01922,-0.01882,-0.0120,-0.1329,-0.0722,0.0090,-0.00637,0.00077
875,35.0000,0.4469,0.0000,-0.0386,0.2817,0.0086,0.0522,-0.0388,0.2016,-0.0879,-19.1721,-75.1989,0.7674,0.02107,-0.01894,0.0019,-0.1338,-0.0889,0.0042,-0.00218,0.00522
876,35.0400,0.4469,0.0000,-0.0386,0.2907,0.0078,0.0383,-0.0374,0.0467,-0.0484,-19.1645,-75.1901,0.7675,0.02555,-0.02209,-0.0309,-0.1397,-0.0741,-0.0128,-0.00482,0.00245
877,35.0800,0.4469,0.0000,-0.0386,0.2916,0.0005,0.0368,-0.0040,0.0628,-0.0067,-19.1565,-75.1816,0.7671,0.02767,-0.02276,-0.0027,-0.1313,-0.0747,0.0034,-0.00549,0.00171
878,35.1200,0.4469,0.0000,-0.0386,0.3057,-0.0115,0.0501,0.0527,-0.1950,0.0440,-19.1482,-75.1730,0.7671,0.02441,-0.02162,-0.0247,-0.1401,-0.1103,0.0148,-0.00783,-0.00106
879,35.1600,0.4469,0.0000,-0.0386,0.3102,-0.0133,0.0561,0.0674,-0.2542,-0.0630,-19.1394,-75.1645,0.7676,0.01480,-0.01756,0.0019,-0.1240,-0.0829,0.0228,-0.00342,0.00163
880,35.2000,0.4469,0.0000,-0.0386,0.2989,0.0139,0.0575,-0.0629,-0.0620,-0.1338,-19.1311,-75.1557,0.7683,0.00902,-0.01717,0.0174,-0.1457,-0.0926,-0.0268,0.00104,0.00137
881,35.2400,0.4469,0.0000,-0.0386,0.2782,0.0219,0.0287,-0.1055,0.3189,-0.0581,-19.1236,-75.1468,0.7684,0.01611,-0.02225,-0.0010,-0.1267,-0.0749,-0.0215,0.00209,0.00392
882,35.2800,0.4469,0.0000,-0.0386,0.2956,-0.0116,0.0081,0.0549,-0.0466,0.0299,-19.1159,-75.1382,0.7672,0.02063,-0.02443,-0.0441,-0.1197,-0.0913,0.0449,-0.00547,-0.00142
883,35.3200,0.4469,0.0000,-0.0386,0.2967,-0.0114,0.0568,0.0608,-0.0545,-0.0742,-19.1072,-75.1301,0.7667,0.01789,-0.01996,0.0066,-0.1366,-0.0850,0.0056,-0.00497,-0.00149
884,35.3600,0.4469,0.0000,-0.0386,0.2871,0.0041,0.0605,-0.0150,0.1352,-0.0963,-19.0990,-75.1217,0.7676,0.02042,-0.01881,-0.0186,-0.1414,-0.0933,-0.0471,-0.00264,-0.00014
885,35.4000,0.4469,0.0000,-0.0386,0.2802,0.0109,0.0465,-0.0523,0.2717,-0.0326,-19.0912,-75.1132,0.7679,0.02917,-0.02099,0.0047,-0.1396,-0.0916,0.0020,-0.00549,-0.00084
886,35.4400,0.4469,0.0000,-0.0386,0.3003,0.0174,0.0434,-0.0766,-0.1065,-0.1557,-19.0836,-75.1042,0.7676,0.03049,-0.02568,0.0426,-0.1187,-0.0450,0.0374,-0.00921,-0.00502
887,35.4800,0.4469,0.0000,-0.0386,0.3057,-0.0097,0.0529,0.0504,-0.1694,-0.0796,-19.0752,-75.0955,0.7679,0.02528,-0.02617,0.0019,-0.1309,-0.1038,0.0092,-0.00952,-0.00395
888,35.5200,0.4469,0.0000,-0.0386,0.3070,-0.0043,0.0344,0.0225,-0.1753,-0.0617,-19.0663,-75.0871,0.7679,0.01739,-0.02334,-0.0055,-0.1427,-0.0707,-0.0418,-0.00529,-0.00324
889,35.5600,0.4469,0.0000,-0.0386,0.2907,-0.0223,0.0540,0.1016,0.1148,0.1266,-19.0576,-75.0790,0.7681,0.01869,-0.01963,-0.0366,-0.1473,-0.1542,0.0458,-0.00276,0.00162
890,35.6000,0.4469,0.0000,-0.0386,0.2877,0.0254,0.0474,-0.1129,0.1960,-0.2027,-19.0493,-75.0705,0.7682,0.02345,-0.01977,0.0350,-0.1457,-0.0358,-0.0373,-0.00224,-0.00223
891,35.6400,0.4469,0.0000,-0.0386,0.3026,0.0070,0.0287,-0.0329,-0.1252,-0.0625,-19.0417,-75.0615,0.7680,0.02526,-0.02563,-0.0100,-0.1085,-0.0887,0.0263,-0.00890,-0.00346
892,35.6800,0.4469,0.0000,-0.0386,0.2900,-0.0033,0.0400,0.0156,0.1795,0.0048,-19.0331,-75.0532,0.7675,0.02661,-0.02445,-0.0045,-0.1582,-0.1007,-0.0411,-0.00512,-0.00013
893,35.7200,0.4469,0.0000,-0.0386,0.3035,-0.0006,0.0489,0.0078,-0.0869,-0.0818,-19.0248,-75.0447,0.7675,0.02767,-0.02483,0.0033,-0.1219,-0.0714,0.0339,-0.00814,-0.00403
894,35.7600,0.4469,0.0000,-0.0386,0.3041,-0.0153,0.0444,0.0761,-0.0550,-0.0209,-19.0159,-75.0364,0.7676,0.02506,-0.02196,-0.0149,-0.1268,-0.0944,-0.0095,-0.00868,-0.00192
895,35.8000,0.4469,0.0000,-0.0386,0.2991,0.0034,0.0552,-0.0124,0.0579,-0.0814,-19.0071,-75.0280,0.7678,0.02486,-0.01996,0.0053,-0.1514,-0.0859,0.0016,-0.00442,-0.00222
896,35.8400,0.4469,0.0000,-0.0386,0.2959,0.0111,0.0605,-0.0536,0.1371,-0.0351,-18.9988,-75.0193,0.7684,0.02957,-0.02243,0.0161,-0.1393,-0.0882,0.0131,-0.00378,-0.00356
897,35.8800,0.4469,0.0000,-0.0386,0.3105,-0.0118,0.0195,0.0574,-0.1081,0.0025,-18.9902,-75.0107,0.7680,0.02958,-0.02258,-0.0241,-0.1134,-0.0893,0.0031,-0.00754,-0.00421
898,35.9200,0.4469,0.0000,-0.0386,0.3076,-0.0101,0.0470,0.0540,-0.0176,-0.0742,-18.9810,-75.0024,0.7674,0.02686,-0.01859,0.0153,-0.1205,-0.0849,0.0300,-0.00557,-0.00092
899,35.9600,0.4469,0.0000,-0.0386,0.3077,0.0052,0.0528,-0.0220,0.0044,-0.0710,-18.9721,-74.9938,0.7678,0.02670,-0.01822,-0.0166,-0.1400,-0.0930,-0.0361,-0.00629,-0.00124
900,36.0000,0.4469,0.0000,-0.0386,0.3084,0.0059,0.0497,-0.0300,0.0015,0.0033,-18.9635,-74.9849,0.7680,0.02679,-0.01995,0.0006,-0.1448,-0.0986,0.0150,-0.00633,-0.00120
901,36.0400,0.4469,0.0000,-0.0386,0.3141,-0.0089,0.0359,0.0449,-0.0824,-0.0305,-18.9546,-74.9762,0.7679,0.02520,-0.01955,-0.0110,-0.1150,-0.0902,0.0226,-0.00794,0.00054
902,36.0800,0.4469,0.0000,-0.0386,0.3106,-0.0032,0.0438,0.0195,0.0153,-0.0691,-18.9454,-74.9677,0.7676,0.02362,-0.01724,-0.0053,-0.1313,-0.0773,0.0018,-0.00409,0.00115
903,36.1200,0.4469,0.0000,-0.0386,0.3064,0.0121,0.0487,-0.0519,0.1025,-0.1368,-18.9366,-74.9589,0.7677,0.02652,-0.01856,0.0088,-0.1246,-0.0790,-0.0030,-0.00525,0.00030
904,36.1600,0.4469,0.0000,-0.0386,0.3104,0.0124,0.0412,-0.0577,0.0844,-0.0724,-18.9281,-74.9498,0.7677,0.03022,-0.02231,0.0096,-0.1377,-0.0774,-0.0148,-0.00663,-0.00087
905,36.2000,0.4469,0.0000,-0.0386,0.3410,-0.0188,-0.0029,0.0943,-0.3524,-0.0745,-18.9187,-74.9409,0.7666,0.02319,-0.02189,0.0107,-0.1070,-0.0472,0.0180,-0.01027,-0.00386
906,36.2400,0.4469,0.0000,-0.0386,0.3533,-0.0534,-0.0272,0.2637,-0.1627,0.0330,-18.9076,-74.9327,0.7644,0.01334,-0.01062,-0.0131,-0.1269,-0.0727,0.0038,-0.00289,0.00056
907,36.2800,0.4469,0.0000,-0.0386,0.3886,-0.0557,-0.0846,0.2786,-0.2704,-0.0046,-18.8953,-74.9242,0.7607,0.00328,0.00417,0.0082,-0.1271,-0.0513,0.0068,0.00156,-0.00129
908,36.3200,0.4469,0.0000,-0.0386,0.4216,-0.0424,-0.1242,0.2141,-0.0470,-0.0798,-18.8823,-74.9146,0.7552,-0.00361,0.01764,0.0849,-0.1786,-0.1087,0.0076,0.01058,-0.00049
909,36.3600,0.4469,0.0000,-0.0386,0.4638,-0.0760,-0.2510,0.3333,-0.0542,-0.2770,-18.8679,-74.9039,0.7467,-0.00560,0.03095,0.1058,-0.1967,-0.1276,0.0650,0.01470,-0.00417
910,36.4000,0.4469,0.0000,-0.0386,0.5011,-0.1213,-0.4580,1.1691,-0.1539,-0.5557,-18.8510,-74.8937,0.7321,-0.00562,0.06634,0.3337,-0.3357,-0.2461,0.1218,0.02075,-0.00674
911,36.4400,0.4469,0.0000,-0.0386,0.4799,0.2533,-0.2635,-1.0961,-0.3584,-0.3908,-18.8371,-74.8792,0.7159,-0.02307,0.05257,0.5915,-0.3074,-0.4300,0.2618,0.03266,-0.02033
912,36.4800,0.4469,0.0000,-0.0386,0.4533,0.0035,-0.1589,-0.0278,-0.0078,-0.1060,-18.8291,-74.8620,0.7073,-0.00943,0.01596,-0.1667,0.2891,-0.6035,0.5395,0.01662,-0.00349
913,36.5200,0.4469,0.0000,-0.0386,0.5020,-0.1453,-0.1827,0.6630,-0.8198,-0.3715,-18.8116,-74.8521,0.6991,-0.03110,0.04070,-0.1102,-0.0032,-0.0934,-0.1066,0.01481,-0.00231
914,36.5600,0.4469,0.0000,-0.0386,0.4406,0.0197,-0.0401,-0.0885,-0.2730,-0.0069,-18.7952,-74.8423,0.6944,-0.05818,0.05829,-0.0795,-0.2070,-0.0924,-0.0314,0.02743,0.00213
915,36.6000,0.4469,0.0000,-0.0386,0.3818,0.1160,-0.0190,-0.5492,0.3854,0.0480,-18.7853,-74.8289,0.6932,-0.04960,0.03737,-0.0578,-0.0847,-0.0880,0.0443,0.02735,0.00773
916,36.6400,0.4469,0.0000,-0.0386,0.3732,0.0718,-0.0613,-0.3469,0.2442,-0.0698,-18.7762,-74.8158,0.6902,-0.03658,0.01369,-0.0272,-0.0470,-0.0569,0.0654,0.01165,0.00864
917,36.6800,0.4469,0.0000,-0.0386,0.3871,0.0100,0.0049,-0.0462,-0.2545,-0.1234,-18.7656,-74.8046,0.6882,-0.03918,0.00427,-0.0432,-0.0974,-0.0832,0.1129,0.00152,0.00884
918,36.7200,0.4469,0.0000,-0.0386,0.3611,-0.0003,0.0605,0.0028,0.0521,-0.1346,-18.7541,-74.7952,0.6890,-0.04261,0.00538,-0.0362,-0.1349,-0.0880,-0.0358,0.00501,0.01399
919,36.7600,0.4469,0.0000,-0.0386,0.3337,0.0215,0.0310,-0.1042,0.2854,-0.0283,-18.7437,-74.7861,0.6900,-0.03499,0.00298,-0.0367,-0.1312,-0.0791,-0.0049,0.00399,0.01170
920,36.8000,0.4469,0.0000,-0.0386,0.3228,0.0353,-0.0022,-0.1723,0.2414,-0.0376,-18.7343,-74.7766,0.6891,-0.02448,-0.00459,-0.0162,-0.1064,-0.0503,0.0217,-0.00043,0.00749
921,36.8400,0.4469,0.0000,-0.0386,0.3253,0.0068,0.0160,-0.0317,0.0277,-0.0661,-18.7248,-74.7676,0.6880,-0.01944,-0.01018,-0.0452,-0.1068,-0.0740,0.0670,-0.00534,0.00687
922,36.8800,0.4469,0.0000,-0.0386,0.3048,0.0112,0.0533,-0.0542,0.3203,-0.0428,-18.7151,-74.7594,0.6882,-0.01198,-0.01113,-0.0188,-0.1437,-0.0663,-0.0463,-0.00440,0.00571
923,36.9200,0.4469,0.0000,-0.0386,0.2965,0.0028,0.0413,-0.0187,0.3583,0.0872,-18.7059,-74.7514,0.6887,0.00243,-0.01345,-0.0556,-0.1392,-0.0915,0.0083,-0.01002,0.00257
924,36.9600,0.4469,0.0000,-0.0386,0.3088,0.0141,0.0352,-0.0654,0.0550,-0.0993,-18.6966,-74.7433,0.6884,0.00860,-0.01571,0.0133,-0.1178,-0.0283,0.0312,-0.01381,-0.00269
925,37.0000,0.4469,0.0000,-0.0386,0.3163,-0.0029,0.0463,0.0146,-0.1369,-0.0460,-18.6872,-74.7352,0.6886,0.00706,-0.01721,-0.0224,-0.1194,-0.0895,0.0101,-0.01491,-0.00266
926,37.0400,0.4469,0.0000,-0.0386,0.2895,0.0070,0.0579,-0.0337,0.3861,-0.0260,-18.6776,-74.7276,0.6891,0.01344,-0.01636,-0.0062,-0.1495,-0.0854,-0.0442,-0.00986,0.00070
927,37.0800,0.4469,0.0000,-0.0386,0.3097,-0.0010,0.0300,0.0048,-0.0584,-0.0143,-18.6684,-74.7197,0.6890,0.01892,-0.01854,-0.0332,-0.1158,-0.0751,0.0380,-0.01725,-0.00342
928,37.1200,0.4469,0.0000,-0.0386,0.3006,-0.0022,0.0465,0.0090,0.1473,0.0253,-18.6587,-74.7121,0.6888,0.02085,-0.01706,-0.0062,-0.1386,-0.0784,-0.0152,-0.01437,-0.00059
929,37.1600,0.4469,0.0000,-0.0386,0.3103,0.0086,0.0434,-0.0349,-0.0386,-0.1390,-18.6494,-74.7042,0.6888,0.02218,-0.01858,-0.0148,-0.1214,-0.0497,0.0188,-0.01579,-0.00449
930,37.2000,0.4469,0.0000,-0.0386,0.3143,-0.0053,0.0624,0.0280,-0.0980,-0.0715,-18.6397,-74.6963,0.6893,0.01968,-0.01865,0.0051,-0.1285,-0.0927,0.0325,-0.01605,-0.00267
931,37.2400,0.4469,0.0000,-0.0386,0.3104,0.0068,0.0508,-0.0326,-0.0090,-0.0361,-18.6298,-74.6885,0.6899,0.01729,-0.01829,0.0093,-0.1409,-0.0732,-0.0375,-0.01299,-0.00284
932,37.2800,0.4469,0.0000,-0.0386,0.3073,0.0101,0.0225,-0.0477,0.0362,-0.0492,-18.6205,-74.6804,0.6895,0.01824,-0.02075,-0.0221,-0.1289,-0.0738,-0.0050,-0.01055,-0.00152
933,37.3200,0.4469,0.0000,-0.0386,0.3090,-0.0081,0.0243,0.0323,0.0756,0.1215,-18.6109,-74.6726,0.6888,0.02103,-0.02131,-0.0308,-0.1467,-0.0892,-0.0109,-0.01009,-0.00067
934,37.3600,0.4469,0.0000,-0.0386,0.3332,-0.0270,0.0159,0.1351,-0.1704,-0.0123,-18.6005,-74.6651,0.6878,0.01781,-0.01739,0.0300,-0.1252,-0.0418,0.0355,-0.00926,-0.00246
935,37.4000,0.4469,0.0000,-0.0386,0.3561,-0.0766,-0.0336,0.3755,-0.2989,0.1179,-18.5884,-74.6583,0.6861,0.00804,-0.00404,-0.0167,-0.1385,-0.0837,-0.0489,-0.00398,-0.00333
936,37.4400,0.4469,0.0000,-0.0386,0.3780,-0.0978,-0.0855,0.4912,-0.2177,0.0504,-18.5748,-74.6521,0.6822,-0.00335,0.01907,0.0400,-0.1597,-0.0538,-0.0218,0.00682,-0.00299
937,37.4800,0.4469,0.0000,-0.0386,0.4047,-0.1094,-0.1753,0.5499,-0.0743,0.0648,-18.5600,-74.6455,0.6759,-0.00962,0.04492,0.0586,-0.2085,-0.0552,-0.1141,0.01609,-0.00735
938,37.5200,0.4469,0.0000,-0.0386,0.4361,-0.1547,-0.3635,0.9916,-0.3407,-0.2215,-18.5438,-74.6384,0.6642,-0.01827,0.07806,0.1901,-0.2978,0.0171,-0.1050,0.02331,-0.01583
939,37.5600,0.4469,0.0000,-0.0386,0.4416,0.0034,-0.2138,-0.0341,-0.2815,-0.3363,-18.5270,-74.6307,0.6485,-0.03339,0.11227,0.4862,-0.4447,-0.0027,-0.1407,0.03492,-0.02366
940,37.6000,0.4469,0.0000,-0.0386,0.4567,0.0270,-0.0351,0.0364,-0.2042,-0.3166,-18.5146,-74.6187,0.6449,-0.02794,0.10519,-0.1588,-0.0965,-0.3976,0.2556,0.03646,-0.01753
941,37.6400,0.4469,0.0000,-0.0386,0.4803,0.0530,-0.1542,-0.2634,-0.3370,-0.4903,-18.4999,-74.6064,0.6407,-0.03800,0.10238,0.1284,-0.0952,-0.3539,0.2054,0.04005,-0.01348
942,37.6800,0.4469,0.0000,-0.0386,0.4184,0.1178,-0.2908,-0.5325,0.4237,0.0200,-18.4881,-74.5913,0.6293,-0.03753,0.07786,-0.0527,0.0092,-0.4576,0.3870,0.03988,-0.00469
943,37.7200,0.4469,0.0000,-0.0386,0.4335,0.1056,-0.1932,-0.4915,-0.1519,0.0370,-18.4769,-74.5763,0.6187,-0.03821,0.05250,-0.0691,-0.0245,-0.0729,0.0651,0.02185,-0.00182
944,37.7600,0.4469,0.0000,-0.0386,0.4264,0.0425,-0.0386,-0.2026,-0.2903,-0.0347,-18.4651,-74.5635,0.6139,-0.04662,0.03581,-0.0974,-0.0715,-0.1589,0.1370,0.01492,0.00823
945,37.8000,0.4469,0.0000,-0.0386,0.3839,0.0467,0.0308,-0.2193,0.3202,-0.0740,-18.4528,-74.5526,0.6135,-0.04505,0.02783,-0.0386,-0.1249,-0.0945,-0.1116,0.01789,0.01687
946,37.8400,0.4469,0.0000,-0.0386,0.3720,0.0353,0.0071,-0.1716,0.1994,0.0029,-18.4417,-74.5422,0.6134,-0.03440,0.01748,-0.0600,-0.1145,-0.1067,0.0761,0.01000,0.01309
947,37.8800,0.4469,0.0000,-0.0386,0.3674,0.0320,-0.0055,-0.1565,0.0290,-0.0137,-18.4304,-74.5323,0.6122,-0.03112,0.01018,-0.0172,-0.1014,-0.0636,0.0125,0.00505,0.01175
948,37.9200,0.4469,0.0000,-0.0386,0.3507,0.0373,0.0188,-0.1833,0.1151,-0.0143,-18.4196,-74.5227,0.6114,-0.02781,0.00204,-0.0257,-0.1236,-0.0869,0.0002,0.00321,0.01150
949,37.9600,0.4469,0.0000,-0.0386,0.3357,0.0309,0.0340,-0.1518,0.2115,-0.0156,-18.4093,-74.5134,0.6113,-0.02057,-0.00615,-0.0182,-0.1293,-0.0876,-0.0064,-0.00032,0.01059
950,38.0000,0.4469,0.0000,-0.0386,0.3181,0.0135,0.0406,-0.0619,0.4103,-0.1037,-18.3991,-74.5050,0.6114,-0.00703,-0.01092,-0.0208,-0.1262,-0.0942,0.0086,-0.00484,0.01071
951,38.0400,0.4469,0.0000,-0.0386,0.3252,-0.0059,0.0373,0.0275,0.1603,0.0075,-18.3885,-74.4972,0.6114,0.00346,-0.01182,-0.0386,-0.1330,-0.0980,-0.0018,-0.01269,0.00587
952,38.0800,0.4469,0.0000,-0.0386,0.3304,-0.0039,0.0536,0.0189,-0.0338,0.0024,-18.3777,-74.4898,0.6117,0.00461,-0.01038,0.0014,-0.1371,-0.0907,0.0315,-0.01537,0.00357
953,38.1200,0.4469,0.0000,-0.0386,0.3266,0.0041,0.0485,-0.0201,-0.0316,-0.0062,-18.3670,-74.4821,0.6123,0.00323,-0.01045,-0.0146,-0.1364,-0.0902,-0.0056,-0.01408,0.00459
954,38.1600,0.4469,0.0000,-0.0386,0.3074,0.0220,0.0479,-0.1059,0.2832,-0.0472,-18.3570,-74.4742,0.6125,0.00939,-0.01334,0.0040,-0.1513,-0.0940,-0.0102,-0.01212,0.00518
955,38.2000,0.4469,0.0000,-0.0386,0.3107,0.0218,0.0404,-0.1075,0.1770,-0.0165,-18.3474,-74.4660,0.6126,0.01823,-0.01940,-0.0060,-0.1526,-0.0785,0.0095,-0.01613,0.00062
956,38.2400,0.4469,0.0000,-0.0386,0.3190,-0.0171,0.0251,0.0821,0.0305,0.0224,-18.3372,-74.4586,0.6120,0.02219,-0.01979,-0.0357,-0.1229,-0.0861,0.0355,-0.02090,0.00090
957,38.2800,0.4469,0.0000,-0.0386,0.3254,-0.0172,0.0459,0.0849,-0.0760,-0.0063,-18.3261,-74.4518,0.6116,0.02018,-0.01495,-0.0136,-0.1359,-0.0812,0.0081,-0.01890,0.00016
958,38.3200,0.4469,0.0000,-0.0386,0.3197,0.0015,0.0658,-0.0097,0.0362,0.0318,-18.3154,-74.4445,0.6123,0.01984,-0.01318,-0.0083,-0.1501,-0.0994,-0.0007,-0.01379,0.00101
959,38.3600,0.4469,0.0000,-0.0386,0.3233,0.0068,0.0277,-0.0359,-0.0072,0.0283,-18.3052,-74.4368,0.6124,0.02039,-0.01483,-0.0223,-0.1357,-0.0802,-0.0119,-0.01375,-0.00046
960,38.4000,0.4469,0.0000,-0.0386,0.3332,-0.0177,-0.0001,0.0802,-0.0320,0.1086,-18.2944,-74.4293,0.6112,0.01988,-0.01391,-0.0067,-0.1308,-0.0838,0.0070,-0.01238,0.00111
961,38.4400,0.4469,0.0000,-0.0386,0.3683,-0.0650,-0.0435,0.3186,-0.4451,0.0597,-18.2823,-74.4224,0.6087,0.00835,-0.00437,0.0190,-0.1088,-0.0543,0.0223,-0.01208,-0.00059
962,38.4800,0.4469,0.0000,-0.0386,0.3780,-0.1036,-0.0636,0.5184,-0.1363,0.1083,-18.2681,-74.4168,0.6052,-0.00300,0.01758,0.0386,-0.1678,-0.0892,-0.0581,0.00213,0.00170
963,38.5200,0.4469,0.0000,-0.0386,0.4077,-0.1039,-0.1256,0.5193,-0.0946,0.0468,-18.2530,-74.4108,0.6003,-0.00960,0.04195,0.1210,-0.2420,-0.0220,-0.1039,0.01185,-0.00536
964,38.5600,0.4469,0.0000,-0.0386,0.4194,-0.1828,-0.3173,0.9393,-0.1942,-0.0909,-18.2365,-74.4050,0.5905,-0.01489,0.07527,0.2198,-0.3116,0.0514,-0.1681,0.02100,-0.01051
965,38.6000,0.4469,0.0000,-0.0386,0.4276,-0.0748,-0.1913,0.1770,-0.5690,-0.1576,-18.2188,-74.4000,0.5758,-0.03449,0.11036,0.5072,-0.4897,0.1436,-0.2855,0.03288,-0.02230
966,38.6400,0.4469,0.0000,-0.0386,0.3881,-0.0858,0.0208,0.4488,-0.0608,-0.1838,-18.2049,-74.3928,0.5730,-0.03438,0.12533,-0.1354,-0.1081,-0.0713,-0.0194,0.04247,-0.01445
967,38.6800,0.4469,0.0000,-0.0386,0.3848,-0.0933,0.0290,0.4641,-0.1401,-0.1323,-18.1895,-74.3875,0.5728,-0.03999,0.15102,0.0969,-0.1704,0.0009,-0.1850,0.04974,-0.02083
968,38.7200,0.4469,0.0000,-0.0386,0.3534,-0.0206,-0.0120,0.1116,0.1601,-0.2665,-18.1760,-74.3811,0.5718,-0.03781,0.16520,0.0569,-0.1518,0.0377,-0.1227,0.05625,-0.02584
969,38.7600,0.4469,0.0000,-0.0386,0.3441,0.0050,-0.0318,-0.0236,0.0887,-0.2244,-18.1644,-74.3732,0.5698,-0.03002,0.16625,0.0343,-0.1144,0.0068,-0.0661,0.05271,-0.03002
970,38.8000,0.4469,0.0000,-0.0386,0.3394,-0.0047,-0.0132,0.0203,0.1127,-0.1477,-18.1531,-74.3655,0.5677,-0.02454,0.16733,0.0047,-0.1332,-0.0567,-0.0666,0.04829,-0.03101
971,38.8400,0.4469,0.0000,-0.0386,0.3464,0.0135,0.0181,-0.0773,0.0186,-0.2419,-18.1417,-74.3577,0.5668,-0.02202,0.16691,0.0208,-0.1606,-0.0588,-0.0298,0.04542,-0.03289
972,38.8800,0.4469,0.0000,-0.0386,0.3443,0.0139,0.0185,-0.0835,0.1870,-0.2083,-18.1304,-74.3497,0.5665,-0.01536,0.16391,0.0023,-0.1469,-0.1228,0.0198,0.04133,-0.03075
973,38.9200,0.4469,0.0000,-0.0386,0.3567,0.0302,-0.0136,-0.1051,0.1312,-0.0726,-18.1189,-74.3413,0.5654,-0.00906,0.15967,0.0236,-0.1329,-0.1312,0.0361,0.03389,-0.03145
974,38.9600,0.4469,0.0000,-0.0386,0.3544,0.0971,-0.0902,-0.4589,0.3274,-0.0429,-18.1084,-74.3310,0.5620,0.00002,0.14644,0.0044,-0.1302,-0.0871,-0.0414,0.03145,-0.03164
975,39.0000,0.4469,0.0000,-0.0386,0.3944,0.1067,-0.1072,-0.4735,-0.0114,0.0072,-18.0986,-74.3188,0.5571,0.00773,0.12539,-0.0719,-0.1134,-0.2793,0.2615,0.01991,-0.02733
976,39.0400,0.4469,0.0000,-0.0386,0.4201,0.1858,-0.2362,-0.9138,-0.2722,-0.1373,-18.0880,-74.3047,0.5497,0.00003,0.09524,-0.0002,-0.0512,-0.2912,0.2698,0.01282,-0.01915
977,39.0800,0.4469,0.0000,-0.0386,0.4083,0.0895,-0.1619,-0.4074,-0.3647,-0.1702,-18.0789,-74.2897,0.5391,-0.00517,0.06043,-0.0600,0.1358,-0.3789,0.4521,0.00298,-0.00245
978,39.1200,0.4469,0.0000,-0.0386,0.4190,0.0341,0.0097,-0.1622,-0.3925,-0.0847,-18.0658,-74.2787,0.5357,-0.02584,0.04968,-0.1125,-0.1274,-0.1155,-0.1058,0.00412,0.01003
979,39.1600,0.4469,0.0000,-0.0386,0.3727,0.0652,0.0700,-0.3070,0.2531,-0.1636,-18.0535,-74.2687,0.5368,-0.02693,0.03974,-0.0287,-0.1492,-0.0999,0.0320,0.01138,0.01686
980,39.2000,0.4469,0.0000,-0.0386,0.3628,0.0512,-0.0247,-0.2465,0.2136,0.0108,-18.0423,-74.2587,0.5365,-0.01635,0.02644,-0.0635,-0.0794,-0.0825,0.0165,0.00232,0.01686
981,39.2400,0.4469,0.0000,-0.0386,0.3623,0.0349,-0.0179,-0.1692,0.0595,-0.0416,-18.0308,-74.2495,0.5338,-0.01242,0.01747,-0.0476,-0.0969,-0.0736,0.1031,-0.00498,0.01663
982,39.2800,0.4469,0.0000,-0.0386,0.3574,0.0449,0.0397,-0.2211,0.0381,-0.0067,-18.0195,-74.2404,0.5332,-0.01069,0.00841,-0.0283,-0.1285,-0.0705,-0.0176,-0.00483,0.01634
983,39.3200,0.4469,0.0000,-0.0386,0.3450,0.0105,0.0392,-0.0508,0.1878,-0.0185,-18.0081,-74.2320,0.5335,-0.00463,0.00242,-0.0573,-0.1109,-0.1094,0.0420,-0.00842,0.01920
984,39.3600,0.4469,0.0000,-0.0386,0.3523,0.0186,0.0445,-0.0896,-0.0383,-0.0752,-17.9964,-74.2242,0.5336,-0.00381,-0.00057,-0.0001,-0.1325,-0.0534,0.0221,-0.00987,0.01289
985,39.4000,0.4469,0.0000,-0.0386,0.3472,-0.0033,0.0112,0.0137,0.1196,0.0111,-17.9847,-74.2166,0.5334,-0.00072,-0.00234,-0.0269,-0.1218,-0.0840,-0.0020,-0.00946,0.01344
986,39.4400,0.4469,0.0000,-0.0386,0.3732,-0.0410,-0.0416,0.1979,-0.1906,0.1122,-17.9720,-74.2098,0.5313,-0.00406,0.00234,0.0004,-0.1279,-0.0523,0.0246,-0.00862,0.00929
987,39.4800,0.4469,0.0000,-0.0386,0.3862,-0.0902,-0.0982,0.4502,-0.0761,0.1280,-17.9576,-74.2043,0.5271,-0.00945,0.01824,0.0108,-0.1311,-0.0533,-0.0348,-0.00029,0.00984
988,39.5200,0.4469,0.0000,-0.0386,0.4189,-0.1025,-0.1387,0.5126,-0.0844,0.1044,-17.9419,-74.1989,0.5213,-0.01511,0.03992,0.1019,-0.2416,-0.0143,-0.0938,0.00964,0.00166
989,39.5600,0.4469,0.0000,-0.0386,0.4379,-0.1770,-0.3091,0.9097,-0.3035,-0.0708,-17.9246,-74.1938,0.5118,-0.02357,0.07034,0.2458,-0.3697,0.0638,-0.1871,0.01920,-0.00636
990,39.6000,0.4469,0.0000,-0.0386,0.4376,-0.0905,-0.1334,0.4513,-0.5608,-0.0978,-17.9059,-74.1904,0.4986,-0.04250,0.11032,0.5443,-0.4430,0.0304,-0.1658,0.03129,-0.01784
991,39.6400,0.4469,0.0000,-0.0386,0.3981,-0.0389,0.0316,0.2063,-0.0511,-0.2191,-17.8911,-74.1836,0.4975,-0.04512,0.12151,-0.0806,-0.1724,-0.0168,-0.1895,0.04194,-0.01641
992,39.6800,0.4469,0.0000,-0.0386,0.3850,-0.0916,-0.0304,0.4575,-0.1017,-0.1049,-17.8762,-74.1781,0.4963,-0.04681,0.13908,0.0438,-0.1337,-0.0111,-0.0654,0.04338,-0.01749
993,39.7200,0.4469,0.0000,-0.0386,0.3669,-0.0662,-0.0110,0.3349,-0.1038,-0.0987,-17.8615,-74.1734,0.4941,-0.05130,0.15951,0.0553,-0.1599,-0.0315,-0.0790,0.04877,-0.02287
994,39.7600,0.4469,0.0000,-0.0386,0.3277,0.0193,-0.0054,-0.0918,0.3322,-0.1853,-17.8489,-74.1671,0.4929,-0.04498,0.16537,0.0424,-0.1767,0.0248,-0.2096,0.05510,-0.02420
995,39.8000,0.4469,0.0000,-0.0386,0.3245,-0.0160,-0.0089,0.0804,0.0237,-0.0087,-17.8380,-74.1601,0.4917,-0.03586,0.16411,-0.0201,-0.1296,-0.0565,-0.0166,0.04580,-0.02823
996,39.8400,0.4469,0.0000,-0.0386,0.3164,-0.0114,0.0330,0.0685,-0.0451,-0.1783,-17.8264,-74.1543,0.4909,-0.03773,0.16993,0.0579,-0.1696,0.0026,-0.1156,0.04511,-0.02946
997,39.8800,0.4469,0.0000,-0.0386,0.2880,0.0026,0.0428,0.0012,0.2376,-0.2996,-17.8157,-74.1487,0.4915,-0.03068,0.17172,0.0072,-0.1612,-0.0122,-0.1113,0.04442,-0.02971
998,39.9200,0.4469,0.0000,-0.0386,0.2834,0.0034,0.0114,-0.0071,0.0589,-0.1995,-17.8056,-74.1431,0.4913,-0.02364,0.17155,0.0156,-0.1504,-0.0041,-0.1093,0.03948,-0.03413
999,39.9600,0.4148,0.0000,-0.1071,0.0325,-0.0662,0.0000,0.0162,0.0175,-0.0059,-19.9619,-75.5256,0.9946,0.00000,0.00000,0.0066,-0.1744,-0.0362,-0.0766,0.00000,0.00000
