step,time_s,cmd_vx,cmd_vy,cmd_wz,act_vx,act_vy,act_vz,act_wx,act_wy,act_wz,pos_x,pos_y,pos_z,pitch_rad,roll_rad,action_0,action_1,action_2,action_3,lqr_left,lqr_right
0,0.0000,0.7229,0.0000,-0.1093,-0.1227,-0.0037,-0.2947,0.3474,2.6401,-0.2150,-27.5791,-75.8832,0.9087,0.10618,0.01262,1.4541,0.9851,-1.3933,-0.4064,-0.00772,-0.00664
1,0.0400,0.7229,0.0000,-0.1093,0.1339,-0.0255,-0.7950,0.9853,1.2792,-2.4939,-27.5789,-75.8839,0.8832,0.15249,0.03101,2.0136,3.6027,0.8479,1.6590,-0.02119,-0.02024
2,0.0800,0.7229,0.0000,-0.1093,0.3124,-0.0502,-1.2860,1.0229,2.0022,-2.9050,-27.5783,-75.8844,0.8388,0.22352,0.04004,4.1026,3.7466,0.9811,3.2496,-0.02761,-0.03221
3,0.1200,0.7229,0.0000,-0.1093,0.4444,-0.0235,-1.5652,-0.6459,0.7131,0.0984,-27.5761,-75.8828,0.7791,0.25566,0.02152,1.6154,2.1047,0.8259,1.8020,-0.03870,-0.04275
4,0.1600,0.7229,0.0000,-0.1093,0.5480,0.0389,-1.8709,-1.2365,0.7514,2.6558,-27.5758,-75.8801,0.7099,0.28749,-0.00906,-0.1500,-0.3267,-0.1343,0.0798,-0.04846,-0.04788
5,0.2000,0.7229,0.0000,-0.1093,0.2032,0.1206,0.1938,-0.5799,0.8075,0.1222,-27.5730,-75.8714,0.6850,0.32590,-0.02655,-0.0781,-0.9184,-0.3759,0.2439,-0.05704,-0.04057
6,0.2400,0.7229,0.0000,-0.1093,0.3518,0.0741,0.3364,-0.3900,-0.8956,0.7273,-27.5631,-75.8597,0.6920,0.32239,-0.03895,0.4068,-0.4696,-0.4157,-0.4211,-0.06460,-0.04858
7,0.2800,0.7229,0.0000,-0.1093,0.5175,-0.0250,0.0509,0.0368,-1.3296,0.8186,-27.5482,-75.8479,0.6927,0.26702,-0.03263,-0.3182,-0.7211,-0.3296,-0.3660,-0.05694,-0.02835
8,0.3200,0.7229,0.0000,-0.1093,0.5617,-0.0525,0.0302,0.2811,-1.1867,-0.1244,-27.5305,-75.8376,0.6870,0.21021,-0.01918,-0.4036,-0.6593,-0.1990,-0.0844,-0.03571,-0.01055
9,0.3600,0.7229,0.0000,-0.1093,0.5913,-0.0115,0.1608,0.0664,-1.0477,-0.1810,-27.5119,-75.8259,0.6856,0.16856,-0.01443,-0.0477,-0.1571,0.0163,0.1020,-0.01703,0.00085
10,0.4000,0.7229,0.0000,-0.1093,0.6299,-0.0082,0.1304,0.0455,-0.9642,-0.1082,-27.4920,-75.8124,0.6867,0.13081,-0.01245,0.0364,-0.0492,-0.0669,0.0135,-0.00140,0.01104
11,0.4400,0.7229,0.0000,-0.1093,0.6639,0.0001,0.1130,0.0027,-0.9427,-0.0953,-27.4711,-75.7980,0.6872,0.09220,-0.01147,0.0401,-0.0976,-0.1052,0.0429,0.01094,0.01959
12,0.4800,0.7229,0.0000,-0.1093,0.6626,0.0078,0.0929,-0.0392,-0.3913,-0.0627,-27.4496,-75.7830,0.6879,0.06761,-0.01213,0.0112,-0.1153,-0.1071,-0.0142,0.02403,0.03005
13,0.5200,0.7229,0.0000,-0.1093,0.6825,-0.0144,0.0588,0.0717,-0.3734,-0.0287,-27.4277,-75.7680,0.6878,0.05281,-0.01175,-0.0067,-0.0765,-0.0888,0.1051,0.02436,0.03073
14,0.5600,0.7229,0.0000,-0.1093,0.7030,-0.0041,0.0616,0.0242,-0.4192,-0.1612,-27.4048,-75.7529,0.6873,0.03615,-0.00888,0.0365,-0.0829,-0.0734,0.0419,0.02563,0.02904
15,0.6000,0.7229,0.0000,-0.1093,0.7051,-0.0067,0.0652,0.0341,-0.1795,-0.0970,-27.3816,-75.7374,0.6877,0.02539,-0.00769,-0.0082,-0.0966,-0.1013,0.0440,0.02766,0.03111
16,0.6400,0.7229,0.0000,-0.1093,0.7293,-0.0135,0.0397,0.0670,-0.4386,-0.0738,-27.3578,-75.7218,0.6877,0.01193,-0.00538,0.0170,-0.0673,-0.0746,0.0884,0.02760,0.03025
17,0.6800,0.7229,0.0000,-0.1093,0.7274,0.0062,0.0481,-0.0288,-0.2477,-0.2130,-27.3337,-75.7061,0.6878,-0.00125,-0.00379,0.0536,-0.0758,-0.0893,0.0461,0.03292,0.03331
18,0.7200,0.7229,0.0000,-0.1093,0.7180,0.0087,0.0375,-0.0427,0.0391,-0.2084,-27.3099,-75.6899,0.6883,-0.00392,-0.00573,-0.0001,-0.0933,-0.1074,0.0306,0.03282,0.03521
19,0.7600,0.7229,0.0000,-0.1093,0.7395,-0.0101,0.0291,0.0505,-0.2860,-0.1499,-27.2856,-75.6742,0.6882,-0.01017,-0.00578,0.0171,-0.0864,-0.0976,0.1243,0.02740,0.03000
20,0.8000,0.7229,0.0000,-0.1093,0.7365,-0.0071,0.0388,0.0351,-0.1327,-0.2000,-27.2606,-75.6589,0.6885,-0.01840,-0.00264,0.0283,-0.0983,-0.0977,0.0482,0.02811,0.02989
21,0.8400,0.7229,0.0000,-0.1093,0.7281,0.0025,0.0330,-0.0134,0.0565,-0.1805,-27.2359,-75.6434,0.6891,-0.01921,-0.00208,-0.0000,-0.1128,-0.1039,0.0610,0.02653,0.02822
22,0.8800,0.7229,0.0000,-0.1093,0.7375,-0.0033,0.0032,0.0150,-0.1146,-0.1183,-27.2111,-75.6280,0.6888,-0.02100,-0.00211,-0.0023,-0.0887,-0.0831,0.0826,0.02144,0.02491
23,0.9200,0.7229,0.0000,-0.1093,0.7390,-0.0083,0.0063,0.0405,-0.1051,-0.1181,-27.1859,-75.6129,0.6881,-0.02547,-0.00013,-0.0045,-0.0870,-0.0930,0.0848,0.02155,0.02330
24,0.9600,0.7229,0.0000,-0.1093,0.7280,-0.0021,0.0199,0.0093,0.1633,-0.1410,-27.1607,-75.5979,0.6879,-0.02353,0.00157,-0.0386,-0.1126,-0.0985,0.0455,0.02367,0.02273
25,1.0000,0.7229,0.0000,-0.1093,0.7367,0.0120,0.0300,-0.0604,0.0330,-0.1789,-27.1357,-75.5826,0.6881,-0.02030,0.00005,-0.0002,-0.1160,-0.0828,0.0844,0.02052,0.01886
26,1.0400,0.7229,0.0000,-0.1093,0.7343,0.0231,0.0208,-0.1170,0.1421,-0.2167,-27.1107,-75.5669,0.6882,-0.01688,-0.00379,0.0060,-0.1183,-0.0604,0.0292,0.01953,0.01806
27,1.0800,0.7229,0.0000,-0.1093,0.7546,-0.0141,0.0129,0.0700,-0.1783,-0.1391,-27.0853,-75.5518,0.6879,-0.01769,-0.00511,-0.0209,-0.0853,-0.1110,0.1306,0.01451,0.01725
28,1.1200,0.7229,0.0000,-0.1093,0.7616,0.0085,0.0433,-0.0435,-0.2183,-0.1540,-27.0590,-75.5371,0.6882,-0.02712,-0.00335,0.0463,-0.1360,-0.0931,0.0085,0.01747,0.01710
29,1.1600,0.7229,0.0000,-0.1093,0.7630,-0.0015,-0.0008,0.0057,-0.2761,-0.1742,-27.0329,-75.5220,0.6886,-0.03631,-0.00452,-0.0193,-0.0841,-0.0972,0.0566,0.01817,0.01971
30,1.2000,0.7229,0.0000,-0.1093,0.7478,0.0196,-0.0155,-0.1005,-0.0213,-0.2558,-27.0067,-75.5072,0.6878,-0.04254,-0.00545,0.0100,-0.1120,-0.0583,0.0201,0.02309,0.02216
31,1.2400,0.7229,0.0000,-0.1093,0.7486,0.0273,-0.0132,-0.1396,-0.1062,-0.3282,-26.9812,-75.4920,0.6871,-0.04471,-0.01134,0.0038,-0.0935,-0.0643,0.0609,0.02134,0.02237
32,1.2800,0.7229,0.0000,-0.1093,0.7452,0.0049,0.0049,-0.0273,-0.0541,-0.2241,-26.9553,-75.4775,0.6869,-0.04745,-0.01423,-0.0048,-0.1225,-0.1042,0.0310,0.02010,0.02504
33,1.3200,0.7229,0.0000,-0.1093,0.7382,-0.0199,0.0022,0.0978,0.0624,-0.2669,-26.9288,-75.4644,0.6869,-0.04694,-0.01142,-0.0377,-0.1051,-0.0865,0.0561,0.02123,0.02502
34,1.3600,0.7229,0.0000,-0.1093,0.7359,0.0131,0.0018,-0.0699,0.0412,-0.2762,-26.9024,-75.4513,0.6869,-0.04620,-0.01008,0.0057,-0.1240,-0.0352,0.0006,0.02208,0.02149
35,1.4000,0.7229,0.0000,-0.1093,0.7324,-0.0386,-0.0296,0.1917,0.0638,-0.2576,-26.8760,-75.4388,0.6863,-0.04238,-0.00788,-0.0698,-0.0655,-0.1110,0.1152,0.02044,0.02120
36,1.4400,0.7229,0.0000,-0.1093,0.7403,-0.0681,-0.1208,0.3356,0.1177,-0.2915,-26.8482,-75.4281,0.6831,-0.04225,0.00398,0.0476,-0.1644,0.0005,-0.0770,0.02150,0.01636
37,1.4800,0.7229,0.0000,-0.1093,0.7494,-0.1127,-0.2577,0.5952,0.1197,-0.4698,-26.8194,-75.4186,0.6753,-0.03822,0.02265,0.1413,-0.2865,0.0182,-0.1177,0.02367,0.00850
38,1.5200,0.7229,0.0000,-0.1093,0.7759,-0.2226,-0.3801,0.6386,-0.3471,-0.2730,-26.7886,-75.4130,0.6603,-0.03687,0.06175,0.4070,-0.3536,0.0562,-0.2138,0.03138,-0.00377
39,1.5600,0.7229,0.0000,-0.1093,0.7678,-0.1360,-0.0355,0.7280,-0.0984,-0.1123,-26.7573,-75.4078,0.6511,-0.04776,0.10308,-0.0313,-0.2162,-0.0887,0.0802,0.04202,-0.00690
40,1.6000,0.7229,0.0000,-0.1093,0.7588,-0.0158,0.1059,0.0759,0.2800,-0.3625,-26.7278,-75.3992,0.6532,-0.04144,0.11875,0.0453,-0.2022,0.0710,-0.1906,0.05138,-0.01651
41,1.6400,0.7229,0.0000,-0.1093,0.7707,-0.0020,-0.0707,-0.0289,-0.0603,-0.4642,-26.6994,-75.3884,0.6538,-0.03325,0.12005,0.0123,-0.1001,0.0217,0.0117,0.04763,-0.02124
42,1.6800,0.7229,0.0000,-0.1093,0.7581,0.0814,-0.1784,-0.4110,0.2036,-0.2759,-26.6714,-75.3759,0.6484,-0.02725,0.11345,0.0454,-0.1202,-0.2434,0.1535,0.04799,-0.01896
43,1.7200,0.7229,0.0000,-0.1093,0.7408,0.2358,-0.3431,-1.1642,0.3373,-0.4123,-26.6459,-75.3583,0.6380,-0.01166,0.07913,0.0556,0.0666,-0.4164,0.3230,0.03469,-0.01413
44,1.7600,0.7229,0.0000,-0.1093,0.7593,0.1507,-0.2742,-0.6987,-0.1288,-0.5666,-26.6215,-75.3385,0.6236,-0.00278,0.03546,0.0291,0.2632,-0.3691,0.3508,0.01613,0.00031
45,1.8000,0.7229,0.0000,-0.1093,0.7901,0.0089,-0.0158,-0.0479,-0.0843,-0.0630,-26.5929,-75.3253,0.6175,-0.01274,0.02091,-0.2166,-0.1537,-0.2017,0.0138,0.00753,0.01255
46,1.8400,0.7229,0.0000,-0.1093,0.8196,0.0105,0.0864,-0.0502,-0.4133,-0.3612,-26.5624,-75.3151,0.6187,-0.02715,0.02032,-0.0719,-0.1585,0.0164,-0.0342,0.00822,0.01049
47,1.8800,0.7229,0.0000,-0.1093,0.7815,-0.0262,0.0034,0.1213,0.2553,-0.1834,-26.5322,-75.3058,0.6208,-0.02705,0.02085,-0.0509,-0.1509,-0.0940,0.0143,0.01625,0.01775
48,1.9200,0.7229,0.0000,-0.1093,0.7875,-0.0619,-0.2135,0.3177,0.1375,-0.3743,-26.5015,-75.2982,0.6154,-0.02148,0.02890,0.1161,-0.2241,-0.0046,-0.0526,0.01184,0.00982
49,1.9600,0.7229,0.0000,-0.1093,0.7954,-0.1597,-0.3853,0.8477,0.0779,-0.5208,-26.4698,-75.2930,0.6024,-0.01510,0.05042,0.4198,-0.4152,-0.0209,-0.2084,0.01610,0.00073
50,2.0000,0.7229,0.0000,-0.1093,0.8140,0.0648,-0.0726,-0.2021,-0.1126,-0.7764,-26.4377,-75.2880,0.5900,-0.01959,0.06698,0.6273,-0.3201,0.0227,-0.3011,0.02856,-0.01376
51,2.0400,0.7229,0.0000,-0.1093,0.8403,0.0758,-0.1016,-0.3014,-0.4276,-0.5942,-26.4072,-75.2768,0.5889,-0.02105,0.05003,-0.1324,-0.1481,-0.3338,0.0893,0.02520,-0.00922
52,2.0800,0.7229,0.0000,-0.1093,0.8024,0.1084,-0.4356,-0.4463,-0.1686,-0.4098,-26.3762,-75.2664,0.5766,-0.02777,0.04160,0.1067,0.1039,-0.5874,0.4661,0.02619,0.00490
53,2.1200,0.7229,0.0000,-0.1093,0.7747,0.0992,-0.2299,-0.4685,0.3370,-0.1988,-26.3458,-75.2552,0.5623,-0.02255,0.02225,0.0196,-0.0068,-0.2140,0.2125,0.01997,0.01608
54,2.1600,0.7229,0.0000,-0.1093,0.8148,0.0295,-0.0615,-0.1410,-0.3027,-0.1757,-26.3150,-75.2459,0.5567,-0.02461,0.00831,-0.1223,-0.0831,-0.1507,0.0614,0.00433,0.01643
55,2.2000,0.7229,0.0000,-0.1093,0.8163,-0.0271,-0.0015,0.1358,-0.2110,-0.2723,-26.2830,-75.2404,0.5552,-0.03689,0.01073,-0.0850,-0.1024,-0.0527,0.0202,0.00711,0.02439
56,2.2400,0.7229,0.0000,-0.1093,0.7898,0.0444,0.0063,-0.2246,0.1662,-0.3210,-26.2515,-75.2348,0.5553,-0.03847,0.00990,-0.0155,-0.1352,0.0016,-0.0429,0.01356,0.02376
57,2.2800,0.7229,0.0000,-0.1093,0.7857,0.0315,-0.0309,-0.1596,0.1099,-0.1970,-26.2208,-75.2278,0.5545,-0.03087,0.00070,-0.0495,-0.0894,-0.0921,0.0989,0.00754,0.02184
58,2.3200,0.7229,0.0000,-0.1093,0.8039,-0.0588,-0.1496,0.3019,-0.2035,-0.3006,-26.1893,-75.2234,0.5507,-0.03555,0.00217,0.0595,-0.1601,-0.0566,-0.0361,0.00320,0.01909
59,2.3600,0.7229,0.0000,-0.1093,0.8192,-0.1194,-0.3593,0.6451,-0.4526,-0.6262,-26.1566,-75.2228,0.5410,-0.04801,0.02224,0.2793,-0.3785,-0.0113,-0.2126,0.01207,0.01762
60,2.4000,0.7229,0.0000,-0.1093,0.8148,-0.0025,-0.4714,-0.0608,-0.7350,-0.3995,-26.1235,-75.2237,0.5225,-0.06511,0.04806,0.5331,-0.3415,-0.3975,0.1673,0.02502,0.01185
61,2.4400,0.7229,0.0000,-0.1093,0.7049,0.1611,-0.4151,-0.7319,0.9514,-0.5126,-26.0932,-75.2150,0.5039,-0.05298,0.02691,-0.0561,0.1301,-0.5668,0.3841,0.03642,0.02483
62,2.4800,0.7229,0.0000,-0.1093,0.7589,0.1008,-0.1444,-0.4877,0.0527,-0.2266,-26.0632,-75.2063,0.4936,-0.04239,0.00046,-0.0678,-0.1437,-0.1953,0.1579,0.01765,0.01772
63,2.5200,0.7229,0.0000,-0.1093,0.7707,-0.0065,-0.0494,0.0353,0.0273,-0.3296,-26.0325,-75.2027,0.4900,-0.04311,-0.00663,-0.1212,-0.1327,-0.0214,-0.0157,0.01012,0.02447
64,2.5600,0.7229,0.0000,-0.1093,0.7550,-0.0316,-0.0028,0.1550,0.2947,-0.1952,-26.0018,-75.2026,0.4889,-0.03684,-0.00049,-0.0959,-0.1412,-0.0304,-0.0057,0.01113,0.02351
65,2.6000,0.7229,0.0000,-0.1093,0.7621,-0.0038,0.0109,0.0186,0.0638,-0.1751,-25.9715,-75.2022,0.4886,-0.02994,0.00291,-0.0361,-0.1086,-0.0829,0.0647,0.00671,0.01546
66,2.6400,0.7229,0.0000,-0.1093,0.7617,0.0317,-0.0149,-0.1616,0.0553,-0.1114,-25.9410,-75.2005,0.4880,-0.02886,-0.00003,-0.0333,-0.1169,-0.0292,-0.0246,0.00547,0.01370
67,2.6800,0.7229,0.0000,-0.1093,0.7569,0.0467,-0.0151,-0.2388,0.1419,-0.1196,-25.9107,-75.1979,0.4866,-0.02452,-0.00843,-0.0178,-0.1128,-0.0386,0.0286,0.00432,0.01511
68,2.7200,0.7229,0.0000,-0.1093,0.7898,0.0157,-0.0491,-0.1043,-0.2621,-0.3408,-25.8800,-75.1956,0.4855,-0.02605,-0.01595,-0.0014,-0.1232,-0.0908,0.0389,-0.00234,0.01348
69,2.7600,0.7229,0.0000,-0.1093,0.7927,-0.0242,-0.3231,0.1290,-0.1886,-0.3573,-25.8484,-75.1960,0.4785,-0.03548,-0.01374,0.0997,-0.1999,-0.2481,0.0881,0.00203,0.01929
70,2.8000,0.7229,0.0000,-0.1093,0.7649,-0.0224,-0.6996,0.0017,-0.0653,-0.3182,-25.8170,-75.1973,0.4577,-0.03607,-0.00704,0.2871,-0.2112,-0.5319,0.3108,0.00707,0.02036
71,2.8400,0.7229,0.0000,-0.1093,0.7618,0.0493,-0.4286,-0.1971,-0.0086,-0.5646,-25.7855,-75.1989,0.4307,-0.04078,-0.00204,0.3325,-0.1992,-0.2278,0.1995,0.00731,0.01997
72,2.8800,0.7229,0.0000,-0.1093,0.7746,0.0499,-0.0005,-0.2462,0.1078,-0.1687,-25.7547,-75.1961,0.4245,-0.03514,-0.01710,-0.2771,-0.1902,-0.2123,0.0384,0.00412,0.01931
73,2.9200,0.7229,0.0000,-0.1093,0.8028,-0.0692,-0.0015,0.3410,-0.2084,-0.1605,-25.7231,-75.1983,0.4244,-0.04008,-0.01230,-0.0752,-0.1259,-0.0166,-0.0492,-0.00289,0.02240
74,2.9600,0.7229,0.0000,-0.1093,0.7938,-0.0040,-0.0132,0.0173,-0.1935,-0.2731,-25.6915,-75.2019,0.4239,-0.05108,-0.00297,0.0112,-0.1552,-0.0068,-0.0241,0.00808,0.01842
75,3.0000,0.7229,0.0000,-0.1093,0.7571,0.0408,-0.0362,-0.2074,0.3514,-0.0491,-25.6606,-75.2025,0.4231,-0.04434,-0.00779,-0.0424,-0.1218,-0.0558,0.0050,0.01353,0.02010
76,3.0400,0.7229,0.0000,-0.1093,0.7711,-0.0093,-0.0592,0.0461,0.0322,-0.0322,-25.6299,-75.2036,0.4206,-0.03596,-0.01129,-0.0615,-0.0576,-0.1047,0.0962,0.00203,0.01654
77,3.0800,0.7229,0.0000,-0.1093,0.7936,0.0307,-0.0022,-0.1749,-0.1348,-0.3547,-25.5987,-75.2054,0.4194,-0.03930,-0.01165,-0.0074,-0.1490,-0.0512,0.0044,0.00281,0.01321
78,3.1200,0.7229,0.0000,-0.1093,0.8075,0.0181,-0.1630,-0.0161,-0.2911,-0.2117,-25.5670,-75.2067,0.4172,-0.04562,-0.01656,-0.1052,-0.0241,-0.3083,0.2508,0.00357,0.01787
79,3.1600,0.7229,0.0000,-0.1093,0.7688,0.0340,-0.5615,-0.1278,-0.0639,-0.1485,-25.5354,-75.2085,0.4027,-0.04865,-0.01733,0.1378,0.0683,-0.5225,0.4210,0.00629,0.02197
80,3.2000,0.7229,0.0000,-0.1093,0.7650,-0.1221,-0.7095,0.5569,-0.2649,-0.3132,-25.5040,-75.2124,0.3761,-0.05267,-0.01292,0.2443,-0.0567,-0.2502,0.1943,0.00528,0.02383
81,3.2400,0.7229,0.0000,-0.1093,0.7498,0.0545,-0.2078,-0.2527,0.2149,-0.1726,-25.4724,-75.2196,0.3554,-0.06319,0.00481,0.2366,-0.3810,-0.0151,-0.1403,0.01716,0.01801
82,3.2800,0.7229,0.0000,-0.1093,0.7464,0.0532,0.0474,-0.2483,0.1992,-0.0916,-25.4426,-75.2179,0.3556,-0.04584,-0.01473,-0.3012,-0.1144,-0.1257,0.0659,0.00924,0.01659
83,3.3200,0.7229,0.0000,-0.1093,0.7716,-0.0467,0.0127,0.2319,-0.2110,-0.0913,-25.4124,-75.2218,0.3563,-0.04857,-0.01125,0.0113,-0.1522,-0.0824,-0.0013,0.00221,0.01744
84,3.3600,0.7229,0.0000,-0.1093,0.7572,-0.0590,-0.0051,0.2920,-0.0623,-0.0429,-25.3825,-75.2276,0.3565,-0.05386,0.00072,-0.0752,-0.0948,-0.0828,0.0640,0.01191,0.01820
85,3.4000,0.7229,0.0000,-0.1093,0.7365,0.0515,-0.0405,-0.2612,0.1566,-0.1458,-25.3527,-75.2311,0.3555,-0.05394,0.00148,0.0160,-0.1088,0.0476,-0.0393,0.02008,0.01323
86,3.4400,0.7229,0.0000,-0.1093,0.7221,0.0111,-0.0338,-0.0581,0.3659,0.0397,-25.3235,-75.2327,0.3540,-0.03859,-0.00626,-0.0950,-0.0750,-0.1372,0.1406,0.01286,0.01479
87,3.4800,0.7229,0.0000,-0.1093,0.7703,0.0322,-0.0779,-0.1972,-0.1764,-0.2714,-25.2936,-75.2357,0.3516,-0.03796,-0.00897,-0.0467,-0.0775,-0.0756,0.0643,0.00421,0.01076
88,3.5200,0.7229,0.0000,-0.1093,0.7697,0.1056,-0.2128,-0.5626,-0.1328,-0.1857,-25.2628,-75.2369,0.3465,-0.04051,-0.02222,-0.0658,0.0080,-0.3642,0.3423,0.00563,0.01800
89,3.5600,0.7229,0.0000,-0.1093,0.7213,0.0473,-0.4942,-0.2281,0.3836,0.1571,-25.2322,-75.2368,0.3302,-0.03721,-0.04072,0.0041,0.2514,-0.4744,0.5367,0.00076,0.02841
90,3.6000,0.7229,0.0000,-0.1093,0.7602,-0.1344,-0.5616,0.6230,-0.1605,-0.2804,-25.2020,-75.2429,0.3090,-0.03849,-0.03470,0.1766,-0.1928,-0.1330,0.0369,-0.01138,0.02458
91,3.6400,0.7229,0.0000,-0.1093,0.7777,-0.0396,-0.2064,0.2053,-0.2760,0.1180,-25.1717,-75.2543,0.2905,-0.04922,-0.00478,0.3238,-0.4447,-0.0670,-0.1330,0.00158,0.01758
92,3.6800,0.7229,0.0000,-0.1093,0.7630,0.0186,0.0299,-0.0939,-0.0945,-0.0517,-25.1417,-75.2573,0.2895,-0.04925,-0.00977,-0.2440,-0.0713,-0.0905,0.0453,0.00894,0.01662
93,3.7200,0.7229,0.0000,-0.1093,0.7566,-0.0388,-0.0068,0.1920,0.0066,-0.0559,-25.1117,-75.2626,0.2897,-0.05109,-0.00500,0.0246,-0.0585,-0.0585,0.0263,0.00924,0.02061
94,3.7600,0.7229,0.0000,-0.1093,0.7359,0.0291,-0.0104,-0.1480,0.2344,-0.1352,-25.0821,-75.2672,0.2893,-0.04761,-0.00357,0.0117,-0.1264,-0.0235,-0.0292,0.01252,0.01754
95,3.8000,0.7229,0.0000,-0.1093,0.7392,0.0146,-0.0028,-0.0762,0.0333,0.0666,-25.0528,-75.2701,0.2891,-0.04056,-0.00962,-0.0278,-0.1097,-0.1374,0.0842,0.00597,0.01587
96,3.8400,0.7229,0.0000,-0.1093,0.7567,-0.0006,-0.0337,0.0025,-0.2634,-0.0839,-25.0232,-75.2744,0.2881,-0.04621,-0.00968,-0.0020,-0.0766,-0.0421,0.0171,0.00402,0.01518
97,3.8800,0.7229,0.0000,-0.1093,0.7552,0.0546,-0.1112,-0.3148,-0.1409,-0.1943,-24.9933,-75.2781,0.2857,-0.05328,-0.01375,-0.0323,-0.0579,-0.1770,0.1176,0.01120,0.01984
98,3.9200,0.7229,0.0000,-0.1093,0.7336,0.1701,-0.3389,-0.9057,-0.1148,-0.0968,-24.9631,-75.2784,0.2773,-0.05626,-0.03624,-0.0808,0.0632,-0.4007,0.3805,0.00640,0.02725
99,3.9600,0.7229,0.0000,-0.1093,0.7062,0.0121,-0.4357,-0.0716,0.0823,-0.1519,-24.9336,-75.2780,0.2599,-0.05090,-0.05903,0.0345,0.3150,-0.5579,0.6109,-0.00682,0.03838
100,4.0000,0.7229,0.0000,-0.1093,0.7461,-0.1269,-0.4149,0.6049,-0.0862,-0.3768,-24.9040,-75.2864,0.2437,-0.06140,-0.04769,0.0454,-0.2765,-0.0994,-0.1586,-0.00922,0.03712
101,4.0400,0.7229,0.0000,-0.1093,0.7631,-0.1018,-0.2528,0.4917,-0.4322,0.1550,-24.8750,-75.2996,0.2283,-0.07092,-0.01483,0.3668,-0.4907,-0.0092,-0.0368,0.00140,0.02645
102,4.0800,0.7229,0.0000,-0.1093,0.7122,0.0288,0.0033,-0.1416,0.3080,-0.1645,-24.8465,-75.3056,0.2254,-0.06516,-0.01141,-0.1013,-0.1109,-0.0998,0.0123,0.01563,0.02308
103,4.1200,0.7229,0.0000,-0.1093,0.7053,0.0077,-0.0197,-0.0411,0.3345,-0.1726,-24.8182,-75.3099,0.2255,-0.05144,-0.01543,-0.0130,-0.0968,-0.0650,0.0056,0.00892,0.01993
104,4.1600,0.7229,0.0000,-0.1093,0.7022,-0.0134,-0.0266,0.0663,0.2924,-0.1297,-24.7904,-75.3157,0.2241,-0.03965,-0.01387,-0.0057,-0.1109,-0.0822,0.0560,0.00444,0.01588
105,4.2000,0.7229,0.0000,-0.1093,0.7092,-0.0007,0.0047,0.0036,0.1416,-0.2103,-24.7626,-75.3216,0.2232,-0.03222,-0.01233,0.0017,-0.1123,-0.0584,0.0419,0.00050,0.00837
106,4.2400,0.7229,0.0000,-0.1093,0.7075,-0.0035,0.0249,0.0164,0.1841,-0.1197,-24.7348,-75.3274,0.2233,-0.02531,-0.01184,-0.0131,-0.1245,-0.0951,0.0225,-0.00220,0.00625
107,4.2800,0.7229,0.0000,-0.1093,0.7106,-0.0178,0.0259,0.0880,0.1583,-0.0372,-24.7071,-75.3338,0.2234,-0.01864,-0.00941,-0.0203,-0.1176,-0.0964,0.0637,-0.00468,0.00327
108,4.3200,0.7229,0.0000,-0.1093,0.7146,0.0051,0.0373,-0.0264,0.1317,-0.0569,-24.6791,-75.3401,0.2236,-0.01364,-0.00790,0.0215,-0.1290,-0.0803,0.0241,-0.00541,-0.00146
109,4.3600,0.7229,0.0000,-0.1093,0.7187,0.0071,0.0152,-0.0354,0.1157,-0.1445,-24.6510,-75.3458,0.2235,-0.00853,-0.00948,-0.0092,-0.0972,-0.0711,0.0375,-0.00550,-0.00231
110,4.4000,0.7229,0.0000,-0.1093,0.7417,0.0071,0.0237,-0.0351,-0.2457,-0.1550,-24.6225,-75.3518,0.2230,-0.01271,-0.01114,0.0407,-0.0937,-0.0715,0.0679,-0.00890,-0.00411
111,4.4400,0.7229,0.0000,-0.1093,0.7345,-0.0053,0.0413,0.0261,-0.0074,-0.0898,-24.5939,-75.3583,0.2234,-0.01668,-0.01070,0.0035,-0.1201,-0.1167,0.0147,-0.00380,0.00294
112,4.4800,0.7229,0.0000,-0.1093,0.7371,0.0004,0.0137,-0.0038,-0.0305,-0.0495,-24.5653,-75.3651,0.2235,-0.01810,-0.01013,0.0046,-0.1028,-0.0601,0.0162,-0.00252,0.00387
113,4.5200,0.7229,0.0000,-0.1093,0.7418,0.0033,0.0256,-0.0144,-0.0900,-0.2079,-24.5366,-75.3717,0.2232,-0.02037,-0.01045,0.0411,-0.0865,-0.0909,0.1036,-0.00387,0.00519
114,4.5600,0.7229,0.0000,-0.1093,0.7455,-0.0072,0.0486,0.0349,-0.0910,-0.1113,-24.5079,-75.3787,0.2241,-0.02363,-0.00993,0.0191,-0.1204,-0.1271,0.0345,-0.00351,0.00744
115,4.6000,0.7229,0.0000,-0.1093,0.7403,-0.0156,0.0237,0.0767,0.0278,-0.0998,-24.4792,-75.3863,0.2248,-0.02500,-0.00697,-0.0037,-0.1159,-0.0993,0.0501,-0.00203,0.00873
116,4.6400,0.7229,0.0000,-0.1093,0.7437,0.0127,-0.0001,-0.0647,-0.0786,-0.1411,-24.4505,-75.3935,0.2244,-0.02713,-0.00671,0.0303,-0.1013,-0.0535,0.0393,-0.00120,0.00648
117,4.6800,0.7229,0.0000,-0.1093,0.7349,0.0091,-0.0029,-0.0468,0.0710,-0.0824,-24.4218,-75.4003,0.2236,-0.02568,-0.00903,0.0042,-0.0872,-0.1041,0.0378,0.00013,0.01040
118,4.7200,0.7229,0.0000,-0.1093,0.7288,0.0136,0.0275,-0.0674,0.2550,-0.1977,-24.3932,-75.4072,0.2232,-0.01923,-0.01104,0.0111,-0.1257,-0.0875,0.0457,-0.00107,0.00957
119,4.7600,0.7229,0.0000,-0.1093,0.7438,0.0134,0.0392,-0.0691,0.0050,-0.0696,-24.3645,-75.4140,0.2238,-0.01499,-0.01442,0.0164,-0.1427,-0.0877,0.0159,-0.00579,0.00350
120,4.8000,0.7229,0.0000,-0.1093,0.7486,-0.0050,0.0232,0.0261,-0.0227,-0.1754,-24.3358,-75.4217,0.2239,-0.01548,-0.01475,0.0271,-0.1021,-0.0813,0.0638,-0.00636,0.00419
121,4.8400,0.7229,0.0000,-0.1093,0.7421,-0.0061,0.0112,0.0287,0.1578,-0.0383,-24.3071,-75.4299,0.2236,-0.01241,-0.01307,-0.0102,-0.1129,-0.0781,-0.0222,-0.00329,0.00582
122,4.8800,0.7229,0.0000,-0.1093,0.7532,0.0046,0.0336,-0.0230,-0.0139,-0.0531,-24.2782,-75.4379,0.2232,-0.01022,-0.01327,0.0314,-0.1164,-0.0954,0.0797,-0.00546,0.00462
123,4.9200,0.7229,0.0000,-0.1093,0.7681,0.0042,0.0431,-0.0198,-0.2027,-0.1594,-24.2490,-75.4458,0.2237,-0.01514,-0.01434,0.0447,-0.1065,-0.0910,0.0331,-0.00573,0.00400
124,4.9600,0.7229,0.0000,-0.1093,0.7618,-0.0181,0.0325,0.0896,-0.0224,-0.0828,-24.2198,-75.4545,0.2243,-0.01867,-0.01227,0.0047,-0.1103,-0.1224,0.0312,-0.00073,0.00841
125,5.0000,0.7229,0.0000,-0.1093,0.7672,-0.0002,0.0100,-0.0006,-0.1470,-0.0289,-24.1906,-75.4633,0.2243,-0.02339,-0.01023,0.0317,-0.1086,-0.0731,0.0167,0.00195,0.00737
126,5.0400,0.7229,0.0000,-0.1093,0.7505,0.0218,0.0132,-0.1084,0.1590,-0.1537,-24.1614,-75.4714,0.2238,-0.02177,-0.01236,0.0334,-0.1088,-0.0952,0.0169,0.00509,0.01021
127,5.0800,0.7229,0.0000,-0.1093,0.7634,0.0133,0.0232,-0.0674,-0.0733,-0.1272,-24.1322,-75.4790,0.2238,-0.02068,-0.01683,0.0357,-0.1069,-0.0837,0.0659,-0.00008,0.00975
128,5.1200,0.7229,0.0000,-0.1093,0.7792,-0.0246,0.0198,0.1228,-0.3500,-0.0643,-24.1030,-75.4881,0.2240,-0.02967,-0.01513,0.0353,-0.0882,-0.1140,0.0678,-0.00143,0.01258
129,5.1600,0.7229,0.0000,-0.1093,0.7636,-0.0225,0.0244,0.1117,-0.0668,-0.0727,-24.0740,-75.4982,0.2244,-0.03747,-0.00894,0.0196,-0.1133,-0.1224,0.0048,0.00638,0.01573
130,5.2000,0.7229,0.0000,-0.1093,0.7608,0.0062,-0.0131,-0.0323,-0.1440,-0.1218,-24.0451,-75.5074,0.2243,-0.04234,-0.00764,0.0200,-0.0834,-0.0608,0.0291,0.00694,0.01491
131,5.2400,0.7229,0.0000,-0.1093,0.7439,0.0074,-0.0044,-0.0383,0.0743,-0.0500,-24.0164,-75.5160,0.2237,-0.04214,-0.00895,0.0157,-0.1002,-0.1236,0.0525,0.00871,0.01887
132,5.2800,0.7229,0.0000,-0.1093,0.7438,-0.0055,0.0154,0.0291,0.0424,-0.1951,-23.9880,-75.5248,0.2236,-0.03952,-0.00898,0.0049,-0.0986,-0.1282,0.0701,0.00538,0.01906
133,5.3200,0.7229,0.0000,-0.1093,0.7456,0.0008,0.0369,-0.0059,-0.0286,-0.1049,-23.9597,-75.5339,0.2246,-0.04049,-0.00818,0.0210,-0.1482,-0.1069,0.0249,0.00785,0.01635
134,5.3600,0.7229,0.0000,-0.1093,0.7187,0.0030,0.0209,-0.0154,0.4203,-0.1841,-23.9318,-75.5430,0.2252,-0.03056,-0.00789,0.0150,-0.1131,-0.1071,0.0409,0.00805,0.01809
135,5.4000,0.7229,0.0000,-0.1093,0.7298,0.0238,-0.0015,-0.1192,0.1521,-0.1838,-23.9039,-75.5516,0.2248,-0.02091,-0.01124,0.0250,-0.1213,-0.0618,0.0257,0.00056,0.01027
136,5.4400,0.7229,0.0000,-0.1093,0.7276,0.0043,0.0169,-0.0209,0.2474,-0.1767,-23.8760,-75.5604,0.2240,-0.01224,-0.01405,0.0097,-0.1119,-0.0973,0.0819,-0.00223,0.01093
137,5.4800,0.7229,0.0000,-0.1093,0.7444,-0.0029,0.0397,0.0144,0.0270,-0.1283,-23.8481,-75.5701,0.2241,-0.00795,-0.01411,0.0262,-0.1238,-0.0867,0.0342,-0.00766,0.00598
138,5.5200,0.7229,0.0000,-0.1093,0.7473,-0.0088,0.0397,0.0465,0.0807,-0.2477,-23.8201,-75.5803,0.2243,-0.00583,-0.01240,0.0250,-0.1031,-0.0833,0.0580,-0.00808,0.00741
139,5.5600,0.7229,0.0000,-0.1093,0.7624,-0.0023,0.0188,0.0098,-0.1496,-0.1091,-23.7919,-75.5908,0.2243,-0.00859,-0.01144,0.0165,-0.1063,-0.0667,0.0178,-0.00797,0.00449
140,5.6000,0.7229,0.0000,-0.1093,0.7616,-0.0256,0.0157,0.1271,-0.0792,0.0103,-23.7637,-75.6019,0.2237,-0.01190,-0.00801,-0.0086,-0.0840,-0.1354,0.0754,-0.00550,0.00795
141,5.6400,0.7229,0.0000,-0.1093,0.7689,0.0079,0.0422,-0.0401,-0.1603,-0.0490,-23.7352,-75.6129,0.2239,-0.01817,-0.00596,0.0458,-0.1218,-0.0941,0.0168,-0.00220,0.00675
142,5.6800,0.7229,0.0000,-0.1093,0.7528,0.0166,0.0236,-0.0831,0.1652,-0.1088,-23.7065,-75.6228,0.2243,-0.01631,-0.00871,0.0024,-0.1094,-0.1055,0.0028,0.00170,0.00933
143,5.7200,0.7229,0.0000,-0.1093,0.7535,0.0107,0.0195,-0.0553,0.1922,-0.0247,-23.6779,-75.6328,0.2240,-0.00947,-0.01175,0.0013,-0.1312,-0.0923,0.0523,-0.00029,0.00639
144,5.7600,0.7229,0.0000,-0.1093,0.7707,0.0145,0.0165,-0.0747,-0.0828,-0.0126,-23.6491,-75.6429,0.2235,-0.00869,-0.01466,0.0261,-0.1187,-0.0645,0.0125,-0.00488,0.00250
145,5.8000,0.7229,0.0000,-0.1093,0.7672,0.0234,0.0435,-0.1158,0.0690,-0.1654,-23.6201,-75.6530,0.2235,-0.00835,-0.01847,0.0555,-0.1262,-0.0952,0.0130,-0.00282,0.00539
146,5.8400,0.7229,0.0000,-0.1093,0.7822,0.0087,0.0373,-0.0441,-0.1421,-0.1131,-23.5909,-75.6632,0.2241,-0.01053,-0.02250,0.0266,-0.1297,-0.0884,0.0139,-0.00452,0.00569
147,5.8800,0.7229,0.0000,-0.1093,0.7767,-0.0166,0.0162,0.0834,0.0275,-0.0914,-23.5620,-75.6747,0.2239,-0.01210,-0.02064,0.0153,-0.1069,-0.0987,0.0102,-0.00529,0.00893
148,5.9200,0.7229,0.0000,-0.1093,0.7614,-0.0092,0.0222,0.0466,0.3924,-0.0707,-23.5335,-75.6866,0.2234,-0.00282,-0.01728,-0.0214,-0.1312,-0.0978,-0.0170,-0.00378,0.00794
149,5.9600,0.7229,0.0000,-0.1093,0.7881,0.0044,0.0157,-0.0239,-0.0714,-0.0228,-23.5045,-75.6979,0.2226,0.00201,-0.01781,0.0209,-0.0881,-0.0637,0.0127,-0.00944,-0.00041
150,6.0000,0.7229,0.0000,-0.1093,0.7848,0.0246,-0.0015,-0.1275,0.0796,-0.0146,-23.4750,-75.7090,0.2213,0.00189,-0.02056,0.0163,-0.0949,-0.0422,-0.1132,-0.00653,0.00179
151,6.0400,0.7229,0.0000,-0.1093,0.8003,0.0058,-0.0000,-0.0387,-0.1906,0.1909,-23.4452,-75.7197,0.2197,0.00010,-0.02491,-0.0025,-0.0661,-0.0923,-0.0358,-0.00848,0.00311
152,6.0800,0.7229,0.0000,-0.1093,0.8103,0.0090,-0.0363,-0.0542,-0.3511,0.1955,-23.4152,-75.7311,0.2175,-0.01195,-0.02607,0.0497,0.0107,0.0364,-0.1533,-0.00629,0.00595
153,6.1200,0.7229,0.0000,-0.1093,0.7947,0.0415,-0.0158,-0.2284,-0.2104,0.2513,-23.3850,-75.7413,0.2155,-0.02126,-0.03225,0.1497,0.0559,0.0135,-0.1552,-0.00231,0.01333
154,6.1600,0.7229,0.0000,-0.1093,0.8026,0.0328,-0.0677,-0.1888,-0.5658,0.3568,-23.3545,-75.7505,0.2132,-0.03666,-0.04244,0.1934,0.1779,0.1440,-0.1780,-0.00280,0.01688
155,6.2000,0.7229,0.0000,-0.1093,0.7517,0.0030,-0.1446,-0.0217,0.0910,0.4369,-23.3251,-75.7607,0.2079,-0.04177,-0.04501,0.2595,0.4385,0.3670,-0.2223,0.00386,0.02925
156,6.2400,0.7229,0.0000,-0.1093,0.7466,-0.0182,-0.2017,0.1135,-0.2350,0.6454,-23.2965,-75.7708,0.1994,-0.04405,-0.04511,0.3848,0.8904,0.9460,-0.1188,0.00280,0.02572
157,6.2800,0.7229,0.0000,-0.1093,0.7029,-0.0480,0.0031,0.2855,-0.1932,0.3014,-23.2693,-75.7813,0.1949,-0.05419,-0.03685,0.6805,1.1603,1.5799,0.0902,0.00952,0.02753
158,6.3200,0.7229,0.0000,-0.1093,0.6012,-0.0521,0.0952,-0.1315,0.3947,0.4838,-23.2451,-75.7905,0.1983,-0.05040,-0.02936,0.9601,1.0986,1.9674,0.4252,0.01932,0.02569
159,6.3600,0.7229,0.0000,-0.1093,0.6474,-0.0857,0.0670,0.2334,-0.3547,0.6721,-23.2213,-75.8003,0.2029,-0.05441,-0.01862,0.9144,0.8265,1.7637,0.9324,0.00686,0.02100
160,6.4000,0.7229,0.0000,-0.1093,0.6248,-0.0617,0.1115,-0.4148,-0.6212,1.2717,-23.1972,-75.8088,0.2089,-0.08408,-0.02211,0.7504,0.1512,1.5467,1.2000,0.01686,0.02209
161,6.4400,0.7229,0.0000,-0.1093,0.6795,0.1082,0.5341,-0.8185,-1.4197,1.0560,-23.1727,-75.8111,0.2266,-0.13678,-0.04410,0.6946,-0.9730,0.5983,1.7100,0.02035,0.03384
162,6.4800,0.7229,0.0000,-0.1093,0.6652,0.1195,0.9936,-1.0186,-0.1768,3.4020,-23.1502,-75.8065,0.2620,-0.14078,-0.08825,0.6688,-2.2217,-0.6656,1.0680,0.03087,0.04418
163,6.5200,0.7229,0.0000,-0.1093,0.5633,0.0095,0.3074,0.4341,-0.5677,4.5885,-23.1281,-75.8027,0.2847,-0.13365,-0.09898,-0.6750,-0.3926,-0.1216,-0.1171,0.01572,0.05328
164,6.5600,0.7229,0.0000,-0.1093,0.5753,-0.0086,-0.0516,0.6047,-0.3774,2.0252,-23.1061,-75.8001,0.2904,-0.13399,-0.08095,0.2356,2.1076,0.6642,1.1821,0.02823,0.05696
165,6.6000,0.7229,0.0000,-0.1093,0.5218,0.0221,-0.4250,-0.2866,-0.4970,1.1191,-23.0843,-75.7955,0.2832,-0.14643,-0.10258,1.4672,2.5120,1.0928,2.0007,0.03924,0.05428
166,6.6400,0.7229,0.0000,-0.1093,0.5312,-0.0694,-0.5957,0.9093,0.1865,0.5787,-23.0620,-75.7924,0.2650,-0.14765,-0.08771,1.9935,1.7883,1.2550,2.2227,0.04047,0.06217
167,6.6800,0.7229,0.0000,-0.1093,0.5873,-0.0547,-0.3395,0.3615,-0.4733,0.1376,-23.0349,-75.7923,0.2458,-0.13785,-0.04943,1.6317,0.8148,1.0561,1.8840,0.05000,0.04099
168,6.7200,0.7229,0.0000,-0.1093,0.4510,0.0149,0.0205,-0.2137,0.3869,0.0236,-23.0140,-75.7872,0.2445,-0.13707,-0.04708,1.4282,0.9244,0.8277,1.8391,0.05840,0.04177
169,6.7600,0.7229,0.0000,-0.1093,0.3391,0.1060,0.3150,-0.7667,0.7542,-0.1555,-23.0000,-75.7793,0.2546,-0.11761,-0.06498,1.2546,0.3518,0.5169,1.8957,0.04297,0.03813
170,6.8000,0.7229,0.0000,-0.1093,0.3970,0.1502,0.8180,-0.7882,-0.6057,-0.0897,-22.9923,-75.7681,0.2804,-0.11208,-0.09647,0.8068,-1.2549,0.1299,1.6947,0.02341,0.03794
171,6.8400,0.7229,0.0000,-0.1093,0.4489,0.2193,0.8055,-0.2812,-2.3873,2.2999,-22.9850,-75.7537,0.3141,-0.16427,-0.11567,0.6258,-1.0684,0.0526,0.9930,0.01875,0.04778
172,6.8800,0.7229,0.0000,-0.1093,0.4485,0.2059,0.1557,0.8466,-1.3597,0.4246,-22.9733,-75.7418,0.3273,-0.20909,-0.07385,0.9045,2.2751,0.3887,1.5937,0.03090,0.05645
173,6.9200,0.7229,0.0000,-0.1093,0.3623,0.1759,-0.1528,0.1316,0.0754,0.3005,-22.9626,-75.7291,0.3273,-0.25070,-0.06254,1.8187,2.3563,0.5801,2.3306,0.04159,0.06408
174,6.9600,0.7229,0.0000,-0.1093,0.2587,0.1622,-0.4702,-0.0815,0.7219,0.5247,-22.9508,-75.7182,0.3159,-0.24063,-0.07543,2.1858,1.8668,0.8296,2.6159,0.04442,0.06182
175,7.0000,0.7229,0.0000,-0.1093,0.3243,0.1093,-0.6250,0.5992,1.3829,0.8169,-22.9364,-75.7083,0.2960,-0.19318,-0.06856,2.0537,1.5540,0.7066,2.5433,0.02986,0.05445
176,7.0400,0.7229,0.0000,-0.1093,0.4993,-0.0087,-0.5391,-0.0474,0.5529,-0.0763,-22.9163,-75.6995,0.2715,-0.13499,-0.03907,1.6022,1.4911,0.6703,2.0203,0.01383,0.03351
177,7.0800,0.7229,0.0000,-0.1093,0.5653,0.0889,-0.1048,-0.5998,-0.3834,-0.0785,-22.8965,-75.6877,0.2626,-0.15834,-0.05661,1.4183,1.5150,0.9014,1.8350,0.00509,0.02806
178,7.1200,0.7229,0.0000,-0.1093,0.6678,0.0595,0.0161,-0.3928,0.2933,-0.0598,-22.8749,-75.6750,0.2638,-0.14184,-0.07306,1.4802,1.7389,0.6900,1.9980,0.00097,0.03909
179,7.1600,0.7229,0.0000,-0.1093,0.8172,-0.0051,0.4527,0.1668,0.3963,-0.0911,-22.8498,-75.6619,0.2788,-0.10586,-0.07671,1.6061,1.1364,0.1239,1.8131,-0.00821,0.04086
180,7.2000,0.7229,0.0000,-0.1093,0.8235,-0.0430,0.8056,0.2043,0.8824,0.0535,-22.8210,-75.6494,0.3080,-0.06062,-0.06648,1.8660,0.4359,-0.4232,1.8814,-0.00902,0.03201
181,7.2400,0.7229,0.0000,-0.1093,0.7348,-0.0104,0.2809,-0.3763,0.3296,0.3865,-22.7941,-75.6365,0.3272,-0.06353,-0.08376,1.9177,0.7328,0.7243,1.4026,-0.02003,0.01377
182,7.2800,0.7229,0.0000,-0.1093,0.5815,0.0883,0.2977,-0.5948,0.2522,-0.1302,-22.7707,-75.6227,0.3368,-0.04801,-0.09457,1.5736,0.4806,1.0451,1.3995,-0.02888,0.01608
183,7.3200,0.7229,0.0000,-0.1093,0.3517,0.2309,0.4542,-1.1391,-0.2591,-0.1006,-22.7598,-75.6070,0.3538,-0.03890,-0.13286,1.4648,0.1275,0.6347,1.3618,-0.03981,0.02101
184,7.3600,0.7229,0.0000,-0.1093,0.3951,0.2074,0.1659,-0.8404,-0.3442,0.1147,-22.7521,-75.5908,0.3632,-0.04742,-0.17281,1.2500,0.3368,0.6056,1.1392,-0.04943,0.03289
185,7.4000,0.7229,0.0000,-0.1093,0.4545,0.1952,-0.2479,0.1340,0.3701,-0.4327,-22.7382,-75.5769,0.3556,-0.04179,-0.16249,1.4887,1.8350,0.8413,1.4932,-0.05484,0.04334
186,7.4400,0.7229,0.0000,-0.1093,0.5457,0.0867,-0.0165,-0.1431,0.1033,-0.2600,-22.7205,-75.5652,0.3480,-0.02147,-0.16735,1.8614,2.0945,0.6186,1.7652,-0.05559,0.03284
187,7.4800,0.7229,0.0000,-0.1093,0.6854,-0.0315,-0.0566,0.8473,0.4532,-0.3943,-22.6969,-75.5562,0.3469,-0.01439,-0.14317,2.0345,2.2433,0.5074,1.9078,-0.05837,0.03363
188,7.5200,0.7229,0.0000,-0.1093,0.8027,-0.1383,-0.0973,0.8271,0.2009,0.2312,-22.6676,-75.5497,0.3431,-0.00055,-0.11326,2.0298,1.7535,0.4738,1.9694,-0.04900,0.01520
189,7.5600,0.7229,0.0000,-0.1093,0.6704,-0.0317,-0.0481,0.1759,-0.3814,0.0296,-22.6388,-75.5418,0.3399,-0.02886,-0.09728,1.7805,1.6447,0.7180,1.8191,-0.03706,-0.00103
190,7.6000,0.7229,0.0000,-0.1093,0.5860,0.0091,0.0523,-0.0778,-0.0251,-0.0239,-22.6154,-75.5331,0.3397,-0.02928,-0.09402,1.5955,1.8947,0.5832,1.8704,-0.02503,0.00655
191,7.6400,0.7229,0.0000,-0.1093,0.6268,0.0013,0.0901,-0.0226,-0.2529,-0.0075,-22.5936,-75.5237,0.3421,-0.03347,-0.09585,1.5933,1.8713,0.5524,1.9999,-0.02564,0.01131
192,7.6800,0.7229,0.0000,-0.1093,0.6650,-0.0074,0.1793,0.0350,0.0132,0.0090,-22.5699,-75.5141,0.3478,-0.03234,-0.09391,1.6063,1.7504,0.3991,2.0226,-0.01980,0.01842
193,7.7200,0.7229,0.0000,-0.1093,0.7068,-0.0117,0.4428,0.0529,0.4114,0.0123,-22.5448,-75.5036,0.3613,-0.00871,-0.08970,1.6431,1.2836,0.0155,2.0551,-0.01849,0.01916
194,7.7600,0.7229,0.0000,-0.1093,0.7184,-0.0136,0.9278,0.0541,0.4645,0.0222,-22.5186,-75.4915,0.3902,0.02863,-0.08491,1.8509,0.3719,-0.5512,2.0776,-0.02343,0.01053
195,7.8000,0.7229,0.0000,-0.1093,0.6752,0.0242,0.3321,-0.6472,-0.3079,0.2644,-22.4940,-75.4782,0.4097,-0.01038,-0.11516,1.8989,0.7453,1.0079,1.3563,-0.02835,0.00089
196,7.8400,0.7229,0.0000,-0.1093,0.6513,0.0804,0.3127,-0.2434,0.0038,0.0069,-22.4703,-75.4645,0.4197,-0.01398,-0.12834,1.5552,0.2744,0.9534,1.3642,-0.03340,0.01518
197,7.8800,0.7229,0.0000,-0.1093,0.4840,0.1772,0.3425,-0.8187,-0.3912,-0.1569,-22.4532,-75.4493,0.4336,-0.01421,-0.15226,1.4242,0.2902,0.6679,1.3854,-0.03886,0.02031
198,7.9200,0.7229,0.0000,-0.1093,0.4377,0.2063,0.0680,-0.8820,-0.0017,0.0763,-22.4413,-75.4332,0.4384,-0.02377,-0.18977,1.2445,0.4839,0.7039,1.1035,-0.04657,0.03227
199,7.9600,0.7229,0.0000,-0.1093,0.4271,0.2030,0.0212,-1.1126,0.1404,-0.2271,-22.4274,-75.4188,0.4347,-0.01158,-0.22601,1.4635,1.0364,0.7684,1.3226,-0.05538,0.04280
200,8.0000,0.7229,0.0000,-0.1093,0.4717,0.0616,-0.0331,1.0829,-0.8915,-0.7750,-22.4120,-75.4083,0.4318,-0.02806,-0.20934,1.4866,2.1366,0.8773,1.3572,-0.06314,0.05206
201,8.0400,0.7229,0.0000,-0.1093,0.5786,-0.1117,0.0182,1.0501,0.1147,-0.4912,-22.3923,-75.4043,0.4309,-0.02132,-0.16564,1.8998,2.1876,0.3915,1.9693,-0.04116,0.04982
202,8.0800,0.7229,0.0000,-0.1093,0.6955,-0.1873,-0.1264,1.0544,0.4079,-0.0255,-22.3651,-75.4028,0.4287,-0.02115,-0.12168,1.9953,2.0185,0.4479,2.1051,-0.02208,0.02944
203,8.1200,0.7229,0.0000,-0.1093,0.6217,-0.0833,-0.1244,0.5078,-0.0072,0.1266,-22.3378,-75.4002,0.4227,-0.02284,-0.09317,1.8067,1.7974,0.5783,2.0111,-0.01097,0.01151
204,8.1600,0.7229,0.0000,-0.1093,0.5133,0.0306,-0.0621,-0.2135,0.0517,-0.0580,-22.3159,-75.3938,0.4182,-0.02798,-0.08992,1.5978,2.0408,0.6675,2.0000,-0.00061,0.00550
205,8.2000,0.7229,0.0000,-0.1093,0.5773,0.0047,0.0372,-0.0427,-0.5013,-0.0140,-22.2962,-75.3862,0.4173,-0.03227,-0.09497,1.5665,1.9895,0.6172,2.0179,-0.00614,0.01068
206,8.2400,0.7229,0.0000,-0.1093,0.6584,-0.0216,0.1035,0.1258,-0.3709,0.0292,-22.2732,-75.3786,0.4204,-0.04866,-0.09140,1.5814,1.7811,0.5315,2.1310,0.00055,0.02240
207,8.2800,0.7229,0.0000,-0.1093,0.6803,-0.0116,0.3765,0.0540,0.3745,0.0100,-22.2483,-75.3703,0.4316,-0.03036,-0.08456,1.6269,1.3490,0.1463,2.0376,0.00638,0.02785
208,8.3200,0.7229,0.0000,-0.1093,0.7386,-0.0232,0.8375,0.1062,0.3379,0.0316,-22.2221,-75.3602,0.4578,0.00385,-0.07843,1.7624,0.4920,-0.3965,2.0953,-0.00192,0.01856
209,8.3600,0.7229,0.0000,-0.1093,0.6617,0.0151,0.3210,-0.3493,0.1003,0.1845,-22.1967,-75.3493,0.4771,-0.01385,-0.09296,1.9548,0.7100,0.5751,1.4592,-0.00529,0.01115
210,8.4000,0.7229,0.0000,-0.1093,0.5794,0.1002,0.1770,-0.2471,0.1034,-0.1249,-22.1737,-75.3376,0.4827,-0.02514,-0.11908,1.5406,0.5597,1.2926,1.3991,-0.01387,0.01592
211,8.4400,0.7229,0.0000,-0.1093,0.4282,0.1704,0.4844,-0.8527,-0.5351,-0.1542,-22.1580,-75.3234,0.4981,-0.03363,-0.14841,1.5524,0.1211,0.8968,1.4448,-0.02160,0.02070
212,8.4800,0.7229,0.0000,-0.1093,0.4267,0.1712,0.4310,-0.6658,-0.5053,0.1416,-22.1471,-75.3082,0.5156,-0.04372,-0.17861,1.3094,0.1034,0.4583,1.2559,-0.02840,0.03261
213,8.5200,0.7229,0.0000,-0.1093,0.4496,0.2183,-0.0888,0.1828,0.0621,-0.2109,-22.1321,-75.2948,0.5167,-0.03730,-0.16286,1.3466,1.7980,0.7251,1.3470,-0.03153,0.04310
214,8.5600,0.7229,0.0000,-0.1093,0.6046,0.1129,-0.2462,0.9554,0.5480,-0.8383,-22.1145,-75.2831,0.5056,-0.01426,-0.13380,1.8421,2.4865,0.5831,1.8116,-0.02864,0.03933
215,8.6000,0.7229,0.0000,-0.1093,0.7576,-0.0781,0.0760,0.3173,-0.0587,-0.0278,-22.0893,-75.2748,0.5035,-0.01188,-0.13000,1.9835,2.0122,0.4170,1.9494,-0.02046,0.02021
216,8.6400,0.7229,0.0000,-0.1093,0.8568,-0.1431,-0.1480,0.6141,0.3144,-0.0261,-22.0561,-75.2698,0.5015,-0.01693,-0.11329,2.0711,1.7786,0.5997,2.0042,-0.01234,0.01850
217,8.6800,0.7229,0.0000,-0.1093,0.7249,-0.0635,0.1387,0.3554,-0.1881,0.0920,-22.0242,-75.2648,0.5014,-0.01716,-0.08751,1.7293,1.4658,0.4281,1.5926,-0.01068,0.00400
218,8.7200,0.7229,0.0000,-0.1093,0.6580,0.0047,-0.0229,-0.0424,-0.7258,-0.0086,-21.9975,-75.2568,0.5025,-0.04703,-0.09034,1.5024,1.9801,0.7687,1.8571,-0.00095,0.00344
219,8.7600,0.7229,0.0000,-0.1093,0.6236,-0.0096,0.0408,0.0898,-0.1201,-0.0036,-21.9735,-75.2495,0.5030,-0.04706,-0.08675,1.5533,2.0007,0.5129,2.0697,0.01011,0.01743
220,8.8000,0.7229,0.0000,-0.1093,0.6714,-0.0257,0.2455,0.1430,0.1274,0.0386,-21.9492,-75.2421,0.5098,-0.03590,-0.08017,1.5624,1.6622,0.2323,2.1371,0.01263,0.02197
221,8.8400,0.7229,0.0000,-0.1093,0.7208,-0.0525,0.7880,0.2552,0.5954,0.0715,-21.9228,-75.2341,0.5330,0.00685,-0.06751,1.7115,0.7231,-0.4337,2.1463,0.00790,0.01766
222,8.8800,0.7229,0.0000,-0.1093,0.5920,0.0339,0.4362,-0.4942,0.1546,0.2250,-21.8980,-75.2246,0.5546,0.00304,-0.07241,1.9862,0.5024,0.0025,1.6961,-0.00052,0.00544
223,8.9200,0.7229,0.0000,-0.1093,0.4790,0.1398,-0.0550,0.0543,0.1847,0.8856,-21.8792,-75.2128,0.5563,-0.04049,-0.10181,1.5908,0.9161,1.6545,1.3391,-0.01429,0.01135
224,8.9600,0.7229,0.0000,-0.1093,0.5343,0.1080,0.3660,-0.4479,-0.5367,0.0766,-21.8633,-75.2004,0.5635,-0.04124,-0.12706,1.3529,0.3337,1.0705,1.3933,-0.01607,0.01073
225,9.0000,0.7229,0.0000,-0.1093,0.3726,0.1703,0.6308,-0.8018,-0.5594,-0.0389,-21.8499,-75.1870,0.5870,-0.04980,-0.14986,1.5815,-0.0893,0.3816,1.3309,-0.01662,0.02384
226,9.0400,0.7229,0.0000,-0.1093,0.3875,0.1513,0.2848,-0.4564,-0.2217,0.2820,-21.8406,-75.1734,0.6023,-0.05547,-0.17548,1.2191,0.5811,0.3933,1.0510,-0.02215,0.03538
227,9.0800,0.7229,0.0000,-0.1093,0.4295,0.2031,-0.2252,0.3461,-0.0077,-0.6207,-21.8254,-75.1621,0.5977,-0.04921,-0.14750,1.4589,2.5097,0.7844,1.5711,-0.02898,0.04553
228,9.1200,0.7229,0.0000,-0.1093,0.6249,0.0109,-0.2245,0.8285,0.7182,-0.8668,-21.8068,-75.1533,0.5869,-0.02322,-0.13316,1.8789,2.5378,0.5271,1.9921,-0.01996,0.03925
229,9.1600,0.7229,0.0000,-0.1093,0.6527,-0.0457,-0.0646,0.2873,0.2445,-0.0078,-21.7809,-75.1479,0.5791,-0.00430,-0.11538,2.0101,1.8314,0.4991,1.9255,-0.01995,0.02014
230,9.2000,0.7229,0.0000,-0.1093,0.7071,-0.0601,-0.0431,0.3523,0.1027,0.0845,-21.7534,-75.1423,0.5770,-0.01059,-0.10210,1.9003,1.6948,0.5423,1.9769,-0.02044,0.01427
231,9.2400,0.7229,0.0000,-0.1093,0.6539,-0.0047,-0.0129,0.0146,-0.3450,0.0016,-21.7272,-75.1355,0.5750,-0.02448,-0.09714,1.6817,1.8170,0.6540,1.9270,-0.01622,0.00560
232,9.2800,0.7229,0.0000,-0.1093,0.6338,0.0050,0.1217,-0.0465,-0.0995,-0.0137,-21.7030,-75.1280,0.5773,-0.02711,-0.09651,1.5991,1.7710,0.4995,1.9155,-0.00955,0.01274
233,9.3200,0.7229,0.0000,-0.1093,0.7275,-0.0299,0.4109,0.1559,-0.1098,0.0353,-21.6779,-75.1201,0.5892,-0.01741,-0.09166,1.6280,1.2630,0.1381,1.9721,-0.01021,0.01430
234,9.3600,0.7229,0.0000,-0.1093,0.7683,-0.0353,0.8178,0.1631,0.1470,0.0349,-21.6499,-75.1110,0.6159,-0.00140,-0.08282,1.7570,0.5044,-0.3640,1.9648,-0.00732,0.01539
235,9.4000,0.7229,0.0000,-0.1093,0.7326,0.0012,0.3180,-0.1579,-0.0576,0.1685,-21.6220,-75.1011,0.6353,-0.01380,-0.08876,1.8137,0.7847,0.3435,1.4891,-0.00634,0.01080
236,9.4400,0.7229,0.0000,-0.1093,0.6519,0.0028,0.0734,-0.1569,0.8579,-0.0185,-21.5947,-75.0912,0.6383,-0.01553,-0.08999,1.4907,1.0017,1.1156,1.4573,-0.00990,0.01703
237,9.4800,0.7229,0.0000,-0.1093,0.6402,0.0433,0.3548,-0.1108,-0.2562,0.0083,-21.5720,-75.0806,0.6481,-0.00290,-0.09945,1.5447,0.5645,0.8283,1.3834,-0.02311,0.00708
238,9.5200,0.7229,0.0000,-0.1093,0.6641,0.0359,0.5959,-0.3263,-1.0332,-0.2052,-21.5483,-75.0693,0.6696,-0.02201,-0.10397,1.6040,0.1291,0.1854,1.3335,-0.02116,0.01501
239,9.5600,0.7229,0.0000,-0.1093,0.6308,0.0470,0.2046,-0.2981,-0.2816,-0.1132,-21.5258,-75.0583,0.6822,-0.04174,-0.10454,1.2452,1.2570,0.3189,1.2858,-0.00939,0.02761
240,9.6000,0.7229,0.0000,-0.1093,0.7632,-0.0267,-0.0443,0.3814,0.0898,-0.9464,-21.4994,-75.0499,0.6824,-0.03857,-0.09097,1.6870,2.3271,0.3927,1.8709,-0.01002,0.03566
241,9.6400,0.7229,0.0000,-0.1093,0.8596,-0.1455,-0.0189,0.3486,0.8834,-0.2701,-21.4664,-75.0457,0.6813,-0.00589,-0.08415,1.9504,2.0707,0.1883,1.8961,-0.00595,0.02667
242,9.6800,0.7229,0.0000,-0.1093,0.8752,-0.1072,-0.0413,0.5486,0.2954,0.1720,-21.4309,-75.0420,0.6786,0.01171,-0.06487,1.9907,1.4733,0.2616,1.8404,-0.01566,0.00907
243,9.7200,0.7229,0.0000,-0.1093,0.7419,0.0267,0.0996,-0.1581,-0.3491,-0.0592,-21.4000,-75.0344,0.6795,-0.00877,-0.06135,1.7025,1.2322,0.3824,1.7239,-0.01248,-0.00437
244,9.7600,0.7229,0.0000,-0.1093,0.7584,0.0272,0.2510,-0.1523,-0.0408,-0.0576,-21.3718,-75.0251,0.6863,-0.00478,-0.06662,1.5137,1.3694,0.1318,1.8120,-0.00839,0.00557
245,9.8000,0.7229,0.0000,-0.1093,0.8380,-0.0911,0.8569,0.3985,0.0591,0.1178,-21.3415,-75.0170,0.7112,0.01816,-0.05894,1.5610,0.6211,-0.6051,1.8530,-0.01104,0.00982
246,9.8400,0.7229,0.0000,-0.1093,0.7161,-0.0673,0.7541,0.4324,1.2424,0.1191,-21.3081,-75.0111,0.7421,0.02908,-0.03885,1.6652,0.4728,-0.5956,1.8477,-0.00807,0.00366
247,9.8800,0.7229,0.0000,-0.1093,0.4555,0.0672,0.0135,-0.4775,0.5236,1.4701,-21.2876,-75.0022,0.7488,0.02834,-0.05660,1.6037,0.9984,1.6275,1.0035,-0.02150,-0.01118
248,9.9200,0.7229,0.0000,-0.1093,0.6125,0.0079,-0.0404,-1.1268,-1.5256,1.4922,-21.2672,-74.9932,0.7499,0.01570,-0.10617,1.2309,0.4486,0.6191,0.8564,-0.03332,-0.00953
249,9.9600,0.4279,0.0000,0.1235,-0.0522,-0.0375,-0.0000,-0.0287,0.0400,0.0002,-19.9313,-75.6439,0.9946,0.00000,3.14159,1.0593,0.7437,0.2828,1.0962,0.00000,0.00000
250,10.0000,0.4279,0.0000,0.1235,-0.1036,-0.0471,-0.2804,0.2961,1.8312,-0.1728,-19.9280,-75.6418,0.9893,0.07686,3.13512,1.1386,0.5045,-1.1757,-0.1632,-0.00219,-0.00039
251,10.0400,0.4279,0.0000,0.1235,0.0915,-0.0719,-0.8141,0.6797,1.0794,-1.7853,-19.9276,-75.6391,0.9628,0.11226,3.11381,1.4684,2.2411,0.6877,1.3052,-0.01632,-0.01475
252,10.0800,0.4279,0.0000,0.1235,0.2095,-0.0893,-1.2114,0.7875,1.0520,-3.1833,-19.9269,-75.6369,0.9212,0.15664,3.10965,2.8801,2.2330,0.9111,2.6161,-0.02513,-0.02738
253,10.1200,0.4279,0.0000,0.1235,0.2747,-0.0625,-1.5881,-0.5100,0.3622,0.0863,-19.9277,-75.6356,0.8627,0.16980,3.12552,1.4778,1.3807,0.8109,1.6233,-0.02851,-0.03849
254,10.1600,0.4279,0.0000,0.1235,0.3356,-0.0055,-1.9761,-0.9658,0.5418,2.2951,-19.9275,-75.6356,0.7905,0.18863,-3.13055,0.0851,0.1447,0.2930,0.0646,-0.03949,-0.03425
255,10.2000,0.4279,0.0000,0.1235,0.1605,0.0449,0.0595,-0.2565,0.0800,0.0900,-19.9315,-75.6379,0.7600,0.20240,-3.12794,-0.2969,-0.5621,-0.3079,0.1684,-0.04915,-0.02834
256,10.2400,0.4279,0.0000,0.1235,0.2456,0.0054,0.1549,-0.0463,-0.4493,0.1861,-19.9406,-75.6392,0.7642,0.19920,-3.12639,-0.1526,-0.6191,-0.5280,-0.8719,-0.05571,-0.02749
257,10.2800,0.4279,0.0000,0.1235,0.3353,-0.0134,0.0740,0.0485,-1.0103,0.2371,-19.9528,-75.6396,0.7648,0.15557,-3.12886,-0.5911,-1.0184,-0.3691,-0.2520,-0.04872,-0.02008
258,10.3200,0.4279,0.0000,0.1235,0.3438,0.0307,0.1513,-0.1626,-0.7231,0.0395,-19.9657,-75.6407,0.7661,0.12282,-3.12640,-0.0704,-0.3807,-0.0412,0.0959,-0.02847,-0.00411
259,10.3600,0.4279,0.0000,0.1235,0.3622,0.0032,0.0872,-0.0298,-0.4605,0.2298,-19.9795,-75.6423,0.7680,0.10503,-3.12295,0.0386,-0.0764,-0.0704,0.0370,-0.01841,0.00952
260,10.4000,0.4279,0.0000,0.1235,0.3919,-0.0068,0.0584,0.0266,-0.4192,0.1540,-19.9945,-75.6429,0.7676,0.08678,-3.12477,0.0528,-0.0984,-0.0841,0.0617,-0.01098,0.01449
261,10.4400,0.4279,0.0000,0.1235,0.4150,-0.0015,0.0740,-0.0005,-0.3444,0.1580,-20.0105,-75.6439,0.7676,0.07198,-3.12574,0.0103,-0.1177,-0.0945,0.0013,-0.00430,0.01777
262,10.4800,0.4279,0.0000,0.1235,0.4497,-0.0022,0.0634,0.0085,-0.5792,0.0336,-20.0275,-75.6451,0.7678,0.05255,-3.12595,0.0423,-0.0871,-0.0701,0.0504,0.00022,0.01880
263,10.5200,0.4279,0.0000,0.1235,0.4600,-0.0160,0.0706,0.0781,-0.4235,0.0460,-20.0453,-75.6459,0.7683,0.03355,-3.12834,0.0224,-0.1056,-0.1244,0.0323,0.00756,0.02498
264,10.5600,0.4279,0.0000,0.1235,0.4666,0.0014,0.0503,-0.0090,-0.3102,0.0287,-20.0636,-75.6469,0.7688,0.01863,-3.13003,0.0356,-0.1071,-0.0779,-0.0011,0.01231,0.02538
265,10.6000,0.4279,0.0000,0.1235,0.4630,0.0042,0.0316,-0.0247,-0.0902,0.0965,-20.0820,-75.6485,0.7686,0.01193,-3.12936,0.0148,-0.1034,-0.1001,0.0357,0.01373,0.02653
266,10.6400,0.4279,0.0000,0.1235,0.4607,-0.0054,0.0231,0.0225,0.1182,0.1454,-20.1005,-75.6499,0.7679,0.01358,-3.12973,-0.0164,-0.1067,-0.1080,0.0123,0.01295,0.02546
267,10.6800,0.4279,0.0000,0.1235,0.4748,-0.0049,0.0389,0.0170,0.0014,0.2313,-20.1193,-75.6514,0.7674,0.01541,-3.13067,-0.0075,-0.1194,-0.1075,0.0182,0.01048,0.01992
268,10.7200,0.4279,0.0000,0.1235,0.4860,-0.0165,0.0546,0.0776,-0.0257,0.1844,-20.1386,-75.6528,0.7675,0.01501,-3.13295,-0.0046,-0.1003,-0.1102,0.0608,0.00784,0.01818
269,10.7600,0.4279,0.0000,0.1235,0.4968,0.0055,0.0467,-0.0333,-0.0829,0.1808,-20.1583,-75.6546,0.7679,0.01197,-3.13424,0.0200,-0.1105,-0.0850,-0.0344,0.00874,0.01395
270,10.8000,0.4279,0.0000,0.1235,0.5118,0.0155,0.0415,-0.0816,-0.2675,0.0950,-20.1781,-75.6575,0.7679,0.00443,-3.13146,0.0421,-0.0947,-0.0937,0.0591,0.00940,0.01364
271,10.8400,0.4279,0.0000,0.1235,0.5174,-0.0036,0.0351,0.0128,-0.2718,0.1672,-20.1983,-75.6601,0.7680,-0.00563,-3.13038,0.0239,-0.0894,-0.1227,0.0034,0.01059,0.01740
272,10.8800,0.4279,0.0000,0.1235,0.5096,-0.0133,0.0321,0.0621,-0.0655,0.2198,-20.2187,-75.6622,0.7681,-0.01191,-3.13258,-0.0002,-0.1079,-0.1196,0.0184,0.01398,0.01974
273,10.9200,0.4279,0.0000,0.1235,0.5091,0.0013,0.0363,-0.0088,-0.0478,0.1045,-20.2389,-75.6646,0.7682,-0.01384,-3.13362,0.0322,-0.0927,-0.1108,0.0291,0.01574,0.01850
274,10.9600,0.4279,0.0000,0.1235,0.5036,-0.0001,0.0359,-0.0020,0.0868,0.0681,-20.2590,-75.6675,0.7684,-0.01234,-3.13341,0.0089,-0.1020,-0.1196,0.0232,0.01554,0.01794
275,11.0000,0.4279,0.0000,0.1235,0.5040,0.0109,0.0332,-0.0571,0.1014,0.0498,-20.2790,-75.6706,0.7685,-0.00904,-3.13227,0.0266,-0.1163,-0.0961,0.0104,0.01449,0.01464
276,11.0400,0.4279,0.0000,0.1235,0.5144,0.0121,0.0185,-0.0672,-0.0998,0.2062,-20.2991,-75.6741,0.7683,-0.00977,-3.12939,0.0140,-0.1193,-0.0963,-0.0044,0.01090,0.01087
277,11.0800,0.4279,0.0000,0.1235,0.5059,-0.0115,0.0319,0.0533,0.1075,0.1790,-20.3193,-75.6771,0.7679,-0.00796,-3.12975,0.0111,-0.0976,-0.1413,0.0493,0.00811,0.01378
278,11.1200,0.4279,0.0000,0.1235,0.5187,-0.0027,0.0586,0.0088,-0.0757,0.1585,-20.3397,-75.6801,0.7685,-0.00857,-3.13094,0.0351,-0.1281,-0.1154,0.0169,0.00742,0.00880
279,11.1600,0.4279,0.0000,0.1235,0.5236,-0.0190,0.0334,0.0901,-0.1524,0.1885,-20.3603,-75.6831,0.7691,-0.01288,-3.13306,0.0110,-0.0900,-0.1204,0.0374,0.00925,0.01036
280,11.2000,0.4279,0.0000,0.1235,0.5132,-0.0177,0.0238,0.0847,0.0502,0.1760,-20.3809,-75.6858,0.7689,-0.01418,-3.13739,0.0100,-0.0919,-0.1338,0.0233,0.01264,0.01151
281,11.2400,0.4279,0.0000,0.1235,0.5287,0.0115,0.0296,-0.0616,-0.2897,0.1802,-20.4013,-75.6896,0.7689,-0.02070,-3.13707,0.0457,-0.1011,-0.1041,0.0347,0.01114,0.00686
282,11.2800,0.4279,0.0000,0.1235,0.5162,-0.0187,0.0184,0.0892,-0.0804,0.1804,-20.4217,-75.6933,0.7688,-0.02569,-3.13799,0.0113,-0.0542,-0.1577,0.0522,0.01394,0.01543
283,11.3200,0.4279,0.0000,0.1235,0.5205,-0.0060,0.0311,0.0265,-0.2231,0.1965,-20.4421,-75.6968,0.7689,-0.03345,-3.14050,0.0365,-0.1033,-0.1218,0.0350,0.01715,0.01396
284,11.3600,0.4279,0.0000,0.1235,0.5006,0.0092,0.0219,-0.0471,0.0509,0.0670,-20.4620,-75.7009,0.7692,-0.03550,-3.14015,0.0252,-0.0884,-0.1249,0.0132,0.01915,0.01694
285,11.4000,0.4279,0.0000,0.1235,0.4913,0.0064,0.0079,-0.0362,0.1236,0.1882,-20.4814,-75.7055,0.7691,-0.03166,-3.13815,-0.0109,-0.1101,-0.1262,0.0244,0.01617,0.01630
286,11.4400,0.4279,0.0000,0.1235,0.4958,0.0082,0.0037,-0.0448,-0.0488,0.1827,-20.5007,-75.7101,0.7683,-0.03131,-3.13636,0.0143,-0.1006,-0.0881,0.0435,0.01178,0.01339
287,11.4800,0.4279,0.0000,0.1235,0.4895,0.0086,0.0242,-0.0452,0.0232,0.0832,-20.5199,-75.7148,0.7680,-0.03121,-3.13460,0.0233,-0.0972,-0.1073,0.0345,0.01262,0.01357
288,11.5200,0.4279,0.0000,0.1235,0.4852,0.0093,0.0401,-0.0497,0.0705,0.1043,-20.5388,-75.7196,0.7686,-0.02931,-3.13257,0.0178,-0.1294,-0.1113,0.0172,0.00919,0.01245
289,11.5600,0.4279,0.0000,0.1235,0.4772,0.0108,0.0132,-0.0570,0.1711,0.0730,-20.5576,-75.7245,0.7686,-0.02424,-3.13060,0.0139,-0.1094,-0.0816,-0.0066,0.00569,0.01147
290,11.6000,0.4279,0.0000,0.1235,0.4865,0.0003,0.0301,-0.0051,-0.0375,0.1453,-20.5763,-75.7293,0.7684,-0.02209,-3.12897,0.0098,-0.1340,-0.1283,0.0721,0.00023,0.00930
291,11.6400,0.4279,0.0000,0.1235,0.4799,-0.0063,0.0213,0.0286,0.1180,0.1119,-20.5952,-75.7338,0.7684,-0.02011,-3.13009,0.0063,-0.1031,-0.0799,-0.0135,0.00111,0.01232
292,11.6800,0.4279,0.0000,0.1235,0.4770,0.0043,0.0350,-0.0241,0.1744,0.1060,-20.6139,-75.7384,0.7683,-0.01426,-3.13009,0.0125,-0.1291,-0.0996,0.0480,-0.00091,0.01009
293,11.7200,0.4279,0.0000,0.1235,0.4835,0.0044,0.0466,-0.0253,0.0999,0.0934,-20.6326,-75.7435,0.7688,-0.00864,-3.12882,0.0148,-0.1355,-0.1216,0.0238,-0.00453,0.00656
294,11.7600,0.4279,0.0000,0.1235,0.4952,0.0216,0.0485,-0.1107,-0.0712,0.0470,-20.6514,-75.7491,0.7694,-0.00959,-3.12591,0.0632,-0.1460,-0.0828,0.0079,-0.00467,0.00452
295,11.8000,0.4279,0.0000,0.1235,0.5070,0.0109,0.0195,-0.0579,-0.2870,0.0721,-20.6704,-75.7550,0.7695,-0.01711,-3.12207,0.0513,-0.1081,-0.0804,0.0309,-0.00517,0.00623
296,11.8400,0.4279,0.0000,0.1235,0.5067,-0.0142,0.0071,0.0693,-0.2703,0.0799,-20.6898,-75.7599,0.7689,-0.02792,-3.12290,0.0341,-0.0946,-0.0942,0.0485,-0.00081,0.01065
297,11.8800,0.4279,0.0000,0.1235,0.4987,-0.0076,0.0116,0.0370,-0.1345,0.0751,-20.7093,-75.7646,0.7684,-0.03607,-3.12547,0.0227,-0.1088,-0.0636,0.0174,0.00699,0.01425
298,11.9200,0.4279,0.0000,0.1235,0.4940,-0.0052,0.0202,0.0256,-0.1104,0.0339,-20.7283,-75.7696,0.7683,-0.04024,-3.12649,0.0223,-0.1053,-0.0920,0.0671,0.00979,0.01444
299,11.9600,0.4279,0.0000,0.1235,0.4783,-0.0147,-0.0064,0.0729,0.1280,0.0897,-20.7472,-75.7742,0.7679,-0.03843,-3.12903,-0.0092,-0.0764,-0.0807,-0.0160,0.01212,0.01855
300,12.0000,0.4279,0.0000,0.1235,0.4801,0.0083,0.0173,-0.0425,0.0280,0.0603,-20.7658,-75.7793,0.7672,-0.03678,-3.12932,0.0193,-0.1239,-0.0634,0.0717,0.01051,0.01412
301,12.0400,0.4279,0.0000,0.1235,0.4844,-0.0125,0.0187,0.0624,-0.0768,-0.0134,-20.7843,-75.7845,0.7673,-0.03669,-3.12946,-0.0041,-0.0759,-0.0960,0.0547,0.00960,0.01413
302,12.0800,0.4279,0.0000,0.1235,0.4765,-0.0176,0.0136,0.0876,0.0656,0.0171,-20.8030,-75.7889,0.7671,-0.03739,-3.13351,-0.0191,-0.1012,-0.0657,0.0160,0.01026,0.01409
303,12.1200,0.4279,0.0000,0.1235,0.4638,0.0261,0.0247,-0.1332,0.2403,0.0038,-20.8212,-75.7944,0.7670,-0.03118,-3.13239,0.0135,-0.1301,-0.0606,-0.0045,0.01197,0.00974
304,12.1600,0.4279,0.0000,0.1235,0.4709,-0.0006,0.0186,0.0001,0.0916,0.1021,-20.8390,-75.8003,0.7670,-0.02369,-3.12880,-0.0284,-0.1049,-0.1077,0.0746,0.00662,0.00881
305,12.2000,0.4279,0.0000,0.1235,0.4802,-0.0219,0.0281,0.1095,-0.0190,0.0416,-20.8575,-75.8049,0.7667,-0.02283,-3.13204,-0.0037,-0.0978,-0.1024,0.0327,0.00281,0.00697
306,12.2400,0.4279,0.0000,0.1235,0.4912,0.0047,0.0450,-0.0251,-0.2181,0.0579,-20.8762,-75.8100,0.7674,-0.02936,-3.13363,0.0199,-0.1275,-0.0735,0.0087,0.00438,0.00334
307,12.2800,0.4279,0.0000,0.1235,0.4743,0.0058,0.0176,-0.0310,0.0700,0.0684,-20.8945,-75.8157,0.7677,-0.03072,-3.13259,-0.0066,-0.1016,-0.0847,0.0192,0.00801,0.00789
308,12.3200,0.4279,0.0000,0.1235,0.4721,-0.0179,0.0086,0.0894,0.1110,0.0685,-20.9128,-75.8208,0.7671,-0.02638,-3.13394,-0.0427,-0.0937,-0.1073,0.0843,0.00605,0.00921
309,12.3600,0.4279,0.0000,0.1235,0.4817,0.0226,0.0359,-0.1148,-0.0433,-0.0665,-20.9312,-75.8264,0.7671,-0.02702,-3.13352,0.0336,-0.1305,-0.0524,-0.0085,0.00573,0.00487
310,12.4000,0.4279,0.0000,0.1235,0.4822,-0.0108,0.0297,0.0527,-0.0466,0.0196,-20.9493,-75.8323,0.7676,-0.02725,-3.13177,-0.0391,-0.1040,-0.1244,0.0759,0.00355,0.00729
311,12.4400,0.4279,0.0000,0.1235,0.4891,-0.0259,0.0256,0.1291,-0.1550,0.0435,-20.9681,-75.8369,0.7676,-0.03211,-3.13659,-0.0022,-0.0980,-0.1026,0.0457,0.00260,0.00797
312,12.4800,0.4279,0.0000,0.1235,0.4837,-0.0167,0.0210,0.0831,-0.0900,0.0303,-20.9869,-75.8415,0.7677,-0.03664,-3.14132,-0.0092,-0.0756,-0.0974,0.0456,0.00746,0.01123
313,12.5200,0.4279,0.0000,0.1235,0.4791,0.0414,0.0133,-0.2086,-0.0891,-0.0687,-21.0051,-75.8477,0.7677,-0.04161,-3.13842,0.0322,-0.1215,-0.0525,-0.0175,0.01036,0.00978
314,12.5600,0.4279,0.0000,0.1235,0.4736,-0.0139,0.0073,0.0685,-0.0486,0.0432,-21.0229,-75.8539,0.7675,-0.04161,-3.13498,-0.0560,-0.0825,-0.1616,0.1228,0.00933,0.01610
315,12.6000,0.4279,0.0000,0.1235,0.4807,-0.0162,0.0117,0.0803,-0.2038,0.0083,-21.0414,-75.8586,0.7671,-0.04853,-3.13940,0.0157,-0.0817,-0.0710,0.0049,0.01161,0.01494
316,12.6400,0.4279,0.0000,0.1235,0.4581,0.0078,0.0244,-0.0396,0.1136,0.0869,-21.0593,-75.8639,0.7674,-0.04943,-3.14023,-0.0222,-0.1194,-0.0971,0.0208,0.01639,0.01811
317,12.6800,0.4279,0.0000,0.1235,0.4559,0.0105,0.0020,-0.0539,0.0360,0.0526,-21.0767,-75.8698,0.7673,-0.04629,-3.13771,-0.0290,-0.1026,-0.0883,0.0478,0.01194,0.01580
318,12.7200,0.4279,0.0000,0.1235,0.4554,-0.0220,0.0173,0.1100,0.0029,0.0636,-21.0941,-75.8749,0.7669,-0.04472,-3.13924,-0.0500,-0.0996,-0.1483,0.0835,0.01022,0.01696
319,12.7600,0.4279,0.0000,0.1235,0.4509,0.0093,0.0452,-0.0479,0.0644,0.0051,-21.1116,-75.8800,0.7676,-0.04452,-3.14104,0.0157,-0.1288,-0.0806,-0.0045,0.01052,0.01351
320,12.8000,0.4279,0.0000,0.1235,0.4531,0.0420,0.0053,-0.2123,-0.1186,-0.1446,-21.1283,-75.8867,0.7680,-0.04660,-3.13483,0.0186,-0.1136,-0.0465,0.0088,0.00874,0.01122
321,12.8400,0.4279,0.0000,0.1235,0.4462,0.0167,-0.0011,-0.0867,-0.0586,-0.1155,-21.1449,-75.8933,0.7674,-0.04928,-3.12862,-0.0049,-0.1204,-0.0984,0.0620,0.00758,0.01572
322,12.8800,0.4279,0.0000,0.1235,0.4445,-0.0414,-0.0279,0.2086,0.1226,-0.0181,-21.1621,-75.8979,0.7663,-0.04718,-3.13166,-0.0164,-0.1358,-0.0891,0.0179,0.00754,0.01949
323,12.9200,0.4279,0.0000,0.1235,0.4720,-0.0151,-0.0570,0.0775,0.0270,0.0034,-21.1802,-75.9023,0.7641,-0.04823,-3.13699,0.1123,-0.2657,-0.0295,-0.1008,0.00809,0.01165
324,12.9600,0.4279,0.0000,0.1235,0.4944,-0.0551,-0.1731,0.2862,-0.1027,-0.2630,-21.1992,-75.9069,0.7590,-0.05060,3.14059,0.1384,-0.2981,0.0047,-0.0801,0.00838,0.01099
325,13.0000,0.4279,0.0000,0.1235,0.5040,-0.1837,-0.3090,0.9899,-0.2318,-0.4315,-21.2201,-75.9081,0.7491,-0.05718,3.11523,0.2942,-0.4509,0.0182,-0.1566,0.01549,0.00825
326,13.0400,0.4279,0.0000,0.1235,0.5206,-0.0938,-0.1513,0.2704,-0.5247,-0.3611,-21.2421,-75.9061,0.7364,-0.07402,3.08254,0.5553,-0.5142,0.0704,-0.2828,0.02803,-0.00270
327,13.0800,0.4279,0.0000,0.1235,0.5217,-0.0482,0.0074,0.2065,-0.2595,-0.5687,-21.2620,-75.9090,0.7352,-0.07994,3.07172,-0.0068,-0.2575,-0.1085,0.0247,0.03907,-0.00017
328,13.1200,0.4279,0.0000,0.1235,0.5171,-0.1087,-0.0748,0.5699,0.1214,-0.3066,-21.2829,-75.9098,0.7338,-0.07788,3.05323,0.1017,-0.1675,-0.2572,0.1770,0.04772,0.00302
329,13.1600,0.4279,0.0000,0.1235,0.4968,0.0828,-0.2074,-0.3471,0.1022,-0.0844,-21.3033,-75.9137,0.7280,-0.07378,3.05021,0.2385,-0.1801,-0.2258,0.1160,0.05639,-0.01026
330,13.2000,0.4279,0.0000,0.1235,0.4790,0.1801,-0.4005,-0.8559,0.0647,-0.1874,-21.3215,-75.9246,0.7166,-0.06636,3.07590,-0.0237,-0.0366,-0.3944,0.3076,0.04543,-0.00746
331,13.2400,0.4279,0.0000,0.1235,0.4600,0.1342,-0.3646,-0.6243,0.0363,-0.3906,-21.3387,-75.9373,0.6993,-0.06062,3.10982,-0.0014,0.1345,-0.3122,0.4172,0.02692,0.00784
332,13.2800,0.4279,0.0000,0.1235,0.4855,0.0571,-0.0705,-0.2890,-0.1172,0.0165,-21.3570,-75.9456,0.6914,-0.06679,3.12792,-0.1092,-0.1631,-0.1824,0.0276,0.01486,0.01788
333,13.3200,0.4279,0.0000,0.1235,0.4845,-0.0453,0.0093,0.2217,-0.0247,-0.0626,-21.3760,-75.9494,0.6906,-0.06869,3.12735,-0.1518,-0.0959,-0.1259,0.0234,0.01114,0.02533
334,13.3600,0.4279,0.0000,0.1235,0.4602,0.0230,0.0536,-0.1157,0.2696,-0.1282,-21.3948,-75.9522,0.6918,-0.06601,3.12321,-0.0044,-0.1893,-0.0723,-0.0400,0.01593,0.01987
335,13.4000,0.4279,0.0000,0.1235,0.4425,0.0574,-0.0056,-0.2834,0.3037,-0.0956,-21.4121,-75.9577,0.6926,-0.05216,3.13267,-0.0195,-0.1211,-0.1217,0.0255,0.00868,0.01495
336,13.4400,0.4279,0.0000,0.1235,0.4427,0.0430,-0.0295,-0.2159,0.1951,-0.1136,-21.4293,-75.9632,0.6910,-0.04330,-3.14065,-0.0152,-0.1264,-0.0883,0.0565,-0.00083,0.01357
337,13.4800,0.4279,0.0000,0.1235,0.4371,0.0224,0.0053,-0.1149,0.3112,-0.0315,-21.4466,-75.9679,0.6898,-0.03284,-3.13442,-0.0558,-0.1579,-0.1064,0.0028,-0.00368,0.01290
338,13.5200,0.4279,0.0000,0.1235,0.4437,0.0064,0.0403,-0.0319,0.2429,-0.1048,-21.4640,-75.9717,0.6898,-0.02195,-3.13172,-0.0301,-0.1555,-0.1121,0.0343,-0.01090,0.00915
339,13.5600,0.4279,0.0000,0.1235,0.4588,0.0096,0.0229,-0.0499,0.0547,-0.1076,-21.4818,-75.9754,0.6902,-0.01743,-3.12971,0.0108,-0.1522,-0.0601,-0.0426,-0.01431,0.00621
340,13.6000,0.4279,0.0000,0.1235,0.4795,-0.0053,-0.0496,0.0244,-0.0572,-0.0785,-21.5003,-75.9789,0.6885,-0.01966,-3.12844,0.0563,-0.1993,-0.0290,-0.0249,-0.01356,0.00705
341,13.6400,0.4279,0.0000,0.1235,0.5102,-0.0409,-0.0890,0.2102,-0.0887,-0.0152,-21.5200,-75.9815,0.6849,-0.02528,-3.13189,0.1378,-0.3333,-0.0831,-0.0692,-0.01047,0.00808
342,13.6800,0.4279,0.0000,0.1235,0.5506,-0.0790,-0.2414,0.3983,-0.4150,-0.3179,-21.5415,-75.9831,0.6783,-0.03749,3.14103,0.2487,-0.5154,0.0341,-0.2251,-0.00200,0.00628
343,13.7200,0.4279,0.0000,0.1235,0.5788,-0.1228,-0.4058,0.3528,-0.8206,-0.4452,-21.5643,-75.9809,0.6632,-0.05670,3.11519,0.5057,-0.5163,-0.1102,-0.0104,0.01015,0.00732
344,13.7600,0.4279,0.0000,0.1235,0.5535,0.0379,-0.4172,-0.1868,-0.5556,-0.5988,-21.5870,-75.9817,0.6478,-0.07681,3.10672,0.0437,-0.1583,-0.5961,0.4209,0.02333,0.01710
345,13.8000,0.4279,0.0000,0.1235,0.4930,0.0922,-0.3827,-0.4159,0.2549,-0.3518,-21.6077,-75.9893,0.6295,-0.07360,3.12565,0.0744,0.1202,-0.4144,0.4220,0.02879,0.02846
346,13.8400,0.4279,0.0000,0.1235,0.5126,0.0463,-0.1593,-0.2292,0.0051,-0.0008,-21.6287,-75.9948,0.6195,-0.07613,3.13846,-0.0949,-0.1612,-0.1328,-0.0005,0.01820,0.02742
347,13.8800,0.4279,0.0000,0.1235,0.5129,-0.0042,-0.0898,0.0182,-0.1331,-0.1717,-21.6493,-75.9976,0.6150,-0.07989,-3.14159,-0.1096,-0.0955,-0.0323,0.0366,0.01435,0.02842
348,13.9200,0.4279,0.0000,0.1235,0.4861,0.0289,-0.0065,-0.1462,0.2076,-0.0147,-21.6693,-75.9998,0.6135,-0.07834,-3.14027,-0.0172,-0.1767,-0.0636,-0.0432,0.01830,0.02908
349,13.9600,0.4279,0.0000,0.1235,0.4777,0.0209,-0.0307,-0.1063,0.0987,-0.0965,-21.6883,-76.0029,0.6128,-0.07061,-3.13457,-0.0319,-0.0899,-0.0870,0.0367,0.01110,0.02648
350,14.0000,0.4279,0.0000,0.1235,0.4638,0.0062,-0.0245,-0.0334,0.2368,-0.0768,-21.7072,-76.0050,0.6113,-0.06402,-3.13286,-0.0287,-0.1089,-0.0722,0.0104,0.00796,0.02471
351,14.0400,0.4279,0.0000,0.1235,0.4623,-0.0133,0.0161,0.0664,0.1755,0.0142,-21.7258,-76.0065,0.6109,-0.05539,-3.13353,-0.0608,-0.1288,-0.1248,0.0602,0.00359,0.02138
352,14.0800,0.4279,0.0000,0.1235,0.4477,-0.0054,0.0179,0.0259,0.4178,-0.0433,-21.7443,-76.0075,0.6110,-0.04359,-3.13624,-0.0346,-0.1091,-0.0419,-0.0078,0.00263,0.01821
353,14.1200,0.4279,0.0000,0.1235,0.4630,0.0279,0.0313,-0.1422,0.0292,0.0100,-21.7625,-76.0097,0.6113,-0.03600,-3.13298,0.0120,-0.1471,-0.0946,0.0203,-0.00339,0.00806
354,14.1600,0.4279,0.0000,0.1235,0.4640,-0.0127,0.0231,0.0618,0.0145,0.0802,-21.7809,-76.0117,0.6116,-0.03436,-3.13145,-0.0444,-0.1177,-0.1225,0.0553,-0.00698,0.01060
355,14.2000,0.4279,0.0000,0.1235,0.4647,-0.0398,0.0040,0.2014,0.0912,0.1355,-21.7996,-76.0122,0.6114,-0.03257,-3.13681,-0.0298,-0.1249,-0.0821,0.0387,-0.00325,0.01040
356,14.2400,0.4279,0.0000,0.1235,0.4866,-0.0216,-0.0998,0.1077,-0.0407,-0.0583,-21.8188,-76.0127,0.6086,-0.03424,3.14084,0.0801,-0.1572,0.0204,-0.0735,0.00022,0.00608
357,14.2800,0.4279,0.0000,0.1235,0.5304,-0.0073,-0.1846,0.0189,-0.1066,-0.1574,-21.8393,-76.0144,0.6027,-0.03978,3.13959,0.1675,-0.3515,-0.0849,-0.0284,0.00462,0.00314
358,14.3200,0.4279,0.0000,0.1235,0.5551,-0.0610,-0.4116,0.4686,-0.1824,-0.3343,-21.8613,-76.0151,0.5912,-0.04290,3.13170,0.3460,-0.5029,-0.2438,0.0316,0.00937,0.00432
359,14.3600,0.4279,0.0000,0.1235,0.5532,0.0792,-0.5331,-0.5500,-0.5521,-0.1422,-21.8839,-76.0150,0.5697,-0.05455,3.12521,0.4787,-0.3165,-0.4881,0.3634,0.02179,0.00088
360,14.4000,0.4279,0.0000,0.1235,0.5062,0.1193,-0.3848,-0.5253,0.1150,-0.6924,-21.9046,-76.0227,0.5496,-0.04969,-3.13428,0.0212,0.1543,-0.3532,0.3370,0.02204,0.01517
361,14.4400,0.4279,0.0000,0.1235,0.5372,0.0207,-0.1246,-0.1106,-0.2318,0.0267,-21.9262,-76.0268,0.5401,-0.05984,-3.12139,-0.1032,-0.2063,-0.1531,-0.0333,0.00921,0.02208
362,14.4800,0.4279,0.0000,0.1235,0.5319,-0.0854,-0.0586,0.4221,-0.1435,-0.0489,-21.9476,-76.0258,0.5365,-0.06688,-3.13005,-0.1344,-0.0876,-0.0596,0.0328,0.01070,0.02938
363,14.5200,0.4279,0.0000,0.1235,0.5086,-0.0252,0.0113,0.1249,0.1375,-0.0169,-21.9686,-76.0238,0.5357,-0.06826,3.14052,-0.0146,-0.1455,-0.0403,-0.0334,0.01952,0.02427
364,14.5600,0.4279,0.0000,0.1235,0.4869,0.0352,0.0078,-0.1755,0.2885,0.0634,-21.9885,-76.0252,0.5361,-0.05783,-3.13999,-0.0120,-0.1345,-0.1018,0.0240,0.01838,0.01788
365,14.6000,0.4279,0.0000,0.1235,0.4843,0.0163,-0.0279,-0.0832,0.1845,0.0234,-22.0080,-76.0273,0.5351,-0.04750,-3.13446,-0.0065,-0.0822,-0.1120,0.0445,0.01070,0.01486
366,14.6400,0.4279,0.0000,0.1235,0.4751,0.0052,0.0052,-0.0272,0.3570,-0.0261,-22.0275,-76.0285,0.5338,-0.03699,-3.13298,-0.0181,-0.1169,-0.0844,0.0297,0.00570,0.01267
367,14.6800,0.4279,0.0000,0.1235,0.4807,0.0121,0.0504,-0.0628,0.2448,0.0237,-22.0468,-76.0298,0.5343,-0.02527,-3.13086,-0.0097,-0.1635,-0.1231,0.0023,-0.00037,0.00549
368,14.7200,0.4279,0.0000,0.1235,0.4868,-0.0066,0.0272,0.0303,0.1423,0.0693,-22.0663,-76.0309,0.5348,-0.01805,-3.13036,-0.0259,-0.1313,-0.0930,0.0115,-0.00488,0.00137
369,14.7600,0.4279,0.0000,0.1235,0.4950,-0.0269,0.0063,0.1333,0.0078,0.0791,-22.0860,-76.0310,0.5341,-0.01540,-3.13420,-0.0377,-0.0929,-0.1002,0.0523,-0.00727,-0.00013
370,14.8000,0.4279,0.0000,0.1235,0.5034,0.0181,0.0283,-0.0920,-0.0486,-0.0402,-22.1060,-76.0320,0.5338,-0.01787,-3.13449,0.0314,-0.1445,-0.0661,-0.0184,-0.00529,-0.00219
371,14.8400,0.4279,0.0000,0.1235,0.5346,0.0021,-0.0799,-0.0278,-0.2192,-0.1832,-22.1265,-76.0337,0.5323,-0.02374,-3.13120,0.0674,-0.1860,-0.0899,0.0073,-0.00530,0.00071
372,14.8800,0.4279,0.0000,0.1235,0.5621,0.0027,-0.2030,-0.0551,0.0867,-0.1874,-22.1486,-76.0348,0.5262,-0.02847,-3.12997,0.2096,-0.3343,-0.2164,0.0854,0.00111,0.00457
373,14.9200,0.4279,0.0000,0.1235,0.5654,-0.0014,-0.4776,0.2254,0.1618,-0.1396,-22.1714,-76.0355,0.5130,-0.02018,-3.13298,0.4033,-0.4650,-0.5317,0.2370,-0.00102,0.00416
374,14.9600,0.4279,0.0000,0.1235,0.5686,0.1270,-0.5759,-0.5647,-0.1629,0.1958,-22.1945,-76.0379,0.4859,-0.01680,-3.12749,0.5165,-0.2530,-0.3599,0.2730,-0.00061,-0.00173
375,15.0000,0.4279,0.0000,0.1235,0.5786,0.0532,-0.2377,-0.2533,-0.1630,-0.1071,-22.2172,-76.0431,0.4697,-0.01979,-3.10779,-0.0886,-0.0616,-0.3077,0.2133,-0.00850,0.01102
376,15.0400,0.4279,0.0000,0.1235,0.6144,-0.0577,-0.0719,0.2814,-0.5016,-0.0165,-22.2412,-76.0434,0.4632,-0.03788,-3.10968,-0.0551,-0.1678,-0.0855,-0.0685,-0.01015,0.01802
377,15.0800,0.4279,0.0000,0.1235,0.6025,-0.0771,-0.0193,0.3778,-0.3642,-0.0043,-22.2653,-76.0407,0.4614,-0.05603,-3.12504,-0.0359,-0.1459,-0.0543,-0.0381,0.00132,0.02162
378,15.1200,0.4279,0.0000,0.1235,0.5618,0.0049,-0.0216,-0.0242,0.1935,0.0014,-22.2886,-76.0397,0.4605,-0.05838,-3.13237,0.0157,-0.1445,-0.0363,-0.0156,0.01533,0.02068
379,15.1600,0.4279,0.0000,0.1235,0.5433,0.0546,-0.0165,-0.2742,0.3407,0.1097,-22.3108,-76.0421,0.4595,-0.04535,-3.12460,0.0253,-0.1619,-0.1192,0.0056,0.01282,0.01667
380,15.2000,0.4279,0.0000,0.1235,0.5539,0.0111,-0.0185,-0.0581,0.0982,0.0120,-22.3329,-76.0446,0.4581,-0.03673,-3.11736,0.0014,-0.1241,-0.1037,0.0649,0.00093,0.01537
381,15.2400,0.4279,0.0000,0.1235,0.5544,-0.0314,0.0018,0.1563,0.1160,0.0777,-22.3552,-76.0447,0.4570,-0.03254,-3.12046,-0.0071,-0.1130,-0.0821,0.0001,0.00047,0.01553
382,15.2800,0.4279,0.0000,0.1235,0.5612,0.0034,0.0310,-0.0177,-0.0365,-0.0065,-22.3776,-76.0450,0.4569,-0.03298,-3.12337,0.0323,-0.1540,-0.0557,-0.0051,0.00173,0.01026
383,15.3200,0.4279,0.0000,0.1235,0.5516,0.0252,0.0547,-0.1292,0.1114,0.0925,-22.3997,-76.0468,0.4582,-0.03051,-3.11959,0.0459,-0.1857,-0.1070,0.0077,0.00397,0.01069
384,15.3600,0.4279,0.0000,0.1235,0.5895,-0.0276,-0.0834,0.1185,-0.4351,-0.2492,-22.4222,-76.0480,0.4574,-0.03735,-3.11876,0.1072,-0.1593,-0.1315,0.0549,-0.00052,0.01169
385,15.4000,0.4279,0.0000,0.1235,0.5927,-0.0237,-0.2343,0.0857,-0.0172,-0.1786,-22.4462,-76.0475,0.4514,-0.04920,-3.12394,0.2874,-0.3604,-0.2600,0.0621,0.01052,0.01714
386,15.4400,0.4279,0.0000,0.1235,0.5700,-0.0228,-0.6090,0.2126,0.0096,-0.0663,-22.4700,-76.0470,0.4347,-0.04769,-3.13083,0.5207,-0.4869,-0.4762,0.2322,0.00980,0.01585
387,15.4800,0.4279,0.0000,0.1235,0.5455,0.1419,-0.5550,-0.6267,0.1969,0.0035,-22.4938,-76.0493,0.4064,-0.04625,-3.12270,0.4490,-0.2006,-0.3217,0.3269,0.01412,0.01369
388,15.5200,0.4279,0.0000,0.1235,0.5688,0.0823,-0.2118,-0.3968,-0.0887,-0.1022,-22.5164,-76.0556,0.3920,-0.04213,-3.09774,-0.0875,-0.1176,-0.2614,0.1690,-0.00079,0.01896
389,15.5600,0.4279,0.0000,0.1235,0.6061,-0.1063,-0.1346,0.5174,-0.5749,0.0584,-22.5402,-76.0551,0.3851,-0.05833,-3.10208,-0.0950,-0.0884,-0.0771,-0.0123,-0.00529,0.02713
390,15.6000,0.4279,0.0000,0.1235,0.5846,-0.0700,-0.0238,0.3475,-0.2598,-0.0533,-22.5641,-76.0508,0.3821,-0.07888,-3.12274,0.0172,-0.1969,0.0187,-0.0629,0.00975,0.02512
391,15.6400,0.4279,0.0000,0.1235,0.5331,-0.0129,-0.0259,0.0653,0.3987,0.0945,-22.5863,-76.0498,0.3818,-0.07075,-3.12968,-0.0561,-0.1060,-0.0714,0.0005,0.01838,0.02427
392,15.6800,0.4279,0.0000,0.1235,0.5305,0.0449,-0.0479,-0.2257,0.1873,0.0918,-22.6079,-76.0513,0.3800,-0.06008,-3.12530,0.0579,-0.1200,-0.0463,-0.0007,0.01354,0.01552
393,15.7200,0.4279,0.0000,0.1235,0.5341,-0.0223,-0.0596,0.1118,0.0196,0.0681,-22.6293,-76.0526,0.3775,-0.05450,-3.12236,-0.0608,-0.0380,-0.0844,0.0955,0.00404,0.01723
394,15.7600,0.4279,0.0000,0.1235,0.5385,0.0010,0.0323,-0.0054,-0.0636,0.1340,-22.6510,-76.0527,0.3767,-0.05819,-3.12531,0.0307,-0.1674,-0.0492,-0.0253,0.00717,0.01453
395,15.8000,0.4279,0.0000,0.1235,0.5186,-0.0342,0.0414,0.1734,0.2092,0.1318,-22.6720,-76.0529,0.3782,-0.05168,-3.12823,-0.0355,-0.0868,-0.1188,0.0843,0.00822,0.01684
396,15.8400,0.4279,0.0000,0.1235,0.5237,0.0114,0.0231,-0.0576,-0.0094,0.1033,-22.6930,-76.0533,0.3790,-0.05068,-3.13078,0.0642,-0.1385,-0.0348,-0.0227,0.00863,0.00888
397,15.8800,0.4279,0.0000,0.1235,0.5150,-0.0358,-0.0655,0.1872,0.2101,0.1061,-22.7137,-76.0541,0.3779,-0.04345,-3.13213,0.0109,-0.1144,-0.0946,0.0639,0.00797,0.01003
398,15.9200,0.4279,0.0000,0.1235,0.5516,-0.0213,-0.1878,0.1090,0.0921,-0.0107,-22.7356,-76.0541,0.3725,-0.04187,-3.13810,0.1585,-0.2539,-0.0612,-0.0450,0.00809,0.00558
399,15.9600,0.4279,0.0000,0.1235,0.5767,-0.0673,-0.3843,0.4453,0.1218,-0.0927,-22.7586,-76.0538,0.3612,-0.03473,3.13625,0.2826,-0.3710,-0.2827,0.1205,0.00867,0.00595
400,16.0000,0.4279,0.0000,0.1235,0.5954,0.0146,-0.6064,-0.2716,-0.4713,0.3149,-22.7824,-76.0525,0.3390,-0.03457,3.12242,0.5177,-0.3843,-0.4015,0.2592,0.01294,-0.00192
401,16.0400,0.4279,0.0000,0.1235,0.5477,0.1302,-0.4038,-0.5978,0.1700,-0.1767,-22.8050,-76.0587,0.3161,-0.03014,-3.14028,0.1125,0.0867,-0.3885,0.3270,0.01553,0.00867
402,16.0800,0.4279,0.0000,0.1235,0.5903,0.0403,-0.1474,-0.2079,-0.3215,0.0211,-22.8281,-76.0644,0.3057,-0.03929,-3.12168,-0.1669,-0.1420,-0.1545,-0.0165,0.00328,0.01490
403,16.1200,0.4279,0.0000,0.1235,0.6022,-0.0715,-0.0405,0.3548,-0.4363,0.0571,-22.8519,-76.0645,0.3018,-0.05613,-3.12698,-0.0917,-0.1061,-0.0427,0.0339,0.00616,0.02264
404,16.1600,0.4279,0.0000,0.1235,0.5764,-0.0157,0.0251,0.0766,-0.0979,-0.0824,-22.8754,-76.0634,0.3018,-0.06711,-3.13759,0.0509,-0.1097,-0.0104,-0.0634,0.01929,0.02315
405,16.2000,0.4279,0.0000,0.1235,0.5436,0.0128,-0.0015,-0.0642,0.2168,0.1495,-22.8975,-76.0649,0.3025,-0.06142,-3.13653,-0.0115,-0.1009,-0.1201,0.0290,0.02083,0.02264
406,16.2400,0.4279,0.0000,0.1235,0.5474,0.0294,-0.0389,-0.1489,-0.0918,0.1101,-22.9194,-76.0672,0.3012,-0.06056,-3.13169,0.0471,-0.0895,-0.0615,0.0228,0.01553,0.01731
407,16.2800,0.4279,0.0000,0.1235,0.5361,-0.0055,-0.0216,0.0265,-0.0232,0.1404,-22.9410,-76.0691,0.2998,-0.06135,-3.12914,0.0052,-0.0558,-0.0970,0.0642,0.01573,0.02072
408,16.3200,0.4279,0.0000,0.1235,0.5207,-0.0303,0.0148,0.1533,0.1634,0.2106,-22.9622,-76.0697,0.2995,-0.05746,-3.13334,-0.0051,-0.0727,-0.1125,0.0241,0.01501,0.02168
409,16.3600,0.4279,0.0000,0.1235,0.5181,-0.0099,0.0204,0.0498,0.0374,0.1912,-22.9831,-76.0705,0.3000,-0.05452,-3.13705,0.0079,-0.0928,-0.0866,0.0067,0.01401,0.01628
410,16.4000,0.4279,0.0000,0.1235,0.5076,-0.0560,-0.0686,0.2879,0.1738,0.2258,-23.0038,-76.0711,0.2988,-0.04904,3.14071,0.0199,-0.0637,-0.0887,0.0169,0.01324,0.01677
411,16.4400,0.4279,0.0000,0.1235,0.5365,-0.0410,-0.1591,0.2132,0.0070,0.0171,-23.0252,-76.0712,0.2939,-0.04950,3.13128,0.1705,-0.2331,-0.0292,-0.0843,0.01382,0.00764
412,16.4800,0.4279,0.0000,0.1235,0.5505,-0.1348,-0.3942,0.7700,-0.0585,-0.1922,-23.0475,-76.0699,0.2826,-0.04770,3.11357,0.2417,-0.2517,-0.0924,-0.0290,0.01775,0.00606
413,16.5200,0.4279,0.0000,0.1235,0.5812,-0.1011,-0.4891,0.0829,-0.4649,-0.0111,-23.0709,-76.0658,0.2625,-0.04830,3.08886,0.5312,-0.3893,-0.2181,0.0773,0.03002,-0.00559
414,16.5600,0.4279,0.0000,0.1235,0.5144,0.1730,-0.4376,-0.6135,-0.0290,0.3193,-23.0931,-76.0707,0.2440,-0.06236,3.10011,-0.0028,-0.0709,-0.6094,0.3678,0.03576,0.00101
415,16.6000,0.4279,0.0000,0.1235,0.5003,0.1628,-0.2789,-0.7970,0.1971,0.1673,-23.1136,-76.0813,0.2300,-0.05911,3.13467,-0.0835,-0.0166,-0.1164,0.0872,0.02428,0.01113
416,16.6400,0.4279,0.0000,0.1235,0.5177,0.0461,-0.1109,-0.2403,0.0064,0.0233,-23.1340,-76.0880,0.2223,-0.05606,-3.12787,-0.0832,-0.0825,-0.1085,0.0916,0.00697,0.01997
417,16.6800,0.4279,0.0000,0.1235,0.5335,-0.0545,0.0470,0.2747,-0.0973,0.0651,-23.1550,-76.0896,0.2213,-0.05764,-3.13020,-0.0734,-0.1373,-0.1614,0.0106,0.00222,0.02219
418,16.7200,0.4279,0.0000,0.1235,0.5162,-0.0372,0.0802,0.1833,0.1641,-0.0509,-23.1761,-76.0893,0.2240,-0.05750,-3.14140,-0.0048,-0.1485,-0.0702,-0.0793,0.01018,0.01750
419,16.7600,0.4279,0.0000,0.1235,0.4991,0.0033,0.0104,-0.0186,0.1624,0.2085,-23.1963,-76.0908,0.2254,-0.05002,3.13938,-0.0142,-0.1262,-0.1405,0.0079,0.00983,0.01217
420,16.8000,0.4279,0.0000,0.1235,0.4919,0.0233,-0.0199,-0.1191,0.1153,0.1918,-23.2161,-76.0936,0.2243,-0.04469,-3.14048,0.0183,-0.0997,-0.1164,0.0519,0.00635,0.00922
421,16.8400,0.4279,0.0000,0.1235,0.4851,0.0229,-0.0048,-0.1183,0.1611,0.1270,-23.2356,-76.0971,0.2232,-0.03870,-3.13533,-0.0013,-0.0968,-0.1072,0.0058,0.00232,0.00848
422,16.8800,0.4279,0.0000,0.1235,0.4823,0.0076,0.0258,-0.0417,0.1798,0.1089,-23.2549,-76.1002,0.2229,-0.03185,-3.13210,-0.0118,-0.1265,-0.1191,0.0221,-0.00069,0.00785
423,16.9200,0.4279,0.0000,0.1235,0.4839,-0.0041,0.0344,0.0166,0.1233,0.1639,-23.2742,-76.1027,0.2233,-0.02622,-3.13177,-0.0124,-0.1330,-0.1048,0.0035,-0.00442,0.00506
424,16.9600,0.4279,0.0000,0.1235,0.4877,0.0095,0.0282,-0.0498,0.0094,0.0627,-23.2936,-76.1055,0.2234,-0.02437,-3.13119,0.0278,-0.1182,-0.0848,0.0104,-0.00482,0.00181
425,17.0000,0.4279,0.0000,0.1235,0.4852,0.0006,0.0403,-0.0060,0.0400,0.0997,-23.3128,-76.1084,0.2239,-0.02250,-3.12990,0.0120,-0.1235,-0.1366,0.0385,-0.00607,0.00367
426,17.0400,0.4279,0.0000,0.1235,0.4791,-0.0039,0.0238,0.0176,0.1772,0.0575,-23.3320,-76.1110,0.2240,-0.01813,-3.13063,0.0001,-0.1155,-0.0922,-0.0004,-0.00666,0.00458
427,17.0800,0.4279,0.0000,0.1235,0.4807,0.0074,0.0419,-0.0409,0.1476,0.1204,-23.3512,-76.1140,0.2241,-0.01182,-3.12997,0.0112,-0.1519,-0.1274,0.0283,-0.00804,0.00205
428,17.1200,0.4279,0.0000,0.1235,0.4971,0.0024,0.0280,-0.0179,-0.1412,0.2135,-23.3705,-76.1173,0.2244,-0.01280,-3.12839,0.0117,-0.1276,-0.0957,0.0164,-0.01042,0.00093
429,17.1600,0.4279,0.0000,0.1235,0.4946,0.0033,0.0385,-0.0183,-0.0533,0.0748,-23.3900,-76.1204,0.2243,-0.01631,-3.12817,0.0583,-0.1104,-0.1036,0.0543,-0.00662,0.00259
430,17.2000,0.4279,0.0000,0.1235,0.4883,-0.0021,0.0210,0.0053,0.0868,0.1888,-23.4095,-76.1237,0.2245,-0.01458,-3.12795,-0.0078,-0.1206,-0.1200,-0.0426,-0.00684,0.00452
431,17.2400,0.4279,0.0000,0.1235,0.4986,-0.0174,0.0153,0.0811,-0.1235,0.2798,-23.4290,-76.1267,0.2239,-0.01595,-3.12966,0.0016,-0.1084,-0.1258,0.0661,-0.00978,0.00430
432,17.2800,0.4279,0.0000,0.1235,0.4939,0.0079,0.0385,-0.0426,-0.0011,0.1438,-23.4487,-76.1300,0.2238,-0.01857,-3.13083,0.0396,-0.1238,-0.1025,-0.0163,-0.00298,0.00483
433,17.3200,0.4279,0.0000,0.1235,0.5008,0.0033,0.0344,-0.0198,-0.1554,0.1019,-23.4680,-76.1341,0.2243,-0.02128,-3.12878,0.0216,-0.1056,-0.1275,0.0391,-0.00443,0.00603
434,17.3600,0.4279,0.0000,0.1235,0.5062,-0.0149,-0.0055,0.0711,-0.2838,0.1752,-23.4877,-76.1376,0.2238,-0.03125,-3.13024,0.0009,-0.0890,-0.0695,0.0129,-0.00059,0.00693
435,17.4000,0.4279,0.0000,0.1235,0.4747,0.0088,0.0135,-0.0455,0.2615,0.0902,-23.5070,-76.1412,0.2230,-0.02958,-3.13151,0.0226,-0.1026,-0.0981,-0.0028,0.00855,0.01066
436,17.4400,0.4279,0.0000,0.1235,0.4917,0.0174,0.0198,-0.0928,-0.1271,0.1942,-23.5259,-76.1460,0.2229,-0.02794,-3.12712,0.0058,-0.1197,-0.0905,0.0180,0.00336,0.00423
437,17.4800,0.4279,0.0000,0.1235,0.4841,-0.0109,0.0130,0.0526,0.0113,0.1413,-23.5449,-76.1501,0.2225,-0.02950,-3.12702,0.0107,-0.0868,-0.0856,0.0342,0.00317,0.00670
438,17.5200,0.4279,0.0000,0.1235,0.4870,-0.0066,0.0448,0.0322,-0.0589,0.0620,-23.5639,-76.1539,0.2228,-0.03074,-3.12880,0.0299,-0.1136,-0.1039,0.0438,0.00316,0.00408
439,17.5600,0.4279,0.0000,0.1235,0.4847,-0.0072,0.0220,0.0338,-0.0621,0.1224,-23.5829,-76.1579,0.2234,-0.03320,-3.13015,0.0019,-0.1029,-0.0815,-0.0112,0.00444,0.00399
440,17.6000,0.4279,0.0000,0.1235,0.4792,0.0138,0.0158,-0.0713,-0.0567,0.1048,-23.6016,-76.1623,0.2232,-0.03583,-3.12934,0.0406,-0.1153,-0.0876,0.0212,0.00561,0.00337
441,17.6400,0.4279,0.0000,0.1235,0.4661,-0.0030,0.0142,0.0129,0.1467,0.0849,-23.6200,-76.1669,0.2230,-0.03212,-3.12801,-0.0086,-0.0933,-0.1155,0.0272,0.00414,0.00792
442,17.6800,0.4279,0.0000,0.1235,0.4522,0.0096,0.0209,-0.0511,0.4064,0.0861,-23.6382,-76.1713,0.2227,-0.02111,-3.12772,0.0012,-0.1293,-0.0712,-0.0331,0.00368,0.00592
443,17.7200,0.4279,0.0000,0.1235,0.4673,0.0056,0.0184,-0.0322,0.1041,0.1115,-23.6561,-76.1762,0.2223,-0.01155,-3.12515,-0.0091,-0.1132,-0.0814,0.0335,-0.00154,0.00054
444,17.7600,0.4279,0.0000,0.1235,0.4744,0.0087,0.0475,-0.0472,0.0470,0.0722,-23.6745,-76.1810,0.2223,-0.00920,-3.12387,0.0375,-0.1321,-0.0854,-0.0011,-0.00219,-0.00055
445,17.8000,0.4279,0.0000,0.1235,0.4763,0.0010,0.0294,-0.0089,0.0684,0.1105,-23.6929,-76.1859,0.2226,-0.00662,-3.12268,0.0067,-0.1035,-0.0629,-0.0201,-0.00097,0.00020
446,17.8400,0.4279,0.0000,0.1235,0.4901,-0.0067,0.0192,0.0305,-0.1596,0.1278,-23.7116,-76.1906,0.2221,-0.00923,-3.12321,0.0224,-0.0937,-0.0760,0.0308,-0.00114,0.00036
447,17.8800,0.4279,0.0000,0.1235,0.4829,-0.0012,0.0345,0.0036,0.0455,0.0865,-23.7305,-76.1953,0.2219,-0.01070,-3.12436,0.0166,-0.1026,-0.0874,-0.0256,0.00444,0.00386
448,17.9200,0.4279,0.0000,0.1235,0.4890,0.0049,0.0432,-0.0274,-0.0315,0.0749,-23.7493,-76.2005,0.2223,-0.01068,-3.12342,0.0237,-0.1115,-0.0826,0.0186,0.00426,0.00281
449,17.9600,0.4279,0.0000,0.1235,0.4902,-0.0176,0.0363,0.0849,-0.0107,0.1717,-23.7682,-76.2054,0.2226,-0.01077,-3.12488,0.0009,-0.1025,-0.1130,0.0159,0.00325,0.00614
450,18.0000,0.4279,0.0000,0.1235,0.4932,-0.0078,0.0331,0.0359,-0.0375,0.1762,-23.7874,-76.2100,0.2227,-0.01249,-3.12774,0.0107,-0.1185,-0.0931,-0.0074,0.00409,0.00632
451,18.0400,0.4279,0.0000,0.1235,0.4847,-0.0002,0.0510,-0.0011,0.1691,0.0931,-23.8063,-76.2153,0.2231,-0.00877,-3.12837,0.0166,-0.1149,-0.1063,0.0502,0.00532,0.00813
452,18.0800,0.4279,0.0000,0.1235,0.4974,0.0129,0.0276,-0.0682,-0.0305,0.0611,-23.8252,-76.2212,0.2234,-0.00705,-3.12657,0.0271,-0.1097,-0.0659,-0.0230,0.00176,0.00326
453,18.1200,0.4279,0.0000,0.1235,0.5107,-0.0166,0.0311,0.0794,-0.2465,0.1814,-23.8444,-76.2268,0.2232,-0.01277,-3.12670,0.0133,-0.0992,-0.1168,0.0951,-0.00024,0.00647
454,18.1600,0.4279,0.0000,0.1235,0.5091,-0.0168,0.0337,0.0824,-0.1556,0.0997,-23.8641,-76.2318,0.2233,-0.02070,-3.13100,0.0232,-0.0956,-0.1001,-0.0076,0.00384,0.00895
455,18.2000,0.4279,0.0000,0.1235,0.4873,0.0013,0.0325,-0.0099,0.2431,0.1674,-23.8833,-76.2373,0.2236,-0.01725,-3.13264,0.0048,-0.1089,-0.1147,-0.0113,0.00994,0.01061
456,18.2400,0.4279,0.0000,0.1235,0.5004,0.0126,0.0330,-0.0678,-0.0307,0.1616,-23.9021,-76.2437,0.2237,-0.01390,-3.13014,0.0360,-0.1134,-0.1092,0.0567,0.00358,0.00686
457,18.2800,0.4279,0.0000,0.1235,0.5062,-0.0123,0.0340,0.0560,-0.1040,0.2163,-23.9213,-76.2499,0.2239,-0.01636,-3.13008,0.0122,-0.1057,-0.1304,0.0337,0.00196,0.00847
458,18.3200,0.4279,0.0000,0.1235,0.5038,0.0034,0.0493,-0.0184,-0.0595,0.0605,-23.9405,-76.2560,0.2244,-0.02021,-3.13136,0.0474,-0.1303,-0.1108,0.0222,0.00373,0.00724
459,18.3600,0.4279,0.0000,0.1235,0.5114,-0.0031,0.0211,0.0115,-0.2550,0.1591,-23.9596,-76.2626,0.2249,-0.02659,-3.13062,0.0163,-0.1030,-0.1104,0.0243,0.00225,0.00685
460,18.4000,0.4279,0.0000,0.1235,0.5008,0.0008,-0.0011,-0.0067,-0.1292,0.1854,-23.9787,-76.2689,0.2243,-0.03411,-3.13132,0.0367,-0.0965,-0.0974,0.0080,0.00608,0.00978
461,18.4400,0.4279,0.0000,0.1235,0.4773,0.0032,0.0191,-0.0177,0.2664,0.0810,-23.9972,-76.2755,0.2237,-0.02895,-3.13082,0.0075,-0.1003,-0.1374,0.0280,0.00895,0.01232
462,18.4800,0.4279,0.0000,0.1235,0.4916,0.0199,0.0345,-0.1042,-0.0522,0.1318,-24.0153,-76.2827,0.2240,-0.02660,-3.12740,0.0320,-0.1463,-0.0988,-0.0086,0.00449,0.00597
463,18.5200,0.4279,0.0000,0.1235,0.4841,-0.0117,0.0090,0.0555,0.0529,0.1239,-24.0336,-76.2895,0.2238,-0.02548,-3.12672,-0.0102,-0.1001,-0.1101,0.0286,0.00341,0.00799
464,18.5600,0.4279,0.0000,0.1235,0.4752,-0.0001,0.0230,-0.0034,0.2061,0.1747,-24.0519,-76.2958,0.2234,-0.02046,-3.12836,0.0059,-0.1364,-0.0994,-0.0179,0.00428,0.00547
465,18.6000,0.4279,0.0000,0.1235,0.4845,-0.0053,0.0267,0.0226,0.0019,0.1673,-24.0700,-76.3027,0.2233,-0.01622,-3.12799,-0.0073,-0.1108,-0.1151,0.0442,0.00012,0.00275
466,18.6400,0.4279,0.0000,0.1235,0.4795,-0.0139,0.0359,0.0673,0.1526,0.1092,-24.0883,-76.3091,0.2233,-0.01269,-3.13061,-0.0045,-0.1145,-0.1170,0.0096,-0.00191,0.00370
467,18.6800,0.4279,0.0000,0.1235,0.4855,0.0166,0.0533,-0.0880,0.0566,0.1559,-24.1064,-76.3164,0.2239,-0.00958,-3.12980,0.0273,-0.1562,-0.1080,-0.0146,-0.00298,-0.00079
468,18.7200,0.4279,0.0000,0.1235,0.4979,0.0038,0.0351,-0.0256,-0.1752,0.2127,-24.1243,-76.3242,0.2245,-0.01195,-3.12677,0.0224,-0.1210,-0.1276,0.0374,-0.00412,-0.00012
469,18.7600,0.4279,0.0000,0.1235,0.4931,-0.0211,0.0195,0.1009,-0.0493,0.1970,-24.1429,-76.3312,0.2242,-0.01557,-3.12933,0.0169,-0.0867,-0.1239,0.0216,-0.00039,0.00464
470,18.8000,0.4279,0.0000,0.1235,0.4987,0.0055,0.0362,-0.0284,-0.1547,0.0340,-24.1613,-76.3385,0.2241,-0.02083,-3.13086,0.0521,-0.1086,-0.0953,0.0283,0.00178,0.00253
471,18.8400,0.4279,0.0000,0.1235,0.4867,0.0047,0.0336,-0.0280,0.0486,0.1735,-24.1793,-76.3464,0.2247,-0.02152,-3.12940,0.0115,-0.1201,-0.1268,-0.0053,0.00593,0.00597
472,18.8800,0.4279,0.0000,0.1235,0.4806,-0.0047,0.0047,0.0202,0.1410,0.1225,-24.1972,-76.3540,0.2241,-0.01733,-3.12955,0.0039,-0.0962,-0.1035,0.0253,0.00501,0.00771
473,18.9200,0.4279,0.0000,0.1235,0.4984,0.0082,0.0357,-0.0438,-0.2092,0.0793,-24.2151,-76.3620,0.2238,-0.02035,-3.12853,0.0457,-0.1225,-0.1092,0.0492,0.00394,0.00396
474,18.9600,0.4279,0.0000,0.1235,0.4874,0.0009,0.0370,-0.0081,0.0042,0.1052,-24.2330,-76.3700,0.2244,-0.02315,-3.12774,0.0238,-0.1138,-0.1224,-0.0235,0.00763,0.00789
475,19.0000,0.4279,0.0000,0.1235,0.4860,-0.0041,0.0284,0.0170,-0.0143,0.1357,-24.2508,-76.3779,0.2246,-0.02349,-3.12793,0.0163,-0.1279,-0.1275,0.0358,0.00632,0.00758
476,19.0400,0.4279,0.0000,0.1235,0.4776,-0.0091,0.0191,0.0420,0.1200,0.1432,-24.2685,-76.3855,0.2244,-0.02055,-3.12953,0.0091,-0.1054,-0.1187,0.0080,0.00619,0.01014
477,19.0800,0.4279,0.0000,0.1235,0.4847,0.0064,0.0336,-0.0335,-0.0379,0.0425,-24.2861,-76.3936,0.2243,-0.01988,-3.12943,0.0366,-0.1232,-0.1135,0.0393,0.00561,0.00712
478,19.1200,0.4279,0.0000,0.1235,0.4777,0.0088,0.0325,-0.0462,0.0997,0.0360,-24.3034,-76.4020,0.2247,-0.01803,-3.12771,0.0174,-0.1267,-0.1132,-0.0124,0.00554,0.00883
479,19.1600,0.4279,0.0000,0.1235,0.4785,-0.0003,0.0052,-0.0013,0.0815,0.0613,-24.3208,-76.4102,0.2241,-0.01482,-3.12670,-0.0133,-0.1197,-0.0875,0.0176,0.00353,0.00736
480,19.2000,0.4279,0.0000,0.1235,0.4824,-0.0128,0.0193,0.0607,0.0338,0.1556,-24.3384,-76.4181,0.2233,-0.01256,-3.12821,-0.0199,-0.1252,-0.1133,0.0433,0.00172,0.00640
481,19.2400,0.4279,0.0000,0.1235,0.4836,0.0069,0.0383,-0.0371,0.0853,0.0691,-24.3561,-76.4263,0.2233,-0.01078,-3.12893,0.0050,-0.1383,-0.0799,-0.0043,0.00276,0.00340
482,19.2800,0.4279,0.0000,0.1235,0.4856,0.0048,0.0246,-0.0278,0.0893,0.0974,-24.3734,-76.4350,0.2233,-0.00654,-3.12714,-0.0153,-0.1182,-0.1015,-0.0029,0.00101,0.00236
483,19.3200,0.4279,0.0000,0.1235,0.4894,0.0120,0.0339,-0.0622,0.1095,0.0191,-24.3910,-76.4439,0.2230,-0.00314,-3.12538,0.0129,-0.1371,-0.0912,0.0103,-0.00064,0.00077
484,19.3600,0.4279,0.0000,0.1235,0.5024,-0.0045,0.0295,0.0171,-0.0537,0.1489,-24.4087,-76.4529,0.2229,-0.00204,-3.12406,-0.0205,-0.1238,-0.1047,-0.0042,-0.00516,-0.00114
485,19.4000,0.4279,0.0000,0.1235,0.5028,-0.0029,0.0358,0.0097,0.0322,0.1713,-24.4269,-76.4615,0.2227,-0.00262,-3.12541,-0.0041,-0.1421,-0.1123,-0.0216,-0.00259,-0.00023
486,19.4400,0.4279,0.0000,0.1235,0.5163,0.0076,0.0493,-0.0422,-0.1423,0.1120,-24.4450,-76.4709,0.2231,-0.00543,-3.12410,0.0075,-0.1443,-0.1108,0.0148,-0.00438,-0.00132
487,19.4800,0.4279,0.0000,0.1235,0.5187,0.0107,0.0333,-0.0562,-0.1042,0.0197,-24.4632,-76.4806,0.2234,-0.01048,-3.12206,0.0200,-0.1270,-0.0771,-0.0190,-0.00176,0.00121
488,19.5200,0.4279,0.0000,0.1235,0.5114,-0.0090,0.0227,0.0427,0.0821,0.0669,-24.4815,-76.4900,0.2232,-0.00936,-3.12204,-0.0172,-0.1193,-0.1230,0.0078,-0.00340,0.00464
489,19.5600,0.4279,0.0000,0.1235,0.5204,-0.0017,0.0085,0.0046,-0.0349,0.1075,-24.5001,-76.4993,0.2225,-0.00964,-3.12328,-0.0257,-0.1328,-0.0826,-0.0516,-0.00434,0.00365
490,19.6000,0.4279,0.0000,0.1235,0.5276,0.0112,0.0292,-0.0592,-0.1333,0.0522,-24.5185,-76.5092,0.2219,-0.01330,-3.12167,0.0011,-0.1354,-0.1028,-0.0006,-0.00378,0.00363
491,19.6400,0.4279,0.0000,0.1235,0.5135,0.0188,0.0324,-0.0989,0.2124,0.0446,-24.5367,-76.5195,0.2221,-0.01055,-3.11833,-0.0267,-0.1611,-0.1005,-0.0996,-0.00066,0.00728
492,19.6800,0.4279,0.0000,0.1235,0.5318,-0.0182,0.0147,0.0874,-0.1174,0.1388,-24.5551,-76.5293,0.2217,-0.00887,-3.11751,-0.0442,-0.1155,-0.1136,0.0337,-0.00609,0.00614
493,19.7200,0.4279,0.0000,0.1235,0.5282,0.0209,0.0277,-0.1070,0.0628,-0.0378,-24.5740,-76.5392,0.2211,-0.01148,-3.11821,0.0077,-0.1625,-0.0448,-0.1205,-0.00126,0.00551
494,19.7600,0.4279,0.0000,0.1235,0.5210,0.0179,0.0333,-0.0960,0.2138,0.0691,-24.5920,-76.5501,0.2213,-0.00344,-3.11242,-0.0334,-0.1413,-0.1219,-0.0550,-0.00277,0.00789
495,19.8000,0.4279,0.0000,0.1235,0.5337,-0.0078,0.0079,0.0366,0.0759,0.0676,-24.6107,-76.5603,0.2204,0.00135,-3.11150,-0.0372,-0.1226,-0.0695,-0.0631,-0.00857,0.00599
496,19.8400,0.4279,0.0000,0.1235,0.5412,-0.0028,0.0197,0.0188,0.0575,-0.1469,-24.6299,-76.5702,0.2193,0.00363,-3.11321,-0.0025,-0.0829,-0.0395,-0.0490,-0.01032,0.00459
497,19.8800,0.4279,0.0000,0.1235,0.5545,0.0002,0.0337,0.0003,-0.0718,-0.0950,-24.6492,-76.5805,0.2189,0.00273,-3.11316,-0.0286,-0.1057,-0.0550,-0.0824,-0.00959,0.00312
498,19.9200,0.4279,0.0000,0.1235,0.5498,0.0113,0.0231,-0.0564,0.1168,-0.1333,-24.6686,-76.5910,0.2185,0.00384,-3.11230,-0.0124,-0.0980,-0.0388,-0.1175,-0.00561,0.00431
499,19.9600,0.6196,0.0000,0.2404,0.0734,-0.0325,-0.0000,-0.0268,0.0103,0.0359,-12.0462,-75.9456,0.9999,0.00000,-3.14159,-0.0188,-0.0856,-0.0946,-0.0457,0.00000,0.00000
500,20.0000,0.6196,0.0000,0.2404,0.0068,-0.0396,-0.2704,0.2271,2.2906,-0.0953,-12.0469,-75.9438,0.9948,0.09292,3.13613,1.2805,0.6163,-1.3677,-0.3599,0.00113,0.00015
501,20.0400,0.6196,0.0000,0.2404,0.2323,-0.0478,-0.8025,0.6391,1.2829,-1.8584,-12.0506,-75.9403,0.9680,0.13467,3.11747,1.5829,2.7909,0.7473,1.2595,-0.01341,-0.01427
502,20.0800,0.6196,0.0000,0.2404,0.3926,-0.0615,-1.2002,1.1039,1.5179,-3.1149,-12.0542,-75.9367,0.9256,0.19568,3.10492,3.2841,2.6639,0.8774,2.8928,-0.02620,-0.02696
503,20.1200,0.6196,0.0000,0.2404,0.4781,-0.0283,-1.5438,-0.5791,0.5500,0.0595,-12.0599,-75.9335,0.8671,0.21678,3.12420,1.5282,1.5412,0.7550,1.6242,-0.03499,-0.03812
504,20.1600,0.6196,0.0000,0.2404,0.5703,0.0185,-1.8975,-1.1009,0.7029,2.3599,-12.0651,-75.9321,0.7963,0.24405,-3.12811,0.0923,-0.0290,-0.0277,0.0058,-0.04519,-0.03973
505,20.2000,0.6196,0.0000,0.2404,0.2621,0.0846,0.1846,-0.4371,0.2565,0.2372,-12.0754,-75.9322,0.7707,0.26745,-3.11935,-0.1254,-0.7934,-0.4821,0.1785,-0.05417,-0.03495
506,20.2400,0.6196,0.0000,0.2404,0.3826,0.0357,0.2256,-0.2413,-0.8357,0.6773,-12.0905,-75.9294,0.7764,0.25524,-3.11356,0.0716,-0.5676,-0.5186,-0.8317,-0.06207,-0.03815
507,20.2800,0.6196,0.0000,0.2404,0.5031,-0.0548,0.0224,0.2322,-1.3899,0.3617,-12.1076,-75.9231,0.7752,0.19682,-3.12006,-0.5638,-0.9136,-0.3781,-0.2574,-0.05314,-0.02075
508,20.3200,0.6196,0.0000,0.2404,0.4871,0.0096,0.1166,-0.0696,-0.5881,0.2486,-12.1252,-75.9158,0.7730,0.15670,-3.12672,-0.1986,-0.5340,-0.0576,-0.0170,-0.03237,-0.00386
509,20.3600,0.6196,0.0000,0.2404,0.5130,0.0213,0.0974,-0.1237,-0.4608,0.1921,-12.1442,-75.9108,0.7731,0.14220,-3.12143,0.0102,-0.0716,-0.0041,0.1287,-0.02425,0.00582
510,20.4000,0.6196,0.0000,0.2404,0.5810,-0.0457,0.0635,0.2062,-1.0188,0.3680,-12.1644,-75.9037,0.7719,0.11206,-3.12588,0.0008,-0.0343,-0.1159,0.0738,-0.02210,0.01199
511,20.4400,0.6196,0.0000,0.2404,0.5979,-0.0117,0.1296,0.0537,-0.7168,0.1166,-12.1862,-75.8954,0.7721,0.07667,-3.13422,0.0378,-0.1295,-0.1214,-0.0240,-0.00504,0.02119
512,20.4800,0.6196,0.0000,0.2404,0.6022,-0.0073,0.1105,0.0258,-0.3589,0.2204,-12.2090,-75.8884,0.7744,0.05789,-3.13555,-0.0258,-0.1168,-0.1460,0.0138,0.00761,0.02872
513,20.5200,0.6196,0.0000,0.2404,0.6191,0.0002,0.0496,-0.0137,-0.3542,0.3462,-12.2324,-75.8814,0.7746,0.04253,-3.13691,0.0166,-0.1168,-0.0923,0.0439,0.01029,0.02955
514,20.5600,0.6196,0.0000,0.2404,0.6251,-0.0031,0.0296,0.0071,-0.2037,0.2581,-12.2562,-75.8749,0.7736,0.03263,-3.13755,-0.0095,-0.0741,-0.1038,0.0659,0.01218,0.03058
515,20.6000,0.6196,0.0000,0.2404,0.6422,-0.0044,0.0473,0.0147,-0.2743,0.2314,-12.2807,-75.8683,0.7729,0.02273,-3.13844,-0.0097,-0.0927,-0.1059,0.0468,0.01148,0.02927
516,20.6400,0.6196,0.0000,0.2404,0.6537,0.0030,0.0576,-0.0236,-0.3004,0.3044,-12.3057,-75.8620,0.7733,0.01087,-3.13870,0.0083,-0.1127,-0.1066,0.0151,0.01223,0.02855
517,20.6800,0.6196,0.0000,0.2404,0.6488,0.0102,0.0324,-0.0562,-0.0702,0.2241,-12.3311,-75.8563,0.7734,0.00422,-3.13760,0.0084,-0.0904,-0.0830,0.0206,0.01652,0.02974
518,20.7200,0.6196,0.0000,0.2404,0.6450,0.0005,0.0279,-0.0103,0.1158,0.2997,-12.3564,-75.8508,0.7729,0.00645,-3.13654,-0.0206,-0.0985,-0.1152,0.0362,0.01470,0.02964
519,20.7600,0.6196,0.0000,0.2404,0.6614,-0.0027,0.0464,0.0064,-0.0570,0.2667,-12.3821,-75.8452,0.7727,0.00676,-3.13671,0.0069,-0.1027,-0.1030,0.0625,0.01038,0.02573
520,20.8000,0.6196,0.0000,0.2404,0.6731,-0.0013,0.0594,0.0012,-0.1461,0.1916,-12.4083,-75.8398,0.7733,0.00252,-3.13720,0.0289,-0.0974,-0.1120,0.0317,0.00820,0.02462
521,20.8400,0.6196,0.0000,0.2404,0.6752,0.0059,0.0492,-0.0342,-0.0859,0.1680,-12.4348,-75.8347,0.7741,-0.00237,-3.13681,0.0241,-0.1135,-0.1017,0.0238,0.00903,0.02343
522,20.8800,0.6196,0.0000,0.2404,0.6801,0.0158,0.0394,-0.0833,-0.1306,0.1808,-12.4615,-75.8303,0.7745,-0.00699,-3.13431,0.0372,-0.1240,-0.1039,0.0423,0.00769,0.02085
523,20.9200,0.6196,0.0000,0.2404,0.6833,-0.0078,0.0194,0.0301,-0.1608,0.3880,-12.4883,-75.8257,0.7745,-0.01207,-3.13337,0.0119,-0.0991,-0.1224,0.0364,0.00721,0.02354
524,20.9600,0.6196,0.0000,0.2404,0.6862,-0.0226,0.0168,0.1103,-0.1736,0.2135,-12.5152,-75.8205,0.7739,-0.01888,-3.13699,0.0115,-0.0811,-0.1150,0.0887,0.00776,0.02294
525,21.0000,0.6196,0.0000,0.2404,0.6782,0.0146,0.0536,-0.0763,-0.0051,0.2100,-12.5421,-75.8161,0.7746,-0.02252,-3.13770,0.0279,-0.1552,-0.1269,-0.0186,0.01219,0.01998
526,21.0400,0.6196,0.0000,0.2404,0.6678,-0.0046,0.0169,0.0182,0.1814,0.2303,-12.5689,-75.8126,0.7751,-0.01738,-3.13617,-0.0291,-0.1089,-0.1183,0.0664,0.00967,0.02009
527,21.0800,0.6196,0.0000,0.2404,0.6787,-0.0084,0.0085,0.0366,-0.0262,0.2698,-12.5957,-75.8086,0.7743,-0.01536,-3.13769,0.0169,-0.1004,-0.1009,0.0564,0.00575,0.01786
528,21.1200,0.6196,0.0000,0.2404,0.6744,0.0126,0.0227,-0.0663,0.0907,0.1792,-12.6227,-75.8054,0.7739,-0.01414,-3.13727,0.0109,-0.1142,-0.0917,0.0099,0.00794,0.01558
529,21.1600,0.6196,0.0000,0.2404,0.6711,0.0144,0.0482,-0.0768,0.2081,0.1904,-12.6497,-75.8029,0.7742,-0.00734,-3.13406,0.0110,-0.1354,-0.1190,0.0567,0.00421,0.01654
530,21.2000,0.6196,0.0000,0.2404,0.6877,0.0001,0.0285,-0.0062,-0.0357,0.1948,-12.6769,-75.8004,0.7744,-0.00487,-3.13243,0.0101,-0.1164,-0.0914,0.0328,-0.00060,0.01153
531,21.2400,0.6196,0.0000,0.2404,0.6862,0.0206,0.0382,-0.1080,0.0709,0.2234,-12.7044,-75.7980,0.7744,-0.00497,-3.13067,0.0389,-0.1542,-0.0753,0.0077,-0.00049,0.01093
532,21.2800,0.6196,0.0000,0.2404,0.6922,-0.0056,0.0167,0.0210,0.0236,0.2946,-12.7320,-75.7960,0.7742,-0.00185,-3.12862,-0.0201,-0.1059,-0.1032,0.0546,-0.00316,0.01145
533,21.3200,0.6196,0.0000,0.2404,0.7185,-0.0240,0.0227,0.1165,-0.3705,0.2127,-12.7600,-75.7931,0.7734,-0.01052,-3.13199,0.0203,-0.0923,-0.0959,0.0850,-0.00331,0.00941
534,21.3600,0.6196,0.0000,0.2404,0.7178,-0.0110,0.0558,0.0520,-0.2821,0.1831,-12.7884,-75.7902,0.7742,-0.02318,-3.13582,0.0232,-0.1304,-0.1417,0.0064,0.00272,0.01266
535,21.4000,0.6196,0.0000,0.2404,0.7040,-0.0013,0.0088,0.0038,-0.0318,0.2425,-12.8167,-75.7883,0.7748,-0.02915,-3.13687,-0.0216,-0.1192,-0.0776,0.0155,0.00857,0.01541
536,21.4400,0.6196,0.0000,0.2404,0.7101,0.0169,-0.0095,-0.0852,-0.2308,0.1025,-12.8448,-75.7872,0.7739,-0.03494,-3.13482,0.0403,-0.0946,-0.0731,0.0913,0.00854,0.01299
537,21.4800,0.6196,0.0000,0.2404,0.7006,-0.0068,0.0155,0.0324,-0.0411,0.1437,-12.8729,-75.7861,0.7737,-0.03843,-3.13382,-0.0004,-0.1000,-0.1319,0.0583,0.01097,0.01747
538,21.5200,0.6196,0.0000,0.2404,0.7078,-0.0403,0.0115,0.1996,-0.2062,0.1637,-12.9009,-75.7839,0.7739,-0.04368,-3.13882,-0.0275,-0.0930,-0.1334,0.0833,0.01031,0.01585
539,21.5600,0.6196,0.0000,0.2404,0.7015,-0.0181,0.0157,0.0901,-0.1705,0.1638,-12.9289,-75.7814,0.7743,-0.05228,3.13808,0.0051,-0.1126,-0.0946,0.0514,0.01636,0.01436
540,21.6000,0.6196,0.0000,0.2404,0.6853,0.0327,-0.0135,-0.1621,-0.0509,0.1283,-12.9566,-75.7811,0.7744,-0.05651,3.14017,0.0275,-0.1034,-0.0652,0.0102,0.02044,0.01398
541,21.6400,0.6196,0.0000,0.2404,0.6730,-0.0033,-0.0450,0.0154,0.0339,0.2623,-12.9837,-75.7813,0.7731,-0.05492,-3.13945,-0.0493,-0.0673,-0.1081,0.0970,0.01961,0.01758
542,21.6800,0.6196,0.0000,0.2404,0.6709,0.0161,-0.0032,-0.0807,0.0041,0.1489,-13.0108,-75.7812,0.7721,-0.05545,-3.13850,0.0202,-0.1157,-0.0730,0.0228,0.01891,0.01553
543,21.7200,0.6196,0.0000,0.2404,0.6683,-0.0058,-0.0016,0.0280,-0.0501,0.1679,-13.0375,-75.7815,0.7722,-0.05533,-3.13674,-0.0508,-0.0957,-0.1083,0.0371,0.01780,0.01523
544,21.7600,0.6196,0.0000,0.2404,0.6661,0.0145,0.0015,-0.0739,-0.1297,-0.0067,-13.0642,-75.7815,0.7721,-0.06021,-3.13636,0.0374,-0.1027,-0.0609,0.0155,0.01662,0.01601
545,21.8000,0.6196,0.0000,0.2404,0.6453,0.0207,0.0042,-0.1057,0.1211,0.0815,-13.0903,-75.7825,0.7725,-0.05909,-3.13245,-0.0196,-0.1338,-0.0941,0.0004,0.01576,0.01934
546,21.8400,0.6196,0.0000,0.2404,0.6425,-0.0084,-0.0180,0.0413,0.0259,0.1443,-13.1161,-75.7829,0.7721,-0.05570,-3.13107,-0.0327,-0.0998,-0.0958,0.0516,0.01155,0.01901
547,21.8800,0.6196,0.0000,0.2404,0.6246,0.0081,0.0037,-0.0415,0.3059,0.0394,-13.1417,-75.7830,0.7716,-0.04912,-3.13180,-0.0018,-0.1171,-0.0457,0.0034,0.01344,0.01700
548,21.9200,0.6196,0.0000,0.2404,0.6245,-0.0296,0.0144,0.1476,0.2463,0.2183,-13.1669,-75.7831,0.7717,-0.03641,-3.13327,-0.0790,-0.0999,-0.1282,0.0821,0.00744,0.01401
549,21.9600,0.6196,0.0000,0.2404,0.6447,-0.0089,0.0078,0.0438,-0.1612,0.0880,-13.1924,-75.7827,0.7714,-0.03765,-3.13768,0.0189,-0.0808,-0.0406,0.0037,0.00708,0.00750
550,22.0000,0.6196,0.0000,0.2404,0.6382,-0.0519,-0.0725,0.2652,0.0780,0.0179,-13.2179,-75.7822,0.7702,-0.03646,3.14025,-0.0495,-0.0476,-0.0920,0.0678,0.01106,0.01099
551,22.0400,0.6196,0.0000,0.2404,0.6592,-0.0168,-0.2072,0.1576,0.2414,0.0544,-13.2445,-75.7815,0.7647,-0.03365,3.13245,0.1425,-0.2844,-0.1904,0.0359,0.01415,0.00321
552,22.0800,0.6196,0.0000,0.2404,0.6547,-0.0140,-0.5443,0.0386,0.3816,0.1616,-13.2713,-75.7821,0.7496,-0.01757,3.13198,0.2993,-0.3960,-0.3629,0.1095,0.01376,-0.00266
553,22.1200,0.6196,0.0000,0.2404,0.6708,0.1154,-0.7165,-0.4391,0.0640,0.4922,-13.2984,-75.7840,0.7200,-0.00811,3.13524,0.4093,-0.3265,-0.3276,0.2399,0.00882,-0.00877
554,22.1600,0.6196,0.0000,0.2404,0.6875,0.1363,-0.3195,-0.6905,-0.0750,0.1248,-13.3252,-75.7919,0.6987,-0.00686,-3.11905,-0.2165,-0.0910,-0.1856,0.2075,-0.00114,-0.00154
555,22.2000,0.6196,0.0000,0.2404,0.7396,-0.0360,-0.0570,0.1721,-0.2489,0.1554,-13.3535,-75.7959,0.6909,-0.01093,-3.10820,-0.1711,-0.0775,-0.1880,0.0426,-0.01095,0.01120
556,22.2400,0.6196,0.0000,0.2404,0.7760,-0.0746,0.1274,0.3835,-0.3260,-0.0910,-13.3840,-75.7948,0.6919,-0.02614,-3.12257,-0.0322,-0.2099,-0.0425,-0.1281,-0.00418,0.01031
557,22.2800,0.6196,0.0000,0.2404,0.7672,-0.0059,0.0999,0.0248,-0.1977,-0.1046,-13.4145,-75.7949,0.6967,-0.03789,-3.13106,0.0062,-0.2070,-0.0343,-0.0898,0.00771,0.00906
558,22.3200,0.6196,0.0000,0.2404,0.7526,0.0560,-0.0261,-0.2804,-0.1685,0.0386,-13.4444,-75.7980,0.6976,-0.04417,-3.12482,0.0730,-0.1477,-0.0610,0.0112,0.01003,0.00959
559,22.3600,0.6196,0.0000,0.2404,0.7360,-0.0104,-0.0615,0.0487,0.0575,0.1578,-13.4740,-75.8008,0.6953,-0.04278,-3.12001,-0.0235,-0.0719,-0.1315,0.1086,0.00811,0.01696
560,22.4000,0.6196,0.0000,0.2404,0.7311,-0.0316,-0.0130,0.1610,0.2473,0.1554,-13.5037,-75.8018,0.6937,-0.03753,-3.12418,0.0124,-0.1342,-0.0755,-0.0013,0.01033,0.01509
561,22.4400,0.6196,0.0000,0.2404,0.7602,-0.0326,-0.2082,0.1127,-0.1566,-0.3200,-13.5338,-75.8027,0.6897,-0.03862,-3.12967,0.1171,-0.2362,0.0136,-0.1266,0.00841,0.00736
562,22.4800,0.6196,0.0000,0.2404,0.7448,-0.0488,-0.4860,0.4221,0.0588,-0.1845,-13.5642,-75.8026,0.6765,-0.03741,-3.14074,0.3570,-0.4886,-0.3902,0.1187,0.01259,0.00933
563,22.5200,0.6196,0.0000,0.2404,0.7498,0.0763,-0.6998,-0.3498,-0.2001,0.0011,-13.5947,-75.8030,0.6493,-0.03432,3.13286,0.4835,-0.3117,-0.4558,0.2807,0.01763,0.00114
564,22.5600,0.6196,0.0000,0.2404,0.7232,0.1154,-0.3942,-0.4958,0.1292,-0.7059,-13.6236,-75.8099,0.6261,-0.02270,-3.12920,0.0680,0.2268,-0.3722,0.2978,0.01202,0.01096
565,22.6000,0.6196,0.0000,0.2404,0.7583,-0.0046,-0.0465,0.0092,-0.0822,0.0939,-13.6537,-75.8136,0.6180,-0.02845,-3.11750,-0.1667,-0.2242,-0.2422,-0.0350,0.00119,0.01744
566,22.6400,0.6196,0.0000,0.2404,0.7832,-0.0505,0.0248,0.2509,-0.4224,-0.1262,-13.6846,-75.8129,0.6177,-0.04372,-3.12521,-0.0461,-0.1780,0.0439,-0.0997,0.00192,0.01685
567,22.6800,0.6196,0.0000,0.2404,0.7483,0.0018,0.0212,-0.0104,-0.0181,-0.0419,-13.7148,-75.8124,0.6188,-0.05125,-3.13105,0.0157,-0.1815,-0.0706,-0.0391,0.01281,0.01874
568,22.7200,0.6196,0.0000,0.2404,0.7216,0.0255,-0.0029,-0.1294,0.3018,0.1430,-13.7442,-75.8141,0.6191,-0.04320,-3.12719,0.0019,-0.1680,-0.1089,0.0607,0.01444,0.01893
569,22.7600,0.6196,0.0000,0.2404,0.7223,-0.0041,-0.0658,0.0174,0.1962,0.1361,-13.7733,-75.8155,0.6170,-0.03301,-3.12485,-0.0279,-0.0754,-0.0384,0.0316,0.00722,0.01577
570,22.8000,0.6196,0.0000,0.2404,0.7398,0.0203,-0.0351,-0.1034,-0.1582,0.0209,-13.8027,-75.8168,0.6143,-0.03482,-3.12299,0.0322,-0.1130,-0.0291,-0.0166,0.00332,0.00966
571,22.8400,0.6196,0.0000,0.2404,0.7634,-0.0310,-0.2030,0.1815,-0.3968,-0.3116,-13.8325,-75.8178,0.6104,-0.04539,-3.12383,0.0373,-0.1534,-0.0999,-0.0141,0.00280,0.01473
572,22.8800,0.6196,0.0000,0.2404,0.7383,-0.0421,-0.5099,0.0587,-0.1898,-0.1973,-13.8630,-75.8166,0.5972,-0.05590,-3.13306,0.2640,-0.3738,-0.4519,0.2114,0.01282,0.02030
573,22.9200,0.6196,0.0000,0.2404,0.7093,-0.0319,-0.8533,0.1035,-0.0366,0.2347,-13.8933,-75.8155,0.5680,-0.05953,-3.13546,0.3930,-0.2741,-0.4410,0.3019,0.01614,0.02164
574,22.9600,0.6196,0.0000,0.2404,0.6971,0.0138,-0.3720,-0.0691,0.3440,0.2214,-13.9231,-75.8155,0.5432,-0.05750,-3.13680,-0.1463,-0.1501,-0.2009,0.2712,0.01950,0.02068
575,23.0000,0.6196,0.0000,0.2404,0.7275,0.0521,0.0172,-0.2612,0.3331,-0.0717,-13.9522,-75.8188,0.5379,-0.04217,-3.12655,-0.0889,-0.1542,-0.0864,-0.0334,0.01124,0.01386
576,23.0400,0.6196,0.0000,0.2404,0.7609,-0.0534,0.0211,0.2626,-0.1885,-0.0196,-13.9820,-75.8196,0.5391,-0.04019,-3.12739,-0.0735,-0.1090,-0.0806,-0.0670,-0.00150,0.01307
577,23.0800,0.6196,0.0000,0.2404,0.7507,-0.0437,-0.0072,0.2160,-0.1295,0.0613,-14.0122,-75.8177,0.5389,-0.04919,-3.13946,-0.0021,-0.1272,-0.0525,0.0131,0.00579,0.01294
578,23.1200,0.6196,0.0000,0.2404,0.7210,0.0829,-0.0050,-0.4146,0.2663,-0.0470,-14.0417,-75.8196,0.5387,-0.04646,-3.13452,0.0687,-0.1568,-0.0022,-0.0421,0.01319,0.01104
579,23.1600,0.6196,0.0000,0.2404,0.7241,0.0006,-0.0353,-0.0095,0.1007,0.2204,-14.0705,-75.8229,0.5377,-0.03503,-3.12417,-0.0679,-0.0796,-0.1662,0.1255,0.00162,0.01489
580,23.2000,0.6196,0.0000,0.2404,0.7381,-0.0522,0.0063,0.2630,-0.0597,0.1507,-14.1000,-75.8224,0.5363,-0.03580,-3.13130,0.0129,-0.0844,-0.1154,0.0523,-0.00095,0.01468
581,23.2400,0.6196,0.0000,0.2404,0.7443,0.0094,-0.1490,-0.1091,0.0089,-0.3151,-14.1299,-75.8229,0.5343,-0.04079,-3.13394,0.1185,-0.1953,0.0484,-0.1522,0.00688,0.00986
582,23.2800,0.6196,0.0000,0.2404,0.7352,0.0192,-0.4131,0.0302,0.0586,-0.0812,-14.1596,-75.8247,0.5237,-0.03775,-3.13119,0.3234,-0.4056,-0.4484,0.1811,0.00410,0.01049
583,23.3200,0.6196,0.0000,0.2404,0.7299,0.0249,-0.8150,-0.2008,0.1010,0.0147,-14.1895,-75.8261,0.4980,-0.03109,-3.13316,0.4785,-0.3040,-0.4889,0.2626,0.00385,0.00718
584,23.3600,0.6196,0.0000,0.2404,0.7333,0.0455,-0.5235,-0.1867,-0.3672,-0.3907,-14.2192,-75.8285,0.4688,-0.03719,-3.12637,0.1479,0.1455,-0.3005,0.2772,-0.00032,0.00706
585,23.4000,0.6196,0.0000,0.2404,0.7273,0.0343,-0.0548,-0.1824,0.0899,0.0565,-14.2489,-75.8314,0.4588,-0.04697,-3.11631,-0.1990,-0.2577,-0.1783,-0.0939,0.00388,0.01584
586,23.4400,0.6196,0.0000,0.2404,0.7360,-0.0665,0.0465,0.3331,0.0671,-0.0206,-14.2782,-75.8314,0.4594,-0.04309,-3.12005,-0.1340,-0.1577,-0.0373,-0.0206,0.00024,0.01569
587,23.4800,0.6196,0.0000,0.2404,0.7265,-0.0449,0.0459,0.2209,0.0959,0.0201,-14.3076,-75.8290,0.4611,-0.04152,-3.13347,0.0187,-0.1721,-0.0642,-0.0370,0.00488,0.00992
588,23.5200,0.6196,0.0000,0.2404,0.7077,-0.0103,0.0090,0.0487,0.2738,0.1618,-14.3363,-75.8287,0.4617,-0.03230,-3.13799,-0.0236,-0.1281,-0.1236,0.0637,0.00733,0.00703
589,23.5600,0.6196,0.0000,0.2404,0.7161,0.0214,-0.0443,-0.1087,0.0286,0.0872,-14.3650,-75.8299,0.4600,-0.02800,-3.13628,0.0140,-0.0798,-0.0312,0.0239,0.00571,0.00273
590,23.6000,0.6196,0.0000,0.2404,0.7185,0.0339,-0.0140,-0.1728,-0.0450,0.0382,-14.3936,-75.8322,0.4581,-0.02806,-3.13017,0.0200,-0.1003,-0.0914,0.0166,0.00344,0.00628
591,23.6400,0.6196,0.0000,0.2404,0.7352,-0.0230,-0.0774,0.0994,-0.1106,-0.1235,-14.4225,-75.8338,0.4568,-0.03033,-3.12776,-0.0069,-0.1541,-0.1149,0.0135,0.00307,0.00895
592,23.6800,0.6196,0.0000,0.2404,0.7449,-0.0537,-0.3072,0.3386,-0.1258,-0.0809,-14.4525,-75.8329,0.4495,-0.03723,-3.13679,0.1893,-0.3235,-0.2816,0.0964,0.00614,0.00861
593,23.7200,0.6196,0.0000,0.2404,0.7153,-0.0615,-0.6789,0.3050,0.0719,-0.0289,-14.4821,-75.8314,0.4295,-0.03332,3.13403,0.4831,-0.3757,-0.5866,0.2651,0.01366,0.00582
594,23.7600,0.6196,0.0000,0.2404,0.7006,0.1391,-0.5327,-0.6118,0.2715,-0.2986,-14.5117,-75.8336,0.3995,-0.02976,3.13927,0.4267,-0.1379,-0.2339,0.2440,0.01845,-0.00037
595,23.8000,0.6196,0.0000,0.2404,0.7230,0.0822,-0.1485,-0.4154,0.0097,0.0586,-14.5402,-75.8405,0.3875,-0.02080,-3.11714,-0.2427,-0.1100,-0.2733,0.0961,0.00424,0.00666
596,23.8400,0.6196,0.0000,0.2404,0.7594,-0.1027,-0.0773,0.5037,-0.3186,0.1207,-14.5701,-75.8400,0.3823,-0.03038,-3.12197,-0.1219,-0.0807,-0.0537,0.0096,-0.00549,0.01399
597,23.8800,0.6196,0.0000,0.2404,0.7471,-0.0320,0.0246,0.1598,-0.0934,0.0119,-14.6004,-75.8372,0.3810,-0.04276,-3.13812,-0.0186,-0.1946,0.0224,-0.0997,0.00770,0.01019
598,23.9200,0.6196,0.0000,0.2404,0.7192,0.0185,0.0419,-0.0935,0.2462,0.1715,-14.6295,-75.8382,0.3826,-0.03518,-3.13725,-0.0228,-0.1429,-0.1269,0.0709,0.01190,0.01026
599,23.9600,0.6196,0.0000,0.2404,0.7232,-0.0005,-0.0511,-0.0010,0.0965,0.2174,-14.6586,-75.8396,0.3815,-0.02878,-3.13534,-0.0157,-0.0616,-0.0440,0.0302,0.00787,0.00855
600,24.0000,0.6196,0.0000,0.2404,0.7303,-0.0030,-0.0308,0.0127,-0.0642,0.2513,-14.6878,-75.8407,0.3789,-0.02883,-3.13585,-0.0060,-0.0689,-0.0756,0.0622,0.00610,0.00708
601,24.0400,0.6196,0.0000,0.2404,0.7220,-0.0732,-0.0587,0.3823,0.2476,0.2050,-14.7169,-75.8410,0.3772,-0.02328,3.14132,-0.0568,-0.0731,-0.0875,0.0434,0.00701,0.00699
602,24.0800,0.6196,0.0000,0.2404,0.7552,-0.0498,-0.3192,0.2704,-0.2921,-0.0987,-14.7471,-75.8404,0.3698,-0.03085,3.12951,0.2312,-0.2878,-0.0146,-0.1293,0.00908,-0.00433
603,24.1200,0.6196,0.0000,0.2404,0.7292,-0.0707,-0.6730,0.4449,-0.1694,-0.0603,-14.7771,-75.8398,0.3497,-0.03586,3.11447,0.5261,-0.4136,-0.4101,0.1668,0.01868,-0.00393
604,24.1600,0.6196,0.0000,0.2404,0.6759,0.2391,-0.5284,-1.0534,0.5189,-0.0945,-14.8067,-75.8450,0.3219,-0.03989,3.12879,0.4652,-0.1503,-0.3015,0.3582,0.02764,-0.00906
605,24.2000,0.6196,0.0000,0.2404,0.7071,0.1059,-0.2203,-0.5417,0.2175,0.1388,-14.8340,-75.8559,0.3085,-0.01604,-3.11451,-0.2347,0.0416,-0.3579,0.2496,0.00993,0.00133
606,24.2400,0.6196,0.0000,0.2404,0.7772,-0.0988,-0.1065,0.4901,-0.4765,0.1509,-14.8643,-75.8569,0.3008,-0.02742,-3.11745,-0.0933,-0.0782,-0.0797,-0.0379,-0.00444,0.00914
607,24.2800,0.6196,0.0000,0.2404,0.7654,-0.0623,0.0719,0.3137,-0.1776,0.1300,-14.8953,-75.8546,0.3003,-0.04370,-3.13626,-0.0442,-0.1882,0.0044,-0.1078,0.01049,0.00895
608,24.3200,0.6196,0.0000,0.2404,0.7482,0.0077,0.0453,-0.0389,-0.1497,0.2948,-14.9252,-75.8559,0.3032,-0.04862,-3.13982,0.0309,-0.1059,-0.0534,0.0307,0.01667,0.00493
609,24.3600,0.6196,0.0000,0.2404,0.7157,0.0051,-0.0408,-0.0267,0.2673,0.3131,-14.9544,-75.8585,0.3026,-0.04260,-3.13854,0.0429,-0.0235,-0.1014,0.0492,0.01760,0.01143
610,24.4000,0.6196,0.0000,0.2404,0.7310,0.0199,-0.0178,-0.1032,-0.1534,0.3202,-14.9833,-75.8620,0.3011,-0.04255,-3.13470,0.0472,-0.0880,-0.0967,0.0460,0.01010,0.00702
611,24.4400,0.6196,0.0000,0.2404,0.7155,-0.1160,-0.1332,0.5795,0.0948,0.2608,-15.0124,-75.8634,0.2984,-0.04175,3.14049,0.0190,-0.0943,-0.1058,0.0086,0.01033,0.01093
612,24.4800,0.6196,0.0000,0.2404,0.7185,-0.1344,-0.3329,0.6969,0.1430,-0.0399,-15.0422,-75.8614,0.2891,-0.03936,3.11432,0.3326,-0.3780,0.0127,-0.2061,0.01885,-0.00146
613,24.5200,0.6196,0.0000,0.2404,0.7454,-0.0963,-0.4586,0.3693,-0.3322,0.3145,-15.0721,-75.8588,0.2704,-0.03049,3.08860,0.7213,-0.4184,-0.1657,0.0592,0.02694,-0.01528
614,24.5600,0.6196,0.0000,0.2404,0.7107,0.1121,-0.4967,-0.4852,-0.2538,0.2308,-15.1010,-75.8633,0.2518,-0.03845,3.09054,0.0422,0.0251,-0.5775,0.3334,0.03718,-0.01386
615,24.6000,0.6196,0.0000,0.2404,0.6754,0.1285,-0.3227,-0.5905,0.0707,-0.3066,-15.1278,-75.8743,0.2334,-0.03797,3.11885,0.1280,0.2222,-0.3516,0.4730,0.03229,-0.00017
616,24.6400,0.6196,0.0000,0.2404,0.7109,0.0243,-0.0835,-0.1342,-0.4126,0.1713,-15.1553,-75.8817,0.2265,-0.05027,3.13484,-0.1503,-0.1532,-0.2410,-0.0951,0.01929,0.00801
617,24.6800,0.6196,0.0000,0.2404,0.6929,-0.0486,-0.0076,0.2358,-0.1618,0.1043,-15.1833,-75.8843,0.2251,-0.06385,3.13006,-0.1111,-0.1422,-0.0930,0.0252,0.02358,0.01628
618,24.7200,0.6196,0.0000,0.2404,0.6549,0.0042,0.0183,-0.0214,0.2499,0.2549,-15.2101,-75.8868,0.2258,-0.06151,3.12524,-0.0382,-0.1612,-0.1114,-0.0208,0.02754,0.01416
619,24.7600,0.6196,0.0000,0.2404,0.6255,0.0405,-0.0298,-0.2021,0.5567,0.3121,-15.2356,-75.8918,0.2254,-0.04359,3.13092,-0.0355,-0.1098,-0.1006,0.0324,0.02073,0.01138
620,24.8000,0.6196,0.0000,0.2404,0.6251,0.0607,-0.0231,-0.3086,0.4827,0.2057,-15.2606,-75.8982,0.2235,-0.02359,-3.14115,-0.0021,-0.1283,-0.0842,0.0164,0.00825,0.00543
621,24.8400,0.6196,0.0000,0.2404,0.6472,0.0065,0.0237,-0.0395,0.1269,0.1650,-15.2857,-75.9041,0.2226,-0.01146,-3.13354,-0.0269,-0.1094,-0.1428,0.0935,-0.00538,0.00498
622,24.8800,0.6196,0.0000,0.2404,0.6718,-0.0113,0.0596,0.0501,-0.2229,0.2176,-15.3118,-75.9084,0.2233,-0.01607,-3.13471,0.0208,-0.1430,-0.0977,-0.0106,-0.00905,0.00207
623,24.9200,0.6196,0.0000,0.2404,0.6576,0.0039,0.0484,-0.0223,0.0482,0.1437,-15.3380,-75.9130,0.2245,-0.01883,-3.13587,0.0242,-0.1269,-0.0991,0.0083,-0.00492,0.00560
624,24.9600,0.6196,0.0000,0.2404,0.6465,0.0195,0.0309,-0.1033,0.2448,0.2638,-15.3636,-75.9185,0.2251,-0.01202,-3.13301,0.0131,-0.1461,-0.1150,0.0168,-0.00432,0.00536
625,25.0000,0.6196,0.0000,0.2404,0.6602,0.0224,0.0218,-0.1201,-0.0016,0.2873,-15.3892,-75.9248,0.2248,-0.00801,-3.12797,0.0359,-0.1397,-0.1034,0.0340,-0.00915,0.00073
626,25.0400,0.6196,0.0000,0.2404,0.6725,-0.0164,0.0143,0.0751,-0.1690,0.2542,-15.4152,-75.9305,0.2242,-0.01109,-3.12731,0.0016,-0.0971,-0.1238,0.0482,-0.01106,0.00305
627,25.0800,0.6196,0.0000,0.2404,0.6702,0.0031,0.0458,-0.0206,-0.0627,0.2530,-15.4416,-75.9361,0.2244,-0.01656,-3.12916,0.0424,-0.1519,-0.1019,-0.0197,-0.00508,0.00446
628,25.1200,0.6196,0.0000,0.2404,0.6677,-0.0007,0.0246,-0.0020,-0.0336,0.2541,-15.4675,-75.9424,0.2249,-0.01724,-3.12813,0.0092,-0.1097,-0.1127,0.0299,-0.00263,0.00680
629,25.1600,0.6196,0.0000,0.2404,0.6693,-0.0093,0.0269,0.0417,-0.0474,0.2413,-15.4936,-75.9486,0.2248,-0.01907,-3.12925,0.0234,-0.1282,-0.1206,0.0580,-0.00368,0.00681
630,25.2000,0.6196,0.0000,0.2404,0.6596,-0.0038,0.0158,0.0143,0.1581,0.2325,-15.5195,-75.9550,0.2246,-0.01613,-3.13069,0.0020,-0.1137,-0.0901,-0.0104,-0.00118,0.00819
631,25.2400,0.6196,0.0000,0.2404,0.6753,0.0012,0.0243,-0.0102,-0.1502,0.1963,-15.5453,-75.9620,0.2243,-0.01696,-3.13019,0.0362,-0.1088,-0.0995,0.0874,-0.00352,0.00493
632,25.2800,0.6196,0.0000,0.2404,0.6764,0.0023,0.0225,-0.0155,-0.1445,0.1872,-15.5713,-75.9693,0.2244,-0.02278,-3.12989,0.0324,-0.1106,-0.0992,-0.0110,-0.00076,0.00711
633,25.3200,0.6196,0.0000,0.2404,0.6706,-0.0022,0.0227,0.0071,-0.0590,0.2284,-15.5972,-75.9767,0.2245,-0.02633,-3.12969,0.0219,-0.1182,-0.1135,0.0458,0.00185,0.00895
634,25.3600,0.6196,0.0000,0.2404,0.6650,-0.0090,0.0102,0.0409,0.0226,0.2803,-15.6229,-75.9841,0.2243,-0.02656,-3.13079,0.0001,-0.1134,-0.1048,0.0191,0.00174,0.00900
635,25.4000,0.6196,0.0000,0.2404,0.6528,0.0075,0.0013,-0.0405,0.2420,0.2157,-15.6483,-75.9919,0.2236,-0.02111,-3.13099,0.0011,-0.1124,-0.0600,0.0094,0.00230,0.00763
636,25.4400,0.6196,0.0000,0.2404,0.6552,0.0014,0.0119,-0.0131,0.2092,0.2813,-15.6734,-76.0002,0.2228,-0.01135,-3.12932,-0.0291,-0.1174,-0.1044,0.0316,-0.00259,0.00397
637,25.4800,0.6196,0.0000,0.2404,0.6657,-0.0010,0.0343,-0.0007,0.0984,0.2482,-15.6987,-76.0086,0.2225,-0.00590,-3.12925,0.0042,-0.1197,-0.0871,0.0181,-0.00719,0.00259
638,25.5200,0.6196,0.0000,0.2404,0.6873,-0.0148,0.0350,0.0688,-0.2366,0.2535,-15.7244,-76.0172,0.2226,-0.00962,-3.13051,-0.0026,-0.0987,-0.0921,0.0442,-0.00821,0.00093
639,25.5600,0.6196,0.0000,0.2404,0.6695,0.0028,0.0484,-0.0176,0.1855,0.2193,-15.7502,-76.0259,0.2231,-0.00981,-3.13263,0.0181,-0.1285,-0.0887,-0.0102,-0.00232,0.00374
640,25.6000,0.6196,0.0000,0.2404,0.6740,0.0158,0.0330,-0.0846,0.1272,0.1859,-15.7754,-76.0358,0.2235,-0.00305,-3.12963,0.0117,-0.1109,-0.0928,0.0235,-0.00665,0.00155
641,25.6400,0.6196,0.0000,0.2404,0.6865,0.0013,0.0234,-0.0153,-0.0272,0.3154,-15.8008,-76.0458,0.2231,-0.00181,-3.12756,-0.0035,-0.1263,-0.0953,0.0172,-0.01016,-0.00001
642,25.6800,0.6196,0.0000,0.2404,0.6983,-0.0075,0.0407,0.0327,-0.1562,0.2240,-15.8267,-76.0557,0.2229,-0.00576,-3.12830,0.0273,-0.1034,-0.0976,0.0595,-0.01055,0.00181
643,25.7200,0.6196,0.0000,0.2404,0.6959,0.0048,0.0450,-0.0293,-0.0238,0.2326,-15.8527,-76.0660,0.2235,-0.00925,-3.12869,0.0216,-0.1258,-0.0843,-0.0264,-0.00577,0.00319
644,25.7600,0.6196,0.0000,0.2404,0.6988,0.0018,0.0176,-0.0157,-0.0676,0.3151,-15.8784,-76.0769,0.2235,-0.01076,-3.12741,0.0072,-0.1082,-0.0909,0.0245,-0.00460,0.00398
645,25.8000,0.6196,0.0000,0.2404,0.7011,-0.0080,0.0242,0.0365,-0.0539,0.2094,-15.9042,-76.0877,0.2231,-0.01281,-3.12821,0.0200,-0.0957,-0.1015,0.0594,-0.00280,0.00558
646,25.8400,0.6196,0.0000,0.2404,0.7022,-0.0193,0.0306,0.0914,-0.0669,0.2531,-15.9302,-76.0984,0.2232,-0.01452,-3.13107,-0.0104,-0.0988,-0.1171,0.0046,-0.00134,0.00813
647,25.8800,0.6196,0.0000,0.2404,0.7037,0.0130,0.0316,-0.0690,-0.0875,0.2428,-15.9559,-76.1099,0.2234,-0.01916,-3.13167,0.0354,-0.1317,-0.0688,0.0006,0.00153,0.00619
648,25.9200,0.6196,0.0000,0.2404,0.6999,0.0007,0.0195,-0.0093,-0.0407,0.3058,-15.9812,-76.1220,0.2235,-0.01989,-3.12933,0.0161,-0.0861,-0.1118,0.0506,0.00318,0.00976
649,25.9600,0.6196,0.0000,0.2404,0.6962,-0.0069,0.0156,0.0307,0.0532,0.2553,-16.0066,-76.1339,0.2232,-0.01951,-3.13041,0.0132,-0.0998,-0.1011,0.0114,0.00367,0.00990
650,26.0000,0.6196,0.0000,0.2404,0.6954,0.0120,0.0304,-0.0649,0.0699,0.2353,-16.0316,-76.1464,0.2232,-0.01744,-3.12934,0.0246,-0.1205,-0.0796,0.0095,0.00465,0.00892
651,26.0400,0.6196,0.0000,0.2404,0.6972,0.0185,0.0405,-0.0988,0.0365,0.2600,-16.0562,-76.1597,0.2237,-0.01513,-3.12516,0.0424,-0.1323,-0.0970,0.0213,0.00321,0.00692
652,26.0800,0.6196,0.0000,0.2404,0.7047,-0.0076,0.0172,0.0020,-0.0931,0.2026,-16.0810,-76.1728,0.2237,-0.01622,-3.12348,0.0222,-0.0938,-0.0918,0.0367,0.00199,0.00733
653,26.1200,0.6196,0.0000,0.2404,0.7042,-0.0039,0.0343,0.0145,-0.0834,0.2607,-16.1061,-76.1857,0.2238,-0.01985,-3.12495,0.0452,-0.1274,-0.1096,0.0037,0.00404,0.00848
654,26.1600,0.6196,0.0000,0.2404,0.7034,-0.0063,0.0288,0.0279,-0.0837,0.2121,-16.1309,-76.1990,0.2242,-0.02271,-3.12561,0.0277,-0.1058,-0.1060,0.0358,0.00439,0.00897
655,26.2000,0.6196,0.0000,0.2404,0.6920,0.0039,0.0210,-0.0233,0.1121,0.1898,-16.1554,-76.2124,0.2243,-0.02150,-3.12603,0.0427,-0.1101,-0.0938,-0.0050,0.00766,0.01079
656,26.2400,0.6196,0.0000,0.2404,0.6911,0.0194,0.0245,-0.1019,0.0969,0.1746,-16.1793,-76.2266,0.2243,-0.01747,-3.12251,0.0377,-0.1353,-0.0960,0.0142,0.00519,0.00753
657,26.2800,0.6196,0.0000,0.2404,0.6996,-0.0079,0.0344,0.0330,-0.0642,0.2440,-16.2033,-76.2408,0.2245,-0.01632,-3.12054,0.0319,-0.1198,-0.1347,0.0555,0.00127,0.00878
658,26.3200,0.6196,0.0000,0.2404,0.7058,-0.0177,0.0251,0.0830,-0.1727,0.2802,-16.2279,-76.2545,0.2247,-0.02199,-3.12380,0.0349,-0.1204,-0.1006,-0.0013,0.00224,0.00708
659,26.3600,0.6196,0.0000,0.2404,0.6963,-0.0035,0.0411,0.0133,-0.0432,0.2717,-16.2521,-76.2686,0.2252,-0.02559,-3.12599,0.0523,-0.1349,-0.1319,0.0389,0.00855,0.00818
660,26.4000,0.6196,0.0000,0.2404,0.6913,-0.0007,0.0184,-0.0021,-0.0062,0.2742,-16.2757,-76.2832,0.2257,-0.02580,-3.12577,0.0293,-0.1182,-0.1252,0.0001,0.00719,0.00917
661,26.4400,0.6196,0.0000,0.2404,0.6813,-0.0072,0.0085,0.0311,0.1367,0.2437,-16.2991,-76.2978,0.2252,-0.02237,-3.12661,0.0176,-0.1171,-0.1339,0.0283,0.00672,0.01065
662,26.4800,0.6196,0.0000,0.2404,0.6863,0.0024,0.0303,-0.0170,0.0192,0.2271,-16.3222,-76.3127,0.2251,-0.02002,-3.12649,0.0372,-0.1336,-0.1129,0.0369,0.00477,0.00913
663,26.5200,0.6196,0.0000,0.2404,0.6866,0.0013,0.0350,-0.0114,0.0002,0.2005,-16.3451,-76.3280,0.2256,-0.01948,-3.12563,0.0346,-0.1350,-0.1223,0.0253,0.00405,0.00711
664,26.5600,0.6196,0.0000,0.2404,0.6742,-0.0029,-0.0078,0.0105,0.2465,0.1556,-16.3679,-76.3433,0.2250,-0.01402,-3.12612,-0.0162,-0.1127,-0.0747,-0.0192,0.00454,0.00667
665,26.6000,0.6196,0.0000,0.2404,0.6781,0.0024,0.0152,-0.0157,0.1989,0.1342,-16.3904,-76.3587,0.2238,-0.00536,-3.12573,-0.0049,-0.1333,-0.1020,0.0613,-0.00069,0.00166
666,26.6400,0.6196,0.0000,0.2404,0.7015,-0.0107,0.0437,0.0493,-0.1519,0.1365,-16.4131,-76.3744,0.2237,-0.00501,-3.12611,0.0130,-0.1131,-0.1189,0.0416,-0.00659,-0.00058
667,26.6800,0.6196,0.0000,0.2404,0.6909,0.0070,0.0454,-0.0396,0.1502,0.1521,-16.4362,-76.3903,0.2243,-0.00523,-3.12744,0.0204,-0.1503,-0.0889,-0.0540,-0.00149,0.00231
668,26.7200,0.6196,0.0000,0.2404,0.7032,0.0008,0.0129,-0.0137,-0.0853,0.3222,-16.4587,-76.4068,0.2241,-0.00381,-3.12510,-0.0212,-0.1272,-0.1203,0.0198,-0.00408,0.00098
669,26.7600,0.6196,0.0000,0.2404,0.7039,-0.0003,0.0135,-0.0042,-0.0118,0.2201,-16.4816,-76.4234,0.2230,-0.00593,-3.12553,0.0025,-0.1201,-0.0999,-0.0004,-0.00312,0.00139
670,26.8000,0.6196,0.0000,0.2404,0.6977,0.0289,0.0357,-0.1517,0.1916,0.1653,-16.5038,-76.4408,0.2228,-0.00190,-3.12137,0.0074,-0.1476,-0.0835,-0.0637,-0.00319,0.00148
671,26.8400,0.6196,0.0000,0.2404,0.7110,0.0040,0.0143,-0.0262,0.0176,0.1453,-16.5258,-76.4586,0.2223,0.00242,-3.11617,-0.0207,-0.1055,-0.0786,0.0191,-0.01013,0.00126
672,26.8800,0.6196,0.0000,0.2404,0.7142,0.0011,0.0426,-0.0112,0.0964,0.1670,-16.5486,-76.4760,0.2218,0.00424,-3.11622,0.0073,-0.1467,-0.0837,-0.0303,-0.00932,0.00102
673,26.9200,0.6196,0.0000,0.2404,0.7222,0.0294,0.0416,-0.1547,0.0469,0.1027,-16.5709,-76.4943,0.2219,0.00663,-3.11146,0.0340,-0.1322,-0.0408,-0.0740,-0.00869,-0.00077
674,26.9600,0.6196,0.0000,0.2404,0.7342,0.0079,-0.0030,-0.0446,-0.1025,0.0571,-16.5932,-76.5130,0.2208,0.00626,-3.10600,0.0309,-0.0438,-0.0400,-0.0340,-0.01132,0.00270
675,27.0000,0.6196,0.0000,0.2404,0.7285,0.0138,0.0323,-0.0725,0.1322,-0.0116,-16.6161,-76.5314,0.2196,0.00697,-3.10395,0.0582,-0.0896,-0.0451,-0.0687,-0.00966,0.00722
676,27.0400,0.6196,0.0000,0.2404,0.7480,0.0081,0.0198,-0.0491,-0.1599,0.1222,-16.6389,-76.5502,0.2192,0.00564,-3.09965,-0.0044,-0.0943,-0.0336,-0.1156,-0.01346,0.00629
677,27.0800,0.6196,0.0000,0.2404,0.7361,0.0079,-0.0020,-0.0430,0.1348,0.0043,-16.6621,-76.5688,0.2176,0.00608,-3.09850,0.0303,-0.0460,-0.0024,-0.1303,-0.01045,0.00982
678,27.1200,0.6196,0.0000,0.2404,0.7619,0.0042,-0.0035,-0.0182,-0.3019,-0.1620,-16.6851,-76.5876,0.2158,0.00199,-3.09579,0.0679,0.0434,0.0372,-0.0542,-0.01487,0.00664
679,27.1600,0.6196,0.0000,0.2404,0.7457,0.0250,0.0311,-0.1315,0.0308,-0.1631,-16.7085,-76.6065,0.2150,-0.00304,-3.09304,0.1017,-0.0146,0.0259,-0.2151,-0.00968,0.01081
680,27.2000,0.6196,0.0000,0.2404,0.7537,-0.0082,-0.0088,0.0472,-0.1579,-0.1985,-16.7317,-76.6251,0.2140,-0.00450,-3.09013,0.0872,0.1211,0.0537,-0.0752,-0.01377,0.01218
681,27.2400,0.6196,0.0000,0.2404,0.7582,-0.0128,0.0023,0.0710,-0.3102,-0.1354,-16.7561,-76.6427,0.2125,-0.01506,-3.09443,0.1325,0.0956,0.0559,-0.1418,-0.01114,0.01499
682,27.2800,0.6196,0.0000,0.2404,0.7380,0.0265,0.0070,-0.1443,-0.1434,-0.1280,-16.7796,-76.6608,0.2120,-0.02452,-3.09243,0.1239,0.0630,0.0932,-0.2079,-0.00298,0.01722
683,27.3200,0.6196,0.0000,0.2404,0.5110,0.1477,0.0363,-0.2758,1.3656,-1.9173,-16.7997,-76.6778,0.2109,-0.00432,-3.08603,0.1401,0.2032,0.0809,-0.1115,-0.00468,0.02288
684,27.3600,0.6196,0.0000,0.2404,0.3965,0.1132,0.3934,-0.5381,0.9525,-2.5340,-16.8099,-76.6940,0.2189,0.03891,-3.05791,0.5212,-0.0512,-0.1903,0.9455,-0.01852,0.00573
685,27.4000,0.6196,0.0000,0.2404,0.6343,0.0811,1.0673,-0.3798,-1.5859,0.9195,-16.8255,-76.7104,0.2483,0.00518,-3.03638,0.3061,-2.0394,-0.4375,0.7597,-0.03069,0.00151
686,27.4400,0.6196,0.0000,0.2404,0.5596,0.0619,0.4126,-0.3293,-0.7992,1.5094,-16.8429,-76.7253,0.2761,-0.04976,-3.04227,-1.2408,-1.1326,-0.1204,-0.2544,-0.01261,0.01573
687,27.4800,0.6196,0.0000,0.2404,0.4974,0.0825,0.0747,0.3773,-0.0512,-0.3728,-16.8571,-76.7372,0.2828,-0.03876,-3.05926,-0.5557,0.8928,0.0917,-0.1740,-0.00456,0.02824
688,27.5200,0.6196,0.0000,0.2404,0.4974,0.1248,-0.1922,0.1700,0.0308,-0.4753,-16.8719,-76.7505,0.2811,-0.03142,-3.06744,0.7150,1.0504,-0.1843,0.5023,0.00366,0.02224
689,27.5600,0.6196,0.0000,0.2404,0.4767,0.1626,-0.2744,-0.7851,0.0750,-0.1450,-16.8870,-76.7651,0.2667,-0.04058,-3.04660,0.9356,1.2159,0.2366,0.9946,0.00506,0.01893
690,27.6000,0.6196,0.0000,0.2404,0.4787,0.1544,-0.1949,-0.7719,-0.3286,-0.3758,-16.9008,-76.7806,0.2565,-0.05900,-3.00763,1.0170,1.4101,0.8541,0.7749,-0.00995,0.03106
691,27.6400,0.6196,0.0000,0.2404,0.5159,0.0183,-0.0834,-0.1234,-0.1532,-0.2493,-16.9168,-76.7930,0.2508,-0.07773,-2.98976,1.3132,1.3129,1.2767,1.1786,-0.01892,0.04173
692,27.6800,0.6196,0.0000,0.2404,0.5863,-0.0838,-0.0817,0.3771,-0.1977,-0.0548,-16.9379,-76.8006,0.2492,-0.08413,-2.99921,1.4126,1.2583,1.3059,1.4252,-0.01700,0.04815
693,27.7200,0.6196,0.0000,0.2404,0.5002,-0.0179,-0.1195,-0.0274,0.3469,-0.1585,-16.9589,-76.8080,0.2466,-0.08327,-3.00695,1.4674,1.2526,1.2188,1.4526,-0.00342,0.04602
694,27.7600,0.6196,0.0000,0.2404,0.4409,-0.0602,0.0255,0.6652,-0.7606,0.0246,-16.9765,-76.8155,0.2451,-0.08192,-3.01241,1.4032,1.1411,1.0698,1.4269,-0.01019,0.04001
695,27.8000,0.6196,0.0000,0.2404,0.3376,-0.1349,-0.0544,0.9343,-0.9807,0.0449,-16.9939,-76.8158,0.2452,-0.12866,-3.05981,1.2839,1.2815,1.0053,1.7802,0.00543,0.04244
696,27.8400,0.6196,0.0000,0.2404,0.1202,-0.0183,-0.0135,0.1024,-0.4076,0.0055,-17.0023,-76.8170,0.2434,-0.15705,-3.07385,0.9254,1.2486,1.1238,1.7889,0.01918,0.04233
697,27.8800,0.6196,0.0000,0.2404,0.1601,-0.0259,0.0096,0.1346,-0.7820,0.0218,-17.0059,-76.8181,0.2433,-0.18389,-3.07684,0.7855,1.0308,1.1415,1.8145,0.02870,0.04583
698,27.9200,0.6196,0.0000,0.2404,0.2783,-0.0514,0.0871,0.2828,-0.8322,-0.0366,-17.0136,-76.8202,0.2469,-0.22116,-3.08586,0.6603,0.7559,1.0247,1.8784,0.03966,0.05473
699,27.9600,0.6196,0.0000,0.2404,0.3221,-0.0211,0.2610,0.1157,0.2966,-0.0038,-17.0236,-76.8235,0.2575,-0.22389,-3.09589,0.6114,0.3543,0.6014,1.9519,0.04930,0.06256
700,28.0000,0.6196,0.0000,0.2404,0.2742,0.1216,0.5965,-0.5097,0.3985,0.0596,-17.0289,-76.8303,0.2784,-0.20195,-3.08347,0.6214,-0.7067,0.2436,1.6149,0.04357,0.05422
701,28.0400,0.6196,0.0000,0.2404,0.2932,0.2204,0.6073,-0.4282,-0.9959,1.7253,-17.0294,-76.8413,0.3042,-0.20196,-3.05343,0.4778,-0.9228,0.0817,1.0212,0.02694,0.05741
702,28.0800,0.6196,0.0000,0.2404,0.2210,0.1957,0.0672,0.1473,-0.3966,0.7358,-17.0327,-76.8519,0.3127,-0.21332,-3.07164,0.6381,1.6803,0.2897,1.2514,0.03662,0.06492
703,28.1200,0.6196,0.0000,0.2404,0.2659,0.0809,-0.1427,-0.1765,0.3608,0.2102,-17.0379,-76.8618,0.3099,-0.21801,-3.05748,1.4251,2.3520,0.7054,2.0824,0.04663,0.06799
704,28.1600,0.6196,0.0000,0.2404,0.2714,0.0078,-0.3940,-0.1230,0.5281,-0.0544,-17.0482,-76.8691,0.2998,-0.20762,-3.04496,1.8693,2.0022,0.9065,2.2785,0.03475,0.06542
705,28.2000,0.6196,0.0000,0.2404,0.3649,-0.0515,-0.4956,0.3123,0.7155,0.0411,-17.0641,-76.8746,0.2831,-0.17369,-3.05353,1.8997,1.5452,0.7946,2.3875,0.02497,0.05980
706,28.2400,0.6196,0.0000,0.2404,0.4208,0.0106,-0.1926,-0.0839,0.5708,-0.0204,-17.0807,-76.8824,0.2726,-0.15134,-3.05747,1.6813,1.4645,0.6943,2.0200,0.01863,0.04080
707,28.2800,0.6196,0.0000,0.2404,0.5089,0.0207,-0.1202,-0.1516,0.4506,-0.0324,-17.0980,-76.8925,0.2677,-0.12802,-3.05403,1.5135,1.8216,0.6978,2.0069,0.00702,0.03540
708,28.3200,0.6196,0.0000,0.2404,0.5830,0.0226,0.0109,-0.1615,0.6064,-0.0373,-17.1170,-76.9042,0.2674,-0.09979,-3.04916,1.5584,1.7834,0.5693,1.8901,-0.00251,0.03005
709,28.3600,0.6196,0.0000,0.2404,0.6573,0.0341,0.1631,-0.2252,0.5046,-0.0536,-17.1378,-76.9180,0.2725,-0.07334,-3.04098,1.5519,1.6125,0.4279,1.8576,-0.01297,0.02312
710,28.4000,0.6196,0.0000,0.2404,0.7591,-0.0281,0.6775,0.1308,0.6633,0.0206,-17.1613,-76.9327,0.2929,-0.02406,-3.04386,1.6531,0.8227,-0.2574,1.7460,-0.02465,0.02062
711,28.4400,0.6196,0.0000,0.2404,0.7304,0.0036,0.6640,0.0436,0.1596,-0.0576,-17.1863,-76.9485,0.3195,-0.01505,-3.04773,1.9452,0.3941,-0.2240,1.6230,-0.03138,0.00819
712,28.4800,0.6196,0.0000,0.2404,0.6894,0.0281,0.1036,-0.4698,-0.0218,0.5351,-17.2089,-76.9646,0.3297,-0.05503,-3.01399,1.7837,0.8572,1.2694,1.4310,-0.03266,0.00642
713,28.5200,0.6196,0.0000,0.2404,0.4294,0.1405,0.2091,-1.1076,0.3527,-0.0945,-17.2266,-76.9807,0.3350,-0.03596,-3.00336,1.5809,0.4349,1.0786,1.3186,-0.03865,0.01897
714,28.5600,0.6196,0.0000,0.2404,0.2183,0.2512,0.5543,-1.4495,0.1394,-0.3705,-17.2291,-76.9974,0.3521,-0.01970,-2.94450,1.5092,-0.0692,0.5558,1.2338,-0.04841,0.03109
715,28.6000,0.6196,0.0000,0.2404,0.3264,0.2738,0.5976,-0.5309,-1.9785,0.9916,-17.2281,-77.0160,0.3741,-0.06214,-2.89655,1.1902,-0.4256,0.2738,0.8194,-0.05700,0.04176
716,28.6400,0.6196,0.0000,0.2404,0.4158,0.2721,0.0611,0.8434,-0.5678,0.3845,-17.2361,-77.0334,0.3787,-0.08922,-2.95351,1.1876,2.1817,0.4680,1.6021,-0.03576,0.05115
717,28.6800,0.6196,0.0000,0.2404,0.5637,0.0891,-0.0209,0.6171,0.0251,0.1269,-17.2486,-77.0490,0.3776,-0.08765,-2.97937,1.7369,2.5301,0.4169,2.0640,-0.01707,0.04718
718,28.7200,0.6196,0.0000,0.2404,0.6608,-0.0300,-0.1784,0.7463,0.3815,-0.1087,-17.2698,-77.0619,0.3745,-0.08325,-3.00611,2.1143,2.1099,0.4877,2.1999,-0.00760,0.03487
719,28.7600,0.6196,0.0000,0.2404,0.6712,-0.0777,-0.3742,0.6729,1.1031,0.3441,-17.2953,-77.0732,0.3644,-0.05522,-3.02919,2.1667,1.5584,0.5307,2.0933,-0.00109,0.01741
720,28.8000,0.6196,0.0000,0.2404,0.6295,-0.0155,-0.2601,0.1119,0.1840,0.0419,-17.3214,-77.0848,0.3481,-0.01614,-3.05700,1.8323,1.4560,0.5688,1.6666,-0.01114,0.00092
721,28.8400,0.6196,0.0000,0.2404,0.5700,0.0735,-0.0776,-0.4788,-0.4680,-0.1176,-17.3405,-77.0994,0.3412,-0.04005,-3.04259,1.5584,1.7141,0.8410,1.6568,-0.01126,-0.00161
722,28.8800,0.6196,0.0000,0.2404,0.6250,0.0457,0.0379,-0.3018,-0.0002,-0.0790,-17.3590,-77.1142,0.3403,-0.03566,-3.02767,1.5832,1.8481,0.6524,1.7379,-0.01236,0.01298
723,28.9200,0.6196,0.0000,0.2404,0.7126,-0.0190,0.1118,0.0946,-0.2411,0.0227,-17.3809,-77.1293,0.3435,-0.03784,-3.02494,1.6229,1.8016,0.5566,1.6804,-0.01899,0.02060
724,28.9600,0.6196,0.0000,0.2404,0.6470,0.0181,0.0839,-0.1511,0.2246,-0.0602,-17.4036,-77.1447,0.3472,-0.04021,-3.02268,1.5844,1.9372,0.5688,1.7342,-0.01209,0.02552
725,29.0000,0.6196,0.0000,0.2404,0.6688,-0.0086,0.2366,0.0394,0.1678,0.0130,-17.4250,-77.1594,0.3541,-0.02320,-3.02253,1.5897,1.6827,0.3061,1.7557,-0.01887,0.02623
726,29.0400,0.6196,0.0000,0.2404,0.7448,-0.0535,0.4798,0.2388,0.1374,0.0427,-17.4485,-77.1744,0.3695,-0.00638,-3.03194,1.6432,1.1477,-0.0515,1.8786,-0.02221,0.02343
727,29.0800,0.6196,0.0000,0.2404,0.7379,-0.0676,0.8347,0.2809,0.5837,0.0744,-17.4743,-77.1901,0.3970,0.02695,-3.04813,1.7619,0.5806,-0.5696,1.7948,-0.02076,0.01988
728,29.1200,0.6196,0.0000,0.2404,0.7046,-0.0188,0.3037,-0.3738,-0.0503,0.1352,-17.4983,-77.2061,0.4150,0.01127,-3.03252,1.8846,0.6979,0.5101,1.4089,-0.02583,0.00471
729,29.1600,0.6196,0.0000,0.2404,0.6216,0.0748,0.2076,-0.1994,0.0114,0.0447,-17.5200,-77.2226,0.4207,0.01028,-3.01496,1.5526,0.5548,1.0132,1.2788,-0.03177,0.01484
730,29.2000,0.6196,0.0000,0.2404,0.3796,0.1954,0.4502,-1.1297,-0.0335,-0.3887,-17.5318,-77.2401,0.4352,0.01335,-2.97958,1.5322,0.1629,0.5621,1.2796,-0.03483,0.01742
731,29.2400,0.6196,0.0000,0.2404,0.3932,0.2351,0.3150,-0.8348,-1.0912,0.2524,-17.5367,-77.2581,0.4484,-0.00705,-2.93020,1.1752,0.0331,0.4350,0.8903,-0.04505,0.02973
732,29.2800,0.6196,0.0000,0.2404,0.4539,0.2797,-0.2188,0.3101,-0.3504,-0.5191,-17.5477,-77.2752,0.4427,-0.01421,-2.95771,1.3444,2.2646,0.7848,1.2905,-0.04017,0.04056
733,29.3200,0.6196,0.0000,0.2404,0.6791,0.0349,-0.1771,0.9224,0.3213,-0.8373,-17.5635,-77.2901,0.4313,-0.00257,-2.98137,1.8516,2.5689,0.5179,1.8604,-0.02723,0.04049
734,29.3600,0.6196,0.0000,0.2404,0.7711,-0.0843,0.0427,0.4543,0.0296,0.1307,-17.5915,-77.3022,0.4274,0.00926,-3.00635,2.0492,2.0278,0.3840,1.8735,-0.01617,0.02123
735,29.4000,0.6196,0.0000,0.2404,0.8201,-0.1055,-0.2019,0.6749,0.2561,0.1762,-17.6217,-77.3140,0.4228,0.00304,-3.02722,2.1283,1.7567,0.6420,1.9908,-0.01067,0.01157
736,29.4400,0.6196,0.0000,0.2404,0.6468,-0.0037,-0.0084,0.0022,-0.1873,0.0079,-17.6479,-77.3265,0.4172,0.00335,-3.03780,1.8228,1.6257,0.6304,1.6486,-0.00629,-0.00196
737,29.4800,0.6196,0.0000,0.2404,0.6335,-0.0013,0.0664,-0.0104,-0.1703,-0.0078,-17.6703,-77.3393,0.4174,-0.00487,-3.03949,1.6449,1.9051,0.5737,1.7879,-0.00588,0.00299
738,29.5200,0.6196,0.0000,0.2404,0.6155,0.0113,0.0560,-0.0861,-0.3483,-0.0239,-17.6912,-77.3522,0.4186,-0.01807,-3.03627,1.6098,1.9812,0.6349,1.8323,-0.00518,0.00739
739,29.5600,0.6196,0.0000,0.2404,0.6624,-0.0204,0.2065,0.1095,-0.2031,0.0288,-17.7127,-77.3648,0.4240,-0.02028,-3.04004,1.5782,1.7408,0.4050,1.8147,-0.00534,0.01677
740,29.6000,0.6196,0.0000,0.2404,0.6723,-0.0004,0.2287,-0.0082,0.1108,-0.0034,-17.7357,-77.3784,0.4325,-0.02141,-3.04282,1.5730,1.6527,0.3349,1.8758,-0.00250,0.02020
741,29.6400,0.6196,0.0000,0.2404,0.7229,-0.0199,0.5301,0.0908,0.3695,0.0214,-17.7592,-77.3930,0.4487,0.00694,-3.04674,1.5844,1.1829,-0.1280,1.9163,-0.00403,0.01914
742,29.6800,0.6196,0.0000,0.2404,0.7277,-0.0503,0.9927,0.2150,0.4435,0.0802,-17.7847,-77.4084,0.4803,0.04230,-3.05713,1.8257,0.3113,-0.7076,1.9269,-0.01113,0.01095
743,29.7200,0.6196,0.0000,0.2404,0.7001,-0.0128,0.4011,-0.5152,-0.1527,0.3502,-17.8091,-77.4244,0.5021,0.01333,-3.03437,1.8482,0.7447,0.7084,1.3039,-0.01695,-0.00213
744,29.7600,0.6196,0.0000,0.2404,0.5444,0.1044,0.2924,-0.5455,0.5181,0.0618,-17.8304,-77.4409,0.5137,0.03131,-3.02882,1.6765,0.3744,0.6764,1.2843,-0.02289,0.01253
745,29.8000,0.6196,0.0000,0.2404,0.4008,0.2212,0.2729,-1.1554,-0.2903,-0.4862,-17.8405,-77.4583,0.5230,0.03011,-2.98666,1.3888,0.6290,0.5311,1.3125,-0.03455,0.01193
746,29.8400,0.6196,0.0000,0.2404,0.3909,0.2466,0.0410,-1.3129,-0.2367,-0.3885,-17.8478,-77.4760,0.5244,0.01687,-2.93286,1.4472,0.9459,0.6760,1.2513,-0.04480,0.02490
747,29.8800,0.6196,0.0000,0.2404,0.5661,0.1132,0.1914,-0.5348,-0.5667,-0.0680,-17.8604,-77.4925,0.5251,0.01813,-2.89128,1.7905,1.3738,0.4297,1.5058,-0.05382,0.03631
748,29.9200,0.6196,0.0000,0.2404,0.8952,-0.1812,0.2785,0.5157,-0.2481,-0.3265,-17.8866,-77.5065,0.5335,0.01735,-2.89854,1.9742,1.8530,0.1186,1.6790,-0.05449,0.04635
749,29.9600,0.5814,0.0000,-0.2931,-0.0241,-0.0178,0.0000,0.0401,-0.0192,0.0440,-4.2164,-75.7009,1.0554,-0.00000,-0.00000,2.1029,1.6596,-0.0719,1.7796,0.00000,0.00000
750,30.0000,0.5814,0.0000,-0.2931,-0.0843,-0.0249,-0.2901,0.2881,2.1582,-0.2988,-4.2157,-75.7038,1.0498,0.08862,0.05586,1.3484,0.7766,-1.1719,-0.2488,0.00164,-0.00021
751,30.0400,0.5814,0.0000,-0.2931,0.1360,-0.0507,-0.7932,0.9132,1.1808,-2.2382,-4.2138,-75.7035,1.0242,0.12992,0.13595,1.8295,2.9811,0.7420,1.5345,-0.01296,-0.01459
752,30.0800,0.5814,0.0000,-0.2931,0.2975,-0.0736,-1.2727,1.0122,1.6771,-3.0069,-4.2120,-75.7028,0.9804,0.19050,0.12117,3.5676,3.1807,0.9936,2.9998,-0.01865,-0.02724
753,30.1200,0.5814,0.0000,-0.2931,0.3938,-0.0479,-1.5739,-0.5445,0.5633,-0.0058,-4.2109,-75.7000,0.9211,0.21497,0.06938,1.6415,1.8225,0.8387,1.8086,-0.03081,-0.03837
754,30.1600,0.5814,0.0000,-0.2931,0.4750,0.0116,-1.8888,-1.1206,0.6912,2.4902,-4.2116,-75.6981,0.8520,0.24227,-0.02359,0.0666,-0.2114,-0.0636,0.1150,-0.04151,-0.04144
755,30.2000,0.5814,0.0000,-0.2931,0.1608,0.1041,0.2357,-0.5118,0.5668,0.0452,-4.2153,-75.6910,0.8306,0.27397,-0.10061,-0.0259,-0.7933,-0.4507,0.2152,-0.05093,-0.03394
756,30.2400,0.5814,0.0000,-0.2931,0.2839,0.0566,0.2245,-0.2913,-0.4592,0.2256,-4.2165,-75.6790,0.8371,0.27574,-0.16545,0.3067,-0.3586,-0.4313,-0.5073,-0.05922,-0.03980
757,30.2800,0.5814,0.0000,-0.2931,0.4333,-0.0278,-0.0160,0.1150,-1.1675,0.1585,-4.2148,-75.6641,0.8358,0.23060,-0.18405,-0.4013,-0.8036,-0.3597,-0.3335,-0.05831,-0.03060
758,30.3200,0.5814,0.0000,-0.2931,0.4649,-0.0324,-0.0019,0.1975,-1.0543,-0.3371,-4.2102,-75.6482,0.8298,0.17968,-0.13898,-0.3244,-0.6158,-0.1201,-0.1016,-0.03691,-0.01532
759,30.3600,0.5814,0.0000,-0.2931,0.4944,-0.0252,0.0943,0.1480,-0.9986,-0.3526,-4.2056,-75.6310,0.8276,0.14260,-0.10908,-0.0326,-0.1157,0.0165,0.1359,-0.01808,-0.00310
760,30.4000,0.5814,0.0000,-0.2931,0.5159,-0.0223,0.1218,0.1243,-0.6842,-0.2543,-4.2004,-75.6119,0.8282,0.11181,-0.08019,0.0643,-0.0718,-0.0905,-0.0046,-0.00151,0.00814
761,30.4400,0.5814,0.0000,-0.2931,0.5534,-0.0130,0.0978,0.0741,-0.7998,-0.2343,-4.1952,-75.5916,0.8292,0.08104,-0.06506,0.0301,-0.1013,-0.0956,0.0428,0.00912,0.01395
762,30.4800,0.5814,0.0000,-0.2931,0.5585,-0.0103,0.0744,0.0647,-0.4110,-0.3940,-4.1897,-75.5705,0.8295,0.05820,-0.05118,0.0339,-0.0866,-0.0991,0.0444,0.01988,0.02278
763,30.5200,0.5814,0.0000,-0.2931,0.5693,0.0008,0.0420,0.0038,-0.2520,-0.3583,-4.1842,-75.5490,0.8292,0.04489,-0.04682,0.0001,-0.0958,-0.0617,0.0142,0.02282,0.02403
764,30.5600,0.5814,0.0000,-0.2931,0.5838,0.0042,0.0416,-0.0157,-0.2527,-0.2822,-4.1786,-75.5269,0.8284,0.03468,-0.04844,0.0337,-0.0815,-0.0619,0.0744,0.02316,0.02447
765,30.6000,0.5814,0.0000,-0.2931,0.6023,-0.0153,0.0484,0.0845,-0.3089,-0.3318,-4.1722,-75.5044,0.8281,0.02373,-0.04239,0.0098,-0.0698,-0.0949,0.0687,0.02222,0.02610
766,30.6400,0.5814,0.0000,-0.2931,0.6071,-0.0076,0.0751,0.0445,-0.1408,-0.3957,-4.1650,-75.4816,0.8287,0.01463,-0.03056,0.0314,-0.1084,-0.0969,0.0371,0.02684,0.02631
767,30.6800,0.5814,0.0000,-0.2931,0.6240,0.0004,0.0546,0.0004,-0.3137,-0.3373,-4.1579,-75.4583,0.8297,0.00466,-0.02858,0.0336,-0.0968,-0.0761,0.0601,0.02550,0.02368
768,30.7200,0.5814,0.0000,-0.2931,0.6189,-0.0031,0.0280,0.0175,-0.0828,-0.3516,-4.1503,-75.4350,0.8297,-0.00271,-0.02477,0.0112,-0.1012,-0.0898,0.0604,0.02848,0.02491
769,30.7600,0.5814,0.0000,-0.2931,0.6259,0.0167,0.0399,-0.0812,-0.1423,-0.3208,-4.1429,-75.4115,0.8297,-0.00740,-0.02870,0.0501,-0.1129,-0.1001,0.0420,0.02648,0.02167
770,30.8000,0.5814,0.0000,-0.2931,0.6366,0.0058,0.0279,-0.0260,-0.2541,-0.4243,-4.1353,-75.3877,0.8299,-0.01581,-0.03437,0.0370,-0.0898,-0.0812,0.0847,0.02582,0.02248
771,30.8400,0.5814,0.0000,-0.2931,0.6312,-0.0135,0.0194,0.0669,-0.0757,-0.3468,-4.1264,-75.3643,0.8298,-0.02176,-0.02819,0.0151,-0.0906,-0.0899,0.0504,0.02782,0.02622
772,30.8800,0.5814,0.0000,-0.2931,0.6258,-0.0213,0.0130,0.1064,0.0565,-0.2705,-4.1167,-75.3412,0.8295,-0.02165,-0.01599,-0.0209,-0.0962,-0.1058,0.0628,0.02728,0.02596
773,30.9200,0.5814,0.0000,-0.2931,0.6333,0.0125,0.0348,-0.0617,-0.0659,-0.3749,-4.1074,-75.3180,0.8295,-0.02318,-0.01305,0.0402,-0.1146,-0.0774,0.0674,0.02429,0.02024
774,30.9600,0.5814,0.0000,-0.2931,0.6318,-0.0025,0.0198,0.0116,-0.0113,-0.2684,-4.0982,-75.2947,0.8298,-0.02367,-0.01538,-0.0139,-0.0987,-0.1085,0.0515,0.02303,0.02121
775,31.0000,0.5814,0.0000,-0.2931,0.6279,-0.0005,0.0292,0.0026,0.1141,-0.3038,-4.0882,-75.2715,0.8297,-0.02204,-0.01221,0.0048,-0.1325,-0.1032,0.0738,0.02129,0.02055
776,31.0400,0.5814,0.0000,-0.2931,0.6350,-0.0079,0.0129,0.0398,0.0162,-0.3264,-4.0781,-75.2485,0.8296,-0.01921,-0.00977,-0.0211,-0.0890,-0.0935,0.0534,0.01637,0.01865
777,31.0800,0.5814,0.0000,-0.2931,0.6464,-0.0033,0.0254,0.0165,-0.1557,-0.2686,-4.0674,-75.2254,0.8294,-0.02327,-0.00589,0.0101,-0.1142,-0.1032,0.0731,0.01641,0.01737
778,31.1200,0.5814,0.0000,-0.2931,0.6374,0.0362,0.0247,-0.1825,0.0329,-0.3183,-4.0573,-75.2019,0.8297,-0.02606,-0.01292,0.0365,-0.1287,-0.0551,-0.0122,0.01872,0.01692
779,31.1600,0.5814,0.0000,-0.2931,0.6432,0.0284,0.0004,-0.1428,-0.1110,-0.3141,-4.0478,-75.1783,0.8294,-0.02731,-0.02878,0.0264,-0.0964,-0.0730,0.0754,0.01379,0.01753
780,31.2000,0.5814,0.0000,-0.2931,0.6510,-0.0224,0.0270,0.1133,-0.1920,-0.1959,-4.0365,-75.1553,0.8292,-0.03284,-0.02772,0.0061,-0.1137,-0.1552,0.0992,0.01167,0.02190
781,31.2400,0.5814,0.0000,-0.2931,0.6526,-0.0128,0.0251,0.0612,-0.2025,-0.2728,-4.0241,-75.1327,0.8298,-0.04206,-0.01691,0.0312,-0.1090,-0.0710,-0.0000,0.01529,0.02389
782,31.2800,0.5814,0.0000,-0.2931,0.6384,-0.0063,0.0041,0.0291,-0.0323,-0.2482,-4.0120,-75.1102,0.8300,-0.04579,-0.01200,-0.0032,-0.0983,-0.0941,0.0790,0.01920,0.02539
783,31.3200,0.5814,0.0000,-0.2931,0.6308,0.0221,0.0013,-0.1131,0.0085,-0.2223,-4.0006,-75.0877,0.8297,-0.04643,-0.01470,0.0407,-0.1134,-0.0787,0.0268,0.01823,0.02382
784,31.3600,0.5814,0.0000,-0.2931,0.6241,0.0179,-0.0205,-0.0926,0.0462,-0.1990,-3.9896,-75.0652,0.8290,-0.04514,-0.02310,-0.0093,-0.1015,-0.0610,0.0423,0.01698,0.02445
785,31.4000,0.5814,0.0000,-0.2931,0.6304,0.0044,-0.0035,-0.0235,-0.1282,-0.1433,-3.9780,-75.0430,0.8281,-0.04734,-0.02694,0.0012,-0.1205,-0.0929,0.0556,0.01228,0.02247
786,31.4400,0.5814,0.0000,-0.2931,0.6276,-0.0255,0.0056,0.1264,-0.0976,-0.1030,-3.9654,-75.0215,0.8280,-0.05134,-0.02096,-0.0224,-0.0885,-0.0862,0.0605,0.01426,0.02411
787,31.4800,0.5814,0.0000,-0.2931,0.6175,0.0101,0.0097,-0.0539,-0.0054,-0.1146,-3.9528,-75.0001,0.8281,-0.05437,-0.01637,0.0318,-0.1126,-0.0346,0.0016,0.01679,0.02269
788,31.5200,0.5814,0.0000,-0.2931,0.6027,0.0011,-0.0017,-0.0072,0.1607,-0.1474,-3.9412,-74.9787,0.8281,-0.04910,-0.01908,-0.0155,-0.0789,-0.0931,0.0834,0.01751,0.02374
789,31.5600,0.5814,0.0000,-0.2931,0.5927,0.0115,0.0186,-0.0605,0.3290,-0.1301,-3.9294,-74.9577,0.8280,-0.03957,-0.02031,0.0069,-0.1283,-0.0690,0.0137,0.01516,0.02131
790,31.6000,0.5814,0.0000,-0.2931,0.6073,-0.0042,-0.0148,0.0199,-0.0050,-0.1739,-3.9176,-74.9368,0.8274,-0.03367,-0.02228,-0.0218,-0.0622,-0.0481,0.0445,0.00759,0.01699
791,31.6400,0.5814,0.0000,-0.2931,0.6133,-0.0172,0.0539,0.0861,-0.0923,-0.0071,-3.9048,-74.9161,0.8276,-0.03585,-0.01676,0.0231,-0.1277,-0.1493,0.0924,0.00697,0.01751
792,31.6800,0.5814,0.0000,-0.2931,0.6284,0.0057,-0.0001,-0.0333,-0.3742,-0.0930,-3.8920,-74.8951,0.8285,-0.04648,-0.01344,0.0126,-0.0863,-0.0315,-0.0215,0.01068,0.01661
793,31.7200,0.5814,0.0000,-0.2931,0.6225,0.0010,-0.0491,-0.0104,-0.0759,-0.0793,-3.8794,-74.8740,0.8272,-0.05143,-0.01298,-0.0059,-0.0258,-0.2285,0.2441,0.01768,0.02344
794,31.7600,0.5814,0.0000,-0.2931,0.6408,0.0530,-0.1057,-0.2545,-0.0546,-0.1752,-3.8672,-74.8519,0.8242,-0.05209,-0.02159,0.0212,0.0128,-0.3067,0.3089,0.01642,0.02301
795,31.8000,0.5814,0.0000,-0.2931,0.6290,0.2001,-0.3206,-1.0638,-0.2875,0.1712,-3.8583,-74.8273,0.8161,-0.05961,-0.07156,0.0111,0.0686,-0.4420,0.3801,0.01134,0.02543
796,31.8400,0.5814,0.0000,-0.2931,0.6011,0.1580,-0.3949,-0.6589,-0.1016,0.3491,-3.8525,-74.8013,0.7988,-0.06631,-0.14701,-0.0620,0.4126,-0.4363,0.6462,-0.00173,0.03678
797,31.8800,0.5814,0.0000,-0.2931,0.6220,0.0777,-0.1393,-0.3589,-0.3848,-0.0933,-3.8433,-74.7775,0.7886,-0.08013,-0.18825,-0.1213,0.2205,-0.2377,0.2531,-0.01369,0.04676
798,31.9200,0.5814,0.0000,-0.2931,0.5943,0.0132,0.0065,-0.0655,0.2215,-0.0106,-3.8325,-74.7555,0.7875,-0.08267,-0.20263,-0.2100,0.0649,-0.2059,0.1896,-0.01160,0.05555
799,31.9600,0.5814,0.0000,-0.2931,0.5654,0.0443,0.0058,-0.2069,0.4974,0.0912,-3.8216,-74.7346,0.7881,-0.06864,-0.21300,-0.0717,0.0439,-0.1531,0.1509,-0.01734,0.05210
800,32.0000,0.5814,0.0000,-0.2931,0.5518,0.0533,-0.0454,-0.2500,0.5185,0.2094,-3.8121,-74.7137,0.7868,-0.04718,-0.23509,-0.1014,0.0861,-0.1552,0.1900,-0.02630,0.04727
801,32.0400,0.5814,0.0000,-0.2931,0.5720,0.0947,-0.0102,-0.4533,-0.0198,0.0968,-3.8036,-74.6921,0.7847,-0.03993,-0.26863,-0.0201,0.0027,-0.1354,0.1489,-0.03709,0.03973
802,32.0800,0.5814,0.0000,-0.2931,0.5799,-0.0017,-0.0837,0.0066,-0.1222,0.2532,-3.7942,-74.6710,0.7826,-0.04134,-0.29282,-0.0879,0.0106,-0.1760,0.1327,-0.04363,0.04769
803,32.1200,0.5814,0.0000,-0.2931,0.5823,-0.0503,-0.1497,0.2554,0.0869,0.1374,-3.7810,-74.6513,0.7774,-0.04377,-0.28715,0.0167,-0.0823,-0.0842,0.1076,-0.03789,0.04880
804,32.1600,0.5814,0.0000,-0.2931,0.6040,-0.0387,-0.1878,0.1934,0.1290,0.0755,-3.7676,-74.6308,0.7711,-0.04128,-0.28309,0.1546,-0.3601,-0.1101,-0.0561,-0.03454,0.04100
805,32.2000,0.5814,0.0000,-0.2931,0.6120,-0.1695,-0.3541,0.8597,-0.1077,-0.0461,-3.7510,-74.6116,0.7604,-0.04234,-0.24644,0.3706,-0.5992,-0.1028,-0.1388,-0.03357,0.03540
806,32.2400,0.5814,0.0000,-0.2931,0.6311,-0.0042,-0.0496,-0.2505,-0.4058,-0.0741,-3.7333,-74.5925,0.7506,-0.05826,-0.19925,0.4960,-0.4878,-0.1051,-0.1551,-0.01515,0.02121
807,32.2800,0.5814,0.0000,-0.2931,0.6270,-0.0532,-0.0523,0.5561,0.0776,-0.1694,-3.7214,-74.5712,0.7504,-0.05215,-0.18977,-0.1666,-0.1032,-0.2402,0.1135,-0.01001,0.03306
808,32.3200,0.5814,0.0000,-0.2931,0.6643,-0.0640,-0.2097,0.2965,-0.4305,-0.1598,-3.7053,-74.5505,0.7446,-0.06045,-0.14846,0.0450,-0.0778,-0.1978,0.2197,-0.00317,0.02171
809,32.3600,0.5814,0.0000,-0.2931,0.6400,0.0838,-0.3587,-0.4862,-0.3814,-0.0290,-3.6915,-74.5281,0.7339,-0.07419,-0.14835,0.0532,0.0346,-0.5013,0.4237,0.00946,0.02566
810,32.4000,0.5814,0.0000,-0.2931,0.5858,0.1397,-0.4481,-0.6212,0.1601,0.1253,-3.6833,-74.5033,0.7151,-0.07923,-0.20171,-0.0233,0.3530,-0.3878,0.6041,0.00455,0.03698
811,32.4400,0.5814,0.0000,-0.2931,0.6069,0.1074,-0.1677,-0.4989,-0.2500,-0.0823,-3.6747,-74.4794,0.7034,-0.08532,-0.24823,-0.0594,0.1123,-0.2385,0.2135,-0.01040,0.04410
812,32.4800,0.5814,0.0000,-0.2931,0.5813,0.0023,-0.0460,-0.0149,0.3320,0.1517,-3.6646,-74.4574,0.7004,-0.08160,-0.26746,-0.2157,0.0538,-0.1951,0.1367,-0.01306,0.05320
813,32.5200,0.5814,0.0000,-0.2931,0.5828,0.0094,-0.0136,-0.0439,0.0446,0.1585,-3.6531,-74.4368,0.6996,-0.07587,-0.27288,-0.0772,0.0214,-0.1518,0.1611,-0.02002,0.04622
814,32.5600,0.5814,0.0000,-0.2931,0.5752,0.0107,-0.0148,-0.0490,-0.0838,0.2641,-3.6424,-74.4163,0.6994,-0.07517,-0.28385,-0.0923,0.0341,-0.1982,0.1767,-0.02180,0.04713
815,32.6000,0.5814,0.0000,-0.2931,0.5505,-0.0055,-0.0319,0.0321,0.2201,0.3028,-3.6316,-74.3963,0.6986,-0.07018,-0.29140,-0.1097,0.0770,-0.1495,0.2138,-0.02034,0.05182
816,32.6400,0.5814,0.0000,-0.2931,0.5480,-0.0187,-0.0993,0.0959,0.2031,0.1646,-3.6208,-74.3768,0.6961,-0.06111,-0.29537,-0.0178,0.0669,-0.1106,0.1766,-0.02270,0.04818
817,32.6800,0.5814,0.0000,-0.2931,0.5587,0.0004,-0.1722,-0.0038,0.2394,0.0747,-3.6096,-74.3568,0.6906,-0.05530,-0.29931,0.0478,-0.1113,-0.0662,0.0191,-0.02350,0.04438
818,32.7200,0.5814,0.0000,-0.2931,0.5753,-0.0499,-0.2193,0.2452,0.2802,0.0411,-3.5979,-74.3366,0.6830,-0.04474,-0.30113,0.1095,-0.3113,-0.1423,-0.0045,-0.02635,0.04262
819,32.7600,0.5814,0.0000,-0.2931,0.5996,-0.1670,-0.3535,0.8629,-0.0881,-0.2382,-3.5818,-74.3175,0.6719,-0.04432,-0.25822,0.3261,-0.5622,-0.0539,-0.1891,-0.02535,0.03374
820,32.8000,0.5814,0.0000,-0.2931,0.6109,-0.0225,-0.0330,0.1251,-0.2261,-0.0398,-3.5641,-74.2990,0.6623,-0.05602,-0.19921,0.4597,-0.4962,-0.1095,-0.1332,-0.00791,0.02161
821,32.8400,0.5814,0.0000,-0.2931,0.6209,-0.0474,-0.0054,0.2550,-0.2196,-0.1470,-3.5528,-74.2779,0.6634,-0.05635,-0.19018,-0.1495,-0.1727,-0.1345,0.0303,-0.00074,0.02308
822,32.8800,0.5814,0.0000,-0.2931,0.6298,-0.0783,-0.1574,0.3975,-0.2526,-0.0121,-3.5378,-74.2576,0.6597,-0.06586,-0.15437,0.0727,-0.1012,-0.1363,0.1458,0.00723,0.02403
823,32.9200,0.5814,0.0000,-0.2931,0.6258,-0.0120,-0.2340,0.0600,0.0913,-0.0621,-3.5233,-74.2366,0.6520,-0.06292,-0.13224,0.0350,0.0215,-0.3374,0.3319,0.01818,0.02350
824,32.9600,0.5814,0.0000,-0.2931,0.6079,0.1693,-0.4180,-0.9283,0.0462,0.0294,-3.5135,-74.2131,0.6392,-0.06071,-0.16476,-0.0057,0.1397,-0.3986,0.4564,0.01593,0.02009
825,33.0000,0.5814,0.0000,-0.2931,0.5954,0.0932,-0.3408,-0.4339,0.1921,0.2058,-3.5071,-74.1885,0.6211,-0.04990,-0.23014,-0.0868,0.4112,-0.3888,0.6219,-0.00038,0.03208
826,33.0400,0.5814,0.0000,-0.2931,0.6377,0.0587,-0.0771,-0.2780,-0.3293,-0.0569,-3.4976,-74.1648,0.6130,-0.05921,-0.26171,-0.1064,0.1076,-0.1924,0.1041,-0.01474,0.03640
827,33.0800,0.5814,0.0000,-0.2931,0.6172,-0.0029,0.0188,0.0113,0.1172,0.1834,-3.4871,-74.1419,0.6128,-0.06184,-0.27382,-0.1821,0.0321,-0.1952,0.1382,-0.01514,0.04643
828,33.1200,0.5814,0.0000,-0.2931,0.6001,0.0247,0.0127,-0.1158,0.2177,0.2177,-3.4764,-74.1198,0.6133,-0.05514,-0.28259,-0.0452,0.0382,-0.1425,0.1679,-0.01607,0.04488
829,33.1600,0.5814,0.0000,-0.2931,0.5833,0.0493,-0.0294,-0.2350,0.3488,0.2032,-3.4674,-74.0976,0.6125,-0.04268,-0.30531,-0.0570,0.0561,-0.1199,0.1630,-0.01918,0.04292
830,33.2000,0.5814,0.0000,-0.2931,0.5985,-0.0442,-0.1181,0.2154,0.1188,0.1610,-3.4569,-74.0761,0.6089,-0.03172,-0.31524,-0.0576,0.0533,-0.2001,0.2134,-0.02937,0.04385
831,33.2400,0.5814,0.0000,-0.2931,0.6295,-0.0366,-0.1759,0.1742,-0.0850,0.0351,-3.4440,-74.0544,0.6029,-0.03741,-0.30623,0.1107,-0.1892,-0.0667,-0.0281,-0.02654,0.03846
832,33.2800,0.5814,0.0000,-0.2931,0.6392,-0.0827,-0.2496,0.4030,0.0311,0.1223,-3.4306,-74.0321,0.5951,-0.03678,-0.29692,0.2845,-0.5099,-0.1741,-0.0938,-0.02154,0.03584
833,33.3200,0.5814,0.0000,-0.2931,0.6704,-0.1565,-0.3038,0.7340,-0.6410,0.3115,-3.4121,-74.0117,0.5820,-0.04517,-0.23184,0.4304,-0.5552,-0.0743,-0.1444,-0.01409,0.02918
834,33.3600,0.5814,0.0000,-0.2931,0.6483,-0.1511,-0.1077,0.7657,-0.2475,0.1012,-3.3945,-73.9912,0.5742,-0.05703,-0.16590,-0.0773,-0.1334,-0.1017,0.1269,0.00200,0.02836
835,33.4000,0.5814,0.0000,-0.2931,0.6590,-0.0391,-0.0265,0.1774,-0.1751,-0.2486,-3.3794,-73.9693,0.5725,-0.06714,-0.11827,0.0966,-0.1524,0.0347,-0.0786,0.01616,0.02083
836,33.4400,0.5814,0.0000,-0.2931,0.6460,-0.0327,-0.1328,0.1860,0.1310,0.0939,-3.3671,-73.9465,0.5699,-0.06161,-0.10324,-0.0343,-0.0043,-0.2434,0.2382,0.02106,0.02085
837,33.4800,0.5814,0.0000,-0.2931,0.6563,0.0274,-0.2138,-0.1457,0.2851,-0.0178,-3.3550,-73.9229,0.5627,-0.04978,-0.09713,0.0593,0.0768,-0.3325,0.3884,0.02207,0.01710
838,33.5200,0.5814,0.0000,-0.2931,0.6408,0.2147,-0.3976,-1.1614,0.2215,0.1143,-3.3479,-73.8968,0.5503,-0.03907,-0.15693,0.0477,0.2315,-0.4160,0.4448,0.01228,0.01643
839,33.5600,0.5814,0.0000,-0.2931,0.6691,0.1254,-0.3089,-0.5767,-0.5949,0.1080,-3.3439,-73.8697,0.5334,-0.04290,-0.24301,-0.0179,0.4339,-0.4296,0.5107,-0.00359,0.02886
840,33.6000,0.5814,0.0000,-0.2931,0.6415,0.0840,-0.0155,-0.3987,0.1956,-0.0538,-3.3363,-73.8437,0.5273,-0.05444,-0.28575,-0.0996,0.0197,-0.2151,0.0458,-0.00336,0.03980
841,33.6400,0.5814,0.0000,-0.2931,0.6408,-0.0034,0.0083,0.0102,0.1551,0.2319,-3.3277,-73.8194,0.5277,-0.04631,-0.30661,-0.1933,0.0212,-0.2127,0.1681,-0.01526,0.04477
842,33.6800,0.5814,0.0000,-0.2931,0.6421,0.0101,-0.0733,-0.0467,-0.0357,0.1661,-3.3173,-73.7956,0.5262,-0.04748,-0.31482,-0.0088,0.0198,-0.0962,0.1304,-0.01745,0.04067
843,33.7200,0.5814,0.0000,-0.2931,0.6370,-0.0091,-0.1848,0.0413,0.0460,0.0559,-3.3070,-73.7719,0.5209,-0.04740,-0.32583,0.0819,-0.1068,-0.1467,0.0875,-0.01655,0.04169
844,33.7600,0.5814,0.0000,-0.2931,0.6529,-0.0432,-0.2839,0.2071,-0.1019,0.0398,-3.2953,-73.7481,0.5121,-0.05106,-0.32899,0.2279,-0.4349,-0.1377,-0.1145,-0.01852,0.03926
845,33.8000,0.5814,0.0000,-0.2931,0.6598,-0.1933,-0.4326,0.9744,-0.2984,0.0028,-3.2786,-73.7261,0.4979,-0.05914,-0.27303,0.4012,-0.5819,-0.0761,-0.1368,-0.01326,0.03857
846,33.8400,0.5814,0.0000,-0.2931,0.6482,-0.1366,-0.1425,0.7023,-0.3184,0.3533,-3.2602,-73.7050,0.4870,-0.07499,-0.19763,0.0044,-0.2989,-0.1224,-0.0158,0.00273,0.02889
847,33.8800,0.5814,0.0000,-0.2931,0.6306,-0.0884,-0.0142,0.4509,0.1258,-0.0254,-3.2461,-73.6831,0.4853,-0.07440,-0.14434,-0.0488,-0.1268,0.0120,-0.0168,0.01680,0.02183
848,33.9200,0.5814,0.0000,-0.2931,0.6276,-0.0486,-0.0443,0.2391,0.2057,-0.0862,-3.2336,-73.6609,0.4848,-0.06642,-0.10617,0.0062,-0.1159,-0.0555,0.0412,0.02115,0.01404
849,33.9600,0.5814,0.0000,-0.2931,0.6298,0.0107,-0.0989,-0.0397,0.3171,0.0842,-3.2231,-73.6378,0.4821,-0.05386,-0.09592,0.0214,-0.0807,-0.2201,0.1779,0.02182,0.00779
850,34.0000,0.5814,0.0000,-0.2931,0.6602,0.0271,-0.2261,-0.1357,0.1087,0.1608,-3.2137,-73.6134,0.4754,-0.04077,-0.10427,-0.0317,0.1060,-0.3451,0.3738,0.01430,0.00580
851,34.0400,0.5814,0.0000,-0.2931,0.6427,0.2190,-0.3920,-1.2574,0.1044,0.2101,-3.2078,-73.5870,0.4624,-0.03752,-0.17267,0.0954,0.2312,-0.4183,0.4738,0.00763,0.00624
852,34.0800,0.5814,0.0000,-0.2931,0.6737,0.0896,-0.2907,-0.3975,-0.6416,0.0904,-3.2050,-73.5600,0.4463,-0.04335,-0.25847,-0.0363,0.5624,-0.4463,0.5972,-0.00768,0.01989
853,34.1200,0.5814,0.0000,-0.2931,0.6449,0.0801,0.0215,-0.3761,0.1288,-0.0458,-3.1983,-73.5337,0.4416,-0.05791,-0.29791,-0.0478,0.0261,-0.2292,0.0041,-0.00416,0.03191
854,34.1600,0.5814,0.0000,-0.2931,0.6382,-0.0159,-0.0537,0.0608,0.1106,0.0676,-3.1911,-73.5090,0.4420,-0.05403,-0.31816,-0.1309,0.0192,-0.2149,0.1713,-0.01386,0.03642
855,34.2000,0.5814,0.0000,-0.2931,0.6427,0.0314,-0.1569,-0.1536,0.0639,0.0525,-3.1820,-73.4845,0.4376,-0.05610,-0.32792,0.1599,-0.2002,-0.1080,0.0290,-0.01646,0.03390
856,34.2400,0.5814,0.0000,-0.2931,0.6403,-0.0275,-0.2996,0.1239,0.0951,0.0386,-3.1728,-73.4600,0.4287,-0.05085,-0.34271,0.1669,-0.3721,-0.1664,-0.0168,-0.01978,0.03628
857,34.2800,0.5814,0.0000,-0.2931,0.6421,-0.1607,-0.4614,0.8140,-0.1610,-0.2795,-3.1584,-73.4371,0.4137,-0.05550,-0.29341,0.3683,-0.5354,-0.0403,-0.1341,-0.01929,0.03546
858,34.3200,0.5814,0.0000,-0.2931,0.6379,0.0514,-0.0604,-0.2517,-0.0553,-0.2360,-3.1447,-73.4140,0.4025,-0.06920,-0.25267,0.4591,-0.4536,-0.0136,-0.1696,-0.00258,0.02538
859,34.3600,0.5814,0.0000,-0.2931,0.6323,-0.0756,-0.0327,0.3990,0.0134,-0.3015,-3.1365,-73.3907,0.4026,-0.06179,-0.24786,-0.1896,-0.0909,-0.1152,0.0472,-0.00643,0.02984
860,34.4000,0.5814,0.0000,-0.2931,0.6586,-0.1103,-0.0784,0.5410,-0.5407,-0.2349,-3.1220,-73.3690,0.4004,-0.07287,-0.18026,0.0995,-0.1743,0.0195,-0.0294,0.00023,0.02151
861,34.4400,0.5814,0.0000,-0.2931,0.6242,-0.0558,-0.0943,0.2750,0.2052,-0.1150,-3.1083,-73.3471,0.3976,-0.07561,-0.13333,0.0279,-0.1025,-0.1742,0.1591,0.01460,0.02363
862,34.4800,0.5814,0.0000,-0.2931,0.6271,0.0503,-0.1564,-0.2456,0.2731,-0.0954,-3.0981,-73.3239,0.3932,-0.06273,-0.13231,0.0582,-0.0418,-0.2867,0.3078,0.01619,0.01501
863,34.5200,0.5814,0.0000,-0.2931,0.6132,0.1736,-0.3997,-0.8711,0.2178,-0.0487,-3.0917,-73.2989,0.3820,-0.05172,-0.18306,0.0014,0.1476,-0.3747,0.4583,0.00663,0.01669
864,34.5600,0.5814,0.0000,-0.2931,0.6111,0.1640,-0.3878,-0.7462,-0.1193,0.1035,-3.0886,-73.2729,0.3626,-0.04863,-0.26910,-0.0369,0.3430,-0.3806,0.5539,-0.00857,0.02887
865,34.6000,0.5814,0.0000,-0.2931,0.6377,0.0692,-0.1119,-0.3288,-0.2238,-0.1848,-3.0824,-73.2478,0.3528,-0.05877,-0.32023,-0.1828,0.1083,-0.2551,0.1933,-0.02045,0.03980
866,34.6400,0.5814,0.0000,-0.2931,0.6424,0.0159,0.0055,-0.0818,-0.1327,-0.0333,-3.0739,-73.2234,0.3517,-0.06899,-0.33379,-0.1864,-0.0187,-0.1221,0.0619,-0.02158,0.04850
867,34.6800,0.5814,0.0000,-0.2931,0.6113,0.0029,-0.0184,-0.0174,0.3191,-0.0118,-3.0645,-73.2002,0.3520,-0.06422,-0.33841,-0.0758,0.0014,-0.1231,0.1778,-0.02066,0.05338
868,34.7200,0.5814,0.0000,-0.2931,0.6105,-0.0160,-0.1573,0.0714,0.2817,-0.0417,-3.0541,-73.1776,0.3484,-0.05417,-0.33848,0.0145,-0.0330,-0.0808,0.0924,-0.02762,0.04859
869,34.7600,0.5814,0.0000,-0.2931,0.6312,-0.0426,-0.2515,0.2100,0.0396,-0.2409,-3.0424,-73.1550,0.3403,-0.05102,-0.33087,0.1430,-0.1940,-0.0723,0.0342,-0.03134,0.04462
870,34.8000,0.5814,0.0000,-0.2931,0.6392,-0.1642,-0.4005,0.8349,-0.1159,-0.3291,-3.0264,-73.1335,0.3278,-0.05649,-0.28062,0.2890,-0.4240,-0.0076,-0.1165,-0.02756,0.04207
871,34.8400,0.5814,0.0000,-0.2931,0.6481,-0.1443,-0.1649,0.7293,-0.2778,0.1148,-3.0058,-73.1142,0.3144,-0.05946,-0.18087,0.4711,-0.3724,-0.1293,-0.0329,-0.00985,0.03218
872,34.8800,0.5814,0.0000,-0.2931,0.6254,-0.0865,-0.0001,0.4421,0.1878,-0.1028,-2.9912,-73.0931,0.3126,-0.05609,-0.13325,-0.1328,-0.1141,-0.0554,-0.0582,0.00573,0.02488
873,34.9200,0.5814,0.0000,-0.2931,0.6427,-0.0537,-0.0753,0.2544,-0.2079,-0.2480,-2.9775,-73.0715,0.3112,-0.05859,-0.09576,0.0264,-0.0806,0.0240,0.0212,0.00940,0.01223
874,34.9600,0.5814,0.0000,-0.2931,0.6274,0.0047,-0.1442,0.0295,0.1903,-0.2018,-2.9652,-73.0492,0.3068,-0.05621,-0.08162,-0.0231,-0.0298,-0.1650,0.1566,0.01551,0.01408
875,35.0000,0.5814,0.0000,-0.2931,0.6438,0.1074,-0.2507,-0.5628,-0.1006,-0.2167,-2.9558,-73.0252,0.2991,-0.05418,-0.10557,-0.0571,0.0134,-0.3052,0.3115,0.01104,0.01058
876,35.0400,0.5814,0.0000,-0.2931,0.6072,0.2791,-0.4679,-0.2659,0.0381,-0.2179,-2.9506,-72.9993,0.2843,-0.05388,-0.17687,-0.0637,0.2195,-0.4791,0.5522,0.00398,0.02301
877,35.0800,0.5814,0.0000,-0.2931,0.6078,0.1681,-0.2216,-0.7928,0.1291,0.1168,-2.9471,-72.9731,0.2697,-0.04689,-0.26316,-0.0911,0.1934,-0.3219,0.3007,-0.00131,0.02911
878,35.1200,0.5814,0.0000,-0.2931,0.6623,0.0532,-0.0558,-0.2526,-0.5658,-0.2614,-2.9396,-72.9482,0.2641,-0.06101,-0.30607,-0.1611,0.0480,-0.2209,0.1861,-0.01556,0.04002
879,35.1600,0.5814,0.0000,-0.2931,0.6415,0.0005,0.0487,-0.0079,-0.0468,-0.2148,-2.9288,-72.9247,0.2649,-0.07446,-0.30689,-0.1541,-0.0535,-0.1751,0.0597,-0.00805,0.04962
880,35.2000,0.5814,0.0000,-0.2931,0.6035,0.0442,0.0201,-0.2189,0.3883,-0.2451,-2.9184,-72.9021,0.2666,-0.06884,-0.30943,-0.0827,-0.0511,-0.1273,0.0900,-0.00744,0.05176
881,35.2400,0.5814,0.0000,-0.2931,0.6110,0.0427,-0.0747,-0.2132,-0.0359,-0.1915,-2.9092,-72.8795,0.2654,-0.06430,-0.32602,-0.0614,-0.0458,-0.1421,0.1424,-0.02095,0.04825
882,35.2800,0.5814,0.0000,-0.2931,0.6177,-0.0292,-0.1464,0.1414,-0.1229,-0.2883,-2.8972,-72.8580,0.2610,-0.07040,-0.32425,0.0114,-0.0663,-0.1098,0.1654,-0.02425,0.05380
883,35.3200,0.5814,0.0000,-0.2931,0.6160,-0.0877,-0.2204,0.4232,0.0913,-0.2996,-2.8819,-72.8378,0.2545,-0.07278,-0.29819,0.0622,-0.1482,-0.0613,-0.0077,-0.01981,0.05397
884,35.3600,0.5814,0.0000,-0.2931,0.6125,-0.1918,-0.3516,0.9656,0.0643,-0.3463,-2.8632,-72.8193,0.2444,-0.07103,-0.24410,0.2228,-0.2902,-0.0605,-0.0357,-0.01449,0.04324
885,35.4000,0.5814,0.0000,-0.2931,0.6232,-0.2413,-0.3547,1.1484,-0.1218,-0.0277,-2.8393,-72.8039,0.2292,-0.06747,-0.14171,0.3837,-0.3279,-0.0078,-0.1061,0.00165,0.02556
886,35.4400,0.5814,0.0000,-0.2931,0.6139,-0.0921,-0.0331,0.4832,-0.0551,-0.1984,-2.8202,-72.7864,0.2225,-0.07021,-0.08006,-0.0382,-0.1290,-0.1344,0.0307,0.01585,0.00809
887,35.4800,0.5814,0.0000,-0.2931,0.5996,-0.0269,0.0700,0.1347,0.1998,-0.3817,-2.8058,-72.7669,0.2244,-0.06597,-0.05780,0.0193,-0.1222,-0.0763,-0.0377,0.02354,0.00246
888,35.5200,0.5814,0.0000,-0.2931,0.5723,-0.0375,-0.0227,0.1860,0.5042,-0.3179,-2.7921,-72.7477,0.2252,-0.05051,-0.04295,-0.0328,-0.0909,-0.0792,-0.0035,0.01918,-0.00066
889,35.5600,0.5814,0.0000,-0.2931,0.5813,-0.0127,-0.0296,0.0647,0.1519,-0.1951,-2.7786,-72.7286,0.2233,-0.03955,-0.03289,0.0139,-0.1085,-0.0840,0.0417,0.01125,-0.01048
890,35.6000,0.5814,0.0000,-0.2931,0.5827,-0.0201,0.0120,0.1036,0.1003,-0.1942,-2.7654,-72.7095,0.2224,-0.03406,-0.02651,-0.0152,-0.0885,-0.1188,0.0524,0.00992,-0.00974
891,35.6400,0.5814,0.0000,-0.2931,0.5853,-0.0034,0.0441,0.0198,0.0674,-0.3436,-2.7520,-72.6903,0.2228,-0.03179,-0.02080,0.0285,-0.1113,-0.0829,0.0170,0.00712,-0.01007
892,35.6800,0.5814,0.0000,-0.2931,0.5757,-0.0018,0.0315,0.0099,0.2091,-0.2876,-2.7389,-72.6712,0.2237,-0.02550,-0.01902,-0.0028,-0.1110,-0.1044,0.0046,0.00523,-0.00796
893,35.7200,0.5814,0.0000,-0.2931,0.5884,-0.0013,0.0039,0.0081,-0.0766,-0.2526,-2.7255,-72.6522,0.2233,-0.02452,-0.01805,0.0038,-0.1018,-0.0793,0.0455,0.00200,-0.01046
894,35.7600,0.5814,0.0000,-0.2931,0.5821,0.0047,0.0216,-0.0204,0.0514,-0.3269,-2.7120,-72.6333,0.2228,-0.02450,-0.01723,0.0192,-0.0974,-0.1006,0.0265,0.00484,-0.00680
895,35.8000,0.5814,0.0000,-0.2931,0.5783,0.0143,0.0248,-0.0722,0.1306,-0.2156,-2.6987,-72.6142,0.2230,-0.02113,-0.02017,-0.0013,-0.1232,-0.0765,-0.0161,0.00504,-0.00704
896,35.8400,0.5814,0.0000,-0.2931,0.5783,0.0017,0.0292,-0.0057,0.1462,-0.2413,-2.6852,-72.5955,0.2229,-0.01514,-0.02229,0.0071,-0.1117,-0.1096,0.0613,0.00259,-0.00550
897,35.8800,0.5814,0.0000,-0.2931,0.5880,-0.0097,0.0404,0.0513,0.0443,-0.2299,-2.6710,-72.5770,0.2232,-0.01199,-0.02012,0.0018,-0.1171,-0.1001,0.0276,-0.00065,-0.00542
898,35.9200,0.5814,0.0000,-0.2931,0.5841,0.0067,0.0446,-0.0309,0.1876,-0.3028,-2.6565,-72.5585,0.2236,-0.00763,-0.01851,0.0280,-0.1215,-0.0770,0.0092,-0.00070,-0.00498
899,35.9600,0.5814,0.0000,-0.2931,0.5827,0.0182,0.0268,-0.0873,0.2815,-0.3278,-2.6424,-72.5398,0.2236,0.00196,-0.02261,0.0093,-0.1159,-0.0715,0.0045,-0.00237,-0.00547
900,36.0000,0.5814,0.0000,-0.2931,0.6039,0.0158,0.0154,-0.0745,-0.0180,-0.3361,-2.6281,-72.5209,0.2228,0.00552,-0.02822,0.0250,-0.1015,-0.0465,0.0332,-0.00681,-0.00749
901,36.0400,0.5814,0.0000,-0.2931,0.6089,-0.0175,0.0463,0.0899,0.0510,-0.1116,-2.6125,-72.5023,0.2225,0.00688,-0.02693,-0.0179,-0.1287,-0.1293,0.0226,-0.00600,-0.00354
902,36.0800,0.5814,0.0000,-0.2931,0.6252,0.0049,0.0531,-0.0201,-0.0874,-0.3271,-2.5964,-72.4837,0.2228,0.00402,-0.02423,0.0517,-0.1076,-0.0284,0.0215,-0.00472,-0.00597
903,36.1200,0.5814,0.0000,-0.2931,0.6398,-0.0065,0.0541,0.0383,-0.2476,-0.3411,-2.5801,-72.4647,0.2235,-0.00231,-0.02425,0.0285,-0.0972,-0.1075,0.0714,-0.00540,-0.00357
904,36.1600,0.5814,0.0000,-0.2931,0.6386,0.0067,0.0323,-0.0323,-0.1221,-0.3093,-2.5632,-72.4459,0.2239,-0.01034,-0.02274,0.0462,-0.1150,-0.0729,-0.0428,-0.00149,-0.00032
905,36.2000,0.5814,0.0000,-0.2931,0.6526,-0.0147,0.0216,0.0749,-0.3921,-0.1713,-2.5461,-72.4271,0.2239,-0.02060,-0.02206,0.0202,-0.0896,-0.1289,0.1047,-0.00252,0.00263
906,36.2400,0.5814,0.0000,-0.2931,0.6390,-0.0086,0.0346,0.0454,-0.0804,-0.3053,-2.5282,-72.4088,0.2241,-0.02927,-0.01633,0.0517,-0.1009,-0.1215,-0.0015,0.00536,0.00986
907,36.2800,0.5814,0.0000,-0.2931,0.6363,0.0031,0.0365,-0.0150,-0.0869,-0.2361,-2.5109,-72.3904,0.2250,-0.03265,-0.01581,0.0244,-0.1245,-0.1245,0.0418,0.00705,0.01062
908,36.3200,0.5814,0.0000,-0.2931,0.6331,-0.0008,-0.0226,0.0039,-0.1069,-0.3068,-2.4934,-72.3723,0.2245,-0.03692,-0.01508,0.0107,-0.0760,-0.0662,0.0189,0.00877,0.01223
909,36.3600,0.5814,0.0000,-0.2931,0.6281,-0.0068,0.0027,0.0348,-0.0862,-0.2154,-2.4758,-72.3546,0.2235,-0.04034,-0.01323,0.0125,-0.0965,-0.1240,0.0810,0.00915,0.01246
910,36.4000,0.5814,0.0000,-0.2931,0.6187,0.0069,0.0336,-0.0348,0.0699,-0.3023,-2.4582,-72.3370,0.2238,-0.04059,-0.01235,0.0326,-0.1140,-0.0924,0.0306,0.01168,0.01085
911,36.4400,0.5814,0.0000,-0.2931,0.6054,-0.0015,0.0251,0.0077,0.2705,-0.3327,-2.4408,-72.3199,0.2245,-0.03255,-0.01239,0.0023,-0.1051,-0.1078,0.0525,0.01003,0.01030
912,36.4800,0.5814,0.0000,-0.2931,0.6270,-0.0081,0.0009,0.0395,-0.2185,-0.1970,-2.4229,-72.3030,0.2243,-0.03378,-0.01091,0.0045,-0.1092,-0.0968,0.0471,0.00505,0.00283
913,36.5200,0.5814,0.0000,-0.2931,0.6164,-0.0259,0.0240,0.1310,-0.0252,-0.2761,-2.4044,-72.2869,0.2240,-0.03729,-0.00462,0.0083,-0.0826,-0.1457,0.1029,0.00782,0.00776
914,36.5600,0.5814,0.0000,-0.2931,0.6061,0.0008,0.0270,-0.0047,0.1471,-0.3491,-2.3860,-72.2709,0.2246,-0.03491,-0.00031,0.0154,-0.0948,-0.0894,0.0036,0.00958,0.00799
915,36.6000,0.5814,0.0000,-0.2931,0.6040,0.0288,0.0164,-0.1435,0.0881,-0.2944,-2.3685,-72.2542,0.2248,-0.03082,-0.00470,0.0241,-0.1247,-0.0931,0.0493,0.00615,0.00491
916,36.6400,0.5814,0.0000,-0.2931,0.5989,0.0336,-0.0167,-0.1677,0.1415,-0.3813,-2.3513,-72.2373,0.2238,-0.02620,-0.01256,0.0183,-0.0890,-0.0508,0.0085,0.00395,0.00462
917,36.6800,0.5814,0.0000,-0.2931,0.6071,0.0055,0.0082,-0.0278,-0.0153,-0.1677,-2.3336,-72.2210,0.2228,-0.02377,-0.01753,-0.0071,-0.1185,-0.1184,0.0549,-0.00158,0.00568
918,36.7200,0.5814,0.0000,-0.2931,0.6095,0.0018,0.0375,-0.0061,0.0148,-0.3572,-2.3150,-72.2055,0.2228,-0.02425,-0.01709,0.0407,-0.1024,-0.0789,0.0256,-0.00189,0.00581
919,36.7600,0.5814,0.0000,-0.2931,0.6220,-0.0055,0.0442,0.0287,-0.2146,-0.2985,-2.2961,-72.1901,0.2238,-0.02916,-0.01648,0.0177,-0.1211,-0.1011,0.0471,-0.00268,0.00429
920,36.8000,0.5814,0.0000,-0.2931,0.6125,-0.0037,0.0089,0.0176,-0.0681,-0.3085,-2.2767,-72.1752,0.2241,-0.03476,-0.01382,0.0223,-0.0990,-0.0747,0.0054,0.00182,0.00587
921,36.8400,0.5814,0.0000,-0.2931,0.5991,0.0159,0.0147,-0.0784,0.1288,-0.3988,-2.2578,-72.1603,0.2238,-0.03279,-0.01481,0.0303,-0.1097,-0.0958,0.0480,0.00310,0.00580
922,36.8800,0.5814,0.0000,-0.2931,0.5967,0.0029,0.0213,-0.0128,0.1838,-0.3904,-2.2390,-72.1455,0.2238,-0.02602,-0.01683,0.0001,-0.1078,-0.0976,0.0522,0.00003,0.00590
923,36.9200,0.5814,0.0000,-0.2931,0.6052,-0.0051,0.0227,0.0258,0.0285,-0.2522,-2.2195,-72.1315,0.2238,-0.02290,-0.01576,0.0157,-0.1197,-0.0902,0.0241,-0.00285,0.00329
924,36.9600,0.5814,0.0000,-0.2931,0.6060,0.0093,0.0177,-0.0462,0.0129,-0.2997,-2.1999,-72.1175,0.2236,-0.02284,-0.01572,0.0297,-0.1112,-0.0663,0.0192,-0.00078,0.00269
925,37.0000,0.5814,0.0000,-0.2931,0.6003,0.0082,0.0294,-0.0393,0.1446,-0.3150,-2.1804,-72.1034,0.2236,-0.01878,-0.01760,0.0234,-0.1082,-0.0975,0.0464,-0.00206,0.00482
926,37.0400,0.5814,0.0000,-0.2931,0.6094,-0.0105,0.0296,0.0533,0.0233,-0.2014,-2.1603,-72.0899,0.2238,-0.01594,-0.01700,-0.0005,-0.1193,-0.1053,0.0389,-0.00481,0.00380
927,37.0800,0.5814,0.0000,-0.2931,0.6117,0.0040,0.0241,-0.0183,0.0344,-0.3443,-2.1399,-72.0767,0.2236,-0.01586,-0.01534,0.0353,-0.1069,-0.0547,0.0245,-0.00191,0.00319
928,37.1200,0.5814,0.0000,-0.2931,0.6143,0.0114,0.0098,-0.0572,0.0003,-0.2502,-2.1196,-72.0630,0.2233,-0.01520,-0.01740,0.0066,-0.1022,-0.0643,0.0037,-0.00222,0.00294
929,37.1600,0.5814,0.0000,-0.2931,0.6224,0.0067,0.0268,-0.0309,-0.1011,-0.3119,-2.0991,-72.0496,0.2228,-0.01761,-0.01923,0.0466,-0.0969,-0.0847,0.0748,-0.00428,0.00437
930,37.2000,0.5814,0.0000,-0.2931,0.6220,-0.0045,0.0470,0.0247,-0.0040,-0.3234,-2.0780,-72.0367,0.2234,-0.01929,-0.01876,0.0274,-0.1123,-0.1020,0.0209,-0.00366,0.00663
931,37.2400,0.5814,0.0000,-0.2931,0.6211,-0.0035,0.0220,0.0166,0.0238,-0.1998,-2.0567,-72.0241,0.2238,-0.01943,-0.01725,0.0153,-0.1144,-0.0741,-0.0063,-0.00012,0.00686
932,37.2800,0.5814,0.0000,-0.2931,0.6189,-0.0026,0.0211,0.0171,0.0854,-0.3559,-2.0353,-72.0118,0.2234,-0.01690,-0.01607,0.0276,-0.0934,-0.0931,0.0842,0.00034,0.00808
933,37.3200,0.5814,0.0000,-0.2931,0.6222,0.0017,0.0376,-0.0061,0.0899,-0.3171,-2.0137,-71.9995,0.2236,-0.01358,-0.01569,0.0201,-0.1145,-0.0926,0.0079,0.00033,0.00781
934,37.3600,0.5814,0.0000,-0.2931,0.6313,0.0029,0.0261,-0.0119,-0.0427,-0.3408,-1.9919,-71.9873,0.2237,-0.01365,-0.01598,0.0266,-0.1073,-0.0762,0.0379,0.00010,0.00547
935,37.4000,0.5814,0.0000,-0.2931,0.6259,-0.0035,0.0371,0.0193,0.1137,-0.2408,-1.9698,-71.9755,0.2239,-0.01149,-0.01531,0.0191,-0.1185,-0.1143,0.0298,0.00112,0.00708
936,37.4400,0.5814,0.0000,-0.2931,0.6414,0.0024,0.0310,-0.0092,-0.1316,-0.2994,-1.9475,-71.9638,0.2240,-0.01335,-0.01519,0.0409,-0.1044,-0.0739,0.0508,0.00043,0.00570
937,37.4800,0.5814,0.0000,-0.2931,0.6465,-0.0198,0.0295,0.0996,-0.1964,-0.1493,-1.9246,-71.9526,0.2242,-0.01935,-0.01278,0.0174,-0.0951,-0.1337,0.0483,0.00169,0.01006
938,37.5200,0.5814,0.0000,-0.2931,0.6460,0.0026,0.0299,-0.0111,-0.1730,-0.2877,-1.9015,-71.9416,0.2244,-0.02787,-0.01001,0.0498,-0.1133,-0.0909,0.0253,0.00645,0.00865
939,37.5600,0.5814,0.0000,-0.2931,0.6296,0.0179,0.0073,-0.0894,0.0961,-0.3329,-1.8789,-71.9300,0.2245,-0.02814,-0.01214,0.0237,-0.0913,-0.0763,0.0093,0.00957,0.01186
940,37.6000,0.5814,0.0000,-0.2931,0.6419,0.0085,-0.0005,-0.0418,-0.2037,-0.2401,-1.8564,-71.9186,0.2238,-0.03114,-0.01523,0.0330,-0.0952,-0.0981,0.0657,0.00515,0.01233
941,37.6400,0.5814,0.0000,-0.2931,0.6341,0.0093,0.0144,-0.0455,-0.0617,-0.3510,-1.8335,-71.9078,0.2234,-0.03639,-0.01601,0.0423,-0.1047,-0.0909,0.0017,0.00775,0.01490
942,37.6800,0.5814,0.0000,-0.2931,0.6300,-0.0119,0.0371,0.0615,-0.0178,-0.3092,-1.8107,-71.8976,0.2240,-0.03712,-0.01533,0.0122,-0.1122,-0.1375,0.0771,0.00613,0.01793
943,37.7200,0.5814,0.0000,-0.2931,0.6289,-0.0259,0.0259,0.1298,-0.0206,-0.3599,-1.7873,-71.8886,0.2247,-0.03826,-0.00991,0.0152,-0.0995,-0.1092,0.0526,0.00634,0.01718
944,37.7600,0.5814,0.0000,-0.2931,0.6142,0.0128,0.0236,-0.0650,0.1610,-0.2575,-1.7643,-71.8795,0.2252,-0.03574,-0.00783,0.0376,-0.1366,-0.1003,-0.0112,0.00864,0.01314
945,37.8000,0.5814,0.0000,-0.2931,0.6173,0.0120,0.0103,-0.0583,0.0018,-0.2672,-1.7418,-71.8696,0.2252,-0.03229,-0.01108,0.0267,-0.1040,-0.1163,0.0994,0.00549,0.01067
946,37.8400,0.5814,0.0000,-0.2931,0.6188,-0.0040,-0.0062,0.0208,-0.0513,-0.2695,-1.7189,-71.8606,0.2245,-0.03359,-0.01096,0.0161,-0.0891,-0.0988,0.0111,0.00440,0.01267
947,37.8800,0.5814,0.0000,-0.2931,0.6098,-0.0142,0.0170,0.0738,0.1052,-0.3054,-1.6959,-71.8524,0.2240,-0.03193,-0.00809,-0.0094,-0.1052,-0.1316,0.0649,0.00597,0.01443
948,37.9200,0.5814,0.0000,-0.2931,0.6083,0.0197,0.0314,-0.0985,0.1097,-0.3466,-1.6730,-71.8439,0.2243,-0.02881,-0.00837,0.0426,-0.1192,-0.0600,0.0041,0.00363,0.01055
949,37.9600,0.5814,0.0000,-0.2931,0.6050,0.0164,0.0210,-0.0798,0.1214,-0.3306,-1.6505,-71.8351,0.2245,-0.02337,-0.01228,0.0221,-0.1124,-0.1127,0.0507,0.00267,0.00975
950,38.0000,0.5814,0.0000,-0.2931,0.6106,0.0147,0.0070,-0.0717,0.0271,-0.3812,-1.6277,-71.8268,0.2240,-0.02164,-0.01498,0.0370,-0.1034,-0.0601,0.0181,0.00050,0.00794
951,38.0400,0.5814,0.0000,-0.2931,0.6194,-0.0040,0.0144,0.0233,-0.1297,-0.3575,-1.6045,-71.8192,0.2235,-0.02401,-0.01576,0.0233,-0.0908,-0.0910,0.0698,-0.00092,0.00986
952,38.0800,0.5814,0.0000,-0.2931,0.6222,-0.0191,0.0383,0.0983,-0.1334,-0.3787,-1.5809,-71.8127,0.2238,-0.02932,-0.01228,0.0336,-0.0948,-0.1112,0.0642,0.00124,0.01171
953,38.1200,0.5814,0.0000,-0.2931,0.6020,0.0089,0.0336,-0.0455,0.2440,-0.3460,-1.5573,-71.8063,0.2246,-0.02680,-0.01027,0.0213,-0.1336,-0.0858,-0.0370,0.00732,0.01146
954,38.1600,0.5814,0.0000,-0.2931,0.6085,0.0096,0.0199,-0.0468,0.0596,-0.2742,-1.5342,-71.7993,0.2247,-0.02095,-0.01289,0.0182,-0.1183,-0.1035,0.0999,0.00402,0.00688
955,38.2000,0.5814,0.0000,-0.2931,0.6110,0.0180,0.0128,-0.0877,0.0506,-0.4003,-1.5107,-71.7927,0.2242,-0.01964,-0.01503,0.0578,-0.1023,-0.0519,0.0116,0.00224,0.00487
956,38.2400,0.5814,0.0000,-0.2931,0.6081,0.0139,0.0294,-0.0665,0.1384,-0.4029,-1.4873,-71.7862,0.2241,-0.01527,-0.01817,0.0364,-0.1140,-0.0955,0.0395,0.00027,0.00458
957,38.2800,0.5814,0.0000,-0.2931,0.6208,-0.0110,0.0199,0.0583,-0.0415,-0.3368,-1.4635,-71.7807,0.2239,-0.01408,-0.01809,0.0099,-0.1059,-0.0951,0.0288,-0.00258,0.00542
958,38.3200,0.5814,0.0000,-0.2931,0.6255,-0.0127,0.0227,0.0645,-0.0807,-0.2424,-1.4391,-71.7761,0.2236,-0.01779,-0.01490,0.0153,-0.1193,-0.0743,0.0297,-0.00155,0.00414
959,38.3600,0.5814,0.0000,-0.2931,0.6232,-0.0071,0.0243,0.0372,-0.0171,-0.2822,-1.4147,-71.7716,0.2235,-0.01907,-0.01260,0.0221,-0.0889,-0.0912,0.0447,0.00332,0.00537
960,38.4000,0.5814,0.0000,-0.2931,0.6169,0.0094,0.0335,-0.0459,0.1396,-0.2862,-1.3904,-71.7669,0.2237,-0.01645,-0.01257,0.0314,-0.1134,-0.0889,0.0135,0.00450,0.00435
961,38.4400,0.5814,0.0000,-0.2931,0.6185,-0.0010,0.0115,0.0059,0.1489,-0.2330,-1.3661,-71.7622,0.2234,-0.01064,-0.01352,-0.0167,-0.1033,-0.0815,0.0313,0.00080,0.00315
962,38.4800,0.5814,0.0000,-0.2931,0.6329,0.0128,0.0528,-0.0574,-0.0425,-0.4242,-1.3416,-71.7578,0.2234,-0.00983,-0.01445,0.0737,-0.1165,-0.0902,0.0881,-0.00252,-0.00031
963,38.5200,0.5814,0.0000,-0.2931,0.6400,-0.0143,0.0465,0.0708,-0.0787,-0.1887,-1.3166,-71.7538,0.2245,-0.01195,-0.01428,-0.0062,-0.1215,-0.1130,0.0048,-0.00163,0.00161
964,38.5600,0.5814,0.0000,-0.2931,0.6401,-0.0009,0.0105,0.0057,-0.0487,-0.3310,-1.2913,-71.7506,0.2242,-0.01579,-0.01179,0.0500,-0.0900,-0.0416,0.0478,0.00061,0.00038
965,38.6000,0.5814,0.0000,-0.2931,0.6311,0.0167,0.0270,-0.0803,0.1441,-0.3584,-1.2663,-71.7468,0.2238,-0.01235,-0.01349,0.0351,-0.1005,-0.1068,0.0229,0.00119,0.00130
966,38.6400,0.5814,0.0000,-0.2931,0.6537,0.0044,0.0282,-0.0209,-0.2407,-0.2163,-1.2410,-71.7431,0.2239,-0.01599,-0.01611,0.0211,-0.1231,-0.1040,0.0400,-0.00170,-0.00057
967,38.6800,0.5814,0.0000,-0.2931,0.6604,-0.0199,0.0246,0.1009,-0.3438,-0.1792,-1.2153,-71.7407,0.2240,-0.02777,-0.01366,0.0346,-0.0968,-0.1271,0.0397,0.00266,0.00514
968,38.7200,0.5814,0.0000,-0.2931,0.6384,-0.0221,0.0397,0.1132,0.0970,-0.3330,-1.1896,-71.7392,0.2246,-0.03100,-0.00819,0.0216,-0.0955,-0.1349,0.0528,0.00971,0.01117
969,38.7600,0.5814,0.0000,-0.2931,0.6329,0.0293,0.0249,-0.1446,0.1439,-0.4483,-1.1643,-71.7366,0.2252,-0.02741,-0.00889,0.0482,-0.1237,-0.0579,-0.0103,0.00934,0.00530
970,38.8000,0.5814,0.0000,-0.2931,0.6424,0.0140,-0.0152,-0.0709,-0.1418,-0.1984,-1.1391,-71.7335,0.2246,-0.02758,-0.01393,0.0116,-0.0957,-0.0896,0.0573,0.00485,0.00548
971,38.8400,0.5814,0.0000,-0.2931,0.6412,-0.0044,0.0042,0.0259,-0.1098,-0.3300,-1.1137,-71.7318,0.2234,-0.03253,-0.01361,0.0454,-0.0860,-0.1113,0.0637,0.00392,0.00995
972,38.8800,0.5814,0.0000,-0.2931,0.6410,0.0041,0.0210,-0.0203,-0.1120,-0.3732,-1.0883,-71.7304,0.2235,-0.03762,-0.01316,0.0244,-0.1013,-0.0711,-0.0062,0.00743,0.01038
973,38.9200,0.5814,0.0000,-0.2931,0.6303,-0.0147,0.0231,0.0746,0.0302,-0.3426,-1.0632,-71.7298,0.2239,-0.03797,-0.01140,0.0176,-0.0883,-0.1216,0.0794,0.00804,0.01537
974,38.9600,0.5814,0.0000,-0.2931,0.6153,-0.0023,0.0240,0.0111,0.2783,-0.2951,-1.0382,-71.7296,0.2242,-0.03174,-0.00877,0.0096,-0.1238,-0.0997,-0.0011,0.00676,0.01426
975,39.0000,0.5814,0.0000,-0.2931,0.6231,0.0091,0.0095,-0.0444,0.0547,-0.2879,-1.0135,-71.7290,0.2241,-0.02597,-0.00983,0.0177,-0.1019,-0.0822,0.0598,0.00339,0.00940
976,39.0400,0.5814,0.0000,-0.2931,0.6242,0.0032,0.0053,-0.0162,0.0238,-0.2076,-0.9886,-71.7286,0.2235,-0.02460,-0.01067,0.0120,-0.0988,-0.0898,0.0193,0.00141,0.01014
977,39.0800,0.5814,0.0000,-0.2931,0.6216,0.0153,0.0216,-0.0752,0.0820,-0.3057,-0.9637,-71.7284,0.2231,-0.02279,-0.01218,0.0313,-0.1076,-0.0785,0.0245,0.00147,0.01089
978,39.1200,0.5814,0.0000,-0.2931,0.6326,0.0099,0.0277,-0.0477,-0.1172,-0.3028,-0.9388,-71.7281,0.2233,-0.02417,-0.01494,0.0185,-0.1151,-0.0905,0.0343,-0.00125,0.00850
979,39.1600,0.5814,0.0000,-0.2931,0.6350,-0.0060,0.0353,0.0313,-0.1538,-0.2582,-0.9137,-71.7288,0.2237,-0.02966,-0.01464,0.0375,-0.1144,-0.1143,0.0398,0.00137,0.00990
980,39.2000,0.5814,0.0000,-0.2931,0.6178,0.0030,0.0328,-0.0135,0.1772,-0.3950,-0.8888,-71.7299,0.2243,-0.02845,-0.01337,0.0431,-0.1071,-0.0849,0.0205,0.00570,0.01216
981,39.2400,0.5814,0.0000,-0.2931,0.6187,-0.0047,0.0259,0.0254,0.1209,-0.2815,-0.8642,-71.7312,0.2247,-0.02214,-0.01332,0.0027,-0.1219,-0.1311,0.0461,0.00257,0.01048
982,39.2800,0.5814,0.0000,-0.2931,0.6250,-0.0001,0.0306,0.0035,0.0216,-0.3482,-0.8394,-71.7329,0.2247,-0.02056,-0.01228,0.0425,-0.1218,-0.0971,0.0528,-0.00066,0.00756
983,39.3200,0.5814,0.0000,-0.2931,0.6231,-0.0154,0.0319,0.0788,0.0826,-0.2524,-0.8147,-71.7352,0.2251,-0.01774,-0.01044,-0.0042,-0.1172,-0.1335,0.0461,-0.00084,0.00901
984,39.3600,0.5814,0.0000,-0.2931,0.6372,-0.0082,0.0164,0.0419,-0.1877,-0.2316,-0.7897,-71.7379,0.2250,-0.02165,-0.00775,0.0319,-0.1014,-0.0888,0.0460,-0.00183,0.00770
985,39.4000,0.5814,0.0000,-0.2931,0.6394,-0.0040,0.0113,0.0222,-0.2681,-0.2730,-0.7647,-71.7407,0.2246,-0.03040,-0.00620,0.0361,-0.0764,-0.1265,0.0447,0.00320,0.01042
986,39.4400,0.5814,0.0000,-0.2931,0.6178,-0.0035,0.0355,0.0187,0.1486,-0.2546,-0.7399,-71.7436,0.2249,-0.03140,-0.00467,0.0051,-0.1222,-0.1485,0.0429,0.00654,0.01479
987,39.4800,0.5814,0.0000,-0.2931,0.6192,0.0065,0.0203,-0.0307,0.0707,-0.2950,-0.7153,-71.7463,0.2253,-0.02755,-0.00495,0.0111,-0.1140,-0.1049,0.0391,0.00357,0.01151
988,39.5200,0.5814,0.0000,-0.2931,0.6293,-0.0060,0.0207,0.0327,-0.1600,-0.3168,-0.6908,-71.7494,0.2253,-0.02989,-0.00473,0.0238,-0.1012,-0.1317,0.1050,0.00163,0.00948
989,39.5600,0.5814,0.0000,-0.2931,0.6135,0.0028,0.0301,-0.0137,0.1423,-0.2562,-0.6663,-71.7531,0.2257,-0.02969,-0.00335,0.0163,-0.1314,-0.1254,-0.0037,0.00785,0.01175
990,39.6000,0.5814,0.0000,-0.2931,0.6074,0.0265,-0.0025,-0.1316,0.1905,-0.2586,-0.6420,-71.7561,0.2253,-0.02345,-0.00644,0.0108,-0.1169,-0.0717,0.0163,0.00497,0.00914
991,39.6400,0.5814,0.0000,-0.2931,0.6178,0.0085,-0.0023,-0.0377,-0.0107,-0.3580,-0.6178,-71.7591,0.2241,-0.01985,-0.01004,0.0197,-0.0783,-0.1006,0.1056,0.00063,0.00949
992,39.6800,0.5814,0.0000,-0.2931,0.6256,-0.0059,0.0305,0.0329,-0.0665,-0.3607,-0.5934,-71.7635,0.2238,-0.02204,-0.00948,0.0201,-0.1025,-0.1000,0.0328,-0.00029,0.01068
993,39.7200,0.5814,0.0000,-0.2931,0.6201,-0.0016,0.0299,0.0086,0.0659,-0.3739,-0.5691,-71.7684,0.2241,-0.02212,-0.00805,0.0191,-0.0987,-0.0747,0.0263,0.00264,0.01217
994,39.7600,0.5814,0.0000,-0.2931,0.6209,0.0105,0.0260,-0.0523,0.0254,-0.2700,-0.5449,-71.7731,0.2243,-0.02052,-0.00898,0.0299,-0.1148,-0.0971,0.0419,0.00194,0.00985
995,39.8000,0.5814,0.0000,-0.2931,0.6102,0.0289,0.0130,-0.1431,0.2543,-0.3554,-0.5206,-71.7775,0.2240,-0.01484,-0.01272,0.0224,-0.1232,-0.0675,-0.0067,0.00191,0.00895
996,39.8400,0.5814,0.0000,-0.2931,0.6223,0.0127,0.0268,-0.0586,0.0893,-0.4015,-0.4964,-71.7821,0.2235,-0.00835,-0.01750,0.0171,-0.1140,-0.0845,0.0967,-0.00218,0.00646
997,39.8800,0.5814,0.0000,-0.2931,0.6369,-0.0271,0.0356,0.1372,-0.0620,-0.2094,-0.4721,-71.7885,0.2236,-0.00799,-0.01532,0.0062,-0.1020,-0.1107,0.0278,-0.00370,0.00644
998,39.9200,0.5814,0.0000,-0.2931,0.6353,-0.0224,0.0437,0.1154,0.0737,-0.3245,-0.4479,-71.7961,0.2238,-0.00817,-0.00911,0.0288,-0.0927,-0.0863,0.0557,0.00117,0.00670
999,39.9600,0.3607,0.0000,0.2767,0.0201,0.0535,-0.0000,-0.0028,0.0231,0.0178,3.5382,-75.5375,1.1147,-0.00000,0.00000,0.0376,-0.1147,-0.0914,0.0105,0.00000,0.00000
