step,time_s,cmd_vx,cmd_vy,cmd_wz,act_vx,act_vy,act_vz,act_wx,act_wy,act_wz,pos_x,pos_y,pos_z,pitch_rad,roll_rad,action_0,action_1,action_2,action_3,lqr_left,lqr_right
0,0.0000,0.3288,0.0000,-0.0217,-0.0373,0.0086,-0.2744,0.4526,1.3502,-0.2073,-4.0852,-75.5571,1.1121,0.05729,3.12865,0.9212,0.3461,-0.9851,0.1127,0.00000,0.00000
1,0.0400,0.3288,0.0000,-0.0217,0.0931,-0.0027,-0.8025,0.3304,0.9083,-1.4415,-4.0866,-75.5570,1.0859,0.08947,3.11143,1.2925,1.7293,0.5580,1.1396,0.00000,0.00000
2,0.0800,0.3288,0.0000,-0.0217,0.1594,-0.0056,-1.1711,0.3021,0.4324,-2.5335,-4.0880,-75.5576,1.0462,0.11169,3.11634,2.2198,1.5089,0.8613,2.0238,0.00000,0.00000
3,0.1200,0.3288,0.0000,-0.0217,0.2075,0.0016,-1.5750,-0.1909,0.0197,-0.0750,-4.0899,-75.5581,0.9887,0.11331,3.12357,1.3011,0.9685,0.5802,1.5030,0.00000,0.00000
4,0.1600,0.3288,0.0000,-0.0217,0.2231,0.0502,-2.0331,-0.7211,0.1731,1.9666,-4.0904,-75.5601,0.9139,0.11621,-3.13484,0.1235,0.3528,0.5271,0.0911,0.00000,0.00000
5,0.2000,0.3288,0.0000,-0.0217,0.1763,0.0104,-0.0947,-0.0790,0.4131,-0.0035,-4.0943,-75.5589,0.8774,0.14109,3.13924,-0.3969,-0.3253,-0.2863,0.2495,0.00000,0.00000
6,0.2400,0.3288,0.0000,-0.0217,0.2754,0.0287,0.2097,-0.1494,-0.6093,-0.1664,-4.1037,-75.5573,0.8810,0.14051,-3.13631,-0.2263,-0.5864,-0.4926,-0.9093,0.00000,0.00000
7,0.2800,0.3288,0.0000,-0.0217,0.3356,-0.0411,0.1742,0.2126,-0.6523,-0.0380,-4.1157,-75.5523,0.8857,0.10474,-3.14010,-0.5090,-0.8580,-0.3676,-0.1385,0.00000,0.00000
8,0.3200,0.3288,0.0000,-0.0217,0.3494,0.0323,0.1717,-0.1670,-0.5324,-0.0322,-4.1284,-75.5474,0.8898,0.08237,-3.14027,0.0549,-0.2820,-0.0608,0.0493,0.00000,0.00000
9,0.3600,0.3288,0.0000,-0.0217,0.3690,0.0191,0.0525,-0.1005,-0.4464,0.1227,-4.1420,-75.5439,0.8915,0.06655,-3.13395,0.0448,-0.0681,-0.1097,0.0554,0.00000,0.00000
10,0.4000,0.3288,0.0000,-0.0217,0.3970,0.0004,0.0272,-0.0039,-0.5040,0.0272,-4.1562,-75.5391,0.8902,0.04667,-3.13286,0.0457,-0.0763,-0.1087,0.0431,0.00000,0.00000
11,0.4400,0.3288,0.0000,-0.0217,0.4142,0.0015,0.0680,-0.0085,-0.4160,-0.0302,-4.1711,-75.5337,0.8902,0.02848,-3.13278,0.0265,-0.1073,-0.1134,0.0084,0.00000,0.00000
12,0.4800,0.3288,0.0000,-0.0217,0.4253,-0.0001,0.0600,-0.0011,-0.3231,-0.0358,-4.1867,-75.5282,0.8910,0.01397,-3.13272,0.0269,-0.1072,-0.1008,0.0052,0.00000,0.00000
13,0.5200,0.3288,0.0000,-0.0217,0.4314,0.0017,0.0355,-0.0100,-0.2378,-0.0097,-4.2026,-75.5224,0.8912,0.00301,-3.13275,0.0321,-0.1008,-0.0999,0.0172,0.00000,0.00000
14,0.5600,0.3288,0.0000,-0.0217,0.4374,0.0057,0.0269,-0.0303,-0.1928,-0.0153,-4.2188,-75.5167,0.8909,-0.00539,-3.13195,0.0345,-0.0952,-0.0979,0.0210,0.00000,0.00000
15,0.6000,0.3288,0.0000,-0.0217,0.4434,0.0035,0.0289,-0.0189,-0.1652,-0.0279,-4.2353,-75.5110,0.8907,-0.01233,-3.13097,0.0300,-0.0970,-0.1025,0.0175,0.00000,0.00000
16,0.6400,0.3288,0.0000,-0.0217,0.4474,0.0006,0.0302,-0.0047,-0.1262,-0.0227,-4.2519,-75.5050,0.8906,-0.01807,-3.13069,0.0275,-0.1030,-0.1019,0.0086,0.00000,0.00000
17,0.6800,0.3288,0.0000,-0.0217,0.4502,-0.0001,0.0272,-0.0008,-0.1005,-0.0179,-4.2687,-75.4989,0.8906,-0.02253,-3.13075,0.0284,-0.1013,-0.1000,0.0134,0.00000,0.00000
18,0.7200,0.3288,0.0000,-0.0217,0.4526,0.0013,0.0235,-0.0080,-0.0924,-0.0100,-4.2856,-75.4928,0.8906,-0.02635,-3.13070,0.0304,-0.0999,-0.0998,0.0098,0.00000,0.00000
19,0.7600,0.3288,0.0000,-0.0217,0.4544,0.0001,0.0228,-0.0016,-0.0867,-0.0227,-4.3025,-75.4867,0.8905,-0.02979,-3.13062,0.0297,-0.0977,-0.1056,0.0161,0.00000,0.00000
20,0.8000,0.3288,0.0000,-0.0217,0.4541,-0.0001,0.0306,-0.0008,-0.0424,-0.0328,-4.3195,-75.4805,0.8907,-0.03224,-3.13076,0.0281,-0.1114,-0.1154,0.0133,0.00000,0.00000
21,0.8400,0.3288,0.0000,-0.0217,0.4545,-0.0001,0.0260,-0.0011,-0.0307,-0.0424,-4.3365,-75.4743,0.8910,-0.03370,-3.13086,0.0254,-0.1094,-0.1072,0.0098,0.00000,0.00000
22,0.8800,0.3288,0.0000,-0.0217,0.4548,0.0001,0.0197,-0.0017,-0.0343,-0.0449,-4.3535,-75.4681,0.8910,-0.03504,-3.13098,0.0274,-0.1063,-0.1067,0.0161,0.00000,0.00000
23,0.9200,0.3288,0.0000,-0.0217,0.4545,-0.0001,0.0214,-0.0011,-0.0199,-0.0169,-4.3705,-75.4619,0.8909,-0.03610,-3.13107,0.0268,-0.1090,-0.1074,0.0186,0.00000,0.00000
24,0.9600,0.3288,0.0000,-0.0217,0.4545,0.0008,0.0196,-0.0056,-0.0174,-0.0274,-4.3875,-75.4556,0.8909,-0.03687,-3.13107,0.0275,-0.1063,-0.1034,0.0151,0.00000,0.00000
25,1.0000,0.3288,0.0000,-0.0217,0.4550,0.0000,0.0200,-0.0015,-0.0266,-0.0401,-4.4045,-75.4493,0.8909,-0.03775,-3.13105,0.0259,-0.1070,-0.1076,0.0192,0.00000,0.00000
26,1.0400,0.3288,0.0000,-0.0217,0.4545,-0.0004,0.0207,0.0006,-0.0144,-0.0354,-4.4215,-75.4430,0.8909,-0.03858,-3.13123,0.0250,-0.1091,-0.1066,0.0133,0.00000,0.00000
27,1.0800,0.3288,0.0000,-0.0217,0.4537,0.0017,0.0215,-0.0099,-0.0019,-0.0766,-4.4385,-75.4368,0.8910,-0.03892,-3.13122,0.0278,-0.1098,-0.1067,0.0189,0.00000,0.00000
28,1.1200,0.3288,0.0000,-0.0217,0.4533,0.0018,0.0199,-0.0110,-0.0000,-0.0678,-4.4555,-75.4305,0.8910,-0.03897,-3.13093,0.0237,-0.1118,-0.1064,0.0105,0.00000,0.00000
29,1.1600,0.3288,0.0000,-0.0217,0.4544,0.0023,0.0158,-0.0134,-0.0315,-0.0412,-4.4725,-75.4242,0.8910,-0.03992,-3.13057,0.0257,-0.1120,-0.0972,0.0164,0.00000,0.00000
30,1.2000,0.3288,0.0000,-0.0217,0.4539,0.0023,0.0170,-0.0130,-0.0338,-0.0473,-4.4895,-75.4178,0.8908,-0.04111,-3.13019,0.0293,-0.1086,-0.1060,0.0152,0.00000,0.00000
31,1.2400,0.3288,0.0000,-0.0217,0.4535,0.0024,0.0180,-0.0141,-0.0327,-0.0564,-4.5064,-75.4115,0.8908,-0.04257,-3.12978,0.0270,-0.1110,-0.0982,0.0130,0.00000,0.00000
32,1.2800,0.3288,0.0000,-0.0217,0.4520,0.0015,0.0177,-0.0093,-0.0223,-0.0623,-4.5233,-75.4051,0.8908,-0.04360,-3.12949,0.0275,-0.1105,-0.1014,0.0150,0.00000,0.00000
33,1.3200,0.3288,0.0000,-0.0217,0.4512,0.0042,0.0164,-0.0232,-0.0321,-0.0744,-4.5401,-75.3988,0.8908,-0.04482,-3.12899,0.0298,-0.1135,-0.0989,0.0056,0.00000,0.00000
34,1.3600,0.3288,0.0000,-0.0217,0.4503,0.0037,0.0164,-0.0205,-0.0430,-0.0524,-4.5569,-75.3925,0.8908,-0.04644,-3.12817,0.0280,-0.1160,-0.0961,0.0164,0.00000,0.00000
35,1.4000,0.3288,0.0000,-0.0217,0.4481,0.0033,0.0163,-0.0184,-0.0321,-0.0687,-4.5736,-75.3862,0.8908,-0.04795,-3.12758,0.0322,-0.1148,-0.0940,0.0157,0.00000,0.00000
36,1.4400,0.3288,0.0000,-0.0217,0.4457,0.0027,0.0186,-0.0157,-0.0159,-0.0745,-4.5903,-75.3798,0.8909,-0.04887,-3.12705,0.0293,-0.1196,-0.0964,0.0166,0.00000,0.00000
37,1.4800,0.3288,0.0000,-0.0217,0.4432,0.0046,0.0177,-0.0253,-0.0047,-0.0751,-4.6068,-75.3734,0.8910,-0.04937,-3.12638,0.0329,-0.1224,-0.0905,0.0119,0.00000,0.00000
38,1.5200,0.3288,0.0000,-0.0217,0.4401,0.0054,0.0120,-0.0298,0.0136,-0.0871,-4.6233,-75.3671,0.8909,-0.04919,-3.12539,0.0315,-0.1180,-0.0842,0.0129,0.00000,0.00000
39,1.5600,0.3288,0.0000,-0.0217,0.4390,0.0047,0.0142,-0.0264,0.0042,-0.0969,-4.6396,-75.3607,0.8908,-0.04890,-3.12436,0.0332,-0.1205,-0.0877,0.0183,0.00000,0.00000
40,1.6000,0.3288,0.0000,-0.0217,0.4380,0.0047,0.0154,-0.0261,-0.0037,-0.0561,-4.6559,-75.3543,0.8908,-0.04905,-3.12343,0.0333,-0.1244,-0.0822,0.0033,0.00000,0.00000
41,1.6400,0.3288,0.0000,-0.0217,0.4352,0.0032,0.0094,-0.0182,0.0147,-0.0500,-4.6721,-75.3479,0.8906,-0.04881,-3.12268,0.0265,-0.1211,-0.0813,0.0060,0.00000,0.00000
42,1.6800,0.3288,0.0000,-0.0217,0.4336,0.0042,0.0129,-0.0234,0.0243,-0.0439,-4.6882,-75.3414,0.8904,-0.04810,-3.12191,0.0288,-0.1247,-0.0790,0.0074,0.00000,0.00000
43,1.7200,0.3288,0.0000,-0.0217,0.4333,0.0036,0.0171,-0.0206,0.0173,-0.0915,-4.7043,-75.3350,0.8904,-0.04722,-3.12108,0.0301,-0.1230,-0.0847,0.0056,0.00000,0.00000
44,1.7600,0.3288,0.0000,-0.0217,0.4337,0.0019,0.0200,-0.0118,0.0041,-0.0610,-4.7203,-75.3285,0.8905,-0.04703,-3.12054,0.0271,-0.1315,-0.0813,-0.0002,0.00000,0.00000
45,1.8000,0.3288,0.0000,-0.0217,0.4323,0.0008,0.0142,-0.0059,0.0082,-0.0411,-4.7363,-75.3219,0.8905,-0.04678,-3.12035,0.0278,-0.1255,-0.0806,-0.0007,0.00000,0.00000
46,1.8400,0.3288,0.0000,-0.0217,0.4318,0.0018,0.0146,-0.0110,0.0024,-0.0623,-4.7522,-75.3152,0.8903,-0.04663,-3.12011,0.0303,-0.1238,-0.0814,0.0059,0.00000,0.00000
47,1.8800,0.3288,0.0000,-0.0217,0.4312,-0.0006,0.0228,0.0015,0.0119,-0.0162,-4.7681,-75.3086,0.8904,-0.04622,-3.11999,0.0263,-0.1332,-0.0936,0.0024,0.00000,0.00000
48,1.9200,0.3288,0.0000,-0.0217,0.4311,0.0001,0.0186,-0.0018,-0.0008,-0.0177,-4.7839,-75.3018,0.8906,-0.04613,-3.12011,0.0317,-0.1278,-0.0830,-0.0029,0.00000,0.00000
49,1.9600,0.3288,0.0000,-0.0217,0.4310,-0.0018,0.0184,0.0074,-0.0162,-0.0353,-4.7997,-75.2951,0.8906,-0.04636,-3.12031,0.0350,-0.1209,-0.0902,0.0144,0.00000,0.00000
50,2.0000,0.3288,0.0000,-0.0217,0.4310,-0.0014,0.0178,0.0059,-0.0327,-0.0131,-4.8155,-75.2883,0.8907,-0.04740,-3.12073,0.0341,-0.1237,-0.0902,-0.0061,0.00000,0.00000
51,2.0400,0.3288,0.0000,-0.0217,0.4290,-0.0020,0.0152,0.0091,-0.0287,0.0205,-4.8312,-75.2816,0.8907,-0.04857,-3.12112,0.0335,-0.1206,-0.0888,0.0069,0.00000,0.00000
52,2.0800,0.3288,0.0000,-0.0217,0.4270,-0.0031,0.0037,0.0150,-0.0333,0.0498,-4.8469,-75.2748,0.8904,-0.04985,-3.12169,0.0208,-0.1136,-0.0765,-0.0036,0.00000,0.00000
53,2.1200,0.3288,0.0000,-0.0217,0.4248,-0.0026,0.0045,0.0131,-0.0296,0.0433,-4.8625,-75.2681,0.8898,-0.05109,-3.12231,0.0225,-0.1083,-0.0725,0.0135,0.00000,0.00000
54,2.1600,0.3288,0.0000,-0.0217,0.4229,-0.0042,0.0188,0.0212,-0.0164,0.0759,-4.8780,-75.2614,0.8897,-0.05167,-3.12300,0.0250,-0.1136,-0.0870,0.0113,0.00000,0.00000
55,2.2000,0.3288,0.0000,-0.0217,0.4207,-0.0044,0.0222,0.0216,-0.0039,0.0308,-4.8934,-75.2548,0.8900,-0.05190,-3.12399,0.0322,-0.1094,-0.0850,0.0116,0.00000,0.00000
56,2.2400,0.3288,0.0000,-0.0217,0.4182,0.0011,0.0232,-0.0066,-0.0032,0.0229,-4.9089,-75.2484,0.8903,-0.05207,-3.12432,0.0384,-0.1170,-0.0858,0.0054,0.00000,0.00000
57,2.2800,0.3288,0.0000,-0.0217,0.4146,0.0003,0.0149,-0.0021,0.0060,0.0439,-4.9242,-75.2421,0.8904,-0.05178,-3.12410,0.0363,-0.1077,-0.0832,0.0126,0.00000,0.00000
58,2.3200,0.3288,0.0000,-0.0217,0.4120,0.0015,0.0131,-0.0078,-0.0021,0.0769,-4.9395,-75.2359,0.8903,-0.05169,-3.12390,0.0410,-0.1106,-0.0834,0.0081,0.00000,0.00000
59,2.3600,0.3288,0.0000,-0.0217,0.4093,0.0027,0.0083,-0.0137,-0.0070,0.0870,-4.9547,-75.2299,0.8901,-0.05190,-3.12334,0.0350,-0.1054,-0.0703,0.0035,0.00000,0.00000
60,2.4000,0.3288,0.0000,-0.0217,0.4050,0.0001,0.0127,-0.0000,0.0266,0.1007,-4.9698,-75.2239,0.8898,-0.05111,-3.12301,0.0355,-0.1047,-0.0812,0.0104,0.00000,0.00000
61,2.4400,0.3288,0.0000,-0.0217,0.4036,-0.0010,0.0175,0.0049,0.0164,0.0605,-4.9848,-75.2179,0.8898,-0.05023,-3.12307,0.0365,-0.1043,-0.0752,0.0099,0.00000,0.00000
62,2.4800,0.3288,0.0000,-0.0217,0.4011,0.0012,0.0233,-0.0065,0.0240,0.0708,-4.9998,-75.2121,0.8900,-0.04936,-3.12301,0.0405,-0.1133,-0.0803,0.0008,0.00000,0.00000
63,2.5200,0.3288,0.0000,-0.0217,0.4015,0.0002,0.0186,-0.0009,-0.0377,0.0910,-5.0147,-75.2063,0.8901,-0.04975,-3.12269,0.0409,-0.1088,-0.0776,0.0106,0.00000,0.00000
64,2.5600,0.3288,0.0000,-0.0217,0.3995,0.0004,0.0111,-0.0025,-0.0552,0.0604,-5.0295,-75.2006,0.8900,-0.05167,-3.12266,0.0462,-0.0985,-0.0667,0.0080,0.00000,0.00000
65,2.6000,0.3288,0.0000,-0.0217,0.3926,0.0010,0.0220,-0.0049,0.0305,0.0922,-5.0443,-75.1950,0.8900,-0.05169,-3.12249,0.0424,-0.1124,-0.0829,0.0131,0.00000,0.00000
66,2.6400,0.3288,0.0000,-0.0217,0.3900,-0.0013,0.0219,0.0075,0.0289,0.1383,-5.0589,-75.1895,0.8902,-0.05024,-3.12237,0.0395,-0.1125,-0.0831,0.0071,0.00000,0.00000
67,2.6800,0.3288,0.0000,-0.0217,0.3883,0.0009,0.0158,-0.0041,0.0026,0.1125,-5.0735,-75.1841,0.8902,-0.04972,-3.12238,0.0477,-0.1073,-0.0736,0.0067,0.00000,0.00000
68,2.7200,0.3288,0.0000,-0.0217,0.3863,-0.0030,0.0143,0.0159,-0.0113,0.1515,-5.0879,-75.1788,0.8901,-0.04965,-3.12245,0.0365,-0.1041,-0.0803,0.0106,0.00000,0.00000
69,2.7600,0.3288,0.0000,-0.0217,0.3849,-0.0045,0.0193,0.0237,-0.0300,0.1321,-5.1023,-75.1735,0.8901,-0.05039,-3.12322,0.0473,-0.1013,-0.0809,0.0190,0.00000,0.00000
70,2.8000,0.3288,0.0000,-0.0217,0.3811,-0.0074,0.0239,0.0395,-0.0049,0.1987,-5.1166,-75.1682,0.8903,-0.05072,-3.12441,0.0393,-0.1050,-0.0880,0.0123,0.00000,0.00000
71,2.8400,0.3288,0.0000,-0.0217,0.3783,-0.0061,0.0269,0.0349,0.0037,0.1818,-5.1308,-75.1630,0.8906,-0.05020,-3.12591,0.0531,-0.1023,-0.0951,0.0345,0.00000,0.00000
72,2.8800,0.3288,0.0000,-0.0217,0.3877,0.0048,0.0102,-0.0156,-0.0591,0.1236,-5.1452,-75.1581,0.8907,-0.05106,-3.12641,0.0448,-0.0996,-0.1069,0.0461,0.00000,0.00000
73,2.9200,0.3288,0.0000,-0.0217,0.4053,-0.0006,0.0062,0.0171,-0.0184,0.1179,-5.1601,-75.1533,0.8905,-0.05094,-3.12696,0.0369,-0.0914,-0.2093,0.1608,0.00000,0.00000
74,2.9600,0.3288,0.0000,-0.0217,0.4371,0.0036,-0.0135,-0.0039,-0.0323,0.0874,-5.1761,-75.1481,0.8898,-0.05135,-3.12802,0.0530,-0.0585,-0.2620,0.2223,0.00000,0.00000
75,3.0000,0.3288,0.0000,-0.0217,0.4714,0.0348,-0.0434,-0.1561,-0.0549,0.1067,-5.1936,-75.1432,0.8884,-0.05169,-3.12574,0.0850,-0.0335,-0.3743,0.3599,0.00000,0.00000
76,3.0400,0.3288,0.0000,-0.0217,0.4782,0.1338,-0.2416,-0.6701,-0.3762,0.2742,-5.2128,-75.1405,0.8826,-0.06008,-3.10981,0.0874,0.0890,-0.4798,0.5098,0.00000,0.00000
77,3.0800,0.3288,0.0000,-0.0217,0.4511,0.1534,-0.3834,-0.5567,-0.3328,0.7028,-5.2330,-75.1416,0.8668,-0.07481,-3.07789,0.0151,0.3469,-0.4776,0.6569,0.00000,0.00000
78,3.1200,0.3288,0.0000,-0.0217,0.4382,0.1015,-0.1657,-0.4313,-0.0387,0.4312,-5.2521,-75.1412,0.8559,-0.08163,-3.05549,0.0379,0.2409,-0.2761,0.2295,0.00000,0.00000
79,3.1600,0.3288,0.0000,-0.0217,0.4300,0.0440,-0.1731,-0.1800,0.2566,0.5216,-5.2703,-75.1395,0.8497,-0.07686,-3.04133,0.0448,0.0614,-0.2412,0.1277,0.00000,0.00000
80,3.2000,0.3288,0.0000,-0.0217,0.4442,0.0406,-0.2336,-0.1694,0.0875,0.2552,-5.2886,-75.1371,0.8416,-0.07244,-3.03014,0.1910,-0.1652,-0.2003,0.0945,0.00000,0.00000
81,3.2400,0.3288,0.0000,-0.0217,0.4616,0.0063,-0.3401,-0.0364,-0.0321,0.2056,-5.3077,-75.1337,0.8306,-0.07399,-3.02119,0.3350,-0.5066,-0.1248,-0.0915,0.00000,0.00000
82,3.2800,0.3288,0.0000,-0.0217,0.4832,-0.1241,-0.4165,0.5480,-0.7069,0.4440,-5.3257,-75.1245,0.8142,-0.08359,-3.03602,0.4483,-0.6050,-0.0946,-0.0526,0.00000,0.00000
83,3.3200,0.3288,0.0000,-0.0217,0.4517,-0.1595,-0.2172,0.7946,-0.2338,0.2340,-5.3428,-75.1132,0.8023,-0.09648,-3.06470,-0.0737,-0.1652,-0.0731,0.0234,0.00000,0.00000
84,3.3600,0.3288,0.0000,-0.0217,0.4376,-0.0579,-0.0142,0.2811,0.1482,0.0743,-5.3598,-75.1047,0.7989,-0.09891,-3.08667,0.0684,-0.2411,0.0198,-0.1452,0.00000,0.00000
85,3.4000,0.3288,0.0000,-0.0217,0.4149,-0.0235,0.0147,0.1207,0.3384,0.0654,-5.3762,-75.1003,0.7997,-0.08472,-3.09287,0.0410,-0.1617,-0.1049,-0.0035,0.00000,0.00000
86,3.4400,0.3288,0.0000,-0.0217,0.4093,-0.0261,-0.0145,0.1323,0.2360,0.0872,-5.3924,-75.0962,0.7995,-0.07294,-3.09781,0.0921,-0.1489,-0.1135,-0.0193,0.00000,0.00000
87,3.4800,0.3288,0.0000,-0.0217,0.4053,-0.0237,-0.0170,0.1209,0.1624,0.1212,-5.4085,-75.0922,0.7985,-0.06532,-3.10263,0.0600,-0.1526,-0.1042,-0.0201,0.00000,0.00000
88,3.5200,0.3288,0.0000,-0.0217,0.4002,-0.0201,-0.0048,0.1025,0.1515,0.1305,-5.4243,-75.0885,0.7976,-0.05883,-3.10681,0.0523,-0.1437,-0.0987,-0.0138,0.00000,0.00000
89,3.5600,0.3288,0.0000,-0.0217,0.3953,-0.0188,0.0043,0.0956,0.1710,0.0841,-5.4400,-75.0851,0.7970,-0.05202,-3.11060,0.0477,-0.1306,-0.0929,-0.0050,0.00000,0.00000
90,3.6000,0.3288,0.0000,-0.0217,0.3929,-0.0124,0.0164,0.0624,0.1755,0.0265,-5.4556,-75.0818,0.7968,-0.04509,-3.11368,0.0537,-0.1319,-0.0901,-0.0016,0.00000,0.00000
91,3.6400,0.3288,0.0000,-0.0217,0.4010,-0.0077,0.0260,0.0386,0.1107,-0.0086,-5.4712,-75.0788,0.7970,-0.03865,-3.11596,0.0469,-0.1447,-0.1270,0.0259,0.00000,0.00000
92,3.6800,0.3288,0.0000,-0.0217,0.4257,-0.0136,0.0301,0.0708,0.0232,0.0194,-5.4874,-75.0757,0.7975,-0.03507,-3.11866,0.0427,-0.1480,-0.2261,0.1265,0.00000,0.00000
93,3.7200,0.3288,0.0000,-0.0217,0.4616,-0.0073,0.0182,0.0431,-0.0492,0.0365,-5.5047,-75.0724,0.7978,-0.03511,-3.12175,0.0713,-0.1262,-0.3077,0.2313,0.00000,0.00000
94,3.7600,0.3288,0.0000,-0.0217,0.5001,0.0221,-0.0278,-0.1017,-0.1535,0.1274,-5.5236,-75.0696,0.7972,-0.03737,-3.12189,0.1092,-0.0745,-0.4173,0.3751,0.00000,0.00000
95,3.8000,0.3288,0.0000,-0.0217,0.4973,0.0887,-0.3047,-0.5061,-0.3306,0.2695,-5.5437,-75.0688,0.7906,-0.04731,-3.11046,0.1554,0.0743,-0.5310,0.5497,0.00000,0.00000
96,3.8400,0.3288,0.0000,-0.0217,0.4691,0.1201,-0.6105,-0.1652,-0.3653,0.3312,-5.5641,-75.0709,0.7698,-0.05968,-3.08515,0.3261,0.0565,-0.4311,0.4885,0.00000,0.00000
97,3.8800,0.3288,0.0000,-0.0217,0.4686,0.0350,-0.6581,-0.1667,-0.1008,0.5126,-5.5850,-75.0711,0.7451,-0.07127,-3.06843,0.3955,-0.4665,-0.1804,-0.1072,0.00000,0.00000
98,3.9200,0.3288,0.0000,-0.0217,0.4931,-0.0754,-0.5090,0.3556,-0.8693,0.7370,-5.6053,-75.0642,0.7188,-0.09126,-3.07896,0.3825,-0.5389,-0.1438,0.0565,0.00000,0.00000
99,3.9600,0.3288,0.0000,-0.0217,0.4490,-0.0771,-0.1979,0.3898,0.1319,0.1246,-5.6243,-75.0588,0.7061,-0.09620,-3.09238,-0.1801,-0.1304,-0.0584,-0.0590,0.00000,0.00000
100,4.0000,0.3288,0.0000,-0.0217,0.4489,-0.0323,-0.0112,0.1634,0.2300,-0.0558,-5.6425,-75.0549,0.7030,-0.08999,-3.10333,0.0188,-0.2016,-0.0052,-0.0853,0.00000,0.00000
101,4.0400,0.3288,0.0000,-0.0217,0.4346,-0.0130,0.0184,0.0628,0.2966,-0.0987,-5.6601,-75.0528,0.7037,-0.07713,-3.10739,0.0487,-0.1542,-0.1019,-0.0403,0.00000,0.00000
102,4.0800,0.3288,0.0000,-0.0217,0.4286,-0.0032,-0.0003,0.0147,0.2067,-0.0360,-5.6775,-75.0512,0.7039,-0.06740,-3.10901,0.0822,-0.1601,-0.1211,-0.0259,0.00000,0.00000
103,4.1200,0.3288,0.0000,-0.0217,0.4239,-0.0025,-0.0068,0.0113,0.1454,-0.0297,-5.6946,-75.0498,0.7033,-0.06043,-3.10941,0.0665,-0.1508,-0.1252,-0.0138,0.00000,0.00000
104,4.1600,0.3288,0.0000,-0.0217,0.4222,-0.0134,0.0027,0.0666,0.0652,0.1352,-5.7115,-75.0482,0.7028,-0.05629,-3.11082,0.0512,-0.1532,-0.1277,-0.0162,0.00000,0.00000
105,4.2000,0.3288,0.0000,-0.0217,0.4165,-0.0196,-0.0083,0.0992,0.0867,0.0882,-5.7283,-75.0462,0.7020,-0.05350,-3.11425,0.0440,-0.1217,-0.0741,0.0087,0.00000,0.00000
106,4.2400,0.3288,0.0000,-0.0217,0.4091,-0.0114,0.0071,0.0571,0.1755,-0.0219,-5.7448,-75.0444,0.7013,-0.04782,-3.11742,0.0528,-0.1162,-0.0805,0.0212,0.00000,0.00000
107,4.2800,0.3288,0.0000,-0.0217,0.4086,-0.0052,0.0244,0.0249,0.1655,-0.0340,-5.7612,-75.0430,0.7013,-0.04086,-3.11887,0.0487,-0.1266,-0.0943,0.0051,0.00000,0.00000
108,4.3200,0.3288,0.0000,-0.0217,0.4115,-0.0080,0.0241,0.0388,0.0997,-0.0087,-5.7776,-75.0416,0.7015,-0.03578,-3.12015,0.0479,-0.1273,-0.1015,0.0104,0.00000,0.00000
109,4.3600,0.3288,0.0000,-0.0217,0.4256,0.0114,0.0034,-0.0660,-0.0282,-0.1367,-5.7943,-75.0404,0.7012,-0.03475,-3.12025,0.0536,-0.1291,-0.0986,0.0111,0.00000,0.00000
110,4.4000,0.3288,0.0000,-0.0217,0.4540,-0.0006,0.0238,0.0101,-0.0559,0.0492,-5.8117,-75.0394,0.7012,-0.03456,-3.11958,0.0301,-0.1533,-0.2742,0.1987,0.00000,0.00000
111,4.4400,0.3288,0.0000,-0.0217,0.4975,-0.0227,-0.0485,0.1413,-0.1263,0.1102,-5.8305,-75.0376,0.7004,-0.03821,-3.12229,0.0927,-0.0947,-0.3188,0.2720,0.00000,0.00000
112,4.4800,0.3288,0.0000,-0.0217,0.5152,0.0124,-0.2277,-0.0856,-0.0433,0.1263,-5.8509,-75.0358,0.6951,-0.04200,-3.12465,0.3114,-0.1708,-0.4685,0.4030,0.00000,0.00000
113,4.5200,0.3288,0.0000,-0.0217,0.4927,0.0443,-0.6172,-0.4509,0.0869,0.2956,-5.8715,-75.0360,0.6777,-0.03648,-3.10640,0.5203,-0.2576,-0.5949,0.3687,0.00000,0.00000
114,4.5600,0.3288,0.0000,-0.0217,0.5015,-0.0624,-0.8572,0.2971,-0.7262,-0.3181,-5.8926,-75.0350,0.6452,-0.05548,-3.10495,0.5216,-0.2480,-0.2214,0.2192,0.00000,0.00000
115,4.6000,0.3288,0.0000,-0.0217,0.4853,-0.0383,-0.3980,0.1834,-0.8558,0.2100,-5.9134,-75.0300,0.6198,-0.09379,-3.11726,0.1208,-0.2522,-0.2485,-0.0683,0.00000,0.00000
116,4.6400,0.3288,0.0000,-0.0217,0.4295,-0.0259,-0.1305,0.1289,0.1656,0.0976,-5.9322,-75.0279,0.6110,-0.10344,-3.12186,-0.1942,-0.1455,-0.0731,-0.0765,0.00000,0.00000
117,4.6800,0.3288,0.0000,-0.0217,0.4079,0.0052,-0.0502,-0.0268,0.3308,-0.0268,-5.9494,-75.0267,0.6079,-0.09355,-3.12388,-0.0012,-0.1486,-0.0135,-0.0294,0.00000,0.00000
118,4.7200,0.3288,0.0000,-0.0217,0.3927,0.0110,-0.0264,-0.0573,0.3635,-0.0576,-5.9657,-75.0266,0.6065,-0.07789,-3.12179,0.0103,-0.1234,-0.0983,-0.0138,0.00000,0.00000
119,4.7600,0.3288,0.0000,-0.0217,0.3917,0.0036,-0.0064,-0.0198,0.2414,-0.0423,-5.9817,-75.0263,0.6056,-0.06643,-3.12037,0.0207,-0.1404,-0.1069,-0.0211,0.00000,0.00000
120,4.8000,0.3288,0.0000,-0.0217,0.3904,-0.0011,0.0135,0.0039,0.1690,-0.0514,-5.9974,-75.0257,0.6053,-0.05869,-3.12027,0.0225,-0.1466,-0.1108,-0.0219,0.00000,0.00000
121,4.8400,0.3288,0.0000,-0.0217,0.3888,-0.0099,0.0216,0.0491,0.1058,0.1233,-6.0131,-75.0248,0.6055,-0.05323,-3.12133,0.0180,-0.1476,-0.1226,-0.0208,0.00000,0.00000
122,4.8800,0.3288,0.0000,-0.0217,0.3829,-0.0117,0.0096,0.0584,0.1521,0.0052,-6.0285,-75.0236,0.6053,-0.04824,-3.12370,0.0345,-0.1076,-0.0752,0.0309,0.00000,0.00000
123,4.9200,0.3288,0.0000,-0.0217,0.3800,-0.0018,0.0199,0.0084,0.1778,-0.0040,-6.0439,-75.0227,0.6051,-0.04141,-3.12500,0.0362,-0.1156,-0.0915,0.0028,0.00000,0.00000
124,4.9600,0.3288,0.0000,-0.0217,0.3819,-0.0030,0.0232,0.0142,0.1379,0.0206,-6.0592,-75.0221,0.6052,-0.03512,-3.12531,0.0278,-0.1174,-0.1004,0.0131,0.00000,0.00000
125,5.0000,0.3288,0.0000,-0.0217,0.3850,-0.0039,0.0254,0.0184,0.1034,0.0030,-6.0746,-75.0213,0.6051,-0.03059,-3.12610,0.0351,-0.1161,-0.0967,0.0113,0.00000,0.00000
126,5.0400,0.3288,0.0000,-0.0217,0.3905,0.0007,0.0287,-0.0040,0.0570,-0.0262,-6.0901,-75.0207,0.6052,-0.02729,-3.12655,0.0364,-0.1200,-0.1027,0.0081,0.00000,0.00000
127,5.0800,0.3288,0.0000,-0.0217,0.4106,0.0064,0.0325,-0.0303,-0.0267,0.0270,-6.1061,-75.0202,0.6056,-0.02652,-3.12624,0.0286,-0.1499,-0.1634,0.0664,0.00000,0.00000
128,5.1200,0.3288,0.0000,-0.0217,0.4489,-0.0102,-0.0068,0.0524,-0.1291,0.0020,-6.1231,-75.0197,0.6055,-0.02859,-3.12647,0.0617,-0.1247,-0.2456,0.1937,0.00000,0.00000
129,5.1600,0.3288,0.0000,-0.0217,0.4976,-0.0097,-0.0828,0.0675,-0.0703,0.0552,-6.1420,-75.0185,0.6034,-0.03455,-3.12912,0.2161,-0.2150,-0.3730,0.2840,0.00000,0.00000
130,5.2000,0.3288,0.0000,-0.0217,0.4911,0.0318,-0.3591,-0.4030,0.1170,0.1615,-6.1621,-75.0186,0.5951,-0.03309,-3.12266,0.4187,-0.3229,-0.5649,0.3511,0.00000,0.00000
131,5.2400,0.3288,0.0000,-0.0217,0.4833,0.0864,-0.7820,0.3250,-0.0268,0.2117,-6.1824,-75.0201,0.5704,-0.02947,-3.10021,0.6175,-0.3585,-0.4349,0.3009,0.00000,0.00000
132,5.2800,0.3288,0.0000,-0.0217,0.4896,0.0658,-0.5885,-0.3089,-0.4434,0.4185,-6.2031,-75.0201,0.5384,-0.04449,-3.09751,0.4424,-0.3691,-0.2012,-0.0122,0.00000,0.00000
133,5.3200,0.3288,0.0000,-0.0217,0.4825,-0.0225,-0.3337,0.1101,-0.2098,-0.1222,-6.2228,-75.0208,0.5203,-0.05163,-3.09119,-0.2259,-0.0443,-0.1342,0.0607,0.00000,0.00000
134,5.3600,0.3288,0.0000,-0.0217,0.4965,-0.0561,-0.0799,0.2824,-0.2178,-0.0316,-6.2428,-75.0182,0.5122,-0.06449,-3.10094,-0.0134,-0.2154,-0.0290,-0.0920,0.00000,0.00000
135,5.4000,0.3288,0.0000,-0.0217,0.4841,-0.0264,0.0466,0.1301,0.0230,-0.1522,-6.2622,-75.0161,0.5123,-0.06697,-3.10947,0.0219,-0.1911,-0.0596,-0.0764,0.00000,0.00000
136,5.4400,0.3288,0.0000,-0.0217,0.4695,0.0041,0.0313,-0.0228,0.0968,-0.0953,-6.2812,-75.0155,0.5139,-0.06357,-3.11154,0.0873,-0.1732,-0.1100,-0.0378,0.00000,0.00000
137,5.4800,0.3288,0.0000,-0.0217,0.4600,0.0086,-0.0069,-0.0441,0.0773,-0.0395,-6.2997,-75.0156,0.5139,-0.05944,-3.10999,0.0900,-0.1537,-0.1377,-0.0016,0.00000,0.00000
138,5.5200,0.3288,0.0000,-0.0217,0.4574,-0.0045,-0.0080,0.0215,-0.0047,0.1276,-6.3181,-75.0154,0.5131,-0.05813,-3.10937,0.0705,-0.1582,-0.1330,-0.0064,0.00000,0.00000
139,5.5600,0.3288,0.0000,-0.0217,0.4483,-0.0203,-0.0037,0.1017,0.0904,0.0002,-6.3362,-75.0146,0.5123,-0.05599,-3.11214,0.0685,-0.1210,-0.0953,0.0370,0.00000,0.00000
140,5.6000,0.3288,0.0000,-0.0217,0.4423,-0.0085,0.0192,0.0414,0.1388,-0.0476,-6.3541,-75.0137,0.5122,-0.05138,-3.11516,0.0819,-0.1371,-0.0960,-0.0039,0.00000,0.00000
141,5.6400,0.3288,0.0000,-0.0217,0.4378,-0.0044,0.0247,0.0210,0.1443,-0.0287,-6.3717,-75.0133,0.5126,-0.04540,-3.11622,0.0715,-0.1413,-0.1173,0.0140,0.00000,0.00000
142,5.6800,0.3288,0.0000,-0.0217,0.4374,-0.0038,0.0188,0.0179,0.0968,-0.0046,-6.3893,-75.0129,0.5127,-0.04081,-3.11704,0.0769,-0.1402,-0.1110,0.0112,0.00000,0.00000
143,5.7200,0.3288,0.0000,-0.0217,0.4515,0.0153,-0.0145,-0.0887,-0.0387,-0.1586,-6.4071,-75.0128,0.5122,-0.03997,-3.11613,0.0729,-0.1361,-0.1192,0.0188,0.00000,0.00000
144,5.7600,0.3288,0.0000,-0.0217,0.4920,-0.0138,-0.0389,0.0596,-0.1159,-0.0699,-6.4257,-75.0126,0.5109,-0.04167,-3.11535,0.1211,-0.1773,-0.3020,0.2309,0.00000,0.00000
145,5.8000,0.3288,0.0000,-0.0217,0.5340,-0.0262,-0.1325,0.1316,0.0045,0.0426,-6.4464,-75.0113,0.5079,-0.04559,-3.12021,0.3007,-0.3009,-0.4620,0.2930,0.00000,0.00000
146,5.8400,0.3288,0.0000,-0.0217,0.5086,0.0042,-0.4797,-0.2496,0.2773,0.1211,-6.4676,-75.0106,0.4961,-0.03534,-3.11486,0.5618,-0.3965,-0.6451,0.3442,0.00000,0.00000
147,5.8800,0.3288,0.0000,-0.0217,0.5148,-0.0041,-0.8663,-0.0862,-0.0465,-0.0102,-6.4892,-75.0104,0.4660,-0.03187,-3.10600,0.6202,-0.3206,-0.3458,0.2695,0.00000,0.00000
148,5.9200,0.3288,0.0000,-0.0217,0.5175,-0.0668,-0.4431,0.3030,-0.4314,0.0143,-6.5107,-75.0074,0.4389,-0.04831,-3.11330,0.1731,-0.1117,-0.3611,0.2358,0.00000,0.00000
149,5.9600,0.3288,0.0000,-0.0217,0.5099,-0.0305,-0.1669,0.1445,-0.2139,-0.1637,-6.5319,-75.0049,0.4276,-0.06645,-3.12255,-0.0538,-0.1785,-0.0150,-0.1547,0.00000,0.00000
150,6.0000,0.3288,0.0000,-0.0217,0.4828,0.0085,-0.0982,-0.0437,0.0214,-0.1071,-6.5519,-75.0042,0.4227,-0.06969,-3.12449,-0.0088,-0.1534,-0.0201,0.0002,0.00000,0.00000
151,6.0400,0.3288,0.0000,-0.0217,0.4625,0.0297,-0.0656,-0.1487,0.1935,-0.0187,-6.5710,-75.0047,0.4192,-0.06349,-3.12045,0.0532,-0.1338,-0.0813,-0.0041,0.00000,0.00000
152,6.0800,0.3288,0.0000,-0.0217,0.4615,0.0146,-0.0363,-0.0752,0.1086,-0.0133,-6.5897,-75.0054,0.4169,-0.05712,-3.11563,0.0366,-0.1298,-0.1040,0.0003,0.00000,0.00000
153,6.1200,0.3288,0.0000,-0.0217,0.4635,-0.0014,-0.0012,0.0057,0.0286,-0.0168,-6.6083,-75.0052,0.4157,-0.05505,-3.11457,0.0481,-0.1440,-0.0938,-0.0155,0.00000,0.00000
154,6.1600,0.3288,0.0000,-0.0217,0.4578,-0.0145,0.0148,0.0720,0.0911,-0.0079,-6.6267,-75.0045,0.4156,-0.05261,-3.11646,0.0443,-0.1303,-0.0727,0.0228,0.00000,0.00000
155,6.2000,0.3288,0.0000,-0.0217,0.4522,-0.0027,0.0205,0.0125,0.1302,-0.0042,-6.6449,-75.0037,0.4158,-0.04821,-3.11834,0.0729,-0.1324,-0.0721,0.0093,0.00000,0.00000
156,6.2400,0.3288,0.0000,-0.0217,0.4500,0.0040,0.0043,-0.0216,0.1109,-0.0118,-6.6630,-75.0035,0.4156,-0.04345,-3.11791,0.0555,-0.1195,-0.0622,0.0141,0.00000,0.00000
157,6.2800,0.3288,0.0000,-0.0217,0.4496,0.0008,0.0036,-0.0051,0.1026,0.0201,-6.6811,-75.0032,0.4150,-0.03916,-3.11738,0.0534,-0.1190,-0.0699,0.0186,0.00000,0.00000
158,6.3200,0.3288,0.0000,-0.0217,0.4602,0.0047,0.0031,-0.0265,-0.0195,-0.0678,-6.6993,-75.0029,0.4144,-0.03728,-3.11716,0.0523,-0.1162,-0.0660,0.0129,0.00000,0.00000
159,6.3600,0.3288,0.0000,-0.0217,0.4858,-0.0191,-0.0109,0.0992,-0.0166,0.0088,-6.7180,-75.0023,0.4140,-0.03653,-3.11845,0.0532,-0.1254,-0.1770,0.1428,0.00000,0.00000
160,6.4000,0.3288,0.0000,-0.0217,0.5292,-0.0150,-0.1028,0.0671,-0.0322,-0.0543,-6.7384,-75.0010,0.4116,-0.03990,-3.12198,0.2129,-0.2023,-0.2636,0.1968,0.00000,0.00000
161,6.4400,0.3288,0.0000,-0.0217,0.5318,0.0152,-0.3452,-0.1323,0.0869,0.0743,-6.7601,-75.0007,0.4033,-0.03827,-3.12068,0.3838,-0.3464,-0.4988,0.2979,0.00000,0.00000
162,6.4800,0.3288,0.0000,-0.0217,0.5170,0.0372,-0.7617,-0.2923,0.0977,0.0733,-6.7818,-75.0012,0.3799,-0.03315,-3.10793,0.6129,-0.3727,-0.4722,0.3404,0.00000,0.00000
163,6.5200,0.3288,0.0000,-0.0217,0.5382,0.0232,-0.6045,-0.0974,-0.7550,-0.1229,-6.8040,-75.0004,0.3471,-0.05054,-3.10670,0.5045,-0.1859,-0.2057,0.3450,0.00000,0.00000
164,6.5600,0.3288,0.0000,-0.0217,0.5180,-0.0342,-0.2452,0.1644,-0.0823,-0.1051,-6.8255,-74.9997,0.3313,-0.06161,-3.10698,-0.1378,-0.0890,-0.1899,-0.0448,0.00000,0.00000
165,6.6000,0.3288,0.0000,-0.0217,0.5269,-0.0516,-0.1267,0.2489,-0.2411,-0.1492,-6.8469,-74.9969,0.3243,-0.07363,-3.11671,-0.0568,-0.1443,0.0571,-0.0815,0.00000,0.00000
166,6.6400,0.3288,0.0000,-0.0217,0.4971,-0.0112,-0.0488,0.0544,0.1124,-0.0584,-6.8674,-74.9948,0.3212,-0.07423,-3.12344,0.0178,-0.1233,-0.0296,-0.0097,0.00000,0.00000
167,6.6800,0.3288,0.0000,-0.0217,0.4839,0.0224,-0.0354,-0.1142,0.1689,0.0175,-6.8871,-74.9947,0.3196,-0.06751,-3.12145,0.0367,-0.1024,-0.0465,-0.0309,0.00000,0.00000
168,6.7200,0.3288,0.0000,-0.0217,0.4824,0.0077,-0.0377,-0.0405,0.0751,0.0377,-6.9066,-74.9949,0.3178,-0.06228,-3.11800,0.0326,-0.0799,-0.0595,0.0064,0.00000,0.00000
169,6.7600,0.3288,0.0000,-0.0217,0.4772,-0.0111,-0.0067,0.0568,0.1362,0.0471,-6.9259,-74.9942,0.3166,-0.05763,-3.11877,0.0360,-0.0792,-0.0628,-0.0091,0.00000,0.00000
170,6.8000,0.3288,0.0000,-0.0217,0.4752,-0.0066,0.0234,0.0332,0.1249,0.0168,-6.9450,-74.9934,0.3167,-0.05256,-3.12066,0.0490,-0.0934,-0.0630,-0.0155,0.00000,0.00000
171,6.8400,0.3288,0.0000,-0.0217,0.4723,-0.0023,0.0226,0.0107,0.0991,0.0318,-6.9640,-74.9928,0.3172,-0.04795,-3.12144,0.0549,-0.0868,-0.0675,-0.0145,0.00000,0.00000
172,6.8800,0.3288,0.0000,-0.0217,0.4675,0.0034,0.0244,-0.0182,0.1242,0.0240,-6.9828,-74.9925,0.3175,-0.04340,-3.12129,0.0686,-0.0939,-0.0767,0.0010,0.00000,0.00000
173,6.9200,0.3288,0.0000,-0.0217,0.4750,0.0141,0.0083,-0.0752,0.0231,-0.0604,-7.0016,-74.9925,0.3176,-0.03999,-3.11982,0.0587,-0.0950,-0.0765,-0.0086,0.00000,0.00000
174,6.9600,0.3288,0.0000,-0.0217,0.5051,-0.0193,-0.0752,0.0961,-0.1292,-0.0265,-7.0211,-74.9921,0.3160,-0.04112,-3.11997,0.0520,-0.0807,-0.1856,0.1087,0.00000,0.00000
175,7.0000,0.3288,0.0000,-0.0217,0.5347,-0.0046,-0.2125,0.0101,-0.0269,-0.0765,-7.0421,-74.9909,0.3101,-0.04701,-3.12282,0.2129,-0.1667,-0.2783,0.1595,0.00000,0.00000
176,7.0400,0.3288,0.0000,-0.0217,0.5228,0.0423,-0.5167,-0.4115,0.0504,0.0579,-7.0639,-74.9914,0.2963,-0.04518,-3.11208,0.4075,-0.3072,-0.4729,0.3021,0.00000,0.00000
177,7.0800,0.3288,0.0000,-0.0217,0.5045,0.0311,-0.8472,0.0457,-0.0950,-0.0638,-7.0858,-74.9925,0.2665,-0.04656,-3.09942,0.5986,-0.2918,-0.3318,0.4224,0.00000,0.00000
178,7.1200,0.3288,0.0000,-0.0217,0.5052,0.0953,-0.3551,-0.4507,-0.1813,0.0112,-7.1076,-74.9924,0.2402,-0.05939,-3.09318,0.5385,-0.2226,-0.1151,0.0830,0.00000,0.00000
179,7.1600,0.3288,0.0000,-0.0217,0.5238,-0.0411,-0.1657,0.2030,-0.2766,-0.1045,-7.1282,-74.9937,0.2314,-0.06143,-3.08464,-0.1985,-0.0150,-0.1945,-0.0512,0.00000,0.00000
180,7.2000,0.3288,0.0000,-0.0217,0.5364,-0.1272,-0.0878,0.6285,-0.4619,-0.1613,-7.1497,-74.9884,0.2263,-0.08305,-3.10559,-0.0224,-0.1702,-0.0273,-0.0631,0.00000,0.00000
181,7.2400,0.3288,0.0000,-0.0217,0.4954,-0.0546,0.0060,0.2721,0.0420,-0.0577,-7.1700,-74.9835,0.2257,-0.09001,-3.12455,-0.0121,-0.1770,-0.0947,-0.0785,0.00000,0.00000
182,7.2800,0.3288,0.0000,-0.0217,0.4648,0.0144,-0.0276,-0.0718,0.2647,0.0293,-7.1891,-74.9824,0.2256,-0.08191,-3.12709,0.0119,-0.1239,-0.0914,-0.0234,0.00000,0.00000
183,7.3200,0.3288,0.0000,-0.0217,0.4564,0.0155,-0.0447,-0.0790,0.1944,0.0235,-7.2078,-74.9826,0.2238,-0.07208,-3.12326,0.0193,-0.1034,-0.1080,0.0285,0.00000,0.00000
184,7.3600,0.3288,0.0000,-0.0217,0.4556,-0.0084,-0.0114,0.0415,0.1404,-0.0415,-7.2262,-74.9823,0.2225,-0.06548,-3.12274,0.0013,-0.1084,-0.1089,0.0047,0.00000,0.00000
185,7.4000,0.3288,0.0000,-0.0217,0.4550,-0.0188,0.0239,0.0937,0.1041,-0.0525,-7.2445,-74.9811,0.2226,-0.06099,-3.12593,0.0025,-0.1253,-0.1073,-0.0099,0.00000,0.00000
186,7.4400,0.3288,0.0000,-0.0217,0.4485,-0.0116,0.0250,0.0570,0.1309,-0.0286,-7.2626,-74.9799,0.2232,-0.05640,-3.12926,0.0103,-0.1252,-0.1043,-0.0138,0.00000,0.00000
187,7.4800,0.3288,0.0000,-0.0217,0.4430,-0.0002,0.0093,-0.0004,0.1312,-0.0178,-7.2804,-74.9792,0.2234,-0.05121,-3.13037,0.0138,-0.1145,-0.0984,0.0040,0.00000,0.00000
188,7.5200,0.3288,0.0000,-0.0217,0.4410,0.0046,0.0101,-0.0243,0.1124,-0.0118,-7.2982,-74.9788,0.2231,-0.04632,-3.12980,0.0158,-0.1146,-0.1058,0.0078,0.00000,0.00000
189,7.5600,0.3288,0.0000,-0.0217,0.4432,-0.0040,0.0200,0.0192,0.0579,0.0033,-7.3159,-74.9783,0.2230,-0.04287,-3.12972,0.0139,-0.1104,-0.1139,0.0160,0.00000,0.00000
190,7.6000,0.3288,0.0000,-0.0217,0.4444,-0.0047,0.0302,0.0225,0.0353,-0.0226,-7.3336,-74.9775,0.2233,-0.04131,-3.13084,0.0284,-0.1142,-0.1080,0.0102,0.00000,0.00000
191,7.6400,0.3288,0.0000,-0.0217,0.4446,-0.0042,0.0284,0.0200,0.0135,-0.0018,-7.3514,-74.9768,0.2238,-0.04030,-3.13177,0.0233,-0.1143,-0.1169,0.0099,0.00000,0.00000
192,7.6800,0.3288,0.0000,-0.0217,0.4433,-0.0005,0.0210,0.0011,0.0136,0.0008,-7.3691,-74.9762,0.2240,-0.03989,-3.13235,0.0287,-0.1122,-0.1119,0.0119,0.00000,0.00000
193,7.7200,0.3288,0.0000,-0.0217,0.4422,0.0010,0.0184,-0.0063,0.0145,0.0001,-7.3867,-74.9757,0.2240,-0.03922,-3.13228,0.0260,-0.1087,-0.1149,0.0167,0.00000,0.00000
194,7.7600,0.3288,0.0000,-0.0217,0.4417,0.0002,0.0198,-0.0021,0.0149,-0.0085,-7.4044,-74.9752,0.2239,-0.03862,-3.13222,0.0254,-0.1092,-0.1144,0.0148,0.00000,0.00000
195,7.8000,0.3288,0.0000,-0.0217,0.4411,0.0017,0.0205,-0.0099,0.0218,-0.0163,-7.4220,-74.9747,0.2239,-0.03798,-3.13212,0.0255,-0.1116,-0.1092,0.0090,0.00000,0.00000
196,7.8400,0.3288,0.0000,-0.0217,0.4415,0.0018,0.0205,-0.0102,0.0011,0.0018,-7.4396,-74.9743,0.2239,-0.03754,-3.13178,0.0270,-0.1110,-0.1126,0.0122,0.00000,0.00000
197,7.8800,0.3288,0.0000,-0.0217,0.4419,0.0009,0.0185,-0.0060,-0.0150,-0.0034,-7.4573,-74.9739,0.2239,-0.03789,-3.13160,0.0291,-0.1068,-0.1099,0.0108,0.00000,0.00000
198,7.9200,0.3288,0.0000,-0.0217,0.4403,0.0010,0.0223,-0.0062,0.0098,-0.0107,-7.4749,-74.9734,0.2239,-0.03790,-3.13150,0.0283,-0.1110,-0.1145,0.0123,0.00000,0.00000
199,7.9600,0.3288,0.0000,-0.0217,0.4396,0.0002,0.0220,-0.0024,0.0157,0.0112,-7.4924,-74.9729,0.2239,-0.03736,-3.13142,0.0259,-0.1116,-0.1118,0.0093,0.00000,0.00000
200,8.0000,0.3288,0.0000,-0.0217,0.4398,0.0010,0.0158,-0.0062,-0.0021,-0.0039,-7.5100,-74.9725,0.2238,-0.03723,-3.13138,0.0288,-0.1043,-0.1030,0.0108,0.00000,0.00000
201,8.0400,0.3288,0.0000,-0.0217,0.4390,0.0011,0.0210,-0.0069,0.0088,-0.0044,-7.5275,-74.9721,0.2237,-0.03700,-3.13121,0.0281,-0.1090,-0.1124,0.0146,0.00000,0.00000
202,8.0800,0.3288,0.0000,-0.0217,0.4390,0.0015,0.0251,-0.0088,0.0094,-0.0090,-7.5450,-74.9716,0.2238,-0.03666,-3.13099,0.0286,-0.1136,-0.1129,0.0076,0.00000,0.00000
203,8.1200,0.3288,0.0000,-0.0217,0.4393,-0.0004,0.0201,0.0005,-0.0032,0.0062,-7.5626,-74.9712,0.2239,-0.03660,-3.13093,0.0262,-0.1092,-0.1075,0.0088,0.00000,0.00000
204,8.1600,0.3288,0.0000,-0.0217,0.4388,-0.0005,0.0195,0.0013,-0.0001,-0.0003,-7.5801,-74.9707,0.2238,-0.03668,-3.13112,0.0299,-0.1075,-0.1086,0.0158,0.00000,0.00000
205,8.2000,0.3288,0.0000,-0.0217,0.4381,0.0019,0.0219,-0.0106,0.0107,-0.0046,-7.5976,-74.9703,0.2238,-0.03645,-3.13103,0.0294,-0.1102,-0.1085,0.0066,0.00000,0.00000
206,8.2400,0.3288,0.0000,-0.0217,0.4384,-0.0002,0.0082,-0.0006,0.0028,-0.0408,-7.6151,-74.9698,0.2235,-0.03643,-3.13091,0.0172,-0.0959,-0.0827,0.0133,0.00000,0.00000
207,8.2800,0.3288,0.0000,-0.0217,0.4379,0.0007,0.0136,-0.0050,0.0183,-0.0457,-7.6326,-74.9693,0.2231,-0.03598,-3.13101,0.0204,-0.1018,-0.0943,0.0147,0.00000,0.00000
208,8.3200,0.3288,0.0000,-0.0217,0.4386,0.0011,0.0226,-0.0071,0.0287,-0.0366,-7.6501,-74.9689,0.2230,-0.03503,-3.13085,0.0176,-0.1071,-0.0962,0.0085,0.00000,0.00000
209,8.3600,0.3288,0.0000,-0.0217,0.4405,-0.0007,0.0234,0.0019,0.0139,-0.0448,-7.6677,-74.9684,0.2230,-0.03431,-3.13090,0.0224,-0.1033,-0.0910,0.0175,0.00000,0.00000
210,8.4000,0.3288,0.0000,-0.0217,0.4418,0.0001,0.0207,-0.0022,0.0074,-0.0435,-7.6853,-74.9678,0.2230,-0.03397,-3.13109,0.0216,-0.1038,-0.0933,0.0055,0.00000,0.00000
211,8.4400,0.3288,0.0000,-0.0217,0.4434,0.0018,0.0229,-0.0105,-0.0006,-0.0417,-7.7030,-74.9672,0.2230,-0.03394,-3.13095,0.0244,-0.1058,-0.0950,0.0156,0.00000,0.00000
212,8.4800,0.3288,0.0000,-0.0217,0.4444,-0.0002,0.0223,-0.0004,0.0056,-0.0350,-7.7207,-74.9667,0.2230,-0.03378,-3.13088,0.0229,-0.1017,-0.0947,0.0126,0.00000,0.00000
213,8.5200,0.3288,0.0000,-0.0217,0.4466,0.0002,0.0212,-0.0023,-0.0144,-0.0375,-7.7385,-74.9660,0.2230,-0.03411,-3.13099,0.0248,-0.1029,-0.0949,0.0105,0.00000,0.00000
214,8.5600,0.3288,0.0000,-0.0217,0.4479,0.0011,0.0209,-0.0068,-0.0209,-0.0297,-7.7563,-74.9654,0.2230,-0.03489,-3.13093,0.0231,-0.1036,-0.0952,0.0084,0.00000,0.00000
215,8.6000,0.3288,0.0000,-0.0217,0.4486,0.0018,0.0212,-0.0108,-0.0192,-0.0425,-7.7742,-74.9648,0.2229,-0.03574,-3.13072,0.0258,-0.1029,-0.0939,0.0127,0.00000,0.00000
216,8.6400,0.3288,0.0000,-0.0217,0.4489,0.0003,0.0218,-0.0032,-0.0108,-0.0334,-7.7920,-74.9642,0.2230,-0.03624,-3.13059,0.0242,-0.1027,-0.0983,0.0098,0.00000,0.00000
217,8.6800,0.3288,0.0000,-0.0217,0.4486,0.0002,0.0230,-0.0026,0.0096,-0.0314,-7.8099,-74.9635,0.2230,-0.03629,-3.13066,0.0242,-0.1067,-0.0972,0.0122,0.00000,0.00000
218,8.7200,0.3288,0.0000,-0.0217,0.4492,0.0008,0.0188,-0.0057,0.0045,-0.0423,-7.8279,-74.9628,0.2230,-0.03603,-3.13062,0.0243,-0.1003,-0.0921,0.0090,0.00000,0.00000
219,8.7600,0.3288,0.0000,-0.0217,0.4498,0.0015,0.0202,-0.0092,0.0043,-0.0295,-7.8458,-74.9621,0.2230,-0.03596,-3.13046,0.0239,-0.1054,-0.0941,0.0125,0.00000,0.00000
220,8.8000,0.3288,0.0000,-0.0217,0.4510,0.0001,0.0223,-0.0020,-0.0035,-0.0339,-7.8638,-74.9614,0.2230,-0.03590,-3.13036,0.0251,-0.1027,-0.0975,0.0144,0.00000,0.00000
221,8.8400,0.3288,0.0000,-0.0217,0.4520,0.0007,0.0229,-0.0052,-0.0090,-0.0487,-7.8818,-74.9606,0.2230,-0.03628,-3.13040,0.0288,-0.1029,-0.0930,0.0115,0.00000,0.00000
222,8.8800,0.3288,0.0000,-0.0217,0.4526,-0.0021,0.0270,0.0091,-0.0080,-0.0334,-7.8998,-74.9598,0.2232,-0.03647,-3.13061,0.0255,-0.1079,-0.1095,0.0191,0.00000,0.00000
223,8.9200,0.3288,0.0000,-0.0217,0.4532,-0.0018,0.0227,0.0077,-0.0130,-0.0302,-7.9178,-74.9588,0.2234,-0.03704,-3.13116,0.0248,-0.1073,-0.1015,0.0072,0.00000,0.00000
224,8.9600,0.3288,0.0000,-0.0217,0.4524,-0.0014,0.0222,0.0055,0.0021,-0.0381,-7.9359,-74.9579,0.2235,-0.03718,-3.13158,0.0252,-0.1061,-0.1065,0.0226,0.00000,0.00000
225,9.0000,0.3288,0.0000,-0.0217,0.4525,0.0009,0.0221,-0.0058,0.0030,-0.0363,-7.9539,-74.9571,0.2236,-0.03712,-3.13171,0.0255,-0.1083,-0.1048,0.0102,0.00000,0.00000
226,9.0400,0.3288,0.0000,-0.0217,0.4537,0.0008,0.0198,-0.0108,-0.0226,-0.0400,-7.9720,-74.9562,0.2236,-0.03764,-3.13155,0.0261,-0.1061,-0.1034,0.0180,0.00000,0.00000
227,9.0800,0.3288,0.0000,-0.0217,0.4533,-0.0018,0.0196,0.0076,-0.0195,-0.0322,-7.9900,-74.9553,0.2236,-0.03832,-3.13178,0.0232,-0.1052,-0.1102,0.0147,0.00000,0.00000
228,9.1200,0.3288,0.0000,-0.0217,0.4499,0.0009,0.0219,-0.0059,0.0167,-0.0570,-8.0080,-74.9543,0.2236,-0.03849,-3.13207,0.0247,-0.1098,-0.1073,0.0102,0.00000,0.00000
229,9.1600,0.3288,0.0000,-0.0217,0.4502,0.0031,0.0218,-0.0171,0.0046,-0.0384,-8.0260,-74.9535,0.2237,-0.03809,-3.13165,0.0258,-0.1108,-0.1085,0.0106,0.00000,0.00000
230,9.2000,0.3288,0.0000,-0.0217,0.4506,0.0002,0.0184,-0.0022,-0.0105,-0.0260,-8.0439,-74.9527,0.2237,-0.03824,-3.13142,0.0257,-0.1067,-0.1079,0.0150,0.00000,0.00000
231,9.2400,0.3288,0.0000,-0.0217,0.4500,-0.0008,0.0212,0.0025,-0.0003,-0.0409,-8.0619,-74.9516,0.2237,-0.03847,-3.13165,0.0269,-0.1080,-0.1087,0.0170,0.00000,0.00000
232,9.2800,0.3288,0.0000,-0.0217,0.4503,-0.0004,0.0214,0.0008,-0.0118,-0.0287,-8.0798,-74.9506,0.2237,-0.03873,-3.13184,0.0240,-0.1099,-0.1108,0.0079,0.00000,0.00000
233,9.3200,0.3288,0.0000,-0.0217,0.4493,-0.0006,0.0219,0.0018,-0.0031,-0.0235,-8.0977,-74.9496,0.2238,-0.03902,-3.13206,0.0280,-0.1092,-0.1113,0.0184,0.00000,0.00000
234,9.3600,0.3288,0.0000,-0.0217,0.4486,0.0004,0.0191,-0.0034,-0.0013,-0.0371,-8.1156,-74.9485,0.2238,-0.03911,-3.13218,0.0259,-0.1076,-0.1090,0.0108,0.00000,0.00000
235,9.4000,0.3288,0.0000,-0.0217,0.4482,0.0004,0.0199,-0.0034,-0.0048,-0.0292,-8.1335,-74.9475,0.2238,-0.03925,-3.13217,0.0261,-0.1094,-0.1111,0.0166,0.00000,0.00000
236,9.4400,0.3288,0.0000,-0.0217,0.4478,0.0002,0.0211,-0.0024,-0.0056,-0.0313,-8.1513,-74.9465,0.2239,-0.03946,-3.13222,0.0281,-0.1091,-0.1108,0.0158,0.00000,0.00000
237,9.4800,0.3288,0.0000,-0.0217,0.4465,-0.0006,0.0188,0.0015,0.0040,-0.0078,-8.1691,-74.9454,0.2239,-0.03939,-3.13237,0.0242,-0.1090,-0.1144,0.0070,0.00000,0.00000
238,9.5200,0.3288,0.0000,-0.0217,0.4460,0.0009,0.0175,-0.0057,-0.0031,-0.0167,-8.1869,-74.9443,0.2238,-0.03951,-3.13241,0.0266,-0.1080,-0.1083,0.0157,0.00000,0.00000
239,9.5600,0.3288,0.0000,-0.0217,0.4449,0.0004,0.0243,-0.0032,0.0088,-0.0286,-8.2046,-74.9433,0.2239,-0.03918,-3.13235,0.0287,-0.1108,-0.1213,0.0171,0.00000,0.00000
240,9.6000,0.3288,0.0000,-0.0217,0.4434,-0.0028,0.0252,0.0129,0.0282,0.0354,-8.2223,-74.9421,0.2241,-0.03830,-3.13270,0.0165,-0.1217,-0.1310,-0.0007,0.00000,0.00000
241,9.6400,0.3288,0.0000,-0.0217,0.4401,0.0014,0.0223,-0.0078,0.0776,-0.0077,-8.2400,-74.9410,0.2242,-0.03621,-3.13300,0.0154,-0.1274,-0.1291,0.0021,0.00000,0.00000
242,9.6800,0.3288,0.0000,-0.0217,0.4403,0.0031,0.0240,-0.0169,0.0795,-0.0087,-8.2576,-74.9401,0.2243,-0.03308,-3.13246,0.0114,-0.1287,-0.1256,0.0071,0.00000,0.00000
243,9.7200,0.3288,0.0000,-0.0217,0.4426,0.0012,0.0259,-0.0073,0.0558,-0.0082,-8.2753,-74.9392,0.2244,-0.03051,-3.13208,0.0187,-0.1274,-0.1248,0.0115,0.00000,0.00000
244,9.7600,0.3288,0.0000,-0.0217,0.4461,-0.0023,0.0249,0.0101,0.0194,0.0042,-8.2930,-74.9381,0.2244,-0.02916,-3.13227,0.0179,-0.1219,-0.1230,0.0105,0.00000,0.00000
245,9.8000,0.3288,0.0000,-0.0217,0.4466,0.0008,0.0245,-0.0050,0.0425,0.0010,-8.3109,-74.9370,0.2244,-0.02801,-3.13258,0.0143,-0.1301,-0.1286,-0.0045,0.00000,0.00000
246,9.8400,0.3288,0.0000,-0.0217,0.4461,0.0039,0.0227,-0.0213,0.0888,0.0578,-8.3287,-74.9361,0.2244,-0.02526,-3.13207,-0.0021,-0.1422,-0.1364,-0.0185,0.00000,0.00000
247,9.8800,0.3288,0.0000,-0.0217,0.4487,0.0054,0.0215,-0.0287,0.0916,0.0256,-8.3467,-74.9354,0.2242,-0.02174,-3.13108,0.0020,-0.1385,-0.1316,-0.0075,0.00000,0.00000
248,9.9200,0.3288,0.0000,-0.0217,0.4541,0.0045,0.0253,-0.0242,0.0640,0.0191,-8.3648,-74.9346,0.2240,-0.01876,-3.13004,-0.0009,-0.1409,-0.1332,-0.0233,0.00000,0.00000
249,9.9600,0.6518,0.0000,0.0526,-0.0294,-0.0433,0.0000,0.0365,0.0208,-0.0338,3.9587,-76.2860,1.1963,0.00000,0.00000,0.0041,-0.1403,-0.1347,-0.0048,0.00000,0.00000
250,10.0000,0.6518,0.0000,0.0526,-0.1033,-0.0510,-0.2919,0.2694,2.6739,-0.1737,3.9568,-76.2891,1.1912,0.10709,0.00841,1.4641,0.8755,-1.3904,-0.4508,0.00000,0.00000
251,10.0400,0.6518,0.0000,0.0526,0.1600,-0.0761,-0.7892,1.0189,1.2514,-2.4623,3.9593,-76.2907,1.1658,0.15392,0.02854,1.9282,3.4187,0.8284,1.6607,0.00000,0.00000
252,10.0800,0.6518,0.0000,0.0526,0.3307,-0.0880,-1.2826,0.8943,1.9882,-2.9660,3.9621,-76.2921,1.1217,0.22337,0.03259,3.9579,3.6092,1.0543,3.1703,0.00000,0.00000
253,10.1200,0.6518,0.0000,0.0526,0.4680,-0.0533,-1.5569,-0.6856,0.7143,0.0580,3.9659,-76.2923,1.0620,0.25589,0.01163,1.6167,1.9736,0.8665,1.7601,0.00000,0.00000
254,10.1600,0.6518,0.0000,0.0526,0.5742,0.0041,-1.8649,-1.1814,0.7929,2.5547,3.9672,-76.2918,0.9927,0.28900,-0.01545,-0.0232,-0.2000,-0.1427,0.0369,0.00000,0.00000
255,10.2000,0.6518,0.0000,0.0526,0.1860,0.0783,0.2477,-0.3885,0.6967,0.0469,3.9723,-76.2856,0.9688,0.31790,-0.02315,-0.0283,-0.8607,-0.4734,0.2491,0.00000,0.00000
256,10.2400,0.6518,0.0000,0.0526,0.3222,0.0520,0.2908,-0.3014,-0.7472,0.3752,3.9837,-76.2778,0.9764,0.31307,-0.03253,0.3664,-0.4060,-0.4248,-0.5189,0.00000,0.00000
257,10.2800,0.6518,0.0000,0.0526,0.4843,-0.0268,0.0022,0.0787,-1.2955,0.5001,3.9989,-76.2704,0.9756,0.25844,-0.02789,-0.3841,-0.7742,-0.3354,-0.3507,0.00000,0.00000
258,10.3200,0.6518,0.0000,0.0526,0.5248,-0.0581,0.0081,0.2862,-1.1678,0.0788,4.0168,-76.2650,0.9691,0.20280,-0.01582,-0.3681,-0.6017,-0.1439,-0.0393,0.00000,0.00000
259,10.3600,0.6518,0.0000,0.0526,0.5520,-0.0052,0.1417,0.0247,-0.9334,-0.0358,4.0361,-76.2581,0.9671,0.16456,-0.01024,-0.0287,-0.1431,0.0124,0.0759,0.00000,0.00000
260,10.4000,0.6518,0.0000,0.0526,0.5919,0.0018,0.1560,-0.0137,-0.8206,0.0489,4.0568,-76.2490,0.9686,0.13240,-0.01007,0.0319,-0.0940,-0.1125,0.0076,0.00000,0.00000
261,10.4400,0.6518,0.0000,0.0526,0.6306,0.0032,0.1076,-0.0210,-0.7559,0.0673,4.0790,-76.2391,0.9695,0.09994,-0.01015,0.0189,-0.1180,-0.0850,-0.0090,0.00000,0.00000
262,10.4800,0.6518,0.0000,0.0526,0.6524,0.0036,0.0805,-0.0225,-0.5668,0.0869,4.1021,-76.2288,0.9694,0.07418,-0.01057,0.0151,-0.1044,-0.0896,0.0282,0.00000,0.00000
263,10.5200,0.6518,0.0000,0.0526,0.6742,0.0023,0.0723,-0.0150,-0.4717,0.0757,4.1259,-76.2180,0.9692,0.05384,-0.01101,0.0187,-0.0988,-0.0868,0.0253,0.00000,0.00000
264,10.5600,0.6518,0.0000,0.0526,0.6934,-0.0011,0.0654,0.0025,-0.4135,0.0734,4.1506,-76.2069,0.9692,0.03640,-0.01091,0.0182,-0.0999,-0.0908,0.0169,0.00000,0.00000
265,10.6000,0.6518,0.0000,0.0526,0.7072,-0.0007,0.0593,0.0013,-0.3352,0.0693,4.1759,-76.1954,0.9694,0.02162,-0.01046,0.0244,-0.1030,-0.0910,0.0213,0.00000,0.00000
266,10.6400,0.6518,0.0000,0.0526,0.7178,0.0011,0.0494,-0.0075,-0.2681,0.0768,4.2015,-76.1836,0.9697,0.00977,-0.01040,0.0258,-0.1040,-0.0894,0.0240,0.00000,0.00000
267,10.6800,0.6518,0.0000,0.0526,0.7264,0.0028,0.0379,-0.0159,-0.2198,0.0870,4.2275,-76.1715,0.9697,0.00021,-0.01074,0.0277,-0.1041,-0.0906,0.0204,0.00000,0.00000
268,10.7200,0.6518,0.0000,0.0526,0.7325,-0.0005,0.0419,0.0010,-0.1532,0.0885,4.2538,-76.1592,0.9699,-0.00684,-0.01089,0.0311,-0.1108,-0.1061,0.0415,0.00000,0.00000
269,10.7600,0.6518,0.0000,0.0526,0.7394,-0.0009,0.0376,0.0031,-0.1310,0.0936,4.2803,-76.1467,0.9704,-0.01245,-0.01064,0.0337,-0.1122,-0.0996,0.0216,0.00000,0.00000
270,10.8000,0.6518,0.0000,0.0526,0.7444,-0.0018,0.0269,0.0079,-0.1155,0.0812,4.3070,-76.1340,0.9706,-0.01736,-0.01026,0.0333,-0.1084,-0.0980,0.0376,0.00000,0.00000
271,10.8400,0.6518,0.0000,0.0526,0.7476,0.0017,0.0236,-0.0096,-0.0849,0.0963,4.3337,-76.1211,0.9706,-0.02125,-0.01018,0.0362,-0.1133,-0.1020,0.0240,0.00000,0.00000
272,10.8800,0.6518,0.0000,0.0526,0.7519,0.0004,0.0192,-0.0029,-0.0937,0.0938,4.3606,-76.1079,0.9707,-0.02477,-0.01049,0.0344,-0.1090,-0.1013,0.0375,0.00000,0.00000
273,10.9200,0.6518,0.0000,0.0526,0.7546,-0.0006,0.0199,0.0022,-0.0766,0.0710,4.3875,-76.0947,0.9708,-0.02814,-0.01036,0.0381,-0.1119,-0.1020,0.0356,0.00000,0.00000
274,10.9600,0.6518,0.0000,0.0526,0.7555,-0.0015,0.0192,0.0064,-0.0433,0.0873,4.4145,-76.0813,0.9710,-0.03035,-0.01009,0.0331,-0.1159,-0.1057,0.0310,0.00000,0.00000
275,11.0000,0.6518,0.0000,0.0526,0.7588,-0.0028,0.0160,0.0131,-0.0734,0.0931,4.4415,-76.0679,0.9711,-0.03281,-0.00964,0.0365,-0.1146,-0.1036,0.0460,0.00000,0.00000
276,11.0400,0.6518,0.0000,0.0526,0.7603,-0.0016,0.0100,0.0075,-0.0797,0.1158,4.4686,-76.0543,0.9712,-0.03596,-0.00913,0.0352,-0.1139,-0.0982,0.0344,0.00000,0.00000
277,11.0800,0.6518,0.0000,0.0526,0.7606,-0.0014,0.0045,0.0070,-0.0797,0.1084,4.4956,-76.0405,0.9711,-0.03905,-0.00881,0.0336,-0.1084,-0.1001,0.0451,0.00000,0.00000
278,11.1200,0.6518,0.0000,0.0526,0.7591,0.0019,0.0039,-0.0095,-0.0470,0.1323,4.5225,-76.0266,0.9710,-0.04158,-0.00890,0.0308,-0.1165,-0.0953,0.0317,0.00000,0.00000
279,11.1600,0.6518,0.0000,0.0526,0.7576,0.0028,0.0013,-0.0137,-0.0266,0.1142,4.5492,-76.0124,0.9709,-0.04290,-0.00955,0.0303,-0.1117,-0.0913,0.0448,0.00000,0.00000
280,11.2000,0.6518,0.0000,0.0526,0.7577,0.0052,0.0059,-0.0259,-0.0237,0.0892,4.5759,-75.9980,0.9708,-0.04405,-0.01052,0.0336,-0.1216,-0.0881,0.0433,0.00000,0.00000
281,11.2400,0.6518,0.0000,0.0526,0.7572,0.0037,0.0043,-0.0188,-0.0134,0.0725,4.6024,-75.9835,0.9709,-0.04466,-0.01159,0.0303,-0.1198,-0.0877,0.0394,0.00000,0.00000
282,11.2800,0.6518,0.0000,0.0526,0.7580,0.0027,0.0059,-0.0141,-0.0216,0.0264,4.6289,-75.9690,0.9710,-0.04559,-0.01227,0.0337,-0.1252,-0.0835,0.0559,0.00000,0.00000
283,11.3200,0.6518,0.0000,0.0526,0.7580,0.0009,0.0062,-0.0058,-0.0119,0.0162,4.6555,-75.9545,0.9711,-0.04619,-0.01263,0.0295,-0.1273,-0.0862,0.0457,0.00000,0.00000
284,11.3600,0.6518,0.0000,0.0526,0.7564,0.0061,0.0071,-0.0321,0.0286,-0.0016,4.6820,-75.9398,0.9713,-0.04606,-0.01335,0.0353,-0.1376,-0.0774,0.0482,0.00000,0.00000
285,11.4000,0.6518,0.0000,0.0526,0.7568,0.0056,-0.0084,-0.0308,0.0262,-0.0560,4.7084,-75.9251,0.9711,-0.04505,-0.01475,0.0190,-0.1249,-0.0636,0.0456,0.00000,0.00000
286,11.4400,0.6518,0.0000,0.0526,0.7594,0.0027,0.0001,-0.0162,0.0146,-0.0695,4.7350,-75.9105,0.9708,-0.04435,-0.01558,0.0295,-0.1295,-0.0733,0.0622,0.00000,0.00000
287,11.4800,0.6518,0.0000,0.0526,0.7629,-0.0012,0.0050,0.0028,-0.0011,-0.0750,4.7618,-75.8960,0.9708,-0.04411,-0.01561,0.0271,-0.1258,-0.0730,0.0437,0.00000,0.00000
288,11.5200,0.6518,0.0000,0.0526,0.7666,-0.0047,0.0040,0.0198,-0.0341,-0.1010,4.7887,-75.8817,0.9708,-0.04502,-0.01474,0.0334,-0.1180,-0.0706,0.0623,0.00000,0.00000
289,11.5600,0.6518,0.0000,0.0526,0.7663,-0.0017,0.0073,0.0047,0.0104,-0.1137,4.8159,-75.8675,0.9710,-0.04542,-0.01376,0.0354,-0.1238,-0.0770,0.0503,0.00000,0.00000
290,11.6000,0.6518,0.0000,0.0526,0.7666,-0.0039,0.0016,0.0158,0.0326,-0.1079,4.8430,-75.8533,0.9710,-0.04440,-0.01303,0.0233,-0.1179,-0.0788,0.0575,0.00000,0.00000
291,11.6400,0.6518,0.0000,0.0526,0.7724,0.0008,0.0028,-0.0080,-0.0562,-0.1487,4.8703,-75.8392,0.9710,-0.04524,-0.01252,0.0403,-0.1195,-0.0883,0.0497,0.00000,0.00000
292,11.6800,0.6518,0.0000,0.0526,0.7765,-0.0012,-0.0026,0.0011,-0.1168,-0.1608,4.8978,-75.8250,0.9710,-0.04887,-0.01237,0.0275,-0.1145,-0.0906,0.0403,0.00000,0.00000
293,11.7200,0.6518,0.0000,0.0526,0.7791,-0.0019,-0.0104,0.0045,-0.1851,-0.2039,4.9254,-75.8111,0.9708,-0.05512,-0.01165,0.0314,-0.1095,-0.0978,0.0381,0.00000,0.00000
294,11.7600,0.6518,0.0000,0.0526,0.7754,-0.0042,-0.0093,0.0158,-0.1543,-0.1968,4.9532,-75.7975,0.9707,-0.06154,-0.01051,0.0221,-0.1139,-0.1188,0.0306,0.00000,0.00000
295,11.8000,0.6518,0.0000,0.0526,0.7700,-0.0007,-0.0212,-0.0028,-0.1326,-0.2361,4.9809,-75.7842,0.9706,-0.06736,-0.00945,0.0167,-0.1089,-0.0999,0.0234,0.00000,0.00000
296,11.8400,0.6518,0.0000,0.0526,0.7608,0.0078,-0.0321,-0.0462,-0.0825,-0.2586,5.0084,-75.7709,0.9701,-0.07138,-0.00973,0.0172,-0.1035,-0.0980,0.0087,0.00000,0.00000
297,11.8800,0.6518,0.0000,0.0526,0.7533,0.0011,-0.0280,-0.0116,-0.0601,-0.2558,5.0357,-75.7580,0.9696,-0.07360,-0.01025,0.0104,-0.0965,-0.1183,0.0334,0.00000,0.00000
298,11.9200,0.6518,0.0000,0.0526,0.7448,0.0034,-0.0228,-0.0256,-0.0057,-0.3206,5.0630,-75.7457,0.9693,-0.07505,-0.00985,0.0202,-0.0963,-0.0897,0.0104,0.00000,0.00000
299,11.9600,0.6518,0.0000,0.0526,0.7334,0.0136,-0.0147,-0.0776,0.0839,-0.3389,5.0899,-75.7334,0.9693,-0.07349,-0.01114,0.0207,-0.1122,-0.0815,0.0173,0.00000,0.00000
300,12.0000,0.6518,0.0000,0.0526,0.7227,0.0187,-0.0165,-0.1036,0.1623,-0.3555,5.1166,-75.7214,0.9692,-0.06829,-0.01413,0.0250,-0.1109,-0.0767,0.0065,0.00000,0.00000
301,12.0400,0.6518,0.0000,0.0526,0.7182,-0.0248,-0.0691,0.1111,0.2142,-0.3839,5.1434,-75.7104,0.9682,-0.06067,-0.01443,0.0345,-0.1053,-0.0705,0.0084,0.00000,0.00000
302,12.0800,0.6518,0.0000,0.0526,0.7334,-0.0328,-0.1428,0.1588,0.2439,-0.4301,5.1714,-75.7007,0.9643,-0.05585,-0.00873,0.1815,-0.2735,0.0003,-0.1467,0.00000,0.00000
303,12.1200,0.6518,0.0000,0.0526,0.7604,-0.0702,-0.2362,0.3826,0.0586,-0.5861,5.2006,-75.6915,0.9578,-0.05110,-0.00068,0.3309,-0.5363,-0.0409,-0.2427,0.00000,0.00000
304,12.1600,0.6518,0.0000,0.0526,0.7622,-0.2339,-0.4080,1.3168,-0.1308,-0.9273,5.2320,-75.6874,0.9449,-0.05162,0.03609,0.6943,-0.6349,-0.0472,-0.3107,0.00000,0.00000
305,12.2000,0.6518,0.0000,0.0526,0.7665,-0.0529,-0.0431,0.1481,0.0597,-1.1270,5.2638,-75.6855,0.9340,-0.05342,0.06747,0.8681,-0.4482,-0.1422,-0.2723,0.00000,0.00000
306,12.2400,0.6518,0.0000,0.0526,0.7819,-0.0032,-0.0269,0.0048,-0.2379,-0.6146,5.2937,-75.6785,0.9355,-0.04619,0.07090,0.2001,-0.3038,-0.4609,0.1417,0.00000,0.00000
307,12.2800,0.6518,0.0000,0.0526,0.7645,-0.0125,-0.4034,0.0558,-0.3496,-0.5154,5.3237,-75.6716,0.9259,-0.04861,0.08077,0.3417,0.0310,-0.6638,0.5483,0.00000,0.00000
308,12.3200,0.6518,0.0000,0.0526,0.7291,0.1473,-0.7012,-0.9017,-0.2088,-0.4442,5.3530,-75.6607,0.9022,-0.05648,0.06665,0.2900,0.1758,-0.4411,0.3514,0.00000,0.00000
309,12.3600,0.6518,0.0000,0.0526,0.6913,0.0894,-0.4051,-0.3805,0.1196,-0.4587,5.3805,-75.6481,0.8800,-0.05056,0.04509,0.0334,0.1564,-0.3942,0.3115,0.00000,0.00000
310,12.4000,0.6518,0.0000,0.0526,0.6866,0.0638,-0.1396,-0.3042,0.1126,-0.2679,5.4080,-75.6391,0.8703,-0.05442,0.03179,-0.1504,-0.1572,-0.0933,-0.0782,0.00000,0.00000
311,12.4400,0.6518,0.0000,0.0526,0.6626,0.0471,-0.0675,-0.2315,0.3607,-0.2688,5.4345,-75.6321,0.8666,-0.04462,0.02195,-0.1206,-0.1300,-0.0575,0.0005,0.00000,0.00000
312,12.4800,0.6518,0.0000,0.0526,0.6556,0.0504,-0.0453,-0.2517,0.3781,-0.1839,5.4605,-75.6257,0.8640,-0.02968,0.01272,-0.0468,-0.1104,-0.0697,-0.0199,0.00000,0.00000
313,12.5200,0.6518,0.0000,0.0526,0.6647,0.0101,-0.0187,-0.0533,0.2817,-0.0714,5.4866,-75.6200,0.8622,-0.01609,0.00568,-0.0417,-0.1157,-0.1344,0.0363,0.00000,0.00000
314,12.5600,0.6518,0.0000,0.0526,0.6948,-0.0279,-0.0832,0.1338,0.1341,-0.1854,5.5139,-75.6161,0.8593,-0.01211,0.00657,0.0923,-0.2240,-0.0429,-0.1030,0.00000,0.00000
315,12.6000,0.6518,0.0000,0.0526,0.7476,-0.0051,-0.2097,-0.0195,-0.2168,-0.4831,5.5429,-75.6122,0.8534,-0.01707,0.00769,0.2769,-0.5015,-0.0236,-0.2394,0.00000,0.00000
316,12.6400,0.6518,0.0000,0.0526,0.7463,-0.0603,-0.4990,0.6166,-0.2200,-0.4591,5.5727,-75.6101,0.8394,-0.02316,0.02031,0.5953,-0.7034,-0.3697,0.0571,0.00000,0.00000
317,12.6800,0.6518,0.0000,0.0526,0.7357,0.0289,-0.6384,-0.1368,-0.2989,-0.5116,5.6022,-75.6095,0.8129,-0.02173,0.03550,0.7007,-0.1802,-0.7515,0.5041,0.00000,0.00000
318,12.7200,0.6518,0.0000,0.0526,0.7041,0.1645,-0.6393,-0.6564,0.0483,-0.9408,5.6303,-75.6000,0.7834,-0.01187,0.00925,0.2366,0.4094,-0.3346,0.2841,0.00000,0.00000
319,12.7600,0.6518,0.0000,0.0526,0.7185,0.0515,-0.2692,-0.2529,-0.3843,-0.0699,5.6590,-75.5934,0.7655,-0.02890,-0.01077,-0.0949,-0.1414,-0.3199,0.0213,0.00000,0.00000
320,12.8000,0.6518,0.0000,0.0526,0.7118,-0.0404,-0.0794,0.1982,-0.1186,-0.0436,5.6878,-75.5920,0.7587,-0.04283,-0.01018,-0.1913,-0.1848,-0.0320,-0.0575,0.00000,0.00000
321,12.8400,0.6518,0.0000,0.0526,0.6913,0.0019,0.0093,-0.0115,0.1722,-0.1986,5.7160,-75.5919,0.7574,-0.04212,-0.00476,-0.0261,-0.1724,-0.0058,-0.0852,0.00000,0.00000
322,12.8800,0.6518,0.0000,0.0526,0.6778,0.0207,0.0157,-0.1057,0.3171,0.0014,5.7434,-75.5901,0.7578,-0.03016,-0.00806,-0.0266,-0.1514,-0.1022,0.0154,0.00000,0.00000
323,12.9200,0.6518,0.0000,0.0526,0.6864,0.0054,-0.0137,-0.0294,0.1608,0.0393,5.7708,-75.5884,0.7569,-0.02091,-0.01063,0.0034,-0.1076,-0.0961,0.0050,0.00000,0.00000
324,12.9600,0.6518,0.0000,0.0526,0.6959,-0.0055,0.0038,0.0264,0.0807,0.0149,5.7986,-75.5874,0.7556,-0.01668,-0.01034,-0.0035,-0.1008,-0.0959,0.0101,0.00000,0.00000
325,13.0000,0.6518,0.0000,0.0526,0.7244,-0.0186,-0.1017,0.0488,-0.0881,-0.3910,5.8270,-75.5866,0.7535,-0.01748,-0.00915,0.0593,-0.1232,-0.0528,-0.0126,0.00000,0.00000
326,13.0400,0.6518,0.0000,0.0526,0.7423,0.0004,-0.2330,-0.0128,0.1765,-0.0436,5.8566,-75.5861,0.7472,-0.01707,-0.00774,0.2861,-0.4382,-0.4419,0.1330,0.00000,0.00000
327,13.0800,0.6518,0.0000,0.0526,0.7299,-0.0016,-0.6019,0.1384,0.2877,-0.0669,5.8861,-75.5854,0.7299,-0.00306,-0.00360,0.6444,-0.4158,-0.7194,0.3731,0.00000,0.00000
328,13.1200,0.6518,0.0000,0.0526,0.7504,0.0394,-0.9508,-0.1845,0.1351,0.3513,5.9158,-75.5843,0.6929,0.00817,-0.00412,0.5694,-0.0789,-0.3550,0.2380,0.00000,0.00000
329,13.1600,0.6518,0.0000,0.0526,0.7580,0.0684,-0.4544,-0.3083,-0.3482,-0.1566,5.9457,-75.5811,0.6632,-0.00272,-0.01494,0.0116,-0.0861,-0.3218,0.1124,0.00000,0.00000
330,13.2000,0.6518,0.0000,0.0526,0.7697,0.0037,-0.0883,-0.0167,-0.1666,-0.1090,5.9762,-75.5782,0.6527,-0.01415,-0.02358,-0.2237,-0.1664,-0.1393,-0.0834,0.00000,0.00000
331,13.2400,0.6518,0.0000,0.0526,0.7868,-0.0367,0.0203,0.1846,-0.2786,-0.1913,6.0073,-75.5786,0.6511,-0.02586,-0.01836,-0.0490,-0.1742,-0.0034,-0.1314,0.00000,0.00000
332,13.2800,0.6518,0.0000,0.0526,0.7685,0.0060,0.0439,-0.0322,0.0227,-0.1705,6.0383,-75.5790,0.6521,-0.03106,-0.01454,0.0291,-0.1882,-0.0451,-0.0210,0.00000,0.00000
333,13.3200,0.6518,0.0000,0.0526,0.7595,0.0224,0.0143,-0.1142,0.1259,-0.0033,6.0687,-75.5778,0.6527,-0.02595,-0.01826,0.0403,-0.1484,-0.1148,0.0091,0.00000,0.00000
334,13.3600,0.6518,0.0000,0.0526,0.7681,-0.0014,-0.0131,0.0053,-0.0134,0.0353,6.0993,-75.5771,0.6518,-0.02346,-0.02033,0.0438,-0.1087,-0.1186,0.0213,0.00000,0.00000
335,13.4000,0.6518,0.0000,0.0526,0.7860,0.0210,-0.1588,-0.1946,-0.0904,-0.4635,6.1305,-75.5764,0.6485,-0.02801,-0.02372,0.1059,-0.1242,-0.0819,-0.0019,0.00000,0.00000
336,13.4400,0.6518,0.0000,0.0526,0.7759,0.0452,-0.4020,-0.3283,0.0188,-0.1720,6.1619,-75.5754,0.6382,-0.02710,-0.03156,0.3419,-0.3432,-0.6801,0.2897,0.00000,0.00000
337,13.4800,0.6518,0.0000,0.0526,0.7627,0.0923,-0.8273,-0.5331,0.1247,-0.2467,6.1932,-75.5735,0.6120,-0.02049,-0.05334,0.6207,-0.2445,-0.6279,0.3262,0.00000,0.00000
338,13.5200,0.6518,0.0000,0.0526,0.7953,-0.0465,-0.9291,0.2088,-0.9173,-0.2847,6.2249,-75.5748,0.5723,-0.03652,-0.05632,0.4694,-0.0888,-0.2492,0.1589,0.00000,0.00000
339,13.5600,0.6518,0.0000,0.0526,0.7470,-0.0973,-0.3499,0.4950,-0.1358,0.0311,6.2562,-75.5808,0.5476,-0.06100,-0.04015,-0.1645,-0.2158,-0.3034,0.0616,0.00000,0.00000
340,13.6000,0.6518,0.0000,0.0526,0.7516,-0.0397,0.0546,0.2018,0.2208,-0.1101,6.2866,-75.5846,0.5439,-0.06077,-0.02770,-0.1359,-0.2657,0.0051,-0.1684,0.00000,0.00000
341,13.6400,0.6518,0.0000,0.0526,0.7460,-0.0170,0.0406,0.0791,0.1329,-0.1759,6.3164,-75.5869,0.5470,-0.05323,-0.02187,-0.0052,-0.1734,-0.0204,-0.1068,0.00000,0.00000
342,13.6800,0.6518,0.0000,0.0526,0.7310,-0.0024,-0.0277,0.0106,0.1891,0.0345,6.3459,-75.5886,0.5470,-0.04617,-0.01991,0.0514,-0.1471,-0.0985,0.0415,0.00000,0.00000
343,13.7200,0.6518,0.0000,0.0526,0.7262,0.0003,-0.0328,-0.0027,0.2232,0.0581,6.3752,-75.5899,0.5453,-0.03698,-0.01995,0.0433,-0.1045,-0.1056,0.0150,0.00000,0.00000
344,13.7600,0.6518,0.0000,0.0526,0.7466,0.0085,-0.0449,-0.0476,-0.0094,-0.1126,6.4047,-75.5911,0.5435,-0.03208,-0.01990,0.0201,-0.0883,-0.0976,0.0128,0.00000,0.00000
345,13.8000,0.6518,0.0000,0.0526,0.7687,-0.0321,-0.1362,0.2093,0.0177,0.0452,6.4349,-75.5927,0.5406,-0.03034,-0.01752,0.0350,-0.0739,-0.3414,0.2695,0.00000,0.00000
346,13.8400,0.6518,0.0000,0.0526,0.7539,0.0007,-0.4385,-0.4454,0.1919,0.2364,6.4657,-75.5946,0.5297,-0.02550,-0.02338,0.4418,-0.2640,-0.5805,0.3307,0.00000,0.00000
347,13.8800,0.6518,0.0000,0.0526,0.7518,0.0316,-0.8522,-0.5871,0.1676,0.2058,6.4964,-75.5951,0.5023,-0.01597,-0.04961,0.6460,-0.2814,-0.5260,0.2566,0.00000,0.00000
348,13.9200,0.6518,0.0000,0.0526,0.7849,-0.0867,-0.8354,0.3863,-0.7860,-0.0409,6.5276,-75.5991,0.4635,-0.02846,-0.04183,0.5042,-0.1088,-0.2410,0.2051,0.00000,0.00000
349,13.9600,0.6518,0.0000,0.0526,0.7377,-0.0563,-0.2532,0.2876,0.0893,-0.0085,6.5584,-75.6037,0.4427,-0.04501,-0.02797,-0.1755,-0.2367,-0.2052,-0.0329,0.00000,0.00000
350,14.0000,0.6518,0.0000,0.0526,0.7463,-0.0116,0.0165,0.0549,0.1157,-0.0721,6.5885,-75.6054,0.4395,-0.04228,-0.02312,-0.1312,-0.2177,0.0383,-0.1406,0.00000,0.00000
351,14.0400,0.6518,0.0000,0.0526,0.7428,-0.0150,-0.0135,0.0718,0.0186,-0.0270,6.6181,-75.6067,0.4397,-0.03881,-0.02011,0.0039,-0.1304,-0.0351,-0.0357,0.00000,0.00000
352,14.0800,0.6518,0.0000,0.0526,0.7340,-0.0102,-0.0390,0.0507,0.1132,0.1018,6.6477,-75.6081,0.4380,-0.03619,-0.01735,0.0128,-0.1139,-0.0494,0.0347,0.00000,0.00000
353,14.1200,0.6518,0.0000,0.0526,0.7336,-0.0011,-0.0265,0.0049,0.1418,0.0791,6.6772,-75.6090,0.4361,-0.03058,-0.01645,0.0128,-0.0839,-0.0478,0.0169,0.00000,0.00000
354,14.1600,0.6518,0.0000,0.0526,0.7494,0.0059,-0.0158,-0.0296,0.0136,-0.0421,6.7068,-75.6096,0.4348,-0.02658,-0.01636,-0.0018,-0.0912,-0.0601,0.0169,0.00000,0.00000
355,14.2000,0.6518,0.0000,0.0526,0.7716,-0.0307,-0.1256,0.1151,0.0860,-0.1283,6.7373,-75.6104,0.4325,-0.02391,-0.01485,0.0585,-0.1233,-0.2344,0.2058,0.00000,0.00000
356,14.2400,0.6518,0.0000,0.0526,0.7683,0.0070,-0.4109,-0.3739,0.1940,0.1439,6.7685,-75.6114,0.4223,-0.01867,-0.01966,0.4161,-0.3733,-0.5118,0.2438,0.00000,0.00000
357,14.2800,0.6518,0.0000,0.0526,0.7671,0.0241,-0.8058,-0.3061,0.1656,0.0682,6.7996,-75.6115,0.3964,-0.00917,-0.03487,0.6407,-0.3618,-0.5583,0.3113,0.00000,0.00000
358,14.3200,0.6518,0.0000,0.0526,0.7806,-0.0186,-0.7319,0.0822,-0.3106,0.0267,6.8310,-75.6133,0.3589,-0.01466,-0.02996,0.5262,-0.1285,-0.2981,0.3184,0.00000,0.00000
359,14.3600,0.6518,0.0000,0.0526,0.7776,-0.0186,-0.2597,0.0981,-0.0321,-0.1360,6.8624,-75.6147,0.3396,-0.02322,-0.02770,-0.1618,-0.1365,-0.1701,-0.0124,0.00000,0.00000
360,14.4000,0.6518,0.0000,0.0526,0.7987,-0.0324,-0.0644,0.1573,-0.2003,-0.0752,6.8942,-75.6163,0.3336,-0.03170,-0.02293,-0.1227,-0.1711,0.0500,-0.1132,0.00000,0.00000
361,14.4400,0.6518,0.0000,0.0526,0.7863,-0.0180,-0.0161,0.0884,-0.0152,0.0437,6.9257,-75.6183,0.3319,-0.03520,-0.01706,0.0082,-0.1320,-0.0074,-0.0152,0.00000,0.00000
362,14.4800,0.6518,0.0000,0.0526,0.7730,0.0210,-0.0049,-0.1057,0.1857,0.1692,6.9569,-75.6187,0.3312,-0.03032,-0.01778,0.0701,-0.1064,-0.0388,-0.0104,0.00000,0.00000
363,14.5200,0.6518,0.0000,0.0526,0.7793,0.0106,-0.0183,-0.0548,0.0738,0.1794,6.9880,-75.6182,0.3299,-0.02426,-0.02171,0.0591,-0.0624,-0.0597,0.0260,0.00000,0.00000
364,14.5600,0.6518,0.0000,0.0526,0.8004,-0.0010,-0.0798,0.0012,-0.0983,-0.0466,7.0196,-75.6182,0.3280,-0.02499,-0.02251,0.0634,-0.0737,-0.0553,-0.0076,0.00000,0.00000
365,14.6000,0.6518,0.0000,0.0526,0.8066,-0.0194,-0.2997,0.2335,-0.0135,-0.0006,7.0518,-75.6190,0.3210,-0.02627,-0.01829,0.2708,-0.2308,-0.3346,0.1637,0.00000,0.00000
366,14.6400,0.6518,0.0000,0.0526,0.7872,-0.0112,-0.6704,0.0512,0.1203,0.0119,7.0840,-75.6200,0.3012,-0.02069,-0.01567,0.6037,-0.3541,-0.5280,0.3256,0.00000,0.00000
367,14.6800,0.6518,0.0000,0.0526,0.7934,-0.0099,-0.9951,0.0187,0.0266,0.5119,7.1164,-75.6211,0.2637,-0.01813,-0.01039,0.6035,-0.1000,-0.2865,0.4322,0.00000,0.00000
368,14.7200,0.6518,0.0000,0.0526,0.8050,-0.0287,-0.4941,0.1330,-0.3812,0.1632,7.1487,-75.6222,0.2332,-0.02862,-0.00668,-0.0869,-0.0317,-0.3382,0.2295,0.00000,0.00000
369,14.7600,0.6518,0.0000,0.0526,0.8291,-0.0018,-0.0466,0.0125,-0.2838,-0.1013,7.1817,-75.6218,0.2237,-0.04535,-0.00552,-0.2128,-0.2067,-0.1262,-0.1066,0.00000,0.00000
370,14.8000,0.6518,0.0000,0.0526,0.8295,-0.0355,0.0689,0.1708,-0.1510,-0.0060,7.2146,-75.6221,0.2255,-0.05309,-0.00143,-0.0587,-0.1624,-0.0630,-0.0395,0.00000,0.00000
371,14.8400,0.6518,0.0000,0.0526,0.8056,-0.0042,-0.0083,0.0197,0.0755,0.0917,7.2472,-75.6228,0.2270,-0.05461,0.00375,0.0459,-0.1205,-0.0658,-0.0092,0.00000,0.00000
372,14.8800,0.6518,0.0000,0.0526,0.7902,0.0374,-0.0439,-0.1839,0.1854,0.1466,7.2791,-75.6213,0.2258,-0.04835,-0.00049,0.0423,-0.1032,-0.0962,0.0532,0.00000,0.00000
373,14.9200,0.6518,0.0000,0.0526,0.7935,0.0258,-0.0257,-0.1300,0.1074,0.0869,7.3109,-75.6190,0.2243,-0.04217,-0.00743,0.0258,-0.0977,-0.1080,0.0554,0.00000,0.00000
374,14.9600,0.6518,0.0000,0.0526,0.8042,-0.0038,0.0089,0.0176,-0.0395,0.0882,7.3429,-75.6177,0.2239,-0.04131,-0.00946,0.0284,-0.1100,-0.1105,0.0400,0.00000,0.00000
375,15.0000,0.6518,0.0000,0.0526,0.8064,-0.0120,0.0186,0.0592,-0.0796,0.1205,7.3750,-75.6171,0.2244,-0.04410,-0.00741,0.0399,-0.1134,-0.1048,0.0123,0.00000,0.00000
376,15.0400,0.6518,0.0000,0.0526,0.8010,0.0000,0.0037,0.0003,-0.0491,0.1420,7.4070,-75.6162,0.2249,-0.04668,-0.00618,0.0465,-0.1073,-0.1013,0.0210,0.00000,0.00000
377,15.0800,0.6518,0.0000,0.0526,0.7942,0.0122,-0.0111,-0.0607,-0.0071,0.1538,7.4388,-75.6145,0.2247,-0.04739,-0.00767,0.0492,-0.1002,-0.1036,0.0145,0.00000,0.00000
378,15.1200,0.6518,0.0000,0.0526,0.7928,0.0082,-0.0124,-0.0411,-0.0399,0.1149,7.4704,-75.6124,0.2241,-0.04814,-0.00998,0.0409,-0.0969,-0.1079,0.0309,0.00000,0.00000
379,15.1600,0.6518,0.0000,0.0526,0.7910,-0.0018,-0.0009,0.0087,-0.0412,0.1202,7.5020,-75.6106,0.2240,-0.04971,-0.01057,0.0348,-0.1073,-0.1092,0.0213,0.00000,0.00000
380,15.2000,0.6518,0.0000,0.0526,0.7872,-0.0031,0.0021,0.0157,-0.0295,0.1150,7.5334,-75.6089,0.2241,-0.05107,-0.00999,0.0401,-0.1077,-0.1043,0.0162,0.00000,0.00000
381,15.2400,0.6518,0.0000,0.0526,0.7807,0.0036,-0.0009,-0.0177,0.0113,0.1232,7.5647,-75.6069,0.2243,-0.05129,-0.01010,0.0425,-0.1124,-0.1036,0.0111,0.00000,0.00000
382,15.2800,0.6518,0.0000,0.0526,0.7758,0.0034,-0.0063,-0.0169,0.0230,0.1284,7.5957,-75.6046,0.2242,-0.05035,-0.01101,0.0361,-0.1086,-0.1041,0.0233,0.00000,0.00000
383,15.3200,0.6518,0.0000,0.0526,0.7735,0.0007,-0.0131,-0.0038,0.0092,0.0683,7.6266,-75.6021,0.2238,-0.04991,-0.01143,0.0296,-0.1006,-0.0830,0.0257,0.00000,0.00000
384,15.3600,0.6518,0.0000,0.0526,0.7703,-0.0005,-0.0032,0.0022,0.0311,0.0507,7.6574,-75.5997,0.2235,-0.04900,-0.01142,0.0268,-0.1087,-0.0921,0.0267,0.00000,0.00000
385,15.4000,0.6518,0.0000,0.0526,0.7671,-0.0007,0.0111,0.0031,0.0702,0.0671,7.6880,-75.5972,0.2238,-0.04689,-0.01131,0.0285,-0.1217,-0.0954,0.0315,0.00000,0.00000
386,15.4400,0.6518,0.0000,0.0526,0.7654,-0.0013,0.0085,0.0061,0.0785,0.0791,7.7186,-75.5947,0.2241,-0.04391,-0.01112,0.0286,-0.1190,-0.0888,0.0303,0.00000,0.00000
387,15.4800,0.6518,0.0000,0.0526,0.7659,-0.0034,0.0040,0.0168,0.0524,0.0779,7.7491,-75.5921,0.2241,-0.04129,-0.01063,0.0296,-0.1116,-0.0926,0.0401,0.00000,0.00000
388,15.5200,0.6518,0.0000,0.0526,0.7664,-0.0005,0.0090,0.0022,0.0519,0.0745,7.7797,-75.5894,0.2241,-0.03933,-0.01020,0.0327,-0.1163,-0.0915,0.0333,0.00000,0.00000
389,15.5600,0.6518,0.0000,0.0526,0.7686,-0.0006,0.0097,0.0024,0.0221,0.0699,7.8102,-75.5866,0.2242,-0.03788,-0.01017,0.0305,-0.1128,-0.0924,0.0376,0.00000,0.00000
390,15.6000,0.6518,0.0000,0.0526,0.7704,-0.0022,0.0095,0.0106,0.0061,0.0731,7.8409,-75.5837,0.2243,-0.03739,-0.00983,0.0339,-0.1105,-0.0916,0.0392,0.00000,0.00000
391,15.6400,0.6518,0.0000,0.0526,0.7708,-0.0015,0.0098,0.0069,0.0166,0.0785,7.8715,-75.5806,0.2243,-0.03687,-0.00939,0.0329,-0.1111,-0.0950,0.0334,0.00000,0.00000
392,15.6800,0.6518,0.0000,0.0526,0.7736,0.0002,0.0098,-0.0015,-0.0231,0.0871,7.9022,-75.5774,0.2244,-0.03713,-0.00932,0.0360,-0.1111,-0.0958,0.0364,0.00000,0.00000
393,15.7200,0.6518,0.0000,0.0526,0.7730,0.0007,0.0085,-0.0040,0.0042,0.0882,7.9329,-75.5741,0.2244,-0.03736,-0.00936,0.0353,-0.1103,-0.0972,0.0299,0.00000,0.00000
394,15.7600,0.6518,0.0000,0.0526,0.7746,0.0023,0.0068,-0.0122,-0.0171,0.0840,7.9636,-75.5705,0.2244,-0.03770,-0.00972,0.0356,-0.1111,-0.0957,0.0307,0.00000,0.00000
395,15.8000,0.6518,0.0000,0.0526,0.7757,-0.0020,0.0075,0.0097,-0.0255,0.0957,7.9944,-75.5670,0.2243,-0.03843,-0.00975,0.0330,-0.1089,-0.1017,0.0376,0.00000,0.00000
396,15.8400,0.6518,0.0000,0.0526,0.7756,-0.0000,0.0078,-0.0002,-0.0180,0.0894,8.0251,-75.5633,0.2244,-0.03931,-0.00945,0.0385,-0.1106,-0.0992,0.0235,0.00000,0.00000
397,15.8800,0.6518,0.0000,0.0526,0.7759,0.0005,0.0059,-0.0029,-0.0314,0.0969,8.0559,-75.5595,0.2244,-0.04024,-0.00959,0.0356,-0.1096,-0.1020,0.0311,0.00000,0.00000
398,15.9200,0.6518,0.0000,0.0526,0.7755,0.0008,0.0039,-0.0042,-0.0335,0.1028,8.0866,-75.5555,0.2244,-0.04149,-0.00970,0.0380,-0.1099,-0.1027,0.0250,0.00000,0.00000
399,15.9600,0.6518,0.0000,0.0526,0.7736,0.0001,0.0055,-0.0009,-0.0109,0.1081,8.1172,-75.5514,0.2244,-0.04221,-0.00982,0.0375,-0.1106,-0.1039,0.0314,0.00000,0.00000
400,16.0000,0.6518,0.0000,0.0526,0.7722,0.0010,0.0057,-0.0051,-0.0033,0.0989,8.1478,-75.5471,0.2244,-0.04237,-0.00994,0.0407,-0.1100,-0.1040,0.0252,0.00000,0.00000
401,16.0400,0.6518,0.0000,0.0526,0.7712,0.0006,0.0010,-0.0033,-0.0091,0.1101,8.1783,-75.5427,0.2244,-0.04262,-0.01015,0.0342,-0.1101,-0.1004,0.0219,0.00000,0.00000
402,16.0800,0.6518,0.0000,0.0526,0.7684,0.0039,0.0024,-0.0200,0.0191,0.1015,8.2087,-75.5382,0.2242,-0.04229,-0.01060,0.0396,-0.1125,-0.1024,0.0182,0.00000,0.00000
403,16.1200,0.6518,0.0000,0.0526,0.7650,0.0053,0.0053,-0.0272,0.0696,0.0632,8.2390,-75.5333,0.2242,-0.04019,-0.01160,0.0347,-0.1135,-0.1051,0.0143,0.00000,0.00000
404,16.1600,0.6518,0.0000,0.0526,0.7620,0.0036,0.0110,-0.0192,0.1296,0.0707,8.2692,-75.5285,0.2242,-0.03599,-0.01250,0.0247,-0.1274,-0.1116,0.0067,0.00000,0.00000
405,16.2000,0.6518,0.0000,0.0526,0.7611,0.0051,0.0026,-0.0273,0.1481,0.0987,8.2994,-75.5235,0.2240,-0.03035,-0.01339,0.0170,-0.1243,-0.1063,-0.0277,0.00000,0.00000
406,16.2400,0.6518,0.0000,0.0526,0.7640,0.0096,-0.0016,-0.0501,0.1055,0.0766,8.3296,-75.5182,0.2233,-0.02547,-0.01503,0.0200,-0.1168,-0.1025,-0.0288,0.00000,0.00000
407,16.2800,0.6518,0.0000,0.0526,0.7675,0.0085,0.0012,-0.0458,0.0849,0.1035,8.3598,-75.5127,0.2226,-0.02169,-0.01706,0.0079,-0.1161,-0.1010,-0.0527,0.00000,0.00000
408,16.3200,0.6518,0.0000,0.0526,0.7739,0.0106,-0.0078,-0.0571,0.0034,0.1021,8.3902,-75.5071,0.2215,-0.02026,-0.01916,0.0126,-0.0977,-0.0804,-0.0838,0.00000,0.00000
409,16.3600,0.6518,0.0000,0.0526,0.7768,0.0213,-0.0148,-0.1125,-0.0304,0.0919,8.4206,-75.5011,0.2201,-0.02092,-0.02270,0.0292,-0.0782,-0.0602,-0.1192,0.00000,0.00000
410,16.4000,0.6518,0.0000,0.0526,0.7772,0.0229,-0.0008,-0.1225,-0.0179,0.1205,8.4510,-75.4946,0.2190,-0.02151,-0.02778,0.0384,-0.0793,-0.0667,-0.1145,0.00000,0.00000
411,16.4400,0.6518,0.0000,0.0526,0.7807,0.0140,0.0020,-0.0784,-0.0690,0.1762,8.4814,-75.4881,0.2182,-0.02311,-0.03205,0.0380,-0.0746,-0.0536,-0.1427,0.00000,0.00000
412,16.4800,0.6518,0.0000,0.0526,0.7834,0.0174,-0.0645,-0.0966,-0.2000,0.1037,8.5119,-75.4817,0.2160,-0.02828,-0.03553,0.1002,0.0739,0.0742,-0.2085,0.00000,0.00000
413,16.5200,0.6518,0.0000,0.0526,0.7744,0.0304,-0.1126,-0.1699,-0.2310,0.0038,8.5422,-75.4749,0.2113,-0.03552,-0.04104,0.2317,0.2869,0.2186,-0.2045,0.00000,0.00000
414,16.5600,0.6518,0.0000,0.0526,0.7515,0.0277,-0.1177,-0.1659,-0.0935,-0.1853,8.5720,-75.4683,0.2055,-0.03943,-0.04791,0.4534,0.6352,0.5028,-0.1536,0.00000,0.00000
415,16.6000,0.6518,0.0000,0.0526,0.7079,-0.0107,-0.1166,0.0391,0.1545,-0.2896,8.6009,-75.4632,0.1988,-0.03745,-0.05043,0.8298,1.3019,1.2989,0.0478,0.00000,0.00000
416,16.6400,0.6518,0.0000,0.0526,0.6185,-0.0251,0.0666,0.1282,0.4939,-0.2353,8.6276,-75.4604,0.1985,-0.02619,-0.04486,1.2017,1.3940,1.8619,0.3651,0.00000,0.00000
417,16.6800,0.6518,0.0000,0.0526,0.5971,-0.0631,0.0475,0.4433,0.3275,-0.1337,8.6522,-75.4596,0.2012,-0.00752,-0.02914,1.3775,1.4421,2.1982,0.8608,0.00000,0.00000
418,16.7200,0.6518,0.0000,0.0526,0.5880,-0.0605,-0.0069,0.2728,-0.0536,0.0303,8.6765,-75.4594,0.2016,-0.00448,-0.01428,1.3264,1.3007,2.1059,1.0227,0.00000,0.00000
419,16.7600,0.6518,0.0000,0.0526,0.5428,-0.0070,-0.0237,-0.0224,-0.3971,0.0425,8.6991,-75.4577,0.2008,-0.02023,-0.00915,1.2395,1.0636,2.0367,1.1973,0.00000,0.00000
420,16.8000,0.6518,0.0000,0.0526,0.5362,0.0314,0.0240,-0.2511,-0.9233,0.0429,8.7199,-75.4535,0.2015,-0.05875,-0.01598,1.0533,0.6449,1.6611,1.4971,0.00000,0.00000
421,16.8400,0.6518,0.0000,0.0526,0.5742,0.1027,0.5396,-0.5416,-1.5235,0.1547,8.7393,-75.4471,0.2180,-0.12223,-0.03205,0.9167,-0.6264,0.5688,1.7589,0.00000,0.00000
422,16.8800,0.6518,0.0000,0.0526,0.4699,0.1190,1.0426,-1.0376,-0.1172,0.9187,8.7541,-75.4388,0.2537,-0.13550,-0.05767,1.0150,-1.6524,-0.3421,1.0745,0.00000,0.00000
423,16.9200,0.6518,0.0000,0.0526,0.4579,0.0814,0.5117,-0.3647,-1.2755,2.2719,8.7649,-75.4295,0.2843,-0.16124,-0.10141,-0.0604,-1.1077,-0.2535,0.1871,0.00000,0.00000
424,16.9600,0.6518,0.0000,0.0526,0.3992,0.0867,-0.0608,0.7041,-0.3255,0.1418,8.7794,-75.4240,0.2890,-0.16906,-0.05919,0.0868,2.0805,0.5703,1.0003,0.00000,0.00000
425,17.0000,0.6518,0.0000,0.0526,0.3365,0.1352,-0.3715,-0.2440,-0.5571,-0.5349,8.7926,-75.4160,0.2816,-0.18760,-0.06218,0.9361,2.7568,0.9082,1.5738,0.00000,0.00000
426,17.0400,0.6518,0.0000,0.0526,0.3120,0.1467,-0.2337,-0.8196,-0.2947,-0.1381,8.8068,-75.4094,0.2667,-0.18897,-0.08179,1.4571,2.6183,1.3479,1.9460,0.00000,0.00000
427,17.0800,0.6518,0.0000,0.0526,0.3417,0.0607,-0.2653,-0.2837,0.1808,0.0125,8.8185,-75.4021,0.2595,-0.19087,-0.10384,1.6012,2.3069,1.2840,1.9321,0.00000,0.00000
428,17.1200,0.6518,0.0000,0.0526,0.3758,-0.0381,-0.5103,0.1672,0.8391,-0.0440,8.8355,-75.4000,0.2451,-0.16967,-0.10262,1.9338,1.8187,1.3244,2.0356,0.00000,0.00000
429,17.1600,0.6518,0.0000,0.0526,0.4167,-0.0036,-0.3519,-0.0100,0.3639,0.0013,8.8549,-75.3995,0.2273,-0.13431,-0.09078,1.6394,1.4124,1.2980,1.6418,0.00000,0.00000
430,17.2000,0.6518,0.0000,0.0526,0.4711,0.0538,0.0385,-0.4309,-0.2522,-0.0146,8.8727,-75.3942,0.2243,-0.14197,-0.10120,1.4275,1.2450,1.1897,1.6981,0.00000,0.00000
431,17.2400,0.6518,0.0000,0.0526,0.5805,0.0442,0.3030,-0.3214,-0.5312,-0.0203,8.8905,-75.3867,0.2352,-0.15742,-0.11599,1.2953,0.7377,0.9339,1.8324,0.00000,0.00000
432,17.2800,0.6518,0.0000,0.0526,0.6432,0.0534,0.8590,-0.3350,-0.3975,-0.0232,8.9092,-75.3780,0.2636,-0.15747,-0.12172,1.3059,-0.4661,0.1766,1.6990,0.00000,0.00000
433,17.3200,0.6518,0.0000,0.0526,0.6166,0.0105,0.7919,-0.8819,-0.9201,1.1966,8.9253,-75.3680,0.2994,-0.16490,-0.14672,1.3427,-0.3741,0.0776,1.0219,0.00000,0.00000
434,17.3600,0.6518,0.0000,0.0526,0.6647,-0.0341,0.2858,0.3317,0.4939,0.2204,8.9488,-75.3610,0.3182,-0.15302,-0.12983,1.5859,2.0766,0.0840,1.5929,0.00000,0.00000
435,17.4000,0.6518,0.0000,0.0526,0.6530,-0.0009,-0.0900,0.1265,0.2848,0.1039,8.9746,-75.3546,0.3225,-0.14969,-0.12302,1.8729,2.6283,0.4710,2.1003,0.00000,0.00000
436,17.4400,0.6518,0.0000,0.0526,0.6107,0.0027,-0.3936,0.0895,0.6404,0.1043,9.0002,-75.3490,0.3143,-0.13723,-0.12372,2.1664,2.3749,0.6359,2.3196,0.00000,0.00000
437,17.4800,0.6518,0.0000,0.0526,0.6201,-0.0163,-0.4984,0.0998,0.7849,0.0510,9.0271,-75.3447,0.2977,-0.10438,-0.11691,2.0616,1.9296,0.6360,2.1881,0.00000,0.00000
438,17.5200,0.6518,0.0000,0.0526,0.6690,-0.0169,-0.0769,0.0804,-0.9379,0.0188,9.0530,-75.3392,0.2885,-0.11310,-0.11580,1.7016,1.8432,0.6142,1.9204,0.00000,0.00000
439,17.5600,0.6518,0.0000,0.0526,0.5830,0.0199,0.0982,-0.1758,-0.0012,-0.0523,9.0769,-75.3327,0.2920,-0.13031,-0.11522,1.6278,2.0417,0.4979,2.1897,0.00000,0.00000
440,17.6000,0.6518,0.0000,0.0526,0.5612,0.0221,0.1632,-0.1731,0.3289,-0.0547,9.0976,-75.3257,0.2989,-0.10954,-0.11971,1.6616,1.9536,0.3411,2.1274,0.00000,0.00000
441,17.6400,0.6518,0.0000,0.0526,0.6675,-0.0116,0.5247,0.0485,0.4290,0.0067,9.1199,-75.3184,0.3154,-0.07272,-0.11681,1.6664,1.3729,-0.1594,2.2150,0.00000,0.00000
442,17.6800,0.6518,0.0000,0.0526,0.7354,-0.0519,0.9130,0.2300,0.2591,0.0722,9.1450,-75.3101,0.3474,-0.04529,-0.10751,1.7580,0.5124,-0.6160,2.2858,0.00000,0.00000
443,17.7200,0.6518,0.0000,0.0526,0.6312,0.0019,0.3268,-0.3962,-0.2970,0.2561,9.1687,-75.3012,0.3688,-0.08774,-0.12919,1.9168,0.7472,0.8875,1.2631,0.00000,0.00000
444,17.7600,0.6518,0.0000,0.0526,0.5797,0.0319,0.0171,-0.1607,-0.0666,0.3928,9.1913,-75.2920,0.3744,-0.12713,-0.14763,1.4246,0.5704,1.5690,1.3259,0.00000,0.00000
445,17.8000,0.6518,0.0000,0.0526,0.5392,0.0307,0.5448,-0.1382,-0.1419,-0.0192,9.2092,-75.2826,0.3903,-0.11640,-0.15444,1.5253,0.2097,0.7507,1.4543,0.00000,0.00000
446,17.8400,0.6518,0.0000,0.0526,0.6313,-0.0186,0.5663,-0.1178,-1.2074,0.4240,9.2272,-75.2736,0.4162,-0.12731,-0.15317,1.6806,0.0423,0.2395,1.2231,0.00000,0.00000
447,17.8800,0.6518,0.0000,0.0526,0.6211,0.0212,0.0262,0.8787,0.1249,-0.3028,9.2515,-75.2664,0.4254,-0.11146,-0.10656,1.4882,2.2263,0.2052,1.4118,0.00000,0.00000
448,17.9200,0.6518,0.0000,0.0526,0.6238,-0.0082,-0.1641,0.0153,0.1950,0.0290,9.2767,-75.2589,0.4207,-0.10792,-0.07980,1.8021,2.9148,0.3863,2.0674,0.00000,0.00000
449,17.9600,0.6518,0.0000,0.0526,0.6169,-0.0292,-0.2268,0.1709,0.0245,0.0162,9.3001,-75.2523,0.4149,-0.11777,-0.07853,2.0165,2.6208,0.5764,2.2637,0.00000,0.00000
450,18.0000,0.6518,0.0000,0.0526,0.6295,-0.0470,-0.3406,0.4377,0.0522,0.2038,9.3252,-75.2471,0.4052,-0.12427,-0.06918,2.0592,2.1308,0.6667,2.2955,0.00000,0.00000
451,18.0400,0.6518,0.0000,0.0526,0.5338,0.0250,-0.1607,-0.2057,0.2270,-0.0650,9.3487,-75.2409,0.3971,-0.11822,-0.06724,1.8141,2.1651,0.5987,2.2099,0.00000,0.00000
452,18.0800,0.6518,0.0000,0.0526,0.5482,0.0407,0.0876,-0.3504,-0.4214,-0.1121,9.3682,-75.2330,0.3975,-0.12363,-0.07810,1.6447,2.1552,0.5578,2.0685,0.00000,0.00000
453,18.1200,0.6518,0.0000,0.0526,0.5648,0.0340,0.1514,-0.2760,0.0108,-0.0814,9.3880,-75.2249,0.4043,-0.12746,-0.08811,1.7082,2.0468,0.4585,2.1832,0.00000,0.00000
454,18.1600,0.6518,0.0000,0.0526,0.6165,0.0502,0.3555,-0.3592,-0.0028,-0.1098,9.4083,-75.2159,0.4164,-0.11647,-0.09816,1.6446,1.7534,0.2205,2.1822,0.00000,0.00000
455,18.2000,0.6518,0.0000,0.0526,0.7854,-0.0071,0.7491,0.0197,0.1371,-0.0073,9.4317,-75.2059,0.4425,-0.09118,-0.09998,1.6038,0.9527,-0.3293,2.3389,0.00000,0.00000
456,18.2400,0.6518,0.0000,0.0526,0.6760,-0.0118,0.5741,-0.1195,0.2700,0.1011,9.4570,-75.1964,0.4702,-0.08876,-0.09784,1.8679,0.4847,-0.2444,1.9016,0.00000,0.00000
457,18.2800,0.6518,0.0000,0.0526,0.5244,0.0445,-0.0118,-0.7398,-0.3270,1.1742,9.4776,-75.1866,0.4772,-0.14385,-0.14423,1.6291,0.9563,1.7954,1.0697,0.00000,0.00000
458,18.3200,0.6518,0.0000,0.0526,0.5072,0.0510,0.1741,-0.2738,0.2489,0.0594,9.4965,-75.1769,0.4793,-0.13994,-0.16294,1.2652,0.5995,1.4120,1.2483,0.00000,0.00000
459,18.3600,0.6518,0.0000,0.0526,0.5233,0.0146,0.6443,-0.0639,-0.2633,-0.0201,9.5111,-75.1667,0.5008,-0.12584,-0.16892,1.5990,0.1488,0.6833,1.4315,0.00000,0.00000
460,18.4000,0.6518,0.0000,0.0526,0.5616,-0.0017,0.6353,0.0527,-1.0427,0.1551,9.5272,-75.1571,0.5299,-0.14163,-0.16363,1.7058,-0.0415,0.1202,1.1923,0.00000,0.00000
461,18.4400,0.6518,0.0000,0.0526,0.5632,0.0477,0.1088,1.0360,0.0064,-0.2350,9.5476,-75.1487,0.5420,-0.12504,-0.10902,1.4454,2.2200,0.1576,1.3726,0.00000,0.00000
462,18.4800,0.6518,0.0000,0.0526,0.5802,-0.0090,-0.1886,0.1906,0.4215,-0.0636,9.5697,-75.1400,0.5391,-0.13136,-0.07287,1.7116,2.9096,0.3943,2.0643,0.00000,0.00000
463,18.5200,0.6518,0.0000,0.0526,0.5755,-0.0256,-0.2493,0.0806,-0.0446,-0.0110,9.5928,-75.1334,0.5310,-0.12956,-0.07289,2.0298,2.6200,0.5889,2.2628,0.00000,0.00000
464,18.5600,0.6518,0.0000,0.0526,0.5990,-0.0541,-0.3256,0.3879,0.0221,0.1339,9.6166,-75.1276,0.5215,-0.13573,-0.06419,2.0512,2.1389,0.6553,2.3054,0.00000,0.00000
465,18.6000,0.6518,0.0000,0.0526,0.5176,0.0214,-0.1670,-0.1867,0.0899,-0.0565,9.6391,-75.1207,0.5138,-0.13634,-0.06165,1.7608,2.2927,0.6299,2.2313,0.00000,0.00000
466,18.6400,0.6518,0.0000,0.0526,0.4900,0.0680,0.0238,-0.5807,0.0894,-0.1770,9.6572,-75.1121,0.5125,-0.12764,-0.07651,1.6566,2.3151,0.5793,2.1090,0.00000,0.00000
467,18.6800,0.6518,0.0000,0.0526,0.5785,0.0326,0.1387,-0.2685,-0.2277,-0.0839,9.6756,-75.1029,0.5176,-0.12890,-0.09152,1.6763,2.0477,0.4983,2.0629,0.00000,0.00000
468,18.7200,0.6518,0.0000,0.0526,0.6105,0.0337,0.2436,-0.2537,0.1247,-0.0754,9.6966,-75.0938,0.5273,-0.12356,-0.09854,1.6703,1.8758,0.3129,2.1497,0.00000,0.00000
469,18.7600,0.6518,0.0000,0.0526,0.7033,0.0375,0.5716,-0.2412,0.2458,-0.0839,9.7186,-75.0831,0.5467,-0.09875,-0.10541,1.5859,1.3529,-0.1027,2.2422,0.00000,0.00000
470,18.8000,0.6518,0.0000,0.0526,0.8162,-0.0475,0.8954,0.2186,0.3670,0.0656,9.7445,-75.0721,0.5796,-0.06418,-0.09963,1.6235,0.4662,-0.6327,2.2209,0.00000,0.00000
471,18.8400,0.6518,0.0000,0.0526,0.6795,0.0060,0.3283,-0.5455,-0.0453,0.2196,9.7696,-75.0609,0.6014,-0.09677,-0.12625,1.9126,0.5812,0.8162,1.1915,0.00000,0.00000
472,18.8800,0.6518,0.0000,0.0526,0.5869,0.0783,0.1764,-0.3550,0.1613,0.0943,9.7925,-75.0492,0.6089,-0.11766,-0.15112,1.5728,0.3874,1.3683,1.3272,0.00000,0.00000
473,18.9200,0.6518,0.0000,0.0526,0.5455,0.0989,0.5524,-0.3931,-0.5951,-0.0557,9.8083,-75.0360,0.6270,-0.11776,-0.17218,1.5814,0.0422,0.8629,1.3536,0.00000,0.00000
474,18.9600,0.6518,0.0000,0.0526,0.5505,0.0670,0.5840,-0.3730,-0.7336,0.1564,9.8242,-75.0232,0.6530,-0.12755,-0.18050,1.6199,-0.0139,0.1764,1.1527,0.00000,0.00000
475,19.0000,0.6518,0.0000,0.0526,0.5804,0.1182,0.0244,0.8997,0.4932,-0.5550,9.8453,-75.0122,0.6608,-0.09323,-0.13112,1.5297,2.4767,0.2266,1.4300,0.00000,0.00000
476,19.0400,0.6518,0.0000,0.0526,0.5756,0.0862,-0.2527,-0.0184,0.7708,-0.2712,9.8666,-75.0007,0.6540,-0.08153,-0.10412,1.8726,2.9055,0.3550,1.9230,0.00000,0.00000
477,19.0800,0.6518,0.0000,0.0526,0.7043,-0.0064,-0.1651,0.0405,-0.1241,0.0233,9.8925,-74.9928,0.6451,-0.06326,-0.11232,2.0588,2.5296,0.4368,2.1002,0.00000,0.00000
478,19.1200,0.6518,0.0000,0.0526,0.7856,-0.0835,-0.2361,0.5964,-0.4047,0.2431,9.9220,-74.9864,0.6387,-0.08617,-0.10068,2.1223,2.0619,0.6027,2.1822,0.00000,0.00000
479,19.1600,0.6518,0.0000,0.0526,0.6249,-0.0179,-0.1426,0.0952,-0.2540,0.0335,9.9502,-74.9804,0.6328,-0.10459,-0.08835,1.8385,2.0571,0.6046,2.1366,0.00000,0.00000
480,19.2000,0.6518,0.0000,0.0526,0.5251,0.0415,0.0252,-0.3417,-0.1697,-0.1092,9.9715,-74.9730,0.6317,-0.10953,-0.09274,1.6379,2.2750,0.5406,2.1319,0.00000,0.00000
481,19.2400,0.6518,0.0000,0.0526,0.5513,0.0347,0.1189,-0.2719,-0.2041,-0.0823,9.9905,-74.9648,0.6358,-0.11174,-0.10315,1.6834,2.1026,0.4717,2.1588,0.00000,0.00000
482,19.2800,0.6518,0.0000,0.0526,0.6292,0.0318,0.3537,-0.2294,-0.1326,-0.0712,10.0109,-74.9559,0.6472,-0.10727,-0.10978,1.6686,1.7830,0.2089,2.1707,0.00000,0.00000
483,19.3200,0.6518,0.0000,0.0526,0.7874,-0.0264,0.8164,0.1279,0.2996,0.0310,10.0350,-74.9460,0.6749,-0.07585,-0.10608,1.6361,0.9315,-0.4453,2.3795,0.00000,0.00000
484,19.3600,0.6518,0.0000,0.0526,0.6186,0.0143,0.5269,-0.2079,0.5512,0.0788,10.0596,-74.9358,0.7018,-0.07258,-0.10486,1.9459,0.5319,-0.2161,1.8468,0.00000,0.00000
485,19.4000,0.6518,0.0000,0.0526,0.5024,0.0760,-0.0622,-0.8640,-0.3849,1.1865,10.0789,-74.9249,0.7059,-0.12490,-0.15613,1.6198,1.0468,1.9964,1.0575,0.00000,0.00000
486,19.4400,0.6518,0.0000,0.0526,0.5238,0.0593,0.1775,-0.2992,0.0924,0.0323,10.0973,-74.9144,0.7069,-0.12026,-0.18246,1.2680,0.5692,1.3577,1.2299,0.00000,0.00000
487,19.4800,0.6518,0.0000,0.0526,0.5515,0.0012,0.6509,0.0019,-0.2892,-0.0224,10.1129,-74.9035,0.7282,-0.10866,-0.18699,1.5967,0.1725,0.6977,1.4300,0.00000,0.00000
488,19.5200,0.6518,0.0000,0.0526,0.5669,0.0003,0.6359,-0.0666,-0.9750,0.1324,10.1298,-74.8928,0.7573,-0.12993,-0.18167,1.6177,-0.0245,0.1858,1.1644,0.00000,0.00000
489,19.5600,0.6518,0.0000,0.0526,0.5919,0.0583,0.0945,0.8586,-0.2379,-0.3385,10.1507,-74.8832,0.7687,-0.12328,-0.13340,1.3150,2.2457,0.3041,1.3782,0.00000,0.00000
490,19.6000,0.6518,0.0000,0.0526,0.5808,0.0053,-0.1913,-0.0439,0.4391,-0.1637,10.1724,-74.8735,0.7656,-0.13318,-0.10614,1.7046,2.6903,0.4711,2.0202,0.00000,0.00000
491,19.6400,0.6518,0.0000,0.0526,0.6041,-0.0408,-0.1427,0.0472,0.1422,-0.1269,10.1944,-74.8659,0.7614,-0.13228,-0.11228,2.0375,2.4200,0.5413,2.1919,0.00000,0.00000
492,19.6800,0.6518,0.0000,0.0526,0.6584,-0.0736,-0.2146,0.4829,0.1912,0.1427,10.2197,-74.8599,0.7572,-0.13328,-0.10162,2.0896,1.8867,0.5482,2.3160,0.00000,0.00000
493,19.7200,0.6518,0.0000,0.0526,0.5773,0.0007,-0.1436,-0.0152,0.0829,-0.0078,10.2445,-74.8532,0.7521,-0.13272,-0.09354,1.8232,1.9956,0.5828,2.1984,0.00000,0.00000
494,19.7600,0.6518,0.0000,0.0526,0.5739,0.0341,0.0268,-0.2710,-0.2288,-0.0844,10.2656,-74.8448,0.7514,-0.13028,-0.09999,1.6461,2.1119,0.5322,2.1024,0.00000,0.00000
495,19.8000,0.6518,0.0000,0.0526,0.6556,-0.0122,0.1570,0.0649,-0.1901,0.0146,10.2876,-74.8363,0.7578,-0.13179,-0.10101,1.6801,1.8992,0.3580,2.1194,0.00000,0.00000
496,19.8400,0.6518,0.0000,0.0526,0.7153,-0.0114,0.4386,0.0535,0.0990,0.0141,10.3117,-74.8275,0.7733,-0.11792,-0.09436,1.6505,1.5631,-0.0133,2.1990,0.00000,0.00000
497,19.8800,0.6518,0.0000,0.0526,0.7957,-0.0772,1.0797,0.3541,0.8407,0.1182,10.3377,-74.8182,0.8097,-0.06067,-0.07921,1.6679,0.5301,-0.9224,2.3712,0.00000,0.00000
498,19.9200,0.6518,0.0000,0.0526,0.6952,-0.0394,0.4975,-0.4299,0.2638,0.0342,10.3635,-74.8079,0.8385,-0.07319,-0.09866,1.9238,0.7721,0.4185,1.2521,0.00000,0.00000
499,19.9600,0.3950,0.0000,-0.2108,0.0514,-0.0158,0.0000,0.0275,-0.0045,0.0347,12.1088,-76.1828,1.2538,0.00000,0.00000,1.7384,0.5344,0.9912,1.3431,0.00000,0.00000
500,20.0000,0.3950,0.0000,-0.2108,0.0216,-0.0261,-0.2819,0.3546,1.2931,-0.2226,12.1079,-76.1841,1.2483,0.05477,0.18970,0.9466,0.3180,-0.8674,0.0538,0.00000,0.00000
501,20.0400,0.3950,0.0000,-0.2108,0.1428,-0.0346,-0.7853,0.3560,0.8600,-1.3832,12.1068,-76.1876,1.2225,0.08516,2.23408,1.2683,1.4655,0.5366,1.0682,0.00000,0.00000
502,20.0800,0.3950,0.0000,-0.2108,0.2044,-0.0323,-1.1438,0.2986,0.4072,-2.1886,12.1065,-76.1908,1.1831,0.10704,2.94634,2.0117,1.2624,0.7711,1.7792,0.00000,0.00000
503,20.1200,0.3950,0.0000,-0.2108,0.2543,-0.0406,-1.5538,0.0110,-0.1258,-0.1739,12.1057,-76.1946,1.1265,0.10318,2.96029,1.2272,0.7605,0.4539,1.4397,0.00000,0.00000
504,20.1600,0.3950,0.0000,-0.2108,0.2461,-0.0021,-2.0515,-0.5936,-0.0215,1.7360,12.1063,-76.1966,1.0504,0.09656,3.09753,0.1401,0.4150,0.6901,0.1173,0.00000,0.00000
505,20.2000,0.3950,0.0000,-0.2108,0.1749,0.0468,-0.1071,-0.2707,0.2947,0.0200,12.1074,-76.2017,1.0126,0.09930,0.61454,-0.3733,-0.3151,-0.2939,0.3103,0.00000,0.00000
506,20.2400,0.3950,0.0000,-0.2108,0.2804,0.0479,0.2357,-0.1330,-0.4883,-0.4037,12.1107,-76.2110,1.0171,0.10081,-1.05793,-0.2781,-0.5742,-0.4919,-0.8306,0.00000,0.00000
507,20.2800,0.3950,0.0000,-0.2108,0.3415,-0.0714,0.1810,0.3691,-0.5593,-0.2057,12.1095,-76.2242,1.0230,0.07086,-2.68833,-0.4896,-0.7701,-0.3394,-0.1085,0.00000,0.00000
508,20.3200,0.3950,0.0000,-0.2108,0.3423,0.0170,0.1461,-0.0911,-0.2869,-0.2014,12.1078,-76.2377,1.0270,0.05518,3.00793,0.0530,-0.2590,-0.0516,0.0426,0.00000,0.00000
509,20.3600,0.3950,0.0000,-0.2108,0.3513,0.0364,0.0243,-0.1841,-0.1309,-0.0747,12.1090,-76.2513,1.0279,0.05049,-2.99133,0.0244,-0.0780,-0.0869,0.0506,0.00000,0.00000
510,20.4000,0.3950,0.0000,-0.2108,0.3814,0.0155,0.0180,-0.0773,-0.2422,-0.1802,12.1098,-76.2658,1.0261,0.04202,-2.84839,0.0305,-0.0902,-0.0909,0.0722,0.00000,0.00000
511,20.4400,0.3950,0.0000,-0.2108,0.4068,-0.0026,0.0692,0.0152,-0.2390,-0.2546,12.1095,-76.2815,1.0259,0.03237,-2.87534,0.0126,-0.1113,-0.0952,0.0186,0.00000,0.00000
512,20.4800,0.3950,0.0000,-0.2108,0.4260,-0.0094,0.0735,0.0470,-0.2221,-0.2362,12.1085,-76.2980,1.0270,0.02270,-2.95282,0.0186,-0.1215,-0.0864,0.0088,0.00000,0.00000
513,20.5200,0.3950,0.0000,-0.2108,0.4374,-0.0018,0.0457,0.0079,-0.1688,-0.2247,12.1073,-76.3151,1.0275,0.01475,-3.00052,0.0279,-0.1049,-0.0808,0.0224,0.00000,0.00000
514,20.5600,0.3950,0.0000,-0.2108,0.4477,0.0068,0.0321,-0.0352,-0.1340,-0.1969,12.1064,-76.3327,1.0273,0.00877,-3.00621,0.0289,-0.0998,-0.0874,0.0263,0.00000,0.00000
515,20.6000,0.3950,0.0000,-0.2108,0.4608,0.0064,0.0365,-0.0327,-0.1514,-0.2327,12.1055,-76.3507,1.0270,0.00295,-3.00083,0.0325,-0.0988,-0.0916,0.0333,0.00000,0.00000
516,20.6400,0.3950,0.0000,-0.2108,0.4719,0.0003,0.0400,-0.0027,-0.1432,-0.2422,12.1042,-76.3692,1.0271,-0.00311,-3.00903,0.0299,-0.1011,-0.0873,0.0217,0.00000,0.00000
517,20.6800,0.3950,0.0000,-0.2108,0.4801,-0.0020,0.0355,0.0084,-0.1291,-0.2311,12.1025,-76.3881,1.0272,-0.00868,-3.02554,0.0296,-0.1022,-0.0920,0.0174,0.00000,0.00000
518,20.7200,0.3950,0.0000,-0.2108,0.4862,-0.0001,0.0374,-0.0013,-0.1014,-0.2510,12.1006,-76.4072,1.0274,-0.01345,-3.03876,0.0306,-0.1101,-0.0979,0.0331,0.00000,0.00000
519,20.7600,0.3950,0.0000,-0.2108,0.4924,0.0051,0.0334,-0.0284,-0.0933,-0.2722,12.0987,-76.4266,1.0276,-0.01774,-3.04386,0.0320,-0.1137,-0.0821,0.0254,0.00000,0.00000
520,20.8000,0.3950,0.0000,-0.2108,0.4976,0.0047,0.0249,-0.0269,-0.0955,-0.2641,12.0967,-76.4462,1.0277,-0.02159,-3.04448,0.0355,-0.1064,-0.0838,0.0323,0.00000,0.00000
521,20.8400,0.3950,0.0000,-0.2108,0.5029,0.0059,0.0271,-0.0332,-0.0985,-0.2764,12.0944,-76.4660,1.0277,-0.02587,-3.04485,0.0408,-0.1151,-0.0805,0.0388,0.00000,0.00000
522,20.8800,0.3950,0.0000,-0.2108,0.5068,0.0025,0.0278,-0.0170,-0.0893,-0.2737,12.0919,-76.4860,1.0278,-0.02963,-3.04700,0.0379,-0.1143,-0.0856,0.0362,0.00000,0.00000
523,20.9200,0.3950,0.0000,-0.2108,0.5103,0.0014,0.0227,-0.0117,-0.0951,-0.2570,12.0890,-76.5060,1.0280,-0.03364,-3.05218,0.0387,-0.1179,-0.0821,0.0314,0.00000,0.00000
524,20.9600,0.3950,0.0000,-0.2108,0.5120,0.0034,0.0175,-0.0219,-0.0899,-0.2707,12.0860,-76.5261,1.0280,-0.03747,-3.05592,0.0416,-0.1143,-0.0826,0.0334,0.00000,0.00000
525,21.0000,0.3950,0.0000,-0.2108,0.5137,0.0063,0.0197,-0.0374,-0.0905,-0.2871,12.0828,-76.5462,1.0281,-0.04132,-3.05640,0.0454,-0.1210,-0.0832,0.0362,0.00000,0.00000
526,21.0400,0.3950,0.0000,-0.2108,0.5127,0.0053,0.0170,-0.0329,-0.0526,-0.2900,12.0794,-76.5664,1.0282,-0.04422,-3.05658,0.0406,-0.1229,-0.0815,0.0298,0.00000,0.00000
527,21.0800,0.3950,0.0000,-0.2108,0.5120,0.0029,0.0140,-0.0203,-0.0347,-0.2457,12.0758,-76.5864,1.0282,-0.04608,-3.05804,0.0388,-0.1270,-0.0823,0.0334,0.00000,0.00000
528,21.1200,0.3950,0.0000,-0.2108,0.5115,0.0026,0.0109,-0.0192,-0.0255,-0.2622,12.0718,-76.6065,1.0282,-0.04749,-3.06067,0.0416,-0.1218,-0.0743,0.0383,0.00000,0.00000
529,21.1600,0.3950,0.0000,-0.2108,0.5108,0.0055,0.0137,-0.0341,-0.0134,-0.2744,12.0678,-76.6265,1.0281,-0.04840,-3.06179,0.0471,-0.1241,-0.0755,0.0315,0.00000,0.00000
530,21.2000,0.3950,0.0000,-0.2108,0.5107,0.0049,0.0085,-0.0315,-0.0214,-0.2746,12.0636,-76.6464,1.0281,-0.04927,-3.06184,0.0415,-0.1220,-0.0748,0.0227,0.00000,0.00000
531,21.2400,0.3950,0.0000,-0.2108,0.5112,0.0051,0.0058,-0.0323,-0.0471,-0.2806,12.0591,-76.6663,1.0279,-0.05098,-3.06225,0.0439,-0.1224,-0.0739,0.0234,0.00000,0.00000
532,21.2800,0.3950,0.0000,-0.2108,0.5095,0.0048,0.0140,-0.0303,-0.0267,-0.2479,12.0545,-76.6861,1.0279,-0.05256,-3.06238,0.0433,-0.1333,-0.0831,0.0230,0.00000,0.00000
533,21.3200,0.3950,0.0000,-0.2108,0.5062,0.0038,0.0113,-0.0254,0.0113,-0.2537,12.0497,-76.7057,1.0280,-0.05282,-3.06314,0.0394,-0.1312,-0.0833,0.0112,0.00000,0.00000
534,21.3600,0.3950,0.0000,-0.2108,0.5039,0.0034,0.0138,-0.0226,0.0276,-0.2228,12.0446,-76.7253,1.0280,-0.05213,-3.06387,0.0390,-0.1406,-0.0928,0.0150,0.00000,0.00000
535,21.4000,0.3950,0.0000,-0.2108,0.5032,0.0027,0.0100,-0.0193,0.0187,-0.2545,12.0394,-76.7447,1.0281,-0.05149,-3.06511,0.0379,-0.1337,-0.0804,0.0169,0.00000,0.00000
536,21.4400,0.3950,0.0000,-0.2108,0.5017,0.0041,0.0129,-0.0255,0.0214,-0.2113,12.0340,-76.7641,1.0281,-0.05082,-3.06586,0.0422,-0.1398,-0.0888,0.0054,0.00000,0.00000
537,21.4800,0.3950,0.0000,-0.2108,0.5003,-0.0006,0.0171,-0.0008,0.0239,-0.1625,12.0285,-76.7833,1.0282,-0.04972,-3.06699,0.0433,-0.1371,-0.1048,0.0155,0.00000,0.00000
538,21.5200,0.3950,0.0000,-0.2108,0.5005,-0.0065,0.0203,0.0295,0.0033,-0.1541,12.0225,-76.8023,1.0285,-0.04921,-3.07180,0.0482,-0.1317,-0.1088,0.0209,0.00000,0.00000
539,21.5600,0.3950,0.0000,-0.2108,0.5000,-0.0009,0.0253,0.0018,-0.0228,-0.1503,12.0165,-76.8213,1.0289,-0.04975,-3.07633,0.0649,-0.1355,-0.1147,0.0068,0.00000,0.00000
540,21.6000,0.3950,0.0000,-0.2108,0.4996,-0.0055,0.0147,0.0247,-0.0741,-0.1385,12.0104,-76.8402,1.0293,-0.05172,-3.07986,0.0533,-0.1228,-0.1140,0.0269,0.00000,0.00000
541,21.6400,0.3950,0.0000,-0.2108,0.4931,-0.0087,0.0267,0.0422,-0.0087,-0.0120,12.0041,-76.8590,1.0297,-0.05299,-3.08584,0.0645,-0.1392,-0.1375,0.0325,0.00000,0.00000
542,21.6800,0.3950,0.0000,-0.2108,0.4891,-0.0064,0.0085,0.0298,-0.0203,-0.0630,11.9978,-76.8775,1.0299,-0.05359,-3.09143,0.0648,-0.1077,-0.1020,0.0306,0.00000,0.00000
543,21.7200,0.3950,0.0000,-0.2108,0.4819,-0.0016,0.0115,0.0066,0.0290,-0.0614,11.9916,-76.8959,1.0298,-0.05307,-3.09475,0.0712,-0.1144,-0.1200,0.0387,0.00000,0.00000
544,21.7600,0.3950,0.0000,-0.2108,0.4772,0.0009,0.0165,-0.0066,0.0443,-0.0732,11.9857,-76.9141,1.0299,-0.05144,-3.09540,0.0697,-0.1148,-0.1160,0.0352,0.00000,0.00000
545,21.8000,0.3950,0.0000,-0.2108,0.4728,0.0004,0.0196,-0.0041,0.0518,-0.0660,11.9798,-76.9322,1.0301,-0.04939,-3.09572,0.0754,-0.1171,-0.1209,0.0357,0.00000,0.00000
546,21.8400,0.3950,0.0000,-0.2108,0.4706,0.0019,0.0059,-0.0115,0.0026,-0.0291,11.9740,-76.9501,1.0301,-0.04862,-3.09549,0.0693,-0.1109,-0.1039,0.0150,0.00000,0.00000
547,21.8800,0.3950,0.0000,-0.2108,0.4673,0.0068,-0.0071,-0.0353,-0.0352,0.0064,11.9683,-76.9679,1.0294,-0.04971,-3.09274,0.0641,-0.1076,-0.0865,0.0181,0.00000,0.00000
548,21.9200,0.3950,0.0000,-0.2108,0.4626,-0.0003,-0.0064,0.0006,-0.0296,0.0242,11.9626,-76.9856,1.0285,-0.05052,-3.09049,0.0547,-0.0910,-0.0952,0.0295,0.00000,0.00000
549,21.9600,0.3950,0.0000,-0.2108,0.4593,0.0023,0.0055,-0.0125,-0.0305,0.0204,11.9568,-77.0031,1.0280,-0.05200,-3.08998,0.0614,-0.1024,-0.0820,0.0087,0.00000,0.00000
550,22.0000,0.3950,0.0000,-0.2108,0.4548,0.0001,0.0100,-0.0011,-0.0277,0.0441,11.9512,-77.0203,1.0278,-0.05286,-3.08863,0.0525,-0.1008,-0.0912,0.0149,0.00000,0.00000
551,22.0400,0.3950,0.0000,-0.2108,0.4503,0.0022,0.0101,-0.0119,-0.0204,0.0057,11.9456,-77.0375,1.0276,-0.05411,-3.08789,0.0566,-0.1066,-0.0742,0.0206,0.00000,0.00000
552,22.0800,0.3950,0.0000,-0.2108,0.4429,0.0033,0.0125,-0.0180,0.0416,-0.0091,11.9402,-77.0545,1.0276,-0.05332,-3.08613,0.0512,-0.1075,-0.0799,0.0181,0.00000,0.00000
553,22.1200,0.3950,0.0000,-0.2108,0.4406,0.0000,0.0117,-0.0007,0.0107,0.0715,11.9348,-77.0713,1.0276,-0.05232,-3.08444,0.0434,-0.1154,-0.0835,0.0140,0.00000,0.00000
554,22.1600,0.3950,0.0000,-0.2108,0.4371,-0.0074,0.0129,0.0373,0.0116,0.0654,11.9293,-77.0879,1.0274,-0.05154,-3.08660,0.0529,-0.0975,-0.0875,0.0354,0.00000,0.00000
555,22.2000,0.3950,0.0000,-0.2108,0.4344,-0.0082,0.0179,0.0419,0.0086,0.1083,11.9236,-77.1044,1.0275,-0.05111,-3.09119,0.0516,-0.1005,-0.0838,0.0218,0.00000,0.00000
556,22.2400,0.3950,0.0000,-0.2108,0.4330,-0.0058,0.0180,0.0304,-0.0426,0.1520,11.9182,-77.1207,1.0276,-0.05177,-3.09441,0.0580,-0.0982,-0.0895,0.0306,0.00000,0.00000
557,22.2800,0.3950,0.0000,-0.2108,0.4276,-0.0156,0.0242,0.0831,0.0208,0.1898,11.9126,-77.1369,1.0279,-0.05135,-3.10093,0.0489,-0.0936,-0.1024,0.0710,0.00000,0.00000
558,22.3200,0.3950,0.0000,-0.2108,0.4338,0.0021,0.0108,-0.0054,0.0318,0.0643,11.9073,-77.1532,1.0281,-0.05008,-3.10727,0.0589,-0.0924,-0.1017,0.0738,0.00000,0.00000
559,22.3600,0.3950,0.0000,-0.2108,0.4555,-0.0115,0.0048,0.0777,0.0403,0.1454,11.9021,-77.1701,1.0280,-0.04626,-3.11286,0.0275,-0.0758,-0.2457,0.2195,0.00000,0.00000
560,22.4000,0.3950,0.0000,-0.2108,0.4942,-0.0015,0.0050,0.0271,-0.0013,0.1032,11.8964,-77.1882,1.0277,-0.04528,-3.12343,0.0896,-0.0535,-0.3075,0.3117,0.00000,0.00000
561,22.4400,0.3950,0.0000,-0.2108,0.5363,0.0282,-0.0592,-0.1412,-0.2618,0.1686,11.8911,-77.2080,1.0266,-0.04746,-3.12067,0.1128,0.0195,-0.4453,0.4772,0.00000,0.00000
562,22.4800,0.3950,0.0000,-0.2108,0.5228,0.1470,-0.3053,-0.7417,-0.4820,0.4554,11.8885,-77.2292,1.0190,-0.06135,-3.05649,0.1592,0.2181,-0.5791,0.6766,0.00000,0.00000
563,22.5200,0.3950,0.0000,-0.2108,0.5081,0.2013,-0.5026,-0.6495,0.2095,0.6973,11.8912,-77.2521,1.0004,-0.07073,-2.89570,0.1199,0.4731,-0.4543,0.6909,0.00000,0.00000
564,22.5600,0.3950,0.0000,-0.2108,0.5261,0.0811,-0.4257,-0.3124,0.1557,0.6329,11.8909,-77.2751,0.9822,-0.06491,-2.76321,0.2469,0.0995,-0.3877,0.1696,0.00000,0.00000
565,22.6000,0.3950,0.0000,-0.2108,0.5446,0.0143,-0.5138,-0.0708,-0.0135,0.6260,11.8874,-77.2979,0.9642,-0.06721,-2.66621,0.4102,-0.5254,-0.2029,-0.1114,0.00000,0.00000
566,22.6400,0.3950,0.0000,-0.2108,0.5549,-0.1868,-0.5980,0.7848,-0.3570,0.7909,11.8774,-77.3195,0.9415,-0.06817,-2.67148,0.5294,-0.6289,-0.2352,0.0205,0.00000,0.00000
567,22.6800,0.3950,0.0000,-0.2108,0.5321,-0.1933,-0.3186,0.9341,-0.3345,0.4041,11.8639,-77.3404,0.9237,-0.08362,-2.81875,-0.0537,-0.1655,-0.1274,0.0140,0.00000,0.00000
568,22.7200,0.3950,0.0000,-0.2108,0.5070,-0.0078,-0.0379,0.0434,0.1040,-0.0196,11.8565,-77.3610,0.9181,-0.09097,-2.93267,0.0419,-0.2539,0.0291,-0.1695,0.00000,0.00000
569,22.7600,0.3950,0.0000,-0.2108,0.4754,0.0152,-0.0187,-0.0766,0.3842,-0.1233,11.8549,-77.3805,0.9178,-0.07422,-2.91486,-0.0033,-0.1053,-0.1307,0.0221,0.00000,0.00000
570,22.8000,0.3950,0.0000,-0.2108,0.4763,-0.0219,-0.0265,0.1076,0.1912,0.0686,11.8520,-77.3996,0.9166,-0.06348,-2.92324,0.0720,-0.1387,-0.1531,-0.0022,0.00000,0.00000
571,22.8400,0.3950,0.0000,-0.2108,0.4727,-0.0215,-0.0124,0.1070,0.1296,0.0767,11.8484,-77.4185,0.9155,-0.05818,-2.95163,0.0514,-0.1397,-0.1092,-0.0166,0.00000,0.00000
572,22.8800,0.3950,0.0000,-0.2108,0.4615,-0.0146,0.0031,0.0731,0.2368,0.0637,11.8452,-77.4370,0.9150,-0.05035,-2.97343,0.0410,-0.1274,-0.1043,0.0156,0.00000,0.00000
573,22.9200,0.3950,0.0000,-0.2108,0.4579,-0.0042,0.0129,0.0205,0.2421,-0.0328,11.8425,-77.4554,0.9147,-0.04064,-2.98587,0.0606,-0.1172,-0.0996,0.0166,0.00000,0.00000
574,22.9600,0.3950,0.0000,-0.2108,0.4651,-0.0025,0.0214,0.0094,0.1365,-0.1358,11.8400,-77.4738,0.9147,-0.03263,-2.99471,0.0550,-0.1235,-0.1255,0.0280,0.00000,0.00000
575,23.0000,0.3950,0.0000,-0.2108,0.4891,-0.0017,0.0357,0.0065,0.0403,-0.0195,11.8374,-77.4927,0.9153,-0.02896,-3.00285,0.0382,-0.1739,-0.2265,0.1119,0.00000,0.00000
576,23.0400,0.3950,0.0000,-0.2108,0.5299,-0.0123,0.0473,0.0809,-0.0559,0.1168,11.8344,-77.5127,0.9163,-0.02761,-3.01821,0.0819,-0.1447,-0.3698,0.3193,0.00000,0.00000
577,23.0800,0.3950,0.0000,-0.2108,0.5753,-0.0026,-0.0092,0.0269,-0.2031,0.1360,11.8312,-77.5344,0.9170,-0.03077,-3.03851,0.1906,-0.0599,-0.4725,0.4724,0.00000,0.00000
578,23.1200,0.3950,0.0000,-0.2108,0.5534,0.0196,-0.3595,-0.3648,-0.0890,0.2794,11.8289,-77.5568,0.9097,-0.03538,-2.97482,0.4088,0.0021,-0.6494,0.6166,0.00000,0.00000
579,23.1600,0.3950,0.0000,-0.2108,0.5332,0.0831,-0.7819,-0.3003,-0.0584,0.2932,11.8285,-77.5792,0.8853,-0.03473,-2.63077,0.6669,-0.1513,-0.4998,0.3932,0.00000,0.00000
580,23.2000,0.3950,0.0000,-0.2108,0.5321,-0.1266,-0.8393,0.4839,-0.2162,0.3125,11.8245,-77.6013,0.8518,-0.03732,-2.53393,0.6264,-0.4068,-0.4425,0.0949,0.00000,0.00000
581,23.2400,0.3950,0.0000,-0.2108,0.5108,-0.0232,-0.3855,0.1091,-0.6461,0.2927,11.8164,-77.6232,0.8253,-0.06910,-2.58852,0.4918,-0.4346,-0.2030,-0.1554,0.00000,0.00000
582,23.2800,0.3950,0.0000,-0.2108,0.4505,-0.0105,-0.2120,0.0485,0.2195,-0.0258,11.8149,-77.6426,0.8148,-0.06843,-2.60541,-0.1867,-0.1084,-0.1257,-0.0576,0.00000,0.00000
583,23.3200,0.3950,0.0000,-0.2108,0.4414,-0.0195,-0.1874,0.0945,0.0578,-0.1031,11.8125,-77.6610,0.8063,-0.06625,-2.67127,0.0363,-0.1213,-0.0087,-0.0436,0.00000,0.00000
584,23.3600,0.3950,0.0000,-0.2108,0.4221,-0.0092,-0.0813,0.0472,0.2333,-0.1296,11.8105,-77.6786,0.8007,-0.05938,-2.72030,0.0024,-0.1360,-0.0960,-0.0314,0.00000,0.00000
585,23.4000,0.3950,0.0000,-0.2108,0.4177,-0.0076,0.0067,0.0386,0.2568,-0.1488,11.8090,-77.6956,0.7991,-0.04934,-2.76370,0.0173,-0.1499,-0.1105,-0.0452,0.00000,0.00000
586,23.4400,0.3950,0.0000,-0.2108,0.4180,-0.0284,0.0323,0.1411,0.1674,0.1055,11.8070,-77.7123,0.7995,-0.04077,-2.80593,0.0154,-0.1593,-0.1472,-0.0358,0.00000,0.00000
587,23.4800,0.3950,0.0000,-0.2108,0.4153,-0.0219,0.0094,0.1095,0.1536,0.0313,11.8045,-77.7290,0.7994,-0.03541,-2.86429,0.0457,-0.1193,-0.0757,0.0061,0.00000,0.00000
588,23.5200,0.3950,0.0000,-0.2108,0.4092,-0.0079,0.0164,0.0397,0.2488,-0.0772,11.8027,-77.7455,0.7989,-0.02668,-2.90263,0.0481,-0.1017,-0.0963,0.0306,0.00000,0.00000
589,23.5600,0.3950,0.0000,-0.2108,0.4144,-0.0080,0.0315,0.0397,0.2007,-0.0748,11.8012,-77.7621,0.7988,-0.01760,-2.92782,0.0387,-0.1118,-0.1210,0.0111,0.00000,0.00000
590,23.6000,0.3950,0.0000,-0.2108,0.4233,-0.0111,0.0390,0.0549,0.1105,-0.0565,11.7995,-77.7789,0.7990,-0.01207,-2.95851,0.0418,-0.1206,-0.1220,0.0144,0.00000,0.00000
591,23.6400,0.3950,0.0000,-0.2108,0.4420,-0.0010,0.0488,0.0078,0.0241,0.0581,11.7978,-77.7962,0.7998,-0.00961,-2.97591,0.0319,-0.1664,-0.1642,0.0526,0.00000,0.00000
592,23.6800,0.3950,0.0000,-0.2108,0.4791,-0.0133,0.0519,0.0850,-0.1083,0.1556,11.7961,-77.8143,0.8007,-0.00996,-2.99456,0.0465,-0.1395,-0.2770,0.2298,0.00000,0.00000
593,23.7200,0.3950,0.0000,-0.2108,0.5290,-0.0320,-0.0040,0.1747,-0.1923,0.0758,11.7938,-77.8342,0.8010,-0.01582,-3.05676,0.1581,-0.0809,-0.3316,0.3540,0.00000,0.00000
594,23.7600,0.3950,0.0000,-0.2108,0.5421,-0.0093,-0.1737,-0.0968,0.0721,0.0746,11.7914,-77.8557,0.7976,-0.01837,-3.12161,0.4269,-0.1991,-0.5525,0.4463,0.00000,0.00000
595,23.8000,0.3950,0.0000,-0.2108,0.5280,0.0038,-0.5781,-0.3016,0.1804,0.1751,11.7904,-77.8770,0.7814,-0.00835,-2.87173,0.7569,-0.2689,-0.6729,0.4585,0.00000,0.00000
596,23.8400,0.3950,0.0000,-0.2108,0.5349,0.0048,-0.9860,0.0337,-0.0552,0.1753,11.7897,-77.8987,0.7461,-0.00604,-2.61104,0.6917,-0.1692,-0.3550,0.2338,0.00000,0.00000
597,23.8800,0.3950,0.0000,-0.2108,0.5218,0.0242,-0.5237,-0.1183,-0.3815,0.3009,11.7869,-77.9205,0.7124,-0.02032,-2.44692,0.4702,-0.2660,-0.2761,0.0387,0.00000,0.00000
598,23.9200,0.3950,0.0000,-0.2108,0.5030,-0.0073,-0.2395,0.0380,-0.1794,-0.1323,11.7871,-77.9409,0.6977,-0.02885,-2.40671,-0.1905,-0.0809,-0.1545,-0.0501,0.00000,0.00000
599,23.9600,0.3950,0.0000,-0.2108,0.5006,-0.0250,-0.1149,0.1217,-0.2862,-0.1113,11.7852,-77.9612,0.6902,-0.04287,-2.56404,0.0066,-0.1642,-0.0196,-0.0733,0.00000,0.00000
600,24.0000,0.3950,0.0000,-0.2108,0.4729,-0.0031,-0.0276,0.0157,0.0582,-0.1255,11.7837,-77.9805,0.6871,-0.04550,-2.66261,0.0210,-0.1472,-0.0926,-0.0266,0.00000,0.00000
601,24.0400,0.3950,0.0000,-0.2108,0.4632,0.0084,0.0015,-0.0422,0.1196,-0.1360,11.7832,-77.9992,0.6861,-0.04095,-2.69520,0.0506,-0.1305,-0.1184,-0.0249,0.00000,0.00000
602,24.0800,0.3950,0.0000,-0.2108,0.4629,-0.0116,0.0088,0.0555,0.0353,0.1221,11.7823,-78.0178,0.6857,-0.03783,-2.69164,0.0342,-0.1443,-0.1486,-0.0059,0.00000,0.00000
603,24.1200,0.3950,0.0000,-0.2108,0.4581,-0.0162,0.0056,0.0805,0.0970,-0.0532,11.7807,-78.0362,0.6850,-0.03583,-2.74523,0.0585,-0.1065,-0.0780,0.0465,0.00000,0.00000
604,24.1600,0.3950,0.0000,-0.2108,0.4533,-0.0035,0.0274,0.0165,0.1755,-0.0784,11.7795,-78.0545,0.6849,-0.02989,-2.79751,0.0562,-0.1208,-0.1075,0.0101,0.00000,0.00000
605,24.2000,0.3950,0.0000,-0.2108,0.4574,-0.0044,0.0295,0.0209,0.1013,-0.0377,11.7786,-78.0728,0.6851,-0.02448,-2.82033,0.0501,-0.1237,-0.1222,0.0231,0.00000,0.00000
606,24.2400,0.3950,0.0000,-0.2108,0.4642,-0.0015,0.0250,0.0059,0.0439,-0.0707,11.7775,-78.0912,0.6852,-0.02156,-2.84633,0.0572,-0.1266,-0.1184,0.0236,0.00000,0.00000
607,24.2800,0.3950,0.0000,-0.2108,0.4874,-0.0038,0.0494,0.0259,-0.0011,0.0676,11.7764,-78.1101,0.6859,-0.01979,-2.85389,0.0474,-0.1667,-0.2340,0.1516,0.00000,0.00000
608,24.3200,0.3950,0.0000,-0.2108,0.5336,-0.0251,-0.0024,0.1308,-0.1525,0.0320,11.7750,-78.1303,0.6864,-0.02240,-2.89446,0.1479,-0.1263,-0.3073,0.2935,0.00000,0.00000
609,24.3600,0.3950,0.0000,-0.2108,0.5551,-0.0278,-0.1292,0.1314,0.1595,0.0342,11.7728,-78.1522,0.6839,-0.02177,-3.02248,0.4087,-0.2347,-0.5118,0.4034,0.00000,0.00000
610,24.4000,0.3950,0.0000,-0.2108,0.5388,-0.0240,-0.5018,-0.0131,0.3751,0.1146,11.7709,-78.1741,0.6708,-0.00507,-3.02671,0.7577,-0.2809,-0.7504,0.4599,0.00000,0.00000
611,24.4400,0.3950,0.0000,-0.2108,0.5557,0.0210,-0.9761,0.6592,0.2668,0.1131,11.7697,-78.1963,0.6380,0.00742,-2.75114,0.7434,-0.1568,-0.4254,0.2664,0.00000,0.00000
612,24.4800,0.3950,0.0000,-0.2108,0.5356,0.1167,-0.4106,-0.5531,-0.4695,0.6889,11.7701,-78.2184,0.6064,-0.00454,-1.69264,0.6977,-0.4321,-0.4651,-0.0083,0.00000,0.00000
613,24.5200,0.3950,0.0000,-0.2108,0.5179,0.0307,-0.2807,-0.1313,-0.2555,-0.1972,11.7739,-78.2391,0.5927,-0.01332,-1.76566,-0.1428,0.0121,-0.1843,-0.0455,0.00000,0.00000
614,24.5600,0.3950,0.0000,-0.2108,0.5148,-0.0470,-0.2512,0.2267,-0.5165,-0.1556,11.7724,-78.2600,0.5806,-0.03653,-1.96820,0.0316,-0.1247,-0.0247,-0.0397,0.00000,0.00000
615,24.6000,0.3950,0.0000,-0.2108,0.4741,-0.0059,-0.0864,0.0325,-0.0079,-0.1281,11.7706,-78.2797,0.5735,-0.04650,-2.13000,0.0196,-0.1847,-0.0766,-0.0476,0.00000,0.00000
616,24.6400,0.3950,0.0000,-0.2108,0.4572,0.0120,-0.0044,-0.0592,0.1800,-0.1637,11.7706,-78.2983,0.5715,-0.04089,-2.25590,0.0123,-0.1466,-0.1037,-0.0371,0.00000,0.00000
617,24.6800,0.3950,0.0000,-0.2108,0.4584,-0.0185,0.0095,0.0902,0.0651,0.0570,11.7700,-78.3167,0.5711,-0.03571,-2.29099,0.0325,-0.1476,-0.1479,-0.0176,0.00000,0.00000
618,24.7200,0.3950,0.0000,-0.2108,0.4542,-0.0192,0.0094,0.0961,0.1179,-0.1092,11.7686,-78.3350,0.5704,-0.03317,-2.40862,0.0623,-0.1235,-0.0751,0.0223,0.00000,0.00000
619,24.7600,0.3950,0.0000,-0.2108,0.4482,-0.0054,0.0331,0.0266,0.2159,-0.1002,11.7676,-78.3531,0.5705,-0.02581,-2.52144,0.0556,-0.1366,-0.1178,0.0069,0.00000,0.00000
620,24.8000,0.3950,0.0000,-0.2108,0.4545,-0.0020,0.0305,0.0094,0.1117,-0.0941,11.7670,-78.3713,0.5708,-0.01974,-2.58722,0.0584,-0.1353,-0.1182,0.0098,0.00000,0.00000
621,24.8400,0.3950,0.0000,-0.2108,0.4599,-0.0051,0.0280,0.0245,0.0683,-0.0958,11.7662,-78.3896,0.5708,-0.01637,-2.64654,0.0572,-0.1348,-0.1226,0.0173,0.00000,0.00000
622,24.8800,0.3950,0.0000,-0.2108,0.4818,0.0082,0.0292,-0.0479,-0.0386,-0.1021,11.7655,-78.4084,0.5710,-0.01593,-2.67579,0.0525,-0.1662,-0.1746,0.0692,0.00000,0.00000
623,24.9200,0.3950,0.0000,-0.2108,0.5267,-0.0178,0.0194,0.0865,-0.1424,-0.0213,11.7647,-78.4283,0.5714,-0.01758,-2.68913,0.1241,-0.1565,-0.3426,0.2988,0.00000,0.00000
624,24.9600,0.3950,0.0000,-0.2108,0.5660,-0.0415,-0.0945,0.1834,0.0053,-0.0278,11.7625,-78.4501,0.5699,-0.02097,-2.82177,0.3665,-0.2338,-0.4977,0.3950,0.00000,0.00000
625,25.0000,0.3950,0.0000,-0.2108,0.5446,-0.0151,-0.4421,-0.2208,0.3357,0.0993,11.7607,-78.4723,0.5591,-0.00843,-2.71682,0.6966,-0.3515,-0.7477,0.4086,0.00000,0.00000
626,25.0400,0.3950,0.0000,-0.2108,0.5569,0.0155,-0.8965,-0.2609,0.2296,0.0097,11.7597,-78.4947,0.5295,0.00205,-2.39493,0.7769,-0.2517,-0.5034,0.2902,0.00000,0.00000
627,25.0800,0.3950,0.0000,-0.2108,0.5770,-0.0056,-0.6681,0.0263,-1.1276,0.0133,11.7570,-78.5174,0.4928,-0.01774,-2.33879,0.5954,-0.1630,-0.3307,0.1467,0.00000,0.00000
628,25.1200,0.3950,0.0000,-0.2108,0.5066,-0.0024,-0.3006,0.0187,-0.0993,-0.1574,11.7559,-78.5390,0.4740,-0.04031,-2.42023,-0.0714,-0.1577,-0.2070,-0.1211,0.00000,0.00000
629,25.1600,0.3950,0.0000,-0.2108,0.4933,-0.0070,-0.1794,0.0326,-0.1582,-0.1388,11.7548,-78.5594,0.4644,-0.04990,-2.55604,-0.0728,-0.1698,0.0107,-0.0227,0.00000,0.00000
630,25.2000,0.3950,0.0000,-0.2108,0.4677,0.0057,-0.0976,-0.0287,0.0995,-0.1268,11.7538,-78.5787,0.4584,-0.04968,-2.61158,0.0235,-0.1413,-0.0438,-0.0262,0.00000,0.00000
631,25.2400,0.3950,0.0000,-0.2108,0.4605,0.0078,-0.0224,-0.0400,0.1494,-0.1066,11.7533,-78.5974,0.4557,-0.04377,-2.61880,0.0222,-0.1431,-0.0969,-0.0198,0.00000,0.00000
632,25.2800,0.3950,0.0000,-0.2108,0.4644,-0.0121,0.0014,0.0593,0.0412,0.0317,11.7523,-78.6160,0.4548,-0.04054,-2.63695,0.0195,-0.1441,-0.0853,-0.0222,0.00000,0.00000
633,25.3200,0.3950,0.0000,-0.2108,0.4578,-0.0217,0.0074,0.1084,0.1627,-0.0711,11.7505,-78.6344,0.4541,-0.03652,-2.70629,0.0406,-0.1122,-0.0530,0.0429,0.00000,0.00000
634,25.3600,0.3950,0.0000,-0.2108,0.4570,-0.0021,0.0300,0.0091,0.1912,-0.0976,11.7490,-78.6528,0.4541,-0.02946,-2.76349,0.0604,-0.1257,-0.0686,0.0083,0.00000,0.00000
635,25.4000,0.3950,0.0000,-0.2108,0.4633,-0.0022,0.0266,0.0092,0.1056,-0.0497,11.7480,-78.6713,0.4543,-0.02368,-2.77972,0.0438,-0.1242,-0.0849,0.0236,0.00000,0.00000
636,25.4400,0.3950,0.0000,-0.2108,0.4721,-0.0052,0.0185,0.0249,0.0315,-0.0465,11.7467,-78.6900,0.4542,-0.02104,-2.80303,0.0500,-0.1185,-0.0794,0.0272,0.00000,0.00000
637,25.4800,0.3950,0.0000,-0.2108,0.4939,-0.0010,0.0320,0.0021,0.0210,-0.0381,11.7454,-78.7092,0.4543,-0.01929,-2.82209,0.0479,-0.1386,-0.1608,0.1348,0.00000,0.00000
638,25.5200,0.3950,0.0000,-0.2108,0.5380,-0.0165,-0.0255,0.0800,-0.1235,-0.0247,11.7439,-78.7296,0.4540,-0.02052,-2.84621,0.0879,-0.0927,-0.2592,0.2683,0.00000,0.00000
639,25.5600,0.3950,0.0000,-0.2108,0.5715,-0.0195,-0.1540,0.0537,0.0081,0.0338,11.7418,-78.7518,0.4503,-0.02247,-2.90480,0.3150,-0.1775,-0.4538,0.4115,0.00000,0.00000
640,25.6000,0.3950,0.0000,-0.2108,0.5523,0.0063,-0.5136,-0.2641,0.2734,0.0740,11.7404,-78.7744,0.4367,-0.01128,-2.77884,0.6213,-0.2439,-0.6473,0.4466,0.00000,0.00000
641,25.6400,0.3950,0.0000,-0.2108,0.5617,0.0725,-0.9638,0.4555,0.0906,0.1329,11.7400,-78.7972,0.4041,-0.00470,-2.47826,0.6533,-0.2328,-0.3287,0.2750,0.00000,0.00000
642,25.6800,0.3950,0.0000,-0.2108,0.5702,0.0246,-0.6496,-0.1392,-0.3761,0.5991,11.7376,-78.8202,0.3669,-0.01220,-2.31690,0.4984,-0.2943,-0.2589,0.0085,0.00000,0.00000
643,25.7200,0.3950,0.0000,-0.2108,0.5712,-0.0331,-0.3372,0.1688,-0.3265,-0.1741,11.7366,-78.8429,0.3472,-0.02481,-2.27009,-0.2402,-0.0058,-0.0782,0.0539,0.00000,0.00000
644,25.7600,0.3950,0.0000,-0.2108,0.5833,-0.0406,-0.0558,0.2090,-0.3007,-0.2538,11.7335,-78.8660,0.3393,-0.04192,-2.48611,-0.0330,-0.1971,0.0129,-0.0814,0.00000,0.00000
645,25.8000,0.3950,0.0000,-0.2108,0.5697,-0.0210,0.0613,0.1008,-0.0357,-0.2391,11.7312,-78.8887,0.3400,-0.04658,-2.69084,0.0220,-0.1483,-0.0306,-0.0509,0.00000,0.00000
646,25.8400,0.3950,0.0000,-0.2108,0.5596,0.0062,0.0029,-0.0358,-0.0298,-0.1544,11.7297,-78.9111,0.3410,-0.04778,-2.76980,0.0955,-0.1060,-0.0398,-0.0199,0.00000,0.00000
647,25.8800,0.3950,0.0000,-0.2108,0.5444,0.0089,-0.0354,-0.0475,0.1286,-0.0549,11.7287,-78.9332,0.3395,-0.04461,-2.76637,0.0815,-0.0733,-0.0594,0.0318,0.00000,0.00000
648,25.9200,0.3950,0.0000,-0.2108,0.5430,0.0103,-0.0120,-0.0545,0.1333,-0.0964,11.7278,-78.9550,0.3379,-0.03947,-2.75157,0.0847,-0.0816,-0.0514,0.0100,0.00000,0.00000
649,25.9600,0.3950,0.0000,-0.2108,0.5462,0.0000,0.0183,-0.0027,0.0977,-0.1206,11.7266,-78.9769,0.3375,-0.03496,-2.75784,0.0718,-0.0911,-0.0572,0.0007,0.00000,0.00000
650,26.0000,0.3950,0.0000,-0.2108,0.5609,0.0219,0.0080,-0.1346,-0.0416,-0.3017,11.7254,-78.9990,0.3376,-0.03407,-2.77490,0.0916,-0.1105,-0.0593,-0.0027,0.00000,0.00000
651,26.0400,0.3950,0.0000,-0.2108,0.5843,0.0165,-0.0370,-0.1131,-0.0532,-0.1767,11.7244,-79.0216,0.3367,-0.03408,-2.76151,0.0726,-0.0753,-0.2752,0.2315,0.00000,0.00000
652,26.0800,0.3950,0.0000,-0.2108,0.6015,0.0330,-0.2575,-0.1752,-0.1318,-0.1002,11.7230,-79.0455,0.3310,-0.03758,-2.73491,0.1740,-0.0563,-0.3900,0.3378,0.00000,0.00000
653,26.1200,0.3950,0.0000,-0.2108,0.5757,0.1023,-0.5854,-0.6547,0.0665,-0.1527,11.7234,-79.0695,0.3137,-0.03589,-2.58861,0.4373,-0.1022,-0.5487,0.4899,0.00000,0.00000
654,26.1600,0.3950,0.0000,-0.2108,0.5596,0.0712,-0.8774,-0.3101,0.1471,-0.0024,11.7242,-79.0937,0.2808,-0.03456,-2.43648,0.5328,-0.1189,-0.3062,0.4174,0.00000,0.00000
655,26.2000,0.3950,0.0000,-0.2108,0.6291,-0.1874,-0.7263,0.8311,-0.6575,0.1782,11.7154,-79.1174,0.2467,-0.03577,-2.54686,0.5329,-0.2108,-0.2271,0.1565,0.00000,0.00000
656,26.2400,0.3950,0.0000,-0.2108,0.6266,-0.1610,-0.2263,0.8108,-0.6395,-0.1862,11.7038,-79.1420,0.2287,-0.07002,-2.80426,-0.1383,-0.2606,-0.1847,-0.0557,0.00000,0.00000
657,26.2800,0.3950,0.0000,-0.2108,0.6081,-0.0462,0.0348,0.2150,-0.2159,-0.4616,11.6969,-79.1660,0.2271,-0.08749,-3.02479,-0.1031,-0.2155,0.0085,-0.1689,0.00000,0.00000
658,26.3200,0.3950,0.0000,-0.2108,0.5635,-0.0020,-0.0269,0.0007,0.2049,-0.2407,11.6933,-79.1888,0.2282,-0.08332,-3.07337,0.0043,-0.1061,-0.0900,0.0082,0.00000,0.00000
659,26.3600,0.3950,0.0000,-0.2108,0.5450,0.0268,-0.0873,-0.1381,0.2508,-0.1754,11.6910,-79.2112,0.2257,-0.07425,-3.05932,0.0336,-0.0985,-0.0736,0.0186,0.00000,0.00000
660,26.4000,0.3950,0.0000,-0.2108,0.5437,0.0162,-0.0397,-0.0854,0.1783,-0.2050,11.6891,-79.2332,0.2231,-0.06537,-3.03090,0.0056,-0.1013,-0.1082,0.0529,0.00000,0.00000
661,26.4400,0.3950,0.0000,-0.2108,0.5476,-0.0094,0.0097,0.0437,0.1220,-0.2420,11.6861,-79.2550,0.2226,-0.05970,-3.03719,0.0062,-0.1109,-0.0965,0.0042,0.00000,0.00000
662,26.4800,0.3950,0.0000,-0.2108,0.5469,-0.0161,0.0248,0.0766,0.0885,-0.2380,11.6821,-79.2766,0.2233,-0.05598,-3.06445,0.0184,-0.1161,-0.0971,0.0026,0.00000,0.00000
663,26.5200,0.3950,0.0000,-0.2108,0.5431,-0.0047,0.0119,0.0195,0.0617,-0.1885,11.6781,-79.2980,0.2237,-0.05331,-3.08285,0.0269,-0.1083,-0.0945,0.0066,0.00000,0.00000
664,26.5600,0.3950,0.0000,-0.2108,0.5379,0.0032,0.0034,-0.0192,0.0779,-0.1735,11.6745,-79.3193,0.2236,-0.05044,-3.08670,0.0280,-0.1007,-0.0998,0.0298,0.00000,0.00000
665,26.6000,0.3950,0.0000,-0.2108,0.5363,0.0056,0.0097,-0.0310,0.0701,-0.1937,11.6709,-79.3406,0.2234,-0.04747,-3.08470,0.0281,-0.1042,-0.1050,0.0200,0.00000,0.00000
666,26.6400,0.3950,0.0000,-0.2108,0.5376,0.0015,0.0170,-0.0110,0.0279,-0.2182,11.6672,-79.3617,0.2235,-0.04575,-3.08454,0.0328,-0.1020,-0.0986,0.0287,0.00000,0.00000
667,26.6800,0.3950,0.0000,-0.2108,0.5377,-0.0021,0.0217,0.0069,0.0072,-0.2136,11.6631,-79.3828,0.2238,-0.04517,-3.08916,0.0384,-0.1046,-0.1055,0.0258,0.00000,0.00000
668,26.7200,0.3950,0.0000,-0.2108,0.5358,0.0005,0.0155,-0.0062,0.0111,-0.2310,11.6587,-79.4038,0.2240,-0.04497,-3.09396,0.0381,-0.1015,-0.1000,0.0175,0.00000,0.00000
669,26.7600,0.3950,0.0000,-0.2108,0.5330,0.0043,0.0125,-0.0253,0.0250,-0.2111,11.6544,-79.4247,0.2240,-0.04433,-3.09457,0.0359,-0.1062,-0.1023,0.0224,0.00000,0.00000
670,26.8000,0.3950,0.0000,-0.2108,0.5316,0.0045,0.0123,-0.0258,0.0233,-0.2120,11.6501,-79.4456,0.2240,-0.04339,-3.09323,0.0379,-0.1031,-0.1015,0.0255,0.00000,0.00000
671,26.8400,0.3950,0.0000,-0.2108,0.5329,0.0006,0.0127,-0.0060,-0.0226,-0.2097,11.6454,-79.4663,0.2239,-0.04354,-3.09383,0.0379,-0.0995,-0.1025,0.0247,0.00000,0.00000
672,26.8800,0.3950,0.0000,-0.2108,0.5307,0.0005,0.0176,-0.0057,0.0001,-0.2204,11.6405,-79.4870,0.2239,-0.04404,-3.09670,0.0408,-0.1049,-0.1071,0.0193,0.00000,0.00000
673,26.9200,0.3950,0.0000,-0.2108,0.5292,0.0020,0.0132,-0.0137,-0.0072,-0.2152,11.6356,-79.5075,0.2240,-0.04433,-3.09814,0.0368,-0.1021,-0.0986,0.0167,0.00000,0.00000
674,26.9600,0.3950,0.0000,-0.2108,0.5274,0.0028,0.0122,-0.0171,-0.0131,-0.2025,11.6305,-79.5280,0.2240,-0.04476,-3.09863,0.0413,-0.1028,-0.1062,0.0208,0.00000,0.00000
675,27.0000,0.3950,0.0000,-0.2108,0.5249,0.0018,0.0135,-0.0120,0.0004,-0.1975,11.6252,-79.5483,0.2239,-0.04498,-3.09922,0.0378,-0.1031,-0.1078,0.0166,0.00000,0.00000
676,27.0400,0.3950,0.0000,-0.2108,0.5232,0.0022,0.0147,-0.0142,-0.0013,-0.2184,11.6198,-79.5686,0.2239,-0.04518,-3.10006,0.0407,-0.1035,-0.1012,0.0222,0.00000,0.00000
677,27.0800,0.3950,0.0000,-0.2108,0.5203,0.0016,0.0147,-0.0114,0.0152,-0.2118,11.6143,-79.5887,0.2240,-0.04481,-3.10096,0.0382,-0.1038,-0.1065,0.0144,0.00000,0.00000
678,27.1200,0.3950,0.0000,-0.2108,0.5194,0.0010,0.0102,-0.0082,-0.0119,-0.1990,11.6086,-79.6086,0.2239,-0.04496,-3.10210,0.0362,-0.1016,-0.1025,0.0149,0.00000,0.00000
679,27.1600,0.3950,0.0000,-0.2108,0.5171,0.0020,0.0137,-0.0130,-0.0072,-0.1985,11.6027,-79.6285,0.2238,-0.04545,-3.10306,0.0396,-0.1045,-0.1046,0.0196,0.00000,0.00000
680,27.2000,0.3950,0.0000,-0.2108,0.5138,0.0033,0.0167,-0.0196,0.0191,-0.2101,11.5968,-79.6482,0.2239,-0.04517,-3.10316,0.0384,-0.1064,-0.1047,0.0148,0.00000,0.00000
681,27.2400,0.3950,0.0000,-0.2108,0.5110,0.0010,0.0154,-0.0081,0.0347,-0.1938,11.5908,-79.6677,0.2240,-0.04400,-3.10359,0.0344,-0.1066,-0.1088,0.0142,0.00000,0.00000
682,27.2800,0.3950,0.0000,-0.2108,0.5097,0.0006,0.0133,-0.0059,0.0247,-0.2031,11.5846,-79.6872,0.2239,-0.04305,-3.10494,0.0359,-0.1048,-0.1013,0.0190,0.00000,0.00000
683,27.3200,0.3950,0.0000,-0.2108,0.5085,0.0033,0.0177,-0.0193,0.0237,-0.2260,11.5782,-79.7065,0.2239,-0.04223,-3.10541,0.0386,-0.1085,-0.1033,0.0185,0.00000,0.00000
684,27.3600,0.3950,0.0000,-0.2108,0.5065,0.0019,0.0176,-0.0126,0.0403,-0.2018,11.5718,-79.7258,0.2240,-0.04095,-3.10545,0.0329,-0.1092,-0.1037,0.0140,0.00000,0.00000
685,27.4000,0.3950,0.0000,-0.2108,0.5072,0.0004,0.0143,-0.0049,0.0060,-0.2005,11.5652,-79.7449,0.2240,-0.04025,-3.10629,0.0369,-0.1046,-0.1013,0.0208,0.00000,0.00000
686,27.4400,0.3950,0.0000,-0.2108,0.5068,-0.0006,0.0175,0.0006,0.0032,-0.2006,11.5584,-79.7640,0.2239,-0.04011,-3.10793,0.0372,-0.1039,-0.1063,0.0203,0.00000,0.00000
687,27.4800,0.3950,0.0000,-0.2108,0.5059,0.0009,0.0187,-0.0075,0.0102,-0.1961,11.5514,-79.7830,0.2240,-0.04002,-3.10927,0.0360,-0.1076,-0.1023,0.0156,0.00000,0.00000
688,27.5200,0.3950,0.0000,-0.2108,0.5055,0.0009,0.0162,-0.0074,-0.0022,-0.1947,11.5443,-79.8019,0.2240,-0.03992,-3.10995,0.0376,-0.1025,-0.1025,0.0222,0.00000,0.00000
689,27.5600,0.3950,0.0000,-0.2108,0.5043,0.0014,0.0234,-0.0093,0.0156,-0.2288,11.5372,-79.8207,0.2241,-0.03960,-3.11077,0.0383,-0.1124,-0.1195,0.0217,0.00000,0.00000
690,27.6000,0.3950,0.0000,-0.2108,0.5051,-0.0009,0.0230,0.0020,-0.0060,-0.2146,11.5298,-79.8395,0.2244,-0.03959,-3.11196,0.0323,-0.1139,-0.1145,0.0158,0.00000,0.00000
691,27.6400,0.3950,0.0000,-0.2108,0.5033,-0.0009,0.0178,0.0022,0.0094,-0.2219,11.5222,-79.8582,0.2245,-0.03960,-3.11407,0.0372,-0.1095,-0.1126,0.0209,0.00000,0.00000
692,27.6800,0.3950,0.0000,-0.2108,0.5029,0.0009,0.0188,-0.0069,0.0036,-0.2212,11.5146,-79.8767,0.2246,-0.03948,-3.11525,0.0358,-0.1118,-0.1133,0.0256,0.00000,0.00000
693,27.7200,0.3950,0.0000,-0.2108,0.5024,0.0020,0.0158,-0.0127,-0.0024,-0.2220,11.5068,-79.8953,0.2246,-0.03957,-3.11571,0.0340,-0.1106,-0.1113,0.0154,0.00000,0.00000
694,27.7600,0.3950,0.0000,-0.2108,0.4995,-0.0007,0.0042,0.0001,0.0232,-0.2230,11.4989,-79.9137,0.2242,-0.03936,-3.11679,0.0229,-0.0981,-0.0832,0.0294,0.00000,0.00000
695,27.8000,0.3950,0.0000,-0.2108,0.4990,0.0007,0.0102,-0.0063,0.0333,-0.2280,11.4907,-79.9319,0.2237,-0.03822,-3.11795,0.0266,-0.1003,-0.0957,0.0293,0.00000,0.00000
696,27.8400,0.3950,0.0000,-0.2108,0.5006,0.0018,0.0169,-0.0122,0.0241,-0.2486,11.4825,-79.9501,0.2236,-0.03731,-3.11833,0.0240,-0.1027,-0.0905,0.0238,0.00000,0.00000
697,27.8800,0.3950,0.0000,-0.2108,0.5016,0.0012,0.0177,-0.0094,0.0236,-0.2380,11.4741,-79.9683,0.2235,-0.03652,-3.11872,0.0229,-0.1050,-0.0915,0.0209,0.00000,0.00000
698,27.9200,0.3950,0.0000,-0.2108,0.5033,0.0016,0.0196,-0.0115,0.0132,-0.2444,11.4655,-79.9865,0.2235,-0.03598,-3.11908,0.0277,-0.1057,-0.0934,0.0277,0.00000,0.00000
699,27.9600,0.3950,0.0000,-0.2108,0.5045,0.0020,0.0216,-0.0134,0.0171,-0.2459,11.4568,-80.0046,0.2236,-0.03545,-3.11923,0.0282,-0.1066,-0.0960,0.0221,0.00000,0.00000
700,28.0000,0.3950,0.0000,-0.2108,0.5055,0.0013,0.0191,-0.0100,0.0233,-0.2407,11.4478,-80.0227,0.2236,-0.03476,-3.11946,0.0260,-0.1056,-0.0943,0.0215,0.00000,0.00000
701,28.0400,0.3950,0.0000,-0.2108,0.5079,0.0010,0.0190,-0.0083,0.0051,-0.2377,11.4386,-80.0407,0.2236,-0.03441,-3.11983,0.0289,-0.1040,-0.0936,0.0278,0.00000,0.00000
702,28.0800,0.3950,0.0000,-0.2108,0.5100,0.0012,0.0199,-0.0092,-0.0031,-0.2348,11.4292,-80.0588,0.2236,-0.03452,-3.12024,0.0324,-0.1010,-0.0914,0.0252,0.00000,0.00000
703,28.1200,0.3950,0.0000,-0.2108,0.5105,-0.0005,0.0201,-0.0009,0.0201,-0.2342,11.4196,-80.0768,0.2236,-0.03417,-3.12100,0.0278,-0.1018,-0.0957,0.0276,0.00000,0.00000
704,28.1600,0.3950,0.0000,-0.2108,0.5130,0.0022,0.0210,-0.0145,-0.0068,-0.2446,11.4098,-80.0948,0.2236,-0.03427,-3.12142,0.0319,-0.1049,-0.0932,0.0239,0.00000,0.00000
705,28.2000,0.3950,0.0000,-0.2108,0.5146,0.0021,0.0186,-0.0139,-0.0101,-0.2332,11.3999,-80.1127,0.2237,-0.03474,-3.12123,0.0296,-0.1026,-0.0924,0.0244,0.00000,0.00000
706,28.2400,0.3950,0.0000,-0.2108,0.5153,0.0005,0.0181,-0.0059,0.0002,-0.2202,11.3898,-80.1306,0.2236,-0.03492,-3.12155,0.0308,-0.1009,-0.0982,0.0246,0.00000,0.00000
707,28.2800,0.3950,0.0000,-0.2108,0.5172,-0.0012,0.0196,0.0029,-0.0066,-0.2278,11.3794,-80.1484,0.2236,-0.03515,-3.12245,0.0298,-0.0995,-0.0983,0.0298,0.00000,0.00000
708,28.3200,0.3950,0.0000,-0.2108,0.5189,0.0007,0.0210,-0.0070,-0.0159,-0.2180,11.3688,-80.1662,0.2237,-0.03583,-3.12329,0.0329,-0.1023,-0.0953,0.0223,0.00000,0.00000
709,28.3600,0.3950,0.0000,-0.2108,0.5191,0.0020,0.0166,-0.0133,-0.0089,-0.2280,11.3581,-80.1840,0.2237,-0.03637,-3.12343,0.0310,-0.0988,-0.0958,0.0238,0.00000,0.00000
710,28.4000,0.3950,0.0000,-0.2108,0.5196,0.0041,0.0195,-0.0238,-0.0038,-0.2295,11.3474,-80.2017,0.2237,-0.03673,-3.12296,0.0351,-0.1035,-0.0986,0.0248,0.00000,0.00000
711,28.4400,0.3950,0.0000,-0.2108,0.5196,0.0036,0.0178,-0.0214,0.0062,-0.2200,11.3365,-80.2193,0.2237,-0.03669,-3.12218,0.0311,-0.1035,-0.0991,0.0157,0.00000,0.00000
712,28.4800,0.3950,0.0000,-0.2108,0.5218,0.0018,0.0167,-0.0124,-0.0261,-0.2334,11.3253,-80.2369,0.2236,-0.03737,-3.12186,0.0353,-0.0999,-0.0942,0.0297,0.00000,0.00000
713,28.5200,0.3950,0.0000,-0.2108,0.5218,0.0022,0.0195,-0.0142,-0.0162,-0.2350,11.3140,-80.2544,0.2237,-0.03826,-3.12196,0.0371,-0.1027,-0.0996,0.0172,0.00000,0.00000
714,28.5600,0.3950,0.0000,-0.2108,0.5214,-0.0009,0.0183,0.0013,-0.0076,-0.2072,11.3025,-80.2717,0.2238,-0.03871,-3.12241,0.0312,-0.1018,-0.1025,0.0231,0.00000,0.00000
715,28.6000,0.3950,0.0000,-0.2108,0.5208,0.0004,0.0161,-0.0049,0.0005,-0.2196,11.2908,-80.2889,0.2237,-0.03899,-3.12333,0.0364,-0.0995,-0.0983,0.0206,0.00000,0.00000
716,28.6400,0.3950,0.0000,-0.2108,0.5204,0.0029,0.0172,-0.0178,0.0029,-0.2189,11.2790,-80.3061,0.2237,-0.03904,-3.12332,0.0346,-0.1024,-0.0983,0.0211,0.00000,0.00000
717,28.6800,0.3950,0.0000,-0.2108,0.5206,0.0035,0.0176,-0.0206,-0.0049,-0.2177,11.2672,-80.3232,0.2238,-0.03921,-3.12280,0.0365,-0.1038,-0.0994,0.0200,0.00000,0.00000
718,28.7200,0.3950,0.0000,-0.2108,0.5205,0.0011,0.0180,-0.0088,-0.0065,-0.2165,11.2552,-80.3401,0.2238,-0.03950,-3.12269,0.0363,-0.1028,-0.1017,0.0234,0.00000,0.00000
719,28.7600,0.3950,0.0000,-0.2108,0.5204,-0.0004,0.0162,-0.0012,-0.0118,-0.2145,11.2429,-80.3569,0.2238,-0.03995,-3.12331,0.0347,-0.1016,-0.1029,0.0160,0.00000,0.00000
720,28.8000,0.3950,0.0000,-0.2108,0.5203,0.0021,0.0151,-0.0139,-0.0236,-0.2218,11.2306,-80.3736,0.2238,-0.04093,-3.12366,0.0378,-0.1020,-0.0967,0.0191,0.00000,0.00000
721,28.8400,0.3950,0.0000,-0.2108,0.5180,0.0024,0.0159,-0.0149,0.0025,-0.1986,11.2182,-80.3902,0.2238,-0.04124,-3.12350,0.0339,-0.1048,-0.1048,0.0149,0.00000,0.00000
722,28.8800,0.3950,0.0000,-0.2108,0.5175,0.0025,0.0135,-0.0156,-0.0062,-0.2086,11.2057,-80.4067,0.2237,-0.04148,-3.12329,0.0357,-0.1015,-0.0970,0.0181,0.00000,0.00000
723,28.9200,0.3950,0.0000,-0.2108,0.5171,0.0005,0.0167,-0.0056,-0.0144,-0.2022,11.1931,-80.4230,0.2237,-0.04187,-3.12340,0.0373,-0.1018,-0.1064,0.0197,0.00000,0.00000
724,28.9600,0.3950,0.0000,-0.2108,0.5165,0.0009,0.0164,-0.0076,-0.0226,-0.2086,11.1803,-80.4392,0.2238,-0.04281,-3.12383,0.0371,-0.1031,-0.1013,0.0135,0.00000,0.00000
725,29.0000,0.3950,0.0000,-0.2108,0.5142,0.0006,0.0169,-0.0061,-0.0082,-0.1980,11.1674,-80.4553,0.2238,-0.04338,-3.12420,0.0366,-0.1040,-0.1072,0.0187,0.00000,0.00000
726,29.0400,0.3950,0.0000,-0.2108,0.5122,0.0020,0.0163,-0.0129,0.0011,-0.2050,11.1545,-80.4712,0.2239,-0.04361,-3.12440,0.0389,-0.1042,-0.1027,0.0183,0.00000,0.00000
727,29.0800,0.3950,0.0000,-0.2108,0.5096,0.0026,0.0142,-0.0163,0.0202,-0.1932,11.1415,-80.4869,0.2239,-0.04320,-3.12423,0.0349,-0.1056,-0.1024,0.0148,0.00000,0.00000
728,29.1200,0.3950,0.0000,-0.2108,0.5075,0.0021,0.0150,-0.0132,0.0343,-0.2007,11.1285,-80.5026,0.2238,-0.04211,-3.12407,0.0366,-0.1037,-0.1025,0.0225,0.00000,0.00000
729,29.1600,0.3950,0.0000,-0.2108,0.5072,0.0009,0.0156,-0.0071,0.0205,-0.2072,11.1154,-80.5180,0.2238,-0.04112,-3.12418,0.0343,-0.1036,-0.1035,0.0154,0.00000,0.00000
730,29.2000,0.3950,0.0000,-0.2108,0.5069,0.0018,0.0165,-0.0119,0.0093,-0.1994,11.1021,-80.5334,0.2238,-0.04075,-3.12434,0.0341,-0.1080,-0.1037,0.0115,0.00000,0.00000
731,29.2400,0.3950,0.0000,-0.2108,0.5063,0.0006,0.0251,-0.0053,0.0090,-0.2162,11.0888,-80.5485,0.2240,-0.04031,-3.12448,0.0367,-0.1135,-0.1216,0.0248,0.00000,0.00000
732,29.2800,0.3950,0.0000,-0.2108,0.5072,-0.0015,0.0234,0.0051,-0.0200,-0.2192,11.0752,-80.5636,0.2243,-0.04077,-3.12523,0.0370,-0.1101,-0.1114,0.0158,0.00000,0.00000
733,29.3200,0.3950,0.0000,-0.2108,0.5051,-0.0010,0.0185,0.0024,-0.0086,-0.1993,11.0616,-80.5784,0.2245,-0.04142,-3.12629,0.0380,-0.1109,-0.1153,0.0184,0.00000,0.00000
734,29.3600,0.3950,0.0000,-0.2108,0.5026,0.0025,0.0146,-0.0149,0.0095,-0.2067,11.0479,-80.5932,0.2245,-0.04145,-3.12658,0.0364,-0.1089,-0.1112,0.0181,0.00000,0.00000
735,29.4000,0.3950,0.0000,-0.2108,0.5013,0.0027,0.0155,-0.0159,0.0103,-0.2208,11.0343,-80.6079,0.2244,-0.04107,-3.12629,0.0354,-0.1083,-0.1128,0.0234,0.00000,0.00000
736,29.4400,0.3950,0.0000,-0.2108,0.5010,0.0004,0.0172,-0.0046,0.0014,-0.2247,11.0204,-80.6224,0.2244,-0.04096,-3.12641,0.0333,-0.1097,-0.1120,0.0208,0.00000,0.00000
737,29.4800,0.3950,0.0000,-0.2108,0.5000,0.0006,0.0190,-0.0056,0.0025,-0.2244,11.0065,-80.6367,0.2245,-0.04106,-3.12689,0.0356,-0.1118,-0.1100,0.0217,0.00000,0.00000
738,29.5200,0.3950,0.0000,-0.2108,0.4986,0.0013,0.0157,-0.0094,0.0082,-0.2316,10.9925,-80.6509,0.2245,-0.04090,-3.12717,0.0325,-0.1097,-0.1097,0.0176,0.00000,0.00000
739,29.5600,0.3950,0.0000,-0.2108,0.4977,0.0023,0.0161,-0.0141,0.0039,-0.2127,10.9784,-80.6650,0.2244,-0.04073,-3.12716,0.0332,-0.1128,-0.1148,0.0164,0.00000,0.00000
740,29.6000,0.3950,0.0000,-0.2108,0.4963,0.0017,0.0162,-0.0111,0.0174,-0.2240,10.9642,-80.6789,0.2244,-0.04038,-3.12713,0.0325,-0.1098,-0.1092,0.0221,0.00000,0.00000
741,29.6400,0.3950,0.0000,-0.2108,0.4956,0.0005,0.0199,-0.0051,0.0199,-0.2269,10.9500,-80.6926,0.2244,-0.03965,-3.12736,0.0339,-0.1117,-0.1144,0.0224,0.00000,0.00000
742,29.6800,0.3950,0.0000,-0.2108,0.4950,0.0010,0.0186,-0.0077,0.0251,-0.2319,10.9356,-80.7062,0.2245,-0.03894,-3.12771,0.0327,-0.1118,-0.1079,0.0177,0.00000,0.00000
743,29.7200,0.3950,0.0000,-0.2108,0.4956,0.0023,0.0163,-0.0139,0.0019,-0.2305,10.9211,-80.7197,0.2245,-0.03860,-3.12772,0.0338,-0.1107,-0.1088,0.0197,0.00000,0.00000
744,29.7600,0.3950,0.0000,-0.2108,0.4944,0.0010,0.0064,-0.0085,0.0240,-0.2526,10.9065,-80.7331,0.2241,-0.03839,-3.12783,0.0246,-0.0992,-0.0821,0.0259,0.00000,0.00000
745,29.8000,0.3950,0.0000,-0.2108,0.4933,0.0010,0.0113,-0.0083,0.0528,-0.2356,10.8917,-80.7462,0.2237,-0.03677,-3.12807,0.0236,-0.1031,-0.0953,0.0255,0.00000,0.00000
746,29.8400,0.3950,0.0000,-0.2108,0.4959,0.0019,0.0174,-0.0127,0.0319,-0.2406,10.8768,-80.7593,0.2236,-0.03539,-3.12803,0.0245,-0.1050,-0.0882,0.0250,0.00000,0.00000
747,29.8800,0.3950,0.0000,-0.2108,0.4975,-0.0004,0.0185,-0.0012,0.0320,-0.2462,10.8618,-80.7723,0.2235,-0.03418,-3.12830,0.0226,-0.1025,-0.0928,0.0228,0.00000,0.00000
748,29.9200,0.3950,0.0000,-0.2108,0.4995,-0.0002,0.0226,-0.0022,0.0343,-0.2436,10.8465,-80.7851,0.2235,-0.03308,-3.12884,0.0264,-0.1057,-0.0921,0.0281,0.00000,0.00000
749,29.9600,0.3368,0.0000,-0.0083,0.0634,-0.0403,0.0000,-0.0427,0.0065,-0.0216,20.1464,-76.2776,1.2711,0.00000,0.00000,0.0264,-0.1057,-0.0942,0.0185,0.00000,0.00000
750,30.0000,0.3368,0.0000,-0.0083,0.0438,-0.0516,-0.2747,0.3489,1.1342,-0.2291,20.1488,-76.2761,1.2659,0.04798,0.03052,0.8316,0.1917,-0.8328,0.1572,0.00000,0.00000
751,30.0400,0.3368,0.0000,-0.0083,0.1435,-0.0509,-0.7919,0.1677,0.8327,-1.2513,20.1517,-76.2729,1.2399,0.07572,0.05210,1.1497,1.2810,0.5227,0.9651,0.00000,0.00000
752,30.0800,0.3368,0.0000,-0.0083,0.1892,-0.0335,-1.1181,0.0114,0.1854,-1.7899,20.1536,-76.2698,1.2010,0.08864,0.01074,1.7029,0.8007,0.6805,1.5101,0.00000,0.00000
753,30.1200,0.3368,0.0000,-0.0083,0.2255,-0.0430,-1.5660,0.0483,-0.2233,-0.2170,20.1564,-76.2667,1.1441,0.08111,0.01734,1.0865,0.6823,0.4617,1.2807,0.00000,0.00000
754,30.1600,0.3368,0.0000,-0.0083,0.2068,-0.0072,-2.0654,-0.4720,-0.1073,1.3832,20.1578,-76.2648,1.0673,0.07306,-0.02641,0.1675,0.5372,0.7255,0.1121,0.00000,0.00000
755,30.2000,0.3368,0.0000,-0.0083,0.1837,0.0495,-0.2329,-0.2752,-0.0598,0.3700,20.1599,-76.2602,1.0241,0.06987,0.00270,-0.4071,-0.2652,-0.2718,0.2945,0.00000,0.00000
756,30.2400,0.3368,0.0000,-0.0083,0.2829,0.0201,0.3244,-0.0854,-0.1896,-0.1158,20.1592,-76.2503,1.0292,0.07458,-0.05679,-0.4043,-0.6694,-0.5412,-0.7406,0.00000,0.00000
757,30.2800,0.3368,0.0000,-0.0083,0.3463,-0.0775,0.3315,0.3955,-0.2653,-0.1121,20.1651,-76.2376,1.0405,0.05751,-0.01518,-0.3040,-0.7774,-0.3156,-0.1477,0.00000,0.00000
758,30.3200,0.3368,0.0000,-0.0083,0.3590,0.0037,0.1330,-0.0229,-0.3689,0.0703,20.1708,-76.2246,1.0475,0.04462,0.00997,0.0669,-0.2240,-0.0683,0.0311,0.00000,0.00000
759,30.3600,0.3368,0.0000,-0.0083,0.3631,0.0416,-0.0341,-0.2092,-0.2066,0.1388,20.1736,-76.2107,1.0463,0.03557,-0.00889,0.0536,-0.0584,-0.0829,0.0569,0.00000,0.00000
760,30.4000,0.3368,0.0000,-0.0083,0.3881,0.0254,0.0015,-0.1308,-0.2921,-0.0025,20.1761,-76.1962,1.0434,0.02565,-0.03459,0.0228,-0.0727,-0.1129,0.0724,0.00000,0.00000
761,30.4400,0.3368,0.0000,-0.0083,0.4106,-0.0046,0.0729,0.0222,-0.2765,-0.0515,20.1801,-76.1808,1.0433,0.01445,-0.04108,0.0152,-0.1121,-0.1136,0.0061,0.00000,0.00000
762,30.4800,0.3368,0.0000,-0.0083,0.4243,-0.0159,0.0671,0.0783,-0.2589,-0.0326,20.1852,-76.1651,1.0447,0.00330,-0.03111,0.0173,-0.1172,-0.0947,-0.0086,0.00000,0.00000
763,30.5200,0.3368,0.0000,-0.0083,0.4264,-0.0004,0.0347,0.0004,-0.1587,0.0220,20.1903,-76.1491,1.0452,-0.00499,-0.02436,0.0274,-0.1098,-0.0953,0.0079,0.00000,0.00000
764,30.5600,0.3368,0.0000,-0.0083,0.4304,0.0126,0.0198,-0.0647,-0.1195,0.0106,20.1947,-76.1326,1.0448,-0.01020,-0.02992,0.0305,-0.0969,-0.0967,0.0240,0.00000,0.00000
765,30.6000,0.3368,0.0000,-0.0083,0.4377,0.0057,0.0257,-0.0303,-0.1198,-0.0040,20.1990,-76.1160,1.0444,-0.01472,-0.03695,0.0271,-0.0958,-0.1039,0.0262,0.00000,0.00000
766,30.6400,0.3368,0.0000,-0.0083,0.4441,-0.0017,0.0318,0.0069,-0.1139,-0.0270,20.2038,-76.0991,1.0444,-0.01949,-0.03754,0.0249,-0.1029,-0.1009,0.0086,0.00000,0.00000
767,30.6800,0.3368,0.0000,-0.0083,0.4471,-0.0023,0.0328,0.0101,-0.0878,-0.0144,20.2088,-76.0821,1.0446,-0.02356,-0.03540,0.0266,-0.1064,-0.0994,0.0146,0.00000,0.00000
768,30.7200,0.3368,0.0000,-0.0083,0.4484,0.0019,0.0249,-0.0111,-0.0651,0.0026,20.2138,-76.0650,1.0447,-0.02652,-0.03504,0.0269,-0.1064,-0.1028,0.0040,0.00000,0.00000
769,30.7600,0.3368,0.0000,-0.0083,0.4499,0.0009,0.0257,-0.0055,-0.0486,-0.0091,20.2186,-76.0478,1.0447,-0.02859,-0.03611,0.0262,-0.1065,-0.1127,0.0249,0.00000,0.00000
770,30.8000,0.3368,0.0000,-0.0083,0.4518,-0.0009,0.0264,0.0033,-0.0388,-0.0108,20.2236,-76.0305,1.0448,-0.03032,-0.03566,0.0246,-0.1084,-0.1096,0.0092,0.00000,0.00000
771,30.8400,0.3368,0.0000,-0.0083,0.4539,-0.0004,0.0258,0.0007,-0.0499,-0.0207,20.2286,-76.0132,1.0449,-0.03225,-0.03484,0.0278,-0.1098,-0.1076,0.0188,0.00000,0.00000
772,30.8800,0.3368,0.0000,-0.0083,0.4538,0.0008,0.0243,-0.0051,-0.0282,-0.0195,20.2337,-75.9958,1.0450,-0.03370,-0.03457,0.0278,-0.1101,-0.1105,0.0116,0.00000,0.00000
773,30.9200,0.3368,0.0000,-0.0083,0.4539,-0.0003,0.0199,0.0003,-0.0203,-0.0116,20.2387,-75.9784,1.0450,-0.03459,-0.03447,0.0237,-0.1079,-0.1107,0.0146,0.00000,0.00000
774,30.9600,0.3368,0.0000,-0.0083,0.4541,-0.0002,0.0222,-0.0003,-0.0101,-0.0259,20.2437,-75.9610,1.0450,-0.03521,-0.03381,0.0278,-0.1089,-0.1112,0.0198,0.00000,0.00000
775,31.0000,0.3368,0.0000,-0.0083,0.4546,0.0010,0.0228,-0.0063,-0.0101,-0.0296,20.2487,-75.9436,1.0450,-0.03561,-0.03378,0.0261,-0.1112,-0.1121,0.0092,0.00000,0.00000
776,31.0400,0.3368,0.0000,-0.0083,0.4557,-0.0010,0.0208,0.0034,-0.0325,-0.0124,20.2538,-75.9262,1.0451,-0.03648,-0.03356,0.0252,-0.1101,-0.1158,0.0152,0.00000,0.00000
777,31.0800,0.3368,0.0000,-0.0083,0.4551,0.0003,0.0196,-0.0029,-0.0217,-0.0310,20.2589,-75.9088,1.0451,-0.03767,-0.03272,0.0293,-0.1079,-0.1072,0.0155,0.00000,0.00000
778,31.1200,0.3368,0.0000,-0.0083,0.4538,0.0009,0.0219,-0.0058,-0.0022,-0.0154,20.2639,-75.8913,1.0451,-0.03794,-0.03293,0.0269,-0.1110,-0.1165,0.0138,0.00000,0.00000
779,31.1600,0.3368,0.0000,-0.0083,0.4538,-0.0004,0.0180,0.0007,-0.0125,0.0017,20.2690,-75.8740,1.0451,-0.03829,-0.03284,0.0243,-0.1089,-0.1119,0.0108,0.00000,0.00000
780,31.2000,0.3368,0.0000,-0.0083,0.4531,0.0000,0.0203,-0.0012,-0.0109,-0.0065,20.2741,-75.8566,1.0451,-0.03873,-0.03241,0.0290,-0.1098,-0.1164,0.0171,0.00000,0.00000
781,31.2400,0.3368,0.0000,-0.0083,0.4525,0.0009,0.0224,-0.0056,-0.0077,-0.0241,20.2791,-75.8393,1.0451,-0.03910,-0.03249,0.0274,-0.1114,-0.1142,0.0130,0.00000,0.00000
782,31.2800,0.3368,0.0000,-0.0083,0.4519,-0.0009,0.0208,0.0032,-0.0126,-0.0068,20.2841,-75.8220,1.0452,-0.03947,-0.03217,0.0256,-0.1118,-0.1172,0.0142,0.00000,0.00000
783,31.3200,0.3368,0.0000,-0.0083,0.4498,0.0009,0.0211,-0.0055,0.0085,-0.0060,20.2892,-75.8047,1.0453,-0.03951,-0.03172,0.0299,-0.1136,-0.1180,0.0113,0.00000,0.00000
784,31.3600,0.3368,0.0000,-0.0083,0.4487,0.0028,0.0172,-0.0153,0.0073,-0.0242,20.2941,-75.7875,1.0453,-0.03922,-0.03290,0.0262,-0.1103,-0.1119,0.0097,0.00000,0.00000
785,31.4000,0.3368,0.0000,-0.0083,0.4484,-0.0002,0.0180,-0.0003,-0.0019,-0.0044,20.2991,-75.7703,1.0452,-0.03906,-0.03358,0.0245,-0.1111,-0.1178,0.0162,0.00000,0.00000
786,31.4400,0.3368,0.0000,-0.0083,0.4471,-0.0006,0.0211,0.0020,0.0132,-0.0007,20.3041,-75.7531,1.0452,-0.03885,-0.03282,0.0251,-0.1139,-0.1166,0.0104,0.00000,0.00000
787,31.4800,0.3368,0.0000,-0.0083,0.4458,0.0008,0.0217,-0.0052,0.0226,0.0099,20.3091,-75.7360,1.0453,-0.03810,-0.03279,0.0250,-0.1147,-0.1163,0.0096,0.00000,0.00000
788,31.5200,0.3368,0.0000,-0.0083,0.4458,0.0012,0.0188,-0.0074,0.0100,-0.0040,20.3140,-75.7188,1.0452,-0.03751,-0.03346,0.0271,-0.1100,-0.1121,0.0144,0.00000,0.00000
789,31.5600,0.3368,0.0000,-0.0083,0.4464,0.0010,0.0197,-0.0060,-0.0117,-0.0035,20.3190,-75.7017,1.0452,-0.03761,-0.03409,0.0268,-0.1118,-0.1155,0.0118,0.00000,0.00000
790,31.6000,0.3368,0.0000,-0.0083,0.4465,0.0005,0.0220,-0.0037,-0.0182,0.0037,20.3239,-75.6846,1.0452,-0.03829,-0.03441,0.0281,-0.1131,-0.1135,0.0145,0.00000,0.00000
791,31.6400,0.3368,0.0000,-0.0083,0.4444,0.0001,0.0186,-0.0019,0.0090,0.0017,20.3288,-75.6676,1.0452,-0.03833,-0.03429,0.0254,-0.1097,-0.1124,0.0091,0.00000,0.00000
792,31.6800,0.3368,0.0000,-0.0083,0.4434,0.0011,0.0196,-0.0069,0.0163,-0.0007,20.3337,-75.6506,1.0452,-0.03783,-0.03458,0.0273,-0.1108,-0.1124,0.0160,0.00000,0.00000
793,31.7200,0.3368,0.0000,-0.0083,0.4428,0.0033,0.0185,-0.0177,0.0226,0.0020,20.3386,-75.6335,1.0451,-0.03715,-0.03610,0.0248,-0.1132,-0.1053,0.0075,0.00000,0.00000
794,31.7600,0.3368,0.0000,-0.0083,0.4424,0.0024,0.0186,-0.0135,0.0275,0.0106,20.3433,-75.6165,1.0450,-0.03611,-0.03818,0.0257,-0.1115,-0.1059,0.0152,0.00000,0.00000
795,31.8000,0.3368,0.0000,-0.0083,0.4439,0.0010,0.0201,-0.0061,0.0077,-0.0304,20.3482,-75.5994,1.0449,-0.03551,-0.03916,0.0264,-0.1095,-0.1052,0.0164,0.00000,0.00000
796,31.8400,0.3368,0.0000,-0.0083,0.4446,0.0015,0.0246,-0.0090,0.0111,-0.0239,20.3530,-75.5824,1.0450,-0.03524,-0.03959,0.0259,-0.1174,-0.1071,0.0075,0.00000,0.00000
797,31.8800,0.3368,0.0000,-0.0083,0.4456,0.0024,0.0207,-0.0137,-0.0035,-0.0296,20.3579,-75.5653,1.0450,-0.03522,-0.04072,0.0279,-0.1129,-0.1016,0.0103,0.00000,0.00000
798,31.9200,0.3368,0.0000,-0.0083,0.4464,0.0041,0.0178,-0.0220,-0.0104,-0.0258,20.3627,-75.5481,1.0449,-0.03569,-0.04274,0.0289,-0.1137,-0.0956,0.0106,0.00000,0.00000
799,31.9600,0.3368,0.0000,-0.0083,0.4477,0.0013,0.0038,-0.0080,-0.0265,-0.0311,20.3676,-75.5310,1.0444,-0.03677,-0.04432,0.0110,-0.1028,-0.0715,0.0121,0.00000,0.00000
800,32.0000,0.3368,0.0000,-0.0083,0.4475,0.0031,0.0096,-0.0171,-0.0037,-0.0374,20.3725,-75.5138,1.0438,-0.03743,-0.04526,0.0172,-0.1066,-0.0757,0.0155,0.00000,0.00000
801,32.0400,0.3368,0.0000,-0.0083,0.4489,0.0034,0.0191,-0.0190,0.0037,-0.0566,20.3774,-75.4966,1.0436,-0.03737,-0.04737,0.0165,-0.1076,-0.0779,0.0111,0.00000,0.00000
802,32.0800,0.3368,0.0000,-0.0083,0.4531,0.0047,0.0231,-0.0257,-0.0483,-0.0531,20.3823,-75.4792,1.0437,-0.03863,-0.04986,0.0272,-0.1129,-0.0751,0.0074,0.00000,0.00000
803,32.1200,0.3368,0.0000,-0.0083,0.4538,0.0021,0.0228,-0.0129,-0.0395,-0.0557,20.3873,-75.4619,1.0438,-0.04045,-0.05163,0.0272,-0.1122,-0.0747,0.0203,0.00000,0.00000
804,32.1600,0.3368,0.0000,-0.0083,0.4542,0.0031,0.0197,-0.0181,-0.0326,-0.0700,20.3924,-75.4445,1.0439,-0.04203,-0.05266,0.0267,-0.1157,-0.0723,0.0117,0.00000,0.00000
805,32.2000,0.3368,0.0000,-0.0083,0.4539,0.0043,0.0179,-0.0239,-0.0202,-0.0451,20.3974,-75.4272,1.0440,-0.04314,-0.05481,0.0245,-0.1199,-0.0721,0.0122,0.00000,0.00000
806,32.2400,0.3368,0.0000,-0.0083,0.4539,0.0054,0.0152,-0.0296,-0.0165,-0.0525,20.4025,-75.4098,1.0439,-0.04393,-0.05774,0.0289,-0.1170,-0.0678,0.0123,0.00000,0.00000
807,32.2800,0.3368,0.0000,-0.0083,0.4542,0.0019,0.0169,-0.0115,-0.0074,-0.0405,20.4076,-75.3924,1.0439,-0.04439,-0.05981,0.0263,-0.1169,-0.0677,0.0204,0.00000,0.00000
808,32.3200,0.3368,0.0000,-0.0083,0.4553,0.0026,0.0175,-0.0152,-0.0198,-0.0459,20.4128,-75.3750,1.0439,-0.04507,-0.06074,0.0334,-0.1167,-0.0641,0.0098,0.00000,0.00000
809,32.3600,0.3368,0.0000,-0.0083,0.4558,0.0015,0.0178,-0.0099,-0.0227,-0.0595,20.4181,-75.3577,1.0439,-0.04596,-0.06172,0.0307,-0.1168,-0.0663,0.0199,0.00000,0.00000
810,32.4000,0.3368,0.0000,-0.0083,0.4569,0.0034,0.0111,-0.0198,-0.0512,-0.0542,20.4234,-75.3403,1.0438,-0.04763,-0.06274,0.0323,-0.1139,-0.0597,-0.0017,0.00000,0.00000
811,32.4400,0.3368,0.0000,-0.0083,0.4555,0.0023,0.0127,-0.0137,-0.0359,-0.0202,20.4287,-75.3229,1.0437,-0.04933,-0.06447,0.0263,-0.1216,-0.0698,0.0126,0.00000,0.00000
812,32.4800,0.3368,0.0000,-0.0083,0.4526,0.0030,0.0183,-0.0173,0.0144,-0.0408,20.4340,-75.3056,1.0437,-0.04946,-0.06587,0.0292,-0.1244,-0.0768,0.0011,0.00000,0.00000
813,32.5200,0.3368,0.0000,-0.0083,0.4530,0.0017,0.0171,-0.0105,-0.0059,-0.0350,20.4393,-75.2883,1.0439,-0.04939,-0.06731,0.0246,-0.1267,-0.0732,0.0017,0.00000,0.00000
814,32.5600,0.3368,0.0000,-0.0083,0.4518,-0.0002,0.0171,-0.0008,0.0050,-0.0442,20.4447,-75.2711,1.0439,-0.04937,-0.06716,0.0271,-0.1278,-0.0790,0.0051,0.00000,0.00000
815,32.6000,0.3368,0.0000,-0.0083,0.4511,0.0013,0.0188,-0.0084,0.0023,-0.0182,20.4501,-75.2539,1.0441,-0.04924,-0.06733,0.0270,-0.1326,-0.0814,-0.0048,0.00000,0.00000
816,32.6400,0.3368,0.0000,-0.0083,0.4501,-0.0002,0.0202,0.0000,-0.0005,0.0224,20.4554,-75.2367,1.0443,-0.04907,-0.06792,0.0286,-0.1344,-0.0915,0.0030,0.00000,0.00000
817,32.6800,0.3368,0.0000,-0.0083,0.4494,-0.0057,0.0175,0.0280,-0.0084,0.0215,20.4610,-75.2197,1.0444,-0.04902,-0.06604,0.0297,-0.1224,-0.0924,0.0089,0.00000,0.00000
818,32.7200,0.3368,0.0000,-0.0083,0.4481,-0.0058,0.0250,0.0283,-0.0007,0.0087,20.4666,-75.2027,1.0447,-0.04905,-0.06212,0.0395,-0.1253,-0.1019,0.0123,0.00000,0.00000
819,32.7600,0.3368,0.0000,-0.0083,0.4484,-0.0037,0.0234,0.0177,-0.0447,0.0294,20.4721,-75.1858,1.0451,-0.04995,-0.05937,0.0402,-0.1248,-0.1053,0.0004,0.00000,0.00000
820,32.8000,0.3368,0.0000,-0.0083,0.4457,-0.0059,0.0225,0.0294,-0.0508,0.0627,20.4776,-75.1689,1.0454,-0.05151,-0.05659,0.0479,-0.1209,-0.1219,0.0159,0.00000,0.00000
821,32.8400,0.3368,0.0000,-0.0083,0.4417,-0.0032,0.0284,0.0157,-0.0271,0.0310,20.4830,-75.1521,1.0459,-0.05302,-0.05389,0.0512,-0.1314,-0.1228,0.0208,0.00000,0.00000
822,32.8800,0.3368,0.0000,-0.0083,0.4358,-0.0055,0.0317,0.0270,0.0173,0.0762,20.4883,-75.1355,1.0466,-0.05268,-0.05165,0.0480,-0.1351,-0.1343,0.0241,0.00000,0.00000
823,32.9200,0.3368,0.0000,-0.0083,0.4317,-0.0019,0.0222,0.0089,0.0076,0.0746,20.4935,-75.1190,1.0471,-0.05216,-0.04969,0.0627,-0.1285,-0.1246,0.0189,0.00000,0.00000
824,32.9600,0.3368,0.0000,-0.0083,0.4260,-0.0007,0.0161,0.0030,0.0284,0.0780,20.4984,-75.1026,1.0472,-0.05122,-0.04977,0.0572,-0.1246,-0.1228,0.0304,0.00000,0.00000
825,33.0000,0.3368,0.0000,-0.0083,0.4212,0.0072,0.0157,-0.0364,0.0387,0.0629,20.5031,-75.0863,1.0472,-0.04989,-0.05288,0.0673,-0.1286,-0.1151,0.0128,0.00000,0.00000
826,33.0400,0.3368,0.0000,-0.0083,0.4178,-0.0005,0.0135,0.0018,0.0352,0.0258,20.5076,-75.0702,1.0471,-0.04799,-0.05608,0.0539,-0.1170,-0.1231,0.0354,0.00000,0.00000
827,33.0800,0.3368,0.0000,-0.0083,0.4148,0.0027,0.0160,-0.0146,0.0345,0.0440,20.5122,-75.0542,1.0470,-0.04690,-0.05668,0.0623,-0.1296,-0.1108,-0.0012,0.00000,0.00000
828,33.1200,0.3368,0.0000,-0.0083,0.4125,0.0067,0.0102,-0.0344,-0.0024,0.0566,20.5166,-75.0383,1.0468,-0.04637,-0.06126,0.0571,-0.1247,-0.1056,0.0089,0.00000,0.00000
829,33.1600,0.3368,0.0000,-0.0083,0.4099,0.0051,0.0074,-0.0266,-0.0232,0.0924,20.5208,-75.0224,1.0464,-0.04679,-0.06668,0.0580,-0.1213,-0.1070,0.0028,0.00000,0.00000
830,33.2000,0.3368,0.0000,-0.0083,0.4082,0.0021,0.0146,-0.0110,-0.0554,0.0820,20.5251,-75.0067,1.0461,-0.04828,-0.07069,0.0607,-0.1222,-0.1151,0.0077,0.00000,0.00000
831,33.2400,0.3368,0.0000,-0.0083,0.4033,0.0044,0.0181,-0.0231,-0.0249,0.0795,20.5293,-74.9911,1.0461,-0.04996,-0.07417,0.0608,-0.1292,-0.0980,-0.0078,0.00000,0.00000
832,33.2800,0.3368,0.0000,-0.0083,0.3969,0.0052,0.0128,-0.0269,0.0087,0.0646,20.5333,-74.9757,1.0460,-0.04987,-0.07922,0.0582,-0.1241,-0.1027,-0.0032,0.00000,0.00000
833,33.3200,0.3368,0.0000,-0.0083,0.3933,0.0032,0.0117,-0.0172,0.0000,0.0698,20.5372,-74.9604,1.0458,-0.04962,-0.08382,0.0569,-0.1248,-0.1003,-0.0033,0.00000,0.00000
834,33.3600,0.3368,0.0000,-0.0083,0.3887,0.0012,0.0184,-0.0066,0.0194,0.1182,20.5411,-74.9454,1.0457,-0.04909,-0.08733,0.0561,-0.1326,-0.1019,-0.0040,0.00000,0.00000
835,33.4000,0.3368,0.0000,-0.0083,0.3859,-0.0101,0.0182,0.0513,0.0011,0.1683,20.5452,-74.9305,1.0457,-0.04825,-0.08650,0.0504,-0.1187,-0.1060,0.0161,0.00000,0.00000
836,33.4400,0.3368,0.0000,-0.0083,0.3833,-0.0060,0.0153,0.0308,-0.0209,0.1684,20.5494,-74.9157,1.0456,-0.04886,-0.08237,0.0655,-0.1129,-0.0846,0.0002,0.00000,0.00000
837,33.4800,0.3368,0.0000,-0.0083,0.3781,-0.0075,0.0264,0.0388,0.0035,0.2197,20.5533,-74.9011,1.0457,-0.04854,-0.08106,0.0595,-0.1178,-0.1154,0.0293,0.00000,0.00000
838,33.5200,0.3368,0.0000,-0.0083,0.3758,-0.0108,0.0191,0.0550,-0.0254,0.1890,20.5572,-74.8866,1.0459,-0.04868,-0.07686,0.0645,-0.0981,-0.1031,0.0134,0.00000,0.00000
839,33.5600,0.3368,0.0000,-0.0083,0.3698,-0.0111,0.0199,0.0575,0.0127,0.2121,20.5610,-74.8722,1.0459,-0.04870,-0.07064,0.0622,-0.1008,-0.1025,0.0312,0.00000,0.00000
840,33.6000,0.3368,0.0000,-0.0083,0.3612,-0.0072,0.0171,0.0378,0.1019,0.1941,20.5646,-74.8580,1.0459,-0.04587,-0.06564,0.0593,-0.0919,-0.0930,0.0271,0.00000,0.00000
841,33.6400,0.3368,0.0000,-0.0083,0.3597,-0.0075,0.0168,0.0424,0.1057,0.1545,20.5679,-74.8440,1.0457,-0.04092,-0.06115,0.0538,-0.0858,-0.1037,0.0469,0.00000,0.00000
842,33.6800,0.3368,0.0000,-0.0083,0.3695,-0.0029,0.0320,0.0266,0.1382,0.1434,20.5711,-74.8297,1.0459,-0.03555,-0.05555,0.0532,-0.1109,-0.1457,0.0848,0.00000,0.00000
843,33.7200,0.3368,0.0000,-0.0083,0.3981,-0.0114,0.0455,0.0698,0.0773,0.1103,20.5745,-74.8148,1.0467,-0.03011,-0.04579,0.0606,-0.1055,-0.2316,0.1914,0.00000,0.00000
844,33.7600,0.3368,0.0000,-0.0083,0.4414,-0.0066,0.0492,0.0506,-0.0519,0.1062,20.5781,-74.7984,1.0479,-0.02972,-0.02992,0.0993,-0.1071,-0.3102,0.2694,0.00000,0.00000
845,33.8000,0.3368,0.0000,-0.0083,0.4882,0.0090,0.0321,-0.0319,-0.1858,0.2032,20.5816,-74.7804,1.0490,-0.03298,-0.02149,0.1547,-0.0726,-0.4353,0.4306,0.00000,0.00000
846,33.8400,0.3368,0.0000,-0.0083,0.5006,0.0703,-0.1865,-0.4237,-0.5222,0.3411,20.5835,-74.7608,1.0461,-0.04761,-0.06806,0.2321,0.0615,-0.5778,0.6119,0.00000,0.00000
847,33.8800,0.3368,0.0000,-0.0083,0.4671,0.0964,-0.5900,-0.6071,-0.5047,0.3782,20.5831,-74.7409,1.0298,-0.06476,-0.23423,0.4015,0.1293,-0.6224,0.7117,0.00000,0.00000
848,33.9200,0.3368,0.0000,-0.0083,0.4759,0.0216,-0.7653,-0.0918,-0.2708,0.0635,20.5834,-74.7199,1.0013,-0.06793,-0.33980,0.5693,-0.0821,-0.3353,0.3414,0.00000,0.00000
849,33.9600,0.3368,0.0000,-0.0083,0.4591,-0.1870,-0.8280,0.7724,0.3610,0.5801,20.5914,-74.6999,0.9702,-0.06867,-0.29217,0.5527,-0.5545,-0.2871,-0.1306,0.00000,0.00000
850,34.0000,0.3368,0.0000,-0.0083,0.4560,-0.1133,-0.4048,0.5232,-0.7104,0.8354,20.6013,-74.6808,0.9458,-0.09170,-0.16489,0.0525,-0.2802,-0.2567,0.0073,0.00000,0.00000
851,34.0400,0.3368,0.0000,-0.0083,0.4215,0.0163,-0.1393,-0.0772,0.3974,0.3270,20.6040,-74.6626,0.9375,-0.08501,-0.16309,-0.1235,-0.1717,-0.0182,-0.1490,0.00000,0.00000
852,34.0800,0.3368,0.0000,-0.0083,0.4105,0.0257,-0.1125,-0.1270,0.2728,-0.0490,20.6042,-74.6454,0.9323,-0.07019,-0.24666,-0.0024,-0.0846,-0.0661,0.0154,0.00000,0.00000
853,34.1200,0.3368,0.0000,-0.0083,0.4092,0.0053,-0.0396,-0.0278,0.1816,-0.0722,20.6047,-74.6287,0.9290,-0.06116,-0.27984,0.0127,-0.1209,-0.1270,-0.0342,0.00000,0.00000
854,34.1600,0.3368,0.0000,-0.0083,0.4073,-0.0068,0.0204,0.0332,0.1487,-0.0576,20.6059,-74.6122,0.9284,-0.05520,-0.26648,0.0152,-0.1523,-0.1278,-0.0393,0.00000,0.00000
855,34.2000,0.3368,0.0000,-0.0083,0.4017,-0.0099,0.0431,0.0479,0.1470,0.1353,20.6075,-74.5961,0.9293,-0.04940,-0.25309,0.0254,-0.1751,-0.1474,-0.0266,0.00000,0.00000
856,34.2400,0.3368,0.0000,-0.0083,0.3961,-0.0061,0.0150,0.0291,0.1306,0.2194,20.6089,-74.5801,0.9297,-0.04409,-0.26019,0.0311,-0.1474,-0.1158,-0.0056,0.00000,0.00000
857,34.2800,0.3368,0.0000,-0.0083,0.3878,-0.0006,0.0051,0.0029,0.2370,0.0489,20.6101,-74.5644,0.9290,-0.03627,-0.27378,0.0501,-0.1077,-0.0915,0.0429,0.00000,0.00000
858,34.3200,0.3368,0.0000,-0.0083,0.3896,-0.0024,0.0252,0.0109,0.2245,0.0221,20.6110,-74.5487,0.9287,-0.02656,-0.28184,0.0381,-0.1183,-0.1226,0.0073,0.00000,0.00000
859,34.3600,0.3368,0.0000,-0.0083,0.3975,-0.0061,0.0368,0.0292,0.1285,0.0233,20.6120,-74.5328,0.9289,-0.02019,-0.27399,0.0413,-0.1320,-0.1206,0.0068,0.00000,0.00000
860,34.4000,0.3368,0.0000,-0.0083,0.4027,0.0010,0.0418,-0.0063,0.0898,0.0091,20.6130,-74.5167,0.9294,-0.01641,-0.26944,0.0544,-0.1393,-0.1152,0.0056,0.00000,0.00000
861,34.4400,0.3368,0.0000,-0.0083,0.4210,0.0161,0.0186,-0.0854,-0.0345,-0.0911,20.6136,-74.5003,0.9295,-0.01530,-0.28966,0.0467,-0.1381,-0.1359,0.0224,0.00000,0.00000
862,34.4800,0.3368,0.0000,-0.0083,0.4575,-0.0088,0.0587,0.0684,-0.0858,0.1966,20.6143,-74.4829,0.9301,-0.01572,-0.31779,0.0468,-0.1749,-0.3256,0.2333,0.00000,0.00000
863,34.5200,0.3368,0.0000,-0.0083,0.5145,-0.0356,0.0128,0.1823,-0.1553,0.0230,20.6162,-74.4637,0.9311,-0.02123,-0.24716,0.2284,-0.1490,-0.3526,0.3416,0.00000,0.00000
864,34.5600,0.3368,0.0000,-0.0083,0.5243,-0.0048,-0.1801,-0.1737,0.0562,0.1370,20.6180,-74.4428,0.9283,-0.02305,-0.21941,0.5064,-0.3008,-0.5889,0.4004,0.00000,0.00000
865,34.6000,0.3368,0.0000,-0.0083,0.5089,0.0061,-0.5792,-0.2386,0.1372,0.1654,20.6186,-74.4221,0.9119,-0.01385,-0.56970,0.8292,-0.3296,-0.7339,0.4788,0.00000,0.00000
866,34.6400,0.3368,0.0000,-0.0083,0.5111,-0.0159,-0.9913,0.0475,-0.0148,0.1985,20.6192,-74.4009,0.8762,-0.01339,-0.81589,0.7076,-0.1417,-0.3774,0.2816,0.00000,0.00000
867,34.6800,0.3368,0.0000,-0.0083,0.4884,0.0381,-0.5084,-0.1749,-0.4692,0.2869,20.6213,-74.3799,0.8436,-0.03438,-1.30306,0.4870,-0.2743,-0.2619,0.0138,0.00000,0.00000
868,34.7200,0.3368,0.0000,-0.0083,0.4567,-0.0067,-0.2642,0.0269,-0.1105,0.0080,20.6205,-74.3609,0.8289,-0.04142,-1.35721,-0.1664,-0.0873,-0.1779,-0.0472,0.00000,0.00000
869,34.7600,0.3368,0.0000,-0.0083,0.4489,-0.0354,-0.1692,0.1695,-0.2396,0.0110,20.6221,-74.3424,0.8197,-0.05328,-1.31594,0.0124,-0.1525,-0.0297,-0.0577,0.00000,0.00000
870,34.8000,0.3368,0.0000,-0.0083,0.4181,-0.0020,-0.0590,0.0104,0.1050,-0.0162,20.6232,-74.3250,0.8149,-0.05456,-1.33117,0.0242,-0.1540,-0.0854,-0.0466,0.00000,0.00000
871,34.8400,0.3368,0.0000,-0.0083,0.4051,0.0032,-0.0053,-0.0170,0.2002,0.0035,20.6232,-74.3084,0.8133,-0.04672,-1.34149,0.0257,-0.1359,-0.1319,-0.0291,0.00000,0.00000
872,34.8800,0.3368,0.0000,-0.0083,0.4049,-0.0055,0.0057,0.0267,0.1047,-0.0044,20.6233,-74.2921,0.8126,-0.04103,-1.35484,0.0487,-0.1379,-0.1322,-0.0366,0.00000,0.00000
873,34.9200,0.3368,0.0000,-0.0083,0.3981,-0.0153,0.0249,0.0760,0.1875,0.0321,20.6239,-74.2759,0.8124,-0.03534,-1.36796,0.0454,-0.1393,-0.1140,0.0246,0.00000,0.00000
874,34.9600,0.3368,0.0000,-0.0083,0.3959,-0.0078,0.0298,0.0379,0.1945,0.0522,20.6245,-74.2599,0.8126,-0.02777,-1.44103,0.0594,-0.1357,-0.1076,-0.0003,0.00000,0.00000
875,35.0000,0.3368,0.0000,-0.0083,0.3988,-0.0058,0.0230,0.0279,0.1281,0.0474,20.6247,-74.2439,0.8126,-0.02133,-1.55892,0.0552,-0.1226,-0.1199,0.0146,0.00000,0.00000
876,35.0400,0.3368,0.0000,-0.0083,0.4028,-0.0064,0.0295,0.0306,0.0930,0.0649,20.6250,-74.2278,0.8124,-0.01716,-1.71639,0.0571,-0.1278,-0.1250,0.0147,0.00000,0.00000
877,35.0800,0.3368,0.0000,-0.0083,0.4055,-0.0019,0.0392,0.0084,0.1094,0.0104,20.6251,-74.2116,0.8126,-0.01323,-1.83703,0.0590,-0.1347,-0.1277,0.0108,0.00000,0.00000
878,35.1200,0.3368,0.0000,-0.0083,0.4180,0.0071,0.0345,-0.0367,0.0179,-0.0576,20.6249,-74.1951,0.8129,-0.01041,-1.83088,0.0586,-0.1440,-0.1358,0.0063,0.00000,0.00000
879,35.1600,0.3368,0.0000,-0.0083,0.4578,-0.0008,0.0542,0.0004,-0.0627,-0.0455,20.6245,-74.1777,0.8139,-0.01070,-1.82498,0.1517,-0.2136,-0.2538,0.1739,0.00000,0.00000
880,35.2000,0.3368,0.0000,-0.0083,0.5153,-0.0268,0.0179,0.1409,-0.0220,0.0472,20.6248,-74.1583,0.8150,-0.01424,-2.06126,0.3148,-0.3324,-0.4056,0.2541,0.00000,0.00000
881,35.2400,0.3368,0.0000,-0.0083,0.5305,-0.0284,-0.1859,0.2503,0.1970,0.0779,20.6258,-74.1372,0.8119,-0.00884,-2.61070,0.6052,-0.4782,-0.6240,0.3330,0.00000,0.00000
882,35.2800,0.3368,0.0000,-0.0083,0.5200,-0.0351,-0.5914,0.2550,0.3608,0.0395,20.6270,-74.1162,0.7948,0.00761,2.96427,0.9161,-0.3854,-0.7811,0.4500,0.00000,0.00000
883,35.3200,0.3368,0.0000,-0.0083,0.5521,0.0441,-0.8879,-0.1995,-0.4472,0.7024,20.6273,-74.0948,0.7588,0.01003,2.82524,0.7689,-0.0838,-0.4467,0.2857,0.00000,0.00000
884,35.3600,0.3368,0.0000,-0.0083,0.5000,0.1099,-0.5423,-0.4483,-0.1927,-0.2435,20.6230,-74.0741,0.7284,-0.00429,-2.90463,0.2565,-0.0351,-0.2913,0.0036,0.00000,0.00000
885,35.4000,0.3368,0.0000,-0.0083,0.4928,0.0438,-0.2890,-0.2001,-0.5731,-0.1582,20.6187,-74.0545,0.7117,-0.02392,-2.33929,-0.1055,-0.1270,-0.1933,-0.0023,0.00000,0.00000
886,35.4400,0.3368,0.0000,-0.0083,0.4667,-0.0215,-0.1542,0.1033,-0.2923,-0.0641,20.6184,-74.0353,0.7022,-0.04327,-2.22502,-0.0223,-0.1632,-0.0803,-0.0481,0.00000,0.00000
887,35.4800,0.3368,0.0000,-0.0083,0.4368,0.0038,-0.0393,-0.0179,0.0672,-0.1177,20.6187,-74.0172,0.6980,-0.04689,-2.19433,0.0262,-0.1682,-0.0913,-0.0670,0.00000,0.00000
888,35.5200,0.3368,0.0000,-0.0083,0.4222,0.0188,0.0057,-0.0937,0.1776,-0.0836,20.6178,-74.0000,0.6970,-0.04056,-2.00811,0.0392,-0.1581,-0.1367,-0.0446,0.00000,0.00000
889,35.5600,0.3368,0.0000,-0.0083,0.4190,0.0040,0.0013,-0.0175,0.1532,-0.2567,20.6172,-73.9831,0.6962,-0.03401,-1.70583,0.0631,-0.1229,-0.1193,0.0032,0.00000,0.00000
890,35.6000,0.3368,0.0000,-0.0083,0.4165,-0.0056,0.0377,0.0259,0.1715,0.0098,20.6172,-73.9662,0.6962,-0.02802,-1.56820,0.0546,-0.1806,-0.1485,-0.0178,0.00000,0.00000
891,35.6400,0.3368,0.0000,-0.0083,0.4184,-0.0085,0.0292,0.0411,0.1074,0.0204,20.6175,-73.9494,0.6965,-0.02286,-1.59280,0.0616,-0.1506,-0.1225,0.0077,0.00000,0.00000
892,35.6800,0.3368,0.0000,-0.0083,0.4196,-0.0051,0.0254,0.0240,0.0928,0.0235,20.6177,-73.9326,0.6964,-0.01903,-1.65057,0.0702,-0.1424,-0.1227,0.0093,0.00000,0.00000
893,35.7200,0.3368,0.0000,-0.0083,0.4216,-0.0052,0.0315,0.0244,0.0915,0.0538,20.6179,-73.9157,0.6964,-0.01519,-1.75534,0.0646,-0.1420,-0.1370,0.0144,0.00000,0.00000
894,35.7600,0.3368,0.0000,-0.0083,0.4302,-0.0005,0.0282,0.0024,0.0234,0.0078,20.6179,-73.8987,0.6964,-0.01273,-1.85065,0.0708,-0.1379,-0.1308,0.0063,0.00000,0.00000
895,35.8000,0.3368,0.0000,-0.0083,0.4633,0.0145,0.0162,-0.0974,-0.1162,-0.2734,20.6174,-73.8810,0.6963,-0.01462,-1.60010,0.1648,-0.1540,-0.1703,0.1094,0.00000,0.00000
896,35.8400,0.3368,0.0000,-0.0083,0.5194,-0.0266,0.0169,0.1505,-0.0507,0.0950,20.6174,-73.8615,0.6968,-0.01794,-1.71232,0.2679,-0.3178,-0.4528,0.2733,0.00000,0.00000
897,35.8800,0.3368,0.0000,-0.0083,0.5408,-0.0424,-0.1578,0.3364,0.1667,-0.0081,20.6189,-73.8400,0.6944,-0.01487,-2.12002,0.5675,-0.4421,-0.6089,0.3526,0.00000,0.00000
898,35.9200,0.3368,0.0000,-0.0083,0.5238,-0.0446,-0.5637,0.2558,0.3894,0.0036,20.6209,-73.8188,0.6786,0.00210,3.14143,0.9165,-0.3675,-0.7937,0.4657,0.00000,0.00000
899,35.9600,0.3368,0.0000,-0.0083,0.5659,0.0105,-0.9208,-0.0562,-0.4619,0.6192,20.6222,-73.7970,0.6431,0.00785,2.50042,0.7782,-0.0868,-0.4581,0.2921,0.00000,0.00000
900,36.0000,0.3368,0.0000,-0.0083,0.5077,0.0868,-0.5639,-0.3673,-0.2578,0.0115,20.6195,-73.7757,0.6116,-0.01017,-3.01222,0.2668,-0.0764,-0.3018,-0.0191,0.00000,0.00000
901,36.0400,0.3368,0.0000,-0.0083,0.4939,0.0389,-0.3124,-0.1781,-0.5455,-0.1275,20.6157,-73.7558,0.5941,-0.02991,-2.47230,-0.1309,-0.1038,-0.1717,0.0206,0.00000,0.00000
902,36.0800,0.3368,0.0000,-0.0083,0.4672,-0.0096,-0.1561,0.0439,-0.2862,-0.0039,20.6152,-73.7366,0.5842,-0.04863,-2.37791,-0.0305,-0.1625,-0.0722,-0.0428,0.00000,0.00000
903,36.1200,0.3368,0.0000,-0.0083,0.4384,0.0052,-0.0487,-0.0261,0.0558,-0.0623,20.6151,-73.7184,0.5799,-0.05199,-2.37636,0.0015,-0.1477,-0.0791,-0.0468,0.00000,0.00000
904,36.1600,0.3368,0.0000,-0.0083,0.4242,0.0125,-0.0015,-0.0632,0.1667,-0.0467,20.6143,-73.7011,0.5786,-0.04617,-2.26336,0.0288,-0.1392,-0.1244,-0.0280,0.00000,0.00000
905,36.2000,0.3368,0.0000,-0.0083,0.4204,0.0071,-0.0001,-0.0348,0.1459,-0.2279,20.6136,-73.6841,0.5778,-0.04016,-2.00705,0.0531,-0.1147,-0.1028,-0.0067,0.00000,0.00000
906,36.2400,0.3368,0.0000,-0.0083,0.4164,-0.0032,0.0403,0.0140,0.1820,0.0234,20.6134,-73.6673,0.5779,-0.03368,-1.89709,0.0443,-0.1701,-0.1468,0.0041,0.00000,0.00000
907,36.2800,0.3368,0.0000,-0.0083,0.4178,-0.0052,0.0310,0.0242,0.1247,0.0379,20.6134,-73.6505,0.5784,-0.02814,-1.95852,0.0567,-0.1467,-0.1094,0.0079,0.00000,0.00000
908,36.3200,0.3368,0.0000,-0.0083,0.4176,-0.0041,0.0261,0.0193,0.1193,0.0573,20.6135,-73.6337,0.5785,-0.02318,-2.08078,0.0616,-0.1375,-0.1221,0.0211,0.00000,0.00000
909,36.3600,0.3368,0.0000,-0.0083,0.4205,-0.0034,0.0295,0.0157,0.0980,0.0533,20.6134,-73.6169,0.5785,-0.01884,-2.19666,0.0634,-0.1320,-0.1247,0.0200,0.00000,0.00000
910,36.4000,0.3368,0.0000,-0.0083,0.4271,-0.0006,0.0304,0.0024,0.0406,0.0140,20.6132,-73.5999,0.5785,-0.01611,-2.27239,0.0681,-0.1297,-0.1236,0.0134,0.00000,0.00000
911,36.4400,0.3368,0.0000,-0.0083,0.4578,0.0256,-0.0176,-0.1617,-0.1312,-0.3823,20.6123,-73.5823,0.5778,-0.01882,-1.88352,0.1417,-0.1396,-0.1044,0.0345,0.00000,0.00000
912,36.4800,0.3368,0.0000,-0.0083,0.5146,-0.0150,0.0120,0.0909,-0.0505,0.0793,20.6117,-73.5630,0.5775,-0.02146,-1.91289,0.2332,-0.3243,-0.4534,0.2731,0.00000,0.00000
913,36.5200,0.3368,0.0000,-0.0083,0.5458,-0.0470,-0.1554,0.4013,0.0577,-0.1144,20.6131,-73.5416,0.5751,-0.02060,-2.13492,0.5058,-0.4136,-0.5658,0.3387,0.00000,0.00000
914,36.5600,0.3368,0.0000,-0.0083,0.5199,-0.0476,-0.5515,0.2850,0.3439,-0.0769,20.6152,-73.5203,0.5600,-0.00640,2.97146,0.8677,-0.3667,-0.8206,0.4919,0.00000,0.00000
915,36.6000,0.3368,0.0000,-0.0083,0.5607,-0.0140,-0.9648,0.0440,-0.3981,0.4468,20.6168,-73.4985,0.5245,0.00006,1.65575,0.7408,-0.0852,-0.4418,0.3009,0.00000,0.00000
916,36.6400,0.3368,0.0000,-0.0083,0.5160,0.0280,-0.6041,-0.1132,-0.5237,-0.0462,20.6161,-73.4768,0.4913,-0.02499,2.80071,0.1785,-0.0600,-0.2741,0.0773,0.00000,0.00000
917,36.6800,0.3368,0.0000,-0.0083,0.4828,0.0411,-0.2801,-0.1898,-0.3419,-0.1542,20.6139,-73.4566,0.4740,-0.04619,-2.92199,-0.1370,-0.1515,-0.1069,0.0025,0.00000,0.00000
918,36.7200,0.3368,0.0000,-0.0083,0.4583,0.0289,-0.1288,-0.1441,-0.0920,-0.0093,20.6122,-73.4376,0.4660,-0.05482,-2.05271,-0.0622,-0.1559,-0.0482,-0.0295,0.00000,0.00000
919,36.7600,0.3368,0.0000,-0.0083,0.4406,0.0181,-0.0576,-0.0918,0.0805,0.0147,20.6111,-73.4196,0.4620,-0.05356,-1.94899,-0.0017,-0.1283,-0.0866,-0.0132,0.00000,0.00000
920,36.8000,0.3368,0.0000,-0.0083,0.4338,0.0194,-0.0104,-0.0987,0.1206,-0.0598,20.6102,-73.4020,0.4602,-0.04941,-1.84245,0.0264,-0.1390,-0.1001,-0.0286,0.00000,0.00000
921,36.8400,0.3368,0.0000,-0.0083,0.4321,0.0146,0.0154,-0.0752,0.0835,-0.0353,20.6093,-73.3846,0.4598,-0.04536,-1.72565,0.0304,-0.1542,-0.1212,-0.0319,0.00000,0.00000
922,36.8800,0.3368,0.0000,-0.0083,0.4252,-0.0008,0.0232,0.0025,0.1979,-0.0098,20.6090,-73.3674,0.4598,-0.03995,-1.66545,0.0298,-0.1503,-0.0841,0.0317,0.00000,0.00000
923,36.9200,0.3368,0.0000,-0.0083,0.4242,0.0054,0.0247,-0.0286,0.2019,-0.0269,20.6088,-73.3503,0.4599,-0.03209,-1.64409,0.0538,-0.1467,-0.0821,0.0011,0.00000,0.00000
924,36.9600,0.3368,0.0000,-0.0083,0.4281,0.0064,0.0245,-0.0339,0.1539,-0.0041,20.6084,-73.3331,0.4599,-0.02521,-1.62816,0.0474,-0.1459,-0.0889,0.0143,0.00000,0.00000
925,37.0000,0.3368,0.0000,-0.0083,0.4347,0.0003,0.0304,-0.0030,0.1024,0.0185,20.6082,-73.3158,0.4599,-0.02031,-1.66330,0.0528,-0.1463,-0.0980,0.0188,0.00000,0.00000
926,37.0400,0.3368,0.0000,-0.0083,0.4452,0.0013,0.0324,-0.0072,0.0313,-0.0201,20.6082,-73.2981,0.4601,-0.01760,-1.69195,0.0592,-0.1450,-0.0941,0.0149,0.00000,0.00000
927,37.0800,0.3368,0.0000,-0.0083,0.4767,0.0045,0.0522,-0.0328,0.0221,-0.1079,20.6078,-73.2798,0.4611,-0.01604,-1.63914,0.1420,-0.2031,-0.1716,0.1572,0.00000,0.00000
928,37.1200,0.3368,0.0000,-0.0083,0.5312,-0.0174,-0.0090,0.0917,-0.0386,0.0266,20.6078,-73.2596,0.4617,-0.01792,-1.71316,0.2727,-0.3097,-0.3423,0.2156,0.00000,0.00000
929,37.1600,0.3368,0.0000,-0.0083,0.5478,-0.0164,-0.2093,0.2106,0.1634,0.0686,20.6085,-73.2378,0.4575,-0.01490,-2.04672,0.5211,-0.4638,-0.5531,0.3142,0.00000,0.00000
930,37.2000,0.3368,0.0000,-0.0083,0.5367,-0.0148,-0.6186,0.1482,0.2860,0.0747,20.6093,-73.2160,0.4395,-0.00227,-2.38033,0.8058,-0.4260,-0.6664,0.4119,0.00000,0.00000
931,37.2400,0.3368,0.0000,-0.0083,0.5693,0.0547,-0.9584,-0.2209,-0.4878,0.6216,20.6095,-73.1938,0.4027,-0.00093,-2.63457,0.6721,-0.1884,-0.3720,0.3054,0.00000,0.00000
932,37.2800,0.3368,0.0000,-0.0083,0.5376,0.0578,-0.5926,-0.2503,-0.3234,-0.1182,20.6067,-73.1718,0.3699,-0.01855,-2.54170,0.0904,-0.0615,-0.2089,0.1984,0.00000,0.00000
933,37.3200,0.3368,0.0000,-0.0083,0.5415,0.0154,-0.2595,-0.0716,-0.3430,-0.2232,20.6046,-73.1501,0.3530,-0.03466,-2.21201,-0.1161,-0.1426,-0.0846,0.0042,0.00000,0.00000
934,37.3600,0.3368,0.0000,-0.0083,0.5382,-0.0226,-0.0746,0.1094,-0.1642,-0.1319,20.6047,-73.1284,0.3464,-0.04549,-2.04073,-0.0351,-0.1654,-0.0214,-0.0407,0.00000,0.00000
935,37.4000,0.3368,0.0000,-0.0083,0.5254,-0.0039,-0.0050,0.0166,0.0163,-0.0895,20.6052,-73.1072,0.3448,-0.04785,-1.94817,0.0476,-0.1524,-0.0421,-0.0437,0.00000,0.00000
936,37.4400,0.3368,0.0000,-0.0083,0.5150,0.0206,-0.0058,-0.1047,0.0838,-0.0032,20.6045,-73.0864,0.3442,-0.04494,-1.86099,0.0763,-0.1351,-0.0782,-0.0173,0.00000,0.00000
937,37.4800,0.3368,0.0000,-0.0083,0.5095,0.0078,-0.0134,-0.0410,0.1284,0.0553,20.6037,-73.0658,0.3431,-0.03977,-1.86343,0.0846,-0.0965,-0.0781,0.0315,0.00000,0.00000
938,37.5200,0.3368,0.0000,-0.0083,0.5102,0.0022,0.0140,-0.0121,0.1178,0.0564,20.6033,-73.0453,0.3424,-0.03494,-1.95787,0.1015,-0.1144,-0.0842,0.0093,0.00000,0.00000
939,37.5600,0.3368,0.0000,-0.0083,0.5129,-0.0016,0.0277,0.0069,0.0681,0.0485,20.6030,-73.0248,0.3425,-0.03128,-2.02413,0.0926,-0.1143,-0.0829,0.0001,0.00000,0.00000
940,37.6000,0.3368,0.0000,-0.0083,0.5138,-0.0006,0.0268,0.0015,0.0353,0.0609,20.6027,-73.0043,0.3428,-0.02942,-2.09768,0.1065,-0.1137,-0.0797,0.0048,0.00000,0.00000
941,37.6400,0.3368,0.0000,-0.0083,0.5319,-0.0179,-0.0566,0.0861,-0.0590,-0.0556,20.6027,-72.9835,0.3417,-0.02930,-2.12402,0.1255,-0.1107,-0.0848,0.0164,0.00000,0.00000
942,37.6800,0.3368,0.0000,-0.0083,0.5663,-0.0320,-0.1434,0.1524,0.0040,-0.0504,20.6033,-72.9614,0.3376,-0.03192,-2.27355,0.3100,-0.2476,-0.2633,0.1287,0.00000,0.00000
943,37.7200,0.3368,0.0000,-0.0083,0.5735,-0.0248,-0.4009,0.3230,0.0547,0.0436,20.6042,-72.9382,0.3275,-0.02966,-2.56752,0.5410,-0.4719,-0.4673,0.1636,0.00000,0.00000
944,37.7600,0.3368,0.0000,-0.0083,0.5621,-0.0336,-0.8157,0.3851,0.0799,-0.1227,20.6054,-72.9148,0.3017,-0.02556,3.02555,0.7205,-0.3511,-0.4247,0.4049,0.00000,0.00000
945,37.8000,0.3368,0.0000,-0.0083,0.5671,0.1327,-0.7530,-0.4258,0.5508,0.4195,20.6041,-72.8904,0.2644,-0.02149,3.12393,0.6385,-0.0530,-0.2165,0.4975,0.00000,0.00000
946,37.8400,0.3368,0.0000,-0.0083,0.6151,0.1042,-0.3793,-0.4856,-0.5091,-0.0580,20.5976,-72.8667,0.2419,-0.02150,-2.27069,0.0475,0.0499,-0.3078,0.1619,0.00000,0.00000
947,37.8800,0.3368,0.0000,-0.0083,0.6492,-0.0458,-0.2076,0.2206,-0.8818,-0.0272,20.5962,-72.8413,0.2302,-0.05478,-2.16207,-0.1223,-0.1223,-0.1507,-0.1181,0.00000,0.00000
948,37.9200,0.3368,0.0000,-0.0083,0.6249,-0.0858,-0.0625,0.4266,-0.5093,-0.0641,20.5993,-72.8160,0.2254,-0.08413,-2.52264,-0.0870,-0.1751,-0.0795,-0.0561,0.00000,0.00000
949,37.9600,0.3368,0.0000,-0.0083,0.5805,-0.0083,0.0024,0.0409,0.0139,0.0149,20.6010,-72.7922,0.2255,-0.09219,-2.90171,0.0054,-0.1524,-0.0799,-0.0610,0.00000,0.00000
950,38.0000,0.3368,0.0000,-0.0083,0.5481,0.0312,-0.0490,-0.1556,0.2447,0.0278,20.5998,-72.7696,0.2250,-0.08435,-2.74089,0.0298,-0.0831,-0.0909,0.0071,0.00000,0.00000
951,38.0400,0.3368,0.0000,-0.0083,0.5422,0.0209,-0.0489,-0.1068,0.1387,-0.0143,20.5981,-72.7476,0.2231,-0.07672,-2.54039,0.0257,-0.0916,-0.1029,0.0324,0.00000,0.00000
952,38.0800,0.3368,0.0000,-0.0083,0.5396,-0.0053,-0.0092,0.0254,0.0938,-0.0221,20.5974,-72.7258,0.2221,-0.07217,-2.49092,0.0045,-0.1051,-0.1054,0.0033,0.00000,0.00000
953,38.1200,0.3368,0.0000,-0.0083,0.5346,-0.0113,0.0119,0.0556,0.0741,-0.0324,20.5974,-72.7043,0.2224,-0.06922,-2.54643,0.0142,-0.1136,-0.0928,-0.0138,0.00000,0.00000
954,38.1600,0.3368,0.0000,-0.0083,0.5257,-0.0043,0.0106,0.0203,0.0884,-0.0195,20.5973,-72.6831,0.2228,-0.06593,-2.59413,0.0239,-0.1079,-0.0942,0.0044,0.00000,0.00000
955,38.2000,0.3368,0.0000,-0.0083,0.5191,0.0024,0.0047,-0.0131,0.0676,-0.0070,20.5970,-72.6622,0.2230,-0.06274,-2.59440,0.0350,-0.0993,-0.0956,0.0154,0.00000,0.00000
956,38.2400,0.3368,0.0000,-0.0083,0.5144,0.0010,0.0036,-0.0062,0.0408,-0.0026,20.5965,-72.6416,0.2229,-0.06045,-2.58708,0.0319,-0.0964,-0.1025,0.0136,0.00000,0.00000
957,38.2800,0.3368,0.0000,-0.0083,0.5096,-0.0003,0.0057,0.0004,0.0344,-0.0078,20.5961,-72.6211,0.2228,-0.05900,-2.59252,0.0275,-0.0996,-0.0985,0.0061,0.00000,0.00000
958,38.3200,0.3368,0.0000,-0.0083,0.5041,-0.0019,0.0106,0.0087,0.0463,0.0033,20.5957,-72.6009,0.2229,-0.05727,-2.61444,0.0250,-0.1022,-0.1031,0.0125,0.00000,0.00000
959,38.3600,0.3368,0.0000,-0.0083,0.5000,-0.0003,0.0116,0.0003,0.0322,-0.0075,20.5954,-72.5808,0.2230,-0.05570,-2.63164,0.0313,-0.0994,-0.1001,0.0083,0.00000,0.00000
960,38.4000,0.3368,0.0000,-0.0083,0.4957,0.0004,0.0085,-0.0031,0.0254,-0.0087,20.5950,-72.5609,0.2230,-0.05453,-2.63159,0.0295,-0.0961,-0.0967,0.0100,0.00000,0.00000
961,38.4400,0.3368,0.0000,-0.0083,0.4908,0.0008,0.0106,-0.0054,0.0376,-0.0035,20.5946,-72.5412,0.2229,-0.05317,-2.63575,0.0290,-0.0993,-0.1014,0.0114,0.00000,0.00000
962,38.4800,0.3368,0.0000,-0.0083,0.4878,0.0007,0.0175,-0.0046,0.0279,-0.0249,20.5941,-72.5217,0.2230,-0.05184,-2.63160,0.0290,-0.1055,-0.1087,0.0152,0.00000,0.00000
963,38.5200,0.3368,0.0000,-0.0083,0.4837,-0.0012,0.0187,0.0045,0.0451,-0.0258,20.5938,-72.5023,0.2233,-0.05032,-2.62270,0.0259,-0.1071,-0.1063,0.0105,0.00000,0.00000
964,38.5600,0.3368,0.0000,-0.0083,0.4810,-0.0003,0.0150,0.0002,0.0306,-0.0156,20.5934,-72.4830,0.2234,-0.04891,-2.62330,0.0263,-0.1084,-0.1059,0.0105,0.00000,0.00000
965,38.6000,0.3368,0.0000,-0.0083,0.4782,-0.0007,0.0150,0.0025,0.0268,-0.0085,20.5931,-72.4639,0.2235,-0.04774,-2.62916,0.0261,-0.1063,-0.1076,0.0188,0.00000,0.00000
966,38.6400,0.3368,0.0000,-0.0083,0.4766,-0.0002,0.0163,-0.0005,0.0088,-0.0180,20.5928,-72.4448,0.2235,-0.04706,-2.63212,0.0297,-0.1049,-0.1076,0.0142,0.00000,0.00000
967,38.6800,0.3368,0.0000,-0.0083,0.4737,0.0007,0.0181,-0.0046,0.0180,-0.0114,20.5924,-72.4258,0.2236,-0.04647,-2.63116,0.0280,-0.1092,-0.1123,0.0092,0.00000,0.00000
968,38.7200,0.3368,0.0000,-0.0083,0.4714,0.0001,0.0165,-0.0017,0.0158,-0.0084,20.5920,-72.4070,0.2237,-0.04581,-2.62797,0.0273,-0.1072,-0.1080,0.0163,0.00000,0.00000
969,38.7600,0.3368,0.0000,-0.0083,0.4684,0.0000,0.0153,-0.0013,0.0296,-0.0133,20.5917,-72.3882,0.2237,-0.04482,-2.63276,0.0253,-0.1082,-0.1106,0.0106,0.00000,0.00000
970,38.8000,0.3368,0.0000,-0.0083,0.4676,0.0010,0.0167,-0.0061,0.0094,-0.0118,20.5913,-72.3695,0.2237,-0.04419,-2.62586,0.0262,-0.1097,-0.1069,0.0150,0.00000,0.00000
971,38.8400,0.3368,0.0000,-0.0083,0.4656,0.0006,0.0175,-0.0044,0.0140,-0.0252,20.5909,-72.3509,0.2237,-0.04363,-2.61379,0.0273,-0.1073,-0.1097,0.0127,0.00000,0.00000
972,38.8800,0.3368,0.0000,-0.0083,0.4653,-0.0020,0.0184,0.0087,-0.0104,-0.0046,20.5906,-72.3323,0.2238,-0.04362,-2.61826,0.0250,-0.1090,-0.1120,0.0166,0.00000,0.00000
973,38.9200,0.3368,0.0000,-0.0083,0.4626,-0.0012,0.0172,0.0049,0.0102,-0.0110,20.5904,-72.3138,0.2238,-0.04360,-2.64187,0.0268,-0.1074,-0.1093,0.0108,0.00000,0.00000
974,38.9600,0.3368,0.0000,-0.0083,0.4605,0.0006,0.0189,-0.0044,0.0162,-0.0196,20.5901,-72.2953,0.2238,-0.04299,-2.64177,0.0268,-0.1088,-0.1138,0.0162,0.00000,0.00000
975,39.0000,0.3368,0.0000,-0.0083,0.4593,0.0015,0.0183,-0.0089,0.0120,-0.0147,20.5897,-72.2770,0.2239,-0.04247,-2.62656,0.0253,-0.1120,-0.1132,0.0078,0.00000,0.00000
976,39.0400,0.3368,0.0000,-0.0083,0.4580,-0.0001,0.0174,-0.0010,0.0084,-0.0075,20.5894,-72.2587,0.2239,-0.04208,-2.61906,0.0256,-0.1088,-0.1095,0.0183,0.00000,0.00000
977,39.0800,0.3368,0.0000,-0.0083,0.4571,-0.0002,0.0173,-0.0001,0.0001,-0.0017,20.5891,-72.2404,0.2238,-0.04193,-2.63125,0.0263,-0.1090,-0.1109,0.0120,0.00000,0.00000
978,39.1200,0.3368,0.0000,-0.0083,0.4549,0.0024,0.0183,-0.0134,0.0167,-0.0164,20.5887,-72.2222,0.2238,-0.04157,-2.62609,0.0271,-0.1109,-0.1116,0.0078,0.00000,0.00000
979,39.1600,0.3368,0.0000,-0.0083,0.4539,0.0012,0.0202,-0.0071,0.0171,-0.0141,20.5883,-72.2041,0.2239,-0.04083,-2.60549,0.0250,-0.1120,-0.1149,0.0150,0.00000,0.00000
980,39.2000,0.3368,0.0000,-0.0083,0.4529,-0.0020,0.0186,0.0087,0.0191,0.0074,20.5880,-72.1859,0.2239,-0.04008,-2.61989,0.0238,-0.1098,-0.1125,0.0108,0.00000,0.00000
981,39.2400,0.3368,0.0000,-0.0083,0.4527,0.0002,0.0175,-0.0020,-0.0013,0.0022,20.5877,-72.1679,0.2238,-0.03986,-2.64587,0.0278,-0.1084,-0.1104,0.0104,0.00000,0.00000
982,39.2800,0.3368,0.0000,-0.0083,0.4515,0.0010,0.0199,-0.0063,0.0048,0.0038,20.5874,-72.1498,0.2238,-0.03970,-2.65396,0.0273,-0.1087,-0.1141,0.0130,0.00000,0.00000
983,39.3200,0.3368,0.0000,-0.0083,0.4497,0.0012,0.0214,-0.0070,0.0261,0.0041,20.5870,-72.1318,0.2239,-0.03900,-2.66056,0.0262,-0.1124,-0.1152,0.0087,0.00000,0.00000
984,39.3600,0.3368,0.0000,-0.0083,0.4503,0.0015,0.0208,-0.0088,-0.0016,-0.0062,20.5865,-72.1139,0.2239,-0.03863,-2.65552,0.0284,-0.1111,-0.1123,0.0132,0.00000,0.00000
985,39.4000,0.3368,0.0000,-0.0083,0.4503,0.0005,0.0195,-0.0037,-0.0156,0.0024,20.5862,-72.0959,0.2239,-0.03902,-2.65561,0.0285,-0.1101,-0.1123,0.0103,0.00000,0.00000
986,39.4400,0.3368,0.0000,-0.0083,0.4480,-0.0000,0.0205,-0.0011,0.0141,0.0045,20.5858,-72.0780,0.2240,-0.03895,-2.66941,0.0288,-0.1102,-0.1119,0.0155,0.00000,0.00000
987,39.4800,0.3368,0.0000,-0.0083,0.4474,0.0012,0.0177,-0.0072,0.0069,0.0066,20.5854,-72.0601,0.2239,-0.03853,-2.67686,0.0259,-0.1097,-0.1107,0.0059,0.00000,0.00000
988,39.5200,0.3368,0.0000,-0.0083,0.4458,0.0015,0.0195,-0.0088,0.0288,-0.0120,20.5850,-72.0423,0.2238,-0.03778,-2.67456,0.0273,-0.1100,-0.1106,0.0161,0.00000,0.00000
989,39.5600,0.3368,0.0000,-0.0083,0.4463,0.0017,0.0215,-0.0101,0.0119,0.0086,20.5845,-72.0245,0.2239,-0.03700,-2.66890,0.0242,-0.1155,-0.1142,0.0030,0.00000,0.00000
990,39.6000,0.3368,0.0000,-0.0083,0.4465,-0.0003,0.0203,0.0004,0.0029,0.0163,20.5841,-72.0066,0.2239,-0.03679,-2.68079,0.0269,-0.1107,-0.1087,0.0157,0.00000,0.00000
991,39.6400,0.3368,0.0000,-0.0083,0.4453,0.0001,0.0214,-0.0015,0.0237,-0.0044,20.5837,-71.9888,0.2239,-0.03617,-2.69699,0.0289,-0.1091,-0.1097,0.0122,0.00000,0.00000
992,39.6800,0.3368,0.0000,-0.0083,0.4464,0.0002,0.0202,-0.0024,0.0005,0.0195,20.5833,-71.9710,0.2239,-0.03580,-2.70564,0.0263,-0.1094,-0.1067,0.0098,0.00000,0.00000
993,39.7200,0.3368,0.0000,-0.0083,0.4472,0.0016,0.0188,-0.0093,-0.0192,0.0066,20.5828,-71.9532,0.2238,-0.03628,-2.71694,0.0317,-0.1071,-0.1071,0.0102,0.00000,0.00000
994,39.7600,0.3368,0.0000,-0.0083,0.4457,0.0005,0.0213,-0.0038,0.0089,0.0197,20.5823,-71.9354,0.2237,-0.03629,-2.72713,0.0251,-0.1105,-0.1151,0.0056,0.00000,0.00000
995,39.8000,0.3368,0.0000,-0.0083,0.4466,-0.0000,0.0216,-0.0011,-0.0095,0.0033,20.5818,-71.9176,0.2238,-0.03649,-2.73694,0.0280,-0.1097,-0.1060,0.0153,0.00000,0.00000
996,39.8400,0.3368,0.0000,-0.0083,0.4456,-0.0004,0.0214,0.0007,0.0067,0.0133,20.5814,-71.8998,0.2238,-0.03644,-2.75031,0.0289,-0.1083,-0.1074,0.0088,0.00000,0.00000
997,39.8800,0.3368,0.0000,-0.0083,0.4461,0.0017,0.0196,-0.0097,-0.0104,0.0162,20.5809,-71.8820,0.2238,-0.03663,-2.75980,0.0294,-0.1101,-0.1070,0.0075,0.00000,0.00000
998,39.9200,0.3368,0.0000,-0.0083,0.4456,0.0010,0.0075,-0.0067,-0.0031,-0.0366,20.5803,-71.8642,0.2234,-0.03714,-2.74429,0.0195,-0.0957,-0.0789,0.0142,0.00000,0.00000
999,39.9600,0.5130,0.0000,0.2729,-0.0312,-0.0642,0.0000,-0.0233,0.0058,0.0072,27.6801,-75.6280,1.3241,0.00000,0.00000,0.0198,-0.1039,-0.0987,0.0126,0.00000,0.00000
