step,time_s,cmd_vx,cmd_vy,cmd_wz,act_vx,act_vy,act_vz,act_wx,act_wy,act_wz,pos_x,pos_y,pos_z,pitch_rad,roll_rad,action_0,action_1,action_2,action_3,lqr_left,lqr_right,ref_x,ref_y
0,0.0000,0.0540,0.0000,-0.0039,0.0118,-0.0234,-0.2758,0.3416,1.6855,-0.1381,-0.4876,-0.4227,0.4448,0.07027,0.01919,1.0635,0.4522,-1.1191,-0.1168,0.00000,0.00000,0.0000,0.0000
1,0.0400,0.1015,0.0000,-0.0067,0.1721,-0.0299,-0.7694,0.3829,0.6355,-1.5568,-0.4846,-0.4196,0.4195,0.09174,0.04351,1.2967,1.3539,0.5799,1.2176,0.00000,0.00000,0.0060,0.0120
2,0.0800,0.1433,0.0000,0.0013,0.1892,-0.0015,-1.1301,-0.0377,0.2846,-1.9879,-0.4837,-0.4171,0.3806,0.10720,0.00965,2.0230,0.8773,0.7138,1.6244,0.00000,0.00000,0.0120,0.0240
3,0.1200,0.1801,0.0000,0.0211,0.2484,-0.0178,-1.5767,0.0510,-0.2445,-0.1427,-0.4813,-0.4144,0.3230,0.09897,0.01497,1.2625,0.8521,0.5221,1.3171,0.00000,0.00000,0.0180,0.0360
4,0.1600,0.2125,0.0000,0.0410,0.2411,0.0200,-2.0491,-0.5662,-0.1048,1.5860,-0.4807,-0.4120,0.2470,0.09203,-0.01672,0.3035,0.5226,0.6134,0.0865,0.00000,0.00000,0.0240,0.0480
5,0.2000,0.2410,0.0000,0.0489,0.1222,0.0721,-0.1394,-0.4361,-0.3062,0.0704,-0.4811,-0.4076,0.2102,0.07359,-0.03061,-0.2633,-0.3352,-0.3050,0.2770,0.00000,0.00000,0.0300,0.0600
6,0.2400,0.2661,0.0000,0.0460,0.2179,-0.0106,0.2401,0.0501,-0.6066,0.1267,-0.4799,-0.4007,0.2146,0.06014,-0.05154,-0.4007,-0.7146,-0.5028,-0.7880,0.00000,0.00000,0.0360,0.0720
7,0.2800,0.2882,0.0000,0.0420,0.2260,-0.0354,0.2399,0.1868,-0.1873,0.1302,-0.4738,-0.3935,0.2226,0.03654,-0.03216,-0.3541,-0.8363,-0.3336,-0.1630,0.00000,0.00000,0.0420,0.0840
8,0.3200,0.3076,0.0000,0.0372,0.2263,0.0224,0.0662,-0.1181,-0.1990,0.0226,-0.4696,-0.3860,0.2266,0.03224,-0.03255,0.0392,-0.1929,-0.0376,0.0462,0.00000,0.00000,0.0480,0.0959
9,0.3600,0.3247,0.0000,0.0344,0.2321,0.0035,-0.0476,-0.0209,-0.0698,0.1874,-0.4657,-0.3780,0.2244,0.02913,-0.03794,0.0148,-0.0794,-0.0908,0.0471,0.00000,0.00000,0.0540,0.1079
10,0.4000,0.3397,0.0000,0.0309,0.2565,-0.0018,0.0088,0.0083,-0.1285,0.0603,-0.4611,-0.3695,0.2217,0.02444,-0.03844,-0.0097,-0.1163,-0.0946,0.0339,0.00000,0.00000,0.0600,0.1199
11,0.4400,0.3529,0.0000,0.0266,0.2760,-0.0103,0.0753,0.0542,-0.0781,0.0099,-0.4558,-0.3603,0.2220,0.02074,-0.03614,-0.0125,-0.1402,-0.0999,-0.0052,0.00000,0.00000,0.0660,0.1318
12,0.4800,0.3646,0.0000,0.0226,0.2911,-0.0140,0.0609,0.0730,-0.0571,0.0256,-0.4498,-0.3506,0.2232,0.01770,-0.03015,-0.0046,-0.1353,-0.0812,-0.0097,0.00000,0.00000,0.0720,0.1438
13,0.5200,0.3748,0.0000,0.0188,0.3019,-0.0013,0.0320,0.0057,-0.0248,0.0306,-0.4438,-0.3404,0.2232,0.01579,-0.02677,0.0011,-0.1230,-0.0758,0.0113,0.00000,0.00000,0.0780,0.1557
14,0.5600,0.3839,0.0000,0.0152,0.3140,0.0069,0.0312,-0.0374,0.0065,0.0304,-0.4381,-0.3294,0.2227,0.01548,-0.02872,0.0013,-0.1193,-0.0782,0.0224,0.00000,0.00000,0.0840,0.1676
15,0.6000,0.3918,0.0000,0.0116,0.3298,0.0011,0.0396,-0.0069,-0.0009,0.0187,-0.4322,-0.3180,0.2225,0.01558,-0.03089,-0.0017,-0.1187,-0.0815,0.0188,0.00000,0.00000,0.0899,0.1796
16,0.6400,0.3988,0.0000,0.0082,0.3463,-0.0051,0.0462,0.0254,-0.0198,0.0153,-0.4256,-0.3061,0.2225,0.01483,-0.02975,-0.0009,-0.1219,-0.0812,0.0130,0.00000,0.00000,0.0959,0.1915
17,0.6800,0.4049,0.0000,0.0049,0.3613,-0.0019,0.0461,0.0086,-0.0328,-0.0071,-0.4188,-0.2937,0.2227,0.01340,-0.02800,0.0059,-0.1206,-0.0767,0.0086,0.00000,0.00000,0.1019,0.2034
18,0.7200,0.4103,0.0000,0.0018,0.3736,0.0016,0.0454,-0.0098,-0.0084,-0.0093,-0.4118,-0.2807,0.2228,0.01247,-0.02804,0.0084,-0.1207,-0.0794,0.0174,0.00000,0.00000,0.1079,0.2153
19,0.7600,0.4151,0.0000,-0.0010,0.3873,0.0001,0.0414,-0.0023,-0.0148,0.0031,-0.4047,-0.2672,0.2229,0.01192,-0.02849,0.0079,-0.1163,-0.0814,0.0170,0.00000,0.00000,0.1139,0.2271
20,0.8000,0.4193,0.0000,-0.0037,0.4027,-0.0010,0.0415,0.0037,-0.0529,0.0076,-0.3972,-0.2533,0.2228,0.01022,-0.02824,0.0104,-0.1172,-0.0841,0.0173,0.00000,0.00000,0.1199,0.2390
21,0.8400,0.4230,0.0000,-0.0062,0.4157,-0.0009,0.0405,0.0032,-0.0555,-0.0032,-0.3895,-0.2389,0.2228,0.00787,-0.02772,0.0083,-0.1143,-0.0832,0.0100,0.00000,0.00000,0.1259,0.2508
22,0.8800,0.4262,0.0000,-0.0087,0.4278,-0.0003,0.0415,-0.0001,-0.0582,0.0118,-0.3815,-0.2241,0.2229,0.00546,-0.02745,0.0121,-0.1147,-0.0862,0.0153,0.00000,0.00000,0.1318,0.2626
23,0.9200,0.4291,0.0000,-0.0110,0.4387,0.0011,0.0392,-0.0074,-0.0496,-0.0075,-0.3734,-0.2088,0.2229,0.00318,-0.02759,0.0142,-0.1124,-0.0843,0.0124,0.00000,0.00000,0.1378,0.2744
24,0.9600,0.4316,0.0000,-0.0133,0.4496,0.0005,0.0402,-0.0042,-0.0515,-0.0103,-0.3651,-0.1932,0.2230,0.00107,-0.02798,0.0147,-0.1140,-0.0895,0.0176,0.00000,0.00000,0.1438,0.2862
25,1.0000,0.4338,0.0000,-0.0154,0.4604,-0.0047,0.0424,0.0235,-0.0535,-0.0267,-0.3565,-0.1772,0.2232,-0.00107,-0.02686,0.0117,-0.1144,-0.0975,0.0262,0.00000,0.00000,0.1497,0.2980
26,1.0400,0.4357,0.0000,-0.0174,0.4710,-0.0032,0.0412,0.0151,-0.0692,-0.0131,-0.3476,-0.1609,0.2234,-0.00380,-0.02485,0.0148,-0.1184,-0.0962,0.0099,0.00000,0.00000,0.1557,0.3098
27,1.0800,0.4374,0.0000,-0.0192,0.4799,-0.0012,0.0381,0.0052,-0.0762,-0.0248,-0.3386,-0.1443,0.2236,-0.00681,-0.02388,0.0195,-0.1133,-0.0979,0.0277,0.00000,0.00000,0.1617,0.3215
28,1.1200,0.4390,0.0000,-0.0209,0.4871,-0.0006,0.0326,0.0016,-0.0641,-0.0203,-0.3295,-0.1273,0.2237,-0.00963,-0.02331,0.0162,-0.1125,-0.0995,0.0140,0.00000,0.00000,0.1676,0.3332
29,1.1600,0.4403,0.0000,-0.0224,0.4935,0.0008,0.0314,-0.0052,-0.0514,-0.0150,-0.3202,-0.1101,0.2237,-0.01199,-0.02325,0.0183,-0.1137,-0.1014,0.0195,0.00000,0.00000,0.1736,0.3449
30,1.2000,0.4414,0.0000,-0.0238,0.5002,0.0002,0.0314,-0.0026,-0.0512,-0.0152,-0.3109,-0.0926,0.2237,-0.01406,-0.02341,0.0189,-0.1126,-0.1024,0.0197,0.00000,0.00000,0.1796,0.3566
31,1.2400,0.4425,0.0000,-0.0252,0.5065,-0.0016,0.0315,0.0073,-0.0528,-0.0256,-0.3014,-0.0750,0.2237,-0.01617,-0.02290,0.0217,-0.1100,-0.1030,0.0227,0.00000,0.00000,0.1855,0.3682
32,1.2800,0.4434,0.0000,-0.0265,0.5116,-0.0008,0.0291,0.0028,-0.0471,-0.0248,-0.2917,-0.0571,0.2238,-0.01829,-0.02214,0.0200,-0.1123,-0.1010,0.0163,0.00000,0.00000,0.1915,0.3798
33,1.3200,0.4442,0.0000,-0.0277,0.5157,0.0016,0.0296,-0.0097,-0.0379,-0.0217,-0.2821,-0.0391,0.2239,-0.01996,-0.02223,0.0244,-0.1141,-0.1075,0.0185,0.00000,0.00000,0.1974,0.3914
34,1.3600,0.4449,0.0000,-0.0289,0.5198,0.0015,0.0253,-0.0090,-0.0331,-0.0268,-0.2723,-0.0209,0.2239,-0.02139,-0.02278,0.0224,-0.1104,-0.1041,0.0142,0.00000,0.00000,0.2034,0.4030
35,1.4000,0.4455,0.0000,-0.0299,0.5249,0.0004,0.0257,-0.0031,-0.0576,-0.0245,-0.2625,-0.0025,0.2239,-0.02334,-0.02304,0.0253,-0.1116,-0.1072,0.0220,0.00000,0.00000,0.2093,0.4145
36,1.4400,0.4460,0.0000,-0.0309,0.5276,-0.0000,0.0278,-0.0011,-0.0411,-0.0316,-0.2525,0.0159,0.2240,-0.02529,-0.02281,0.0279,-0.1115,-0.1080,0.0178,0.00000,0.00000,0.2153,0.4261
37,1.4800,0.4465,0.0000,-0.0319,0.5295,-0.0004,0.0257,0.0009,-0.0237,-0.0125,-0.2425,0.0344,0.2242,-0.02655,-0.02254,0.0237,-0.1144,-0.1100,0.0157,0.00000,0.00000,0.2212,0.4375
38,1.5200,0.4469,0.0000,-0.0328,0.5314,0.0009,0.0229,-0.0062,-0.0162,-0.0311,-0.2324,0.0531,0.2242,-0.02741,-0.02244,0.0285,-0.1111,-0.1054,0.0227,0.00000,0.00000,0.2271,0.4490
39,1.5600,0.4473,0.0000,-0.0337,0.5344,0.0019,0.0211,-0.0111,-0.0313,-0.0296,-0.2223,0.0718,0.2242,-0.02840,-0.02298,0.0277,-0.1105,-0.1069,0.0155,0.00000,0.00000,0.2331,0.4604
40,1.6000,0.4476,0.0000,-0.0345,0.5362,0.0015,0.0214,-0.0089,-0.0255,-0.0357,-0.2121,0.0906,0.2241,-0.02959,-0.02347,0.0299,-0.1104,-0.1057,0.0210,0.00000,0.00000,0.2390,0.4718
41,1.6400,0.4479,0.0000,-0.0353,0.5370,0.0011,0.0207,-0.0074,-0.0102,-0.0185,-0.2019,0.1094,0.2242,-0.03023,-0.02383,0.0260,-0.1129,-0.1095,0.0104,0.00000,0.00000,0.2449,0.4832
42,1.6800,0.4482,0.0000,-0.0361,0.5384,-0.0009,0.0187,0.0031,-0.0073,-0.0147,-0.1917,0.1282,0.2241,-0.03060,-0.02374,0.0251,-0.1085,-0.1051,0.0224,0.00000,0.00000,0.2508,0.4946
43,1.7200,0.4484,0.0000,-0.0369,0.5404,-0.0006,0.0207,0.0019,-0.0143,-0.0178,-0.1813,0.1471,0.2241,-0.03110,-0.02325,0.0283,-0.1093,-0.1052,0.0215,0.00000,0.00000,0.2567,0.5059
44,1.7600,0.4486,0.0000,-0.0378,0.5411,0.0007,0.0203,-0.0051,-0.0018,-0.0146,-0.1709,0.1660,0.2241,-0.03139,-0.02312,0.0271,-0.1098,-0.1061,0.0129,0.00000,0.00000,0.2626,0.5172
45,1.8000,0.4487,0.0000,-0.0387,0.5425,0.0028,0.0181,-0.0158,-0.0061,-0.0258,-0.1606,0.1851,0.2240,-0.03167,-0.02381,0.0269,-0.1108,-0.1031,0.0164,0.00000,0.00000,0.2685,0.5284
46,1.8400,0.4489,0.0000,-0.0397,0.5433,0.0015,0.0199,-0.0093,0.0044,-0.0210,-0.1503,0.2042,0.2240,-0.03161,-0.02460,0.0290,-0.1092,-0.1062,0.0193,0.00000,0.00000,0.2744,0.5396
47,1.8800,0.4490,0.0000,-0.0406,0.5456,-0.0003,0.0194,-0.0000,-0.0160,0.0034,-0.1399,0.2232,0.2240,-0.03191,-0.02476,0.0270,-0.1107,-0.1076,0.0119,0.00000,0.00000,0.2803,0.5508
48,1.9200,0.4491,0.0000,-0.0417,0.5465,-0.0005,0.0199,0.0014,-0.0112,-0.0142,-0.1294,0.2424,0.2240,-0.03253,-0.02436,0.0308,-0.1080,-0.1044,0.0225,0.00000,0.00000,0.2862,0.5620
49,1.9600,0.4492,0.0000,-0.0429,0.5474,0.0007,0.0187,-0.0050,-0.0095,-0.0229,-0.1189,0.2615,0.2240,-0.03293,-0.02429,0.0289,-0.1073,-0.1039,0.0122,0.00000,0.00000,0.2921,0.5731
50,2.0000,0.4493,0.0000,-0.0441,0.5477,-0.0004,0.0075,0.0005,0.0035,-0.0603,-0.1083,0.2807,0.2237,-0.03327,-0.02406,0.0184,-0.0978,-0.0826,0.0207,0.00000,0.00000,0.2980,0.5841
51,2.0400,0.4494,0.0000,-0.0451,0.5478,0.0015,0.0123,-0.0095,0.0233,-0.0443,-0.0978,0.2999,0.2233,-0.03277,-0.02405,0.0200,-0.1042,-0.0880,0.0203,0.00000,0.00000,0.3039,0.5952
52,2.0800,0.4495,0.0000,-0.0460,0.5503,0.0017,0.0173,-0.0105,0.0133,-0.0498,-0.0872,0.3191,0.2231,-0.03209,-0.02469,0.0205,-0.1032,-0.0877,0.0198,0.00000,0.00000,0.3098,0.6062
53,2.1200,0.4495,0.0000,-0.0468,0.5533,-0.0003,0.0182,-0.0001,-0.0034,-0.0580,-0.0765,0.3384,0.2231,-0.03200,-0.02469,0.0206,-0.1025,-0.0890,0.0165,0.00000,0.00000,0.3156,0.6171
54,2.1600,0.4496,0.0000,-0.0475,0.5549,0.0006,0.0207,-0.0047,0.0051,-0.0588,-0.0657,0.3577,0.2231,-0.03208,-0.02439,0.0255,-0.1028,-0.0864,0.0185,0.00000,0.00000,0.3215,0.6280
55,2.2000,0.4496,0.0000,-0.0480,0.5572,0.0012,0.0192,-0.0079,-0.0054,-0.0625,-0.0549,0.3771,0.2231,-0.03215,-0.02459,0.0246,-0.1021,-0.0884,0.0168,0.00000,0.00000,0.3273,0.6389
56,2.2400,0.4497,0.0000,-0.0484,0.5596,-0.0008,0.0186,0.0024,-0.0156,-0.0528,-0.0440,0.3965,0.2231,-0.03263,-0.02442,0.0241,-0.1007,-0.0896,0.0219,0.00000,0.00000,0.3332,0.6497
57,2.2800,0.4497,0.0000,-0.0487,0.5620,0.0003,0.0180,-0.0030,-0.0324,-0.0517,-0.0330,0.4159,0.2231,-0.03374,-0.02398,0.0267,-0.1006,-0.0894,0.0142,0.00000,0.00000,0.3390,0.6605
58,2.3200,0.4498,0.0000,-0.0490,0.5628,0.0009,0.0181,-0.0065,-0.0248,-0.0600,-0.0219,0.4354,0.2231,-0.03486,-0.02398,0.0276,-0.0986,-0.0908,0.0181,0.00000,0.00000,0.3449,0.6713
59,2.3600,0.4498,0.0000,-0.0492,0.5629,0.0016,0.0166,-0.0103,-0.0103,-0.0575,-0.0108,0.4550,0.2231,-0.03554,-0.02423,0.0264,-0.1002,-0.0911,0.0112,0.00000,0.00000,0.3507,0.6820
60,2.4000,0.4498,0.0000,-0.0494,0.5638,0.0015,0.0170,-0.0097,-0.0122,-0.0542,0.0003,0.4745,0.2230,-0.03608,-0.02471,0.0262,-0.1020,-0.0893,0.0196,0.00000,0.00000,0.3566,0.6927
61,2.4400,0.4498,0.0000,-0.0496,0.5635,0.0003,0.0177,-0.0033,0.0080,-0.0496,0.0115,0.4941,0.2231,-0.03606,-0.02479,0.0255,-0.1016,-0.0923,0.0153,0.00000,0.00000,0.3624,0.7033
62,2.4800,0.4499,0.0000,-0.0498,0.5653,0.0005,0.0178,-0.0040,-0.0126,-0.0556,0.0227,0.5136,0.2231,-0.03627,-0.02473,0.0277,-0.1018,-0.0917,0.0174,0.00000,0.00000,0.3682,0.7139
63,2.5200,0.4499,0.0000,-0.0499,0.5657,0.0013,0.0170,-0.0086,-0.0120,-0.0512,0.0340,0.5331,0.2231,-0.03679,-0.02482,0.0265,-0.1035,-0.0951,0.0088,0.00000,0.00000,0.3740,0.7244
64,2.5600,0.4499,0.0000,-0.0501,0.5663,0.0008,0.0160,-0.0059,-0.0193,-0.0373,0.0453,0.5526,0.2231,-0.03747,-0.02509,0.0268,-0.1026,-0.0942,0.0153,0.00000,0.00000,0.3798,0.7349
65,2.6000,0.4499,0.0000,-0.0504,0.5664,0.0009,0.0167,-0.0063,-0.0160,-0.0451,0.0567,0.5722,0.2232,-0.03821,-0.02520,0.0307,-0.1012,-0.0919,0.0185,0.00000,0.00000,0.3856,0.7453
66,2.6400,0.4499,0.0000,-0.0507,0.5665,-0.0003,0.0153,-0.0000,-0.0190,-0.0394,0.0681,0.5916,0.2232,-0.03882,-0.02510,0.0283,-0.0994,-0.0966,0.0118,0.00000,0.00000,0.3914,0.7557
67,2.6800,0.4499,0.0000,-0.0512,0.5653,0.0012,0.0156,-0.0080,-0.0012,-0.0456,0.0796,0.6111,0.2232,-0.03931,-0.02499,0.0295,-0.1033,-0.0930,0.0143,0.00000,0.00000,0.3972,0.7661
68,2.7200,0.4497,0.0000,-0.0517,0.5641,-0.0011,0.0233,0.0044,0.0230,-0.0422,0.0910,0.6305,0.2234,-0.03861,-0.02487,0.0275,-0.1095,-0.1100,0.0249,0.00000,0.00000,0.4030,0.7763
69,2.7600,0.4487,0.0000,-0.0523,0.5658,-0.0008,0.0227,0.0025,-0.0037,-0.0517,0.1025,0.6500,0.2237,-0.03849,-0.02422,0.0325,-0.1104,-0.0988,0.0178,0.00000,0.00000,0.4088,0.7866
70,2.8000,0.4470,0.0000,-0.0529,0.5651,-0.0006,0.0183,0.0017,-0.0013,-0.0482,0.1140,0.6693,0.2239,-0.03856,-0.02361,0.0310,-0.1094,-0.1060,0.0186,0.00000,0.00000,0.4145,0.7968
71,2.8400,0.4448,0.0000,-0.0535,0.5651,-0.0002,0.0146,-0.0003,-0.0113,-0.0489,0.1256,0.6887,0.2239,-0.03885,-0.02320,0.0323,-0.1056,-0.1043,0.0197,0.00000,0.00000,0.4203,0.8069
72,2.8800,0.4420,0.0000,-0.0542,0.5649,-0.0002,0.0161,-0.0005,-0.0152,-0.0522,0.1372,0.7081,0.2239,-0.03937,-0.02288,0.0318,-0.1075,-0.1093,0.0199,0.00000,0.00000,0.4261,0.8170
73,2.9200,0.4388,0.0000,-0.0549,0.5645,-0.0005,0.0160,0.0008,-0.0184,-0.0550,0.1487,0.7274,0.2240,-0.04007,-0.02248,0.0320,-0.1065,-0.1062,0.0181,0.00000,0.00000,0.4318,0.8270
74,2.9600,0.4352,0.0000,-0.0556,0.5637,-0.0003,0.0174,0.0001,-0.0187,-0.0540,0.1604,0.7466,0.2241,-0.04079,-0.02205,0.0359,-0.1072,-0.1096,0.0225,0.00000,0.00000,0.4375,0.8370
75,3.0000,0.4312,0.0000,-0.0563,0.5626,0.0002,0.0143,-0.0027,-0.0233,-0.0430,0.1720,0.7659,0.2242,-0.04165,-0.02177,0.0341,-0.1069,-0.1083,0.0148,0.00000,0.00000,0.4433,0.8470
76,3.0400,0.4269,0.0000,-0.0571,0.5613,0.0007,0.0143,-0.0050,-0.0314,-0.0468,0.1836,0.7850,0.2242,-0.04270,-0.02171,0.0391,-0.1048,-0.1120,0.0224,0.00000,0.00000,0.4490,0.8568
77,3.0800,0.4224,0.0000,-0.0579,0.5588,0.0016,0.0146,-0.0097,-0.0163,-0.0569,0.1951,0.8041,0.2242,-0.04358,-0.02185,0.0378,-0.1072,-0.1131,0.0133,0.00000,0.00000,0.4547,0.8667
78,3.1200,0.4175,0.0000,-0.0588,0.5568,0.0007,0.0132,-0.0051,-0.0207,-0.0608,0.2067,0.8231,0.2243,-0.04430,-0.02204,0.0374,-0.1052,-0.1111,0.0203,0.00000,0.00000,0.4604,0.8764
79,3.1600,0.4125,0.0000,-0.0597,0.5548,-0.0003,0.0124,-0.0001,-0.0297,-0.0498,0.2182,0.8420,0.2243,-0.04526,-0.02176,0.0391,-0.1045,-0.1149,0.0156,0.00000,0.00000,0.4662,0.8861
80,3.2000,0.4073,0.0000,-0.0606,0.5525,0.0012,0.0126,-0.0076,-0.0417,-0.0418,0.2298,0.8608,0.2243,-0.04677,-0.02166,0.0419,-0.1057,-0.1128,0.0163,0.00000,0.00000,0.4719,0.8958
81,3.2400,0.4019,0.0000,-0.0617,0.5483,0.0010,0.0129,-0.0065,-0.0247,-0.0452,0.2413,0.8795,0.2244,-0.04790,-0.02181,0.0423,-0.1044,-0.1179,0.0176,0.00000,0.00000,0.4775,0.9054
82,3.2800,0.3963,0.0000,-0.0628,0.5449,0.0002,0.0097,-0.0027,-0.0290,-0.0477,0.2527,0.8980,0.2244,-0.04895,-0.02176,0.0395,-0.1030,-0.1148,0.0146,0.00000,0.00000,0.4832,0.9149
83,3.3200,0.3906,0.0000,-0.0640,0.5402,0.0013,0.0099,-0.0082,-0.0179,-0.0423,0.2641,0.9164,0.2244,-0.04983,-0.02171,0.0419,-0.1045,-0.1160,0.0140,0.00000,0.00000,0.4889,0.9244
84,3.3600,0.3849,0.0000,-0.0653,0.5365,0.0017,0.0090,-0.0104,-0.0278,-0.0527,0.2754,0.9346,0.2243,-0.05073,-0.02209,0.0410,-0.1027,-0.1136,0.0171,0.00000,0.00000,0.4946,0.9338
85,3.4000,0.3790,0.0000,-0.0666,0.5316,0.0008,0.0096,-0.0055,-0.0152,-0.0481,0.2867,0.9527,0.2243,-0.05145,-0.02222,0.0396,-0.1042,-0.1174,0.0129,0.00000,0.00000,0.5002,0.9432
86,3.4400,0.3731,0.0000,-0.0680,0.5267,0.0011,0.0104,-0.0073,-0.0083,-0.0523,0.2979,0.9706,0.2243,-0.05188,-0.02227,0.0421,-0.1040,-0.1146,0.0154,0.00000,0.00000,0.5059,0.9525
87,3.4800,0.3671,0.0000,-0.0695,0.5224,0.0003,0.0087,-0.0031,-0.0173,-0.0524,0.3090,0.9883,0.2243,-0.05230,-0.02226,0.0422,-0.0995,-0.1139,0.0156,0.00000,0.00000,0.5115,0.9617
88,3.5200,0.3610,0.0000,-0.0710,0.5170,0.0000,0.0088,-0.0015,-0.0052,-0.0420,0.3201,1.0058,0.2242,-0.05269,-0.02194,0.0389,-0.1037,-0.1175,0.0115,0.00000,0.00000,0.5172,0.9709
89,3.5600,0.3550,0.0000,-0.0726,0.5116,0.0025,0.0095,-0.0147,0.0054,-0.0535,0.3310,1.0232,0.2242,-0.05271,-0.02218,0.0407,-0.1041,-0.1106,0.0140,0.00000,0.00000,0.5228,0.9800
90,3.6000,0.3489,0.0000,-0.0742,0.5074,0.0026,0.0095,-0.0148,-0.0099,-0.0513,0.3418,1.0404,0.2242,-0.05270,-0.02298,0.0411,-0.1031,-0.1148,0.0121,0.00000,0.00000,0.5284,0.9891
91,3.6400,0.3428,0.0000,-0.0759,0.5027,0.0000,0.0092,-0.0015,-0.0092,-0.0646,0.3527,1.0574,0.2241,-0.05301,-0.02304,0.0421,-0.0990,-0.1133,0.0152,0.00000,0.00000,0.5340,0.9981
92,3.6800,0.3367,0.0000,-0.0777,0.4972,-0.0003,0.0123,0.0002,0.0059,-0.0668,0.3635,1.0741,0.2241,-0.05302,-0.02252,0.0414,-0.1021,-0.1142,0.0140,0.00000,0.00000,0.5396,1.0070
93,3.7200,0.3306,0.0000,-0.0794,0.4916,0.0000,-0.0012,-0.0021,0.0204,-0.1033,0.3742,1.0907,0.2239,-0.05269,-0.02192,0.0283,-0.0911,-0.0868,0.0100,0.00000,0.00000,0.5452,1.0159
94,3.7600,0.3246,0.0000,-0.0809,0.4866,0.0028,0.0049,-0.0165,0.0295,-0.1089,0.3848,1.1071,0.2234,-0.05168,-0.02202,0.0327,-0.0974,-0.0977,0.0236,0.00000,0.00000,0.5508,1.0247
95,3.8000,0.3186,0.0000,-0.0823,0.4849,0.0018,0.0098,-0.0112,-0.0044,-0.0987,0.3954,1.1234,0.2233,-0.05117,-0.02258,0.0306,-0.0961,-0.0991,0.0074,0.00000,0.00000,0.5564,1.0334
96,3.8400,0.3126,0.0000,-0.0835,0.4823,-0.0003,0.0118,-0.0003,-0.0221,-0.1016,0.4060,1.1394,0.2232,-0.05186,-0.02228,0.0370,-0.0941,-0.0948,0.0186,0.00000,0.00000,0.5619,1.0420
97,3.8800,0.3066,0.0000,-0.0846,0.4765,-0.0001,0.0152,-0.0016,0.0152,-0.0854,0.4166,1.1553,0.2233,-0.05180,-0.02165,0.0361,-0.0970,-0.1018,0.0109,0.00000,0.00000,0.5675,1.0506
98,3.9200,0.3007,0.0000,-0.0857,0.4734,0.0015,0.0124,-0.0096,-0.0060,-0.0914,0.4272,1.1710,0.2233,-0.05168,-0.02159,0.0367,-0.0955,-0.0990,0.0132,0.00000,0.00000,0.5731,1.0592
99,3.9600,0.2948,0.0000,-0.0868,0.4700,0.0013,0.0099,-0.0088,-0.0207,-0.1005,0.4377,1.1866,0.2232,-0.05223,-0.02165,0.0369,-0.0920,-0.0986,0.0117,0.00000,0.00000,0.5786,1.0676
100,4.0000,0.2890,0.0000,-0.0878,0.4658,0.0014,0.0122,-0.0095,-0.0176,-0.1004,0.4481,1.2020,0.2232,-0.05296,-0.02169,0.0384,-0.0936,-0.1002,0.0122,0.00000,0.00000,0.5841,1.0760
101,4.0400,0.2831,0.0000,-0.0889,0.4613,0.0022,0.0148,-0.0138,-0.0152,-0.1178,0.4585,1.2173,0.2232,-0.05358,-0.02185,0.0397,-0.0953,-0.1028,0.0108,0.00000,0.00000,0.5896,1.0844
102,4.0800,0.2774,0.0000,-0.0898,0.4566,0.0013,0.0135,-0.0091,-0.0110,-0.1044,0.4688,1.2324,0.2233,-0.05415,-0.02200,0.0365,-0.0971,-0.0982,0.0112,0.00000,0.00000,0.5952,1.0926
103,4.1200,0.2716,0.0000,-0.0907,0.4515,0.0019,0.0104,-0.0122,-0.0087,-0.1210,0.4792,1.2472,0.2232,-0.05447,-0.02200,0.0384,-0.0933,-0.1000,0.0090,0.00000,0.00000,0.6007,1.1008
104,4.1600,0.2659,0.0000,-0.0916,0.4474,0.0020,0.0136,-0.0129,-0.0195,-0.1172,0.4894,1.2619,0.2232,-0.05509,-0.02226,0.0391,-0.0969,-0.1005,0.0148,0.00000,0.00000,0.6062,1.1089
105,4.2000,0.2603,0.0000,-0.0924,0.4426,0.0008,0.0116,-0.0066,-0.0201,-0.1218,0.4996,1.2763,0.2232,-0.05584,-0.02218,0.0375,-0.0929,-0.0985,0.0084,0.00000,0.00000,0.6116,1.1170
106,4.2400,0.2547,0.0000,-0.0931,0.4375,0.0013,0.0142,-0.0090,-0.0212,-0.1105,0.5098,1.2905,0.2232,-0.05668,-0.02201,0.0410,-0.0966,-0.1016,0.0138,0.00000,0.00000,0.6171,1.1249
107,4.2800,0.2492,0.0000,-0.0939,0.4312,0.0009,0.0125,-0.0068,-0.0062,-0.1064,0.5199,1.3045,0.2233,-0.05707,-0.02187,0.0374,-0.0949,-0.1038,0.0066,0.00000,0.00000,0.6226,1.1328
108,4.3200,0.2437,0.0000,-0.0947,0.4256,0.0017,0.0117,-0.0109,-0.0054,-0.1108,0.5300,1.3183,0.2232,-0.05731,-0.02180,0.0401,-0.0937,-0.1004,0.0108,0.00000,0.00000,0.6280,1.1407
109,4.3600,0.2382,0.0000,-0.0956,0.4205,0.0012,0.0140,-0.0082,-0.0134,-0.1124,0.5399,1.3319,0.2232,-0.05761,-0.02184,0.0399,-0.0947,-0.1055,0.0120,0.00000,0.00000,0.6335,1.1484
110,4.4000,0.2328,0.0000,-0.0965,0.4147,0.0012,0.0173,-0.0087,-0.0053,-0.1104,0.5498,1.3452,0.2234,-0.05799,-0.02171,0.0416,-0.0986,-0.1049,0.0118,0.00000,0.00000,0.6389,1.1561
111,4.4400,0.2275,0.0000,-0.0975,0.4091,0.0011,0.0132,-0.0082,-0.0129,-0.1210,0.5596,1.3584,0.2234,-0.05828,-0.02159,0.0384,-0.0962,-0.1070,0.0048,0.00000,0.00000,0.6443,1.1637
112,4.4800,0.2222,0.0000,-0.0986,0.4024,0.0029,0.0147,-0.0175,0.0021,-0.1231,0.5693,1.3713,0.2234,-0.05853,-0.02171,0.0426,-0.0989,-0.1037,0.0119,0.00000,0.00000,0.6497,1.1712
113,4.5200,0.2170,0.0000,-0.0996,0.3970,-0.0003,0.0175,-0.0006,-0.0071,-0.1332,0.5788,1.3839,0.2235,-0.05839,-0.02165,0.0392,-0.0981,-0.1174,0.0150,0.00000,0.00000,0.6551,1.1787
114,4.5600,0.2119,0.0000,-0.1008,0.3920,-0.0020,0.0185,0.0084,-0.0181,-0.1360,0.5885,1.3963,0.2237,-0.05900,-0.02051,0.0401,-0.1002,-0.1137,0.0091,0.00000,0.00000,0.6605,1.1861
115,4.6000,0.2068,0.0000,-0.1018,0.3856,-0.0006,0.0161,0.0012,-0.0215,-0.1329,0.5980,1.4084,0.2238,-0.05979,-0.01943,0.0391,-0.1000,-0.1151,0.0094,0.00000,0.00000,0.6659,1.1934
116,4.6400,0.2018,0.0000,-0.1029,0.3788,0.0024,0.0148,-0.0149,-0.0202,-0.1420,0.6074,1.4203,0.2239,-0.06065,-0.01916,0.0409,-0.1010,-0.1131,0.0127,0.00000,0.00000,0.6713,1.2006
117,4.6800,0.1969,0.0000,-0.1040,0.3716,0.0024,0.0133,-0.0147,-0.0148,-0.1328,0.6166,1.4321,0.2238,-0.06118,-0.01940,0.0389,-0.0992,-0.1165,0.0071,0.00000,0.00000,0.6767,1.2078
118,4.7200,0.1921,0.0000,-0.1051,0.3643,0.0016,0.0126,-0.0106,-0.0065,-0.1415,0.6257,1.4435,0.2238,-0.06155,-0.01939,0.0386,-0.0979,-0.1138,0.0096,0.00000,0.00000,0.6820,1.2149
119,4.7600,0.1873,0.0000,-0.1063,0.3571,0.0016,0.0160,-0.0110,0.0015,-0.1423,0.6347,1.4547,0.2237,-0.06159,-0.01930,0.0364,-0.1024,-0.1175,0.0077,0.00000,0.00000,0.6873,1.2219
120,4.8000,0.1827,0.0000,-0.1075,0.3509,0.0005,0.0166,-0.0051,-0.0107,-0.1527,0.6436,1.4656,0.2238,-0.06174,-0.01898,0.0378,-0.0994,-0.1165,0.0100,0.00000,0.00000,0.6927,1.2288
121,4.8400,0.1781,0.0000,-0.1087,0.3433,0.0005,0.0186,-0.0055,0.0050,-0.1501,0.6524,1.4762,0.2238,-0.06185,-0.01842,0.0381,-0.1028,-0.1147,0.0122,0.00000,0.00000,0.6980,1.2356
122,4.8800,0.1736,0.0000,-0.1100,0.3363,0.0004,0.0182,-0.0045,0.0044,-0.1568,0.6611,1.4865,0.2239,-0.06153,-0.01791,0.0359,-0.1028,-0.1210,0.0111,0.00000,0.00000,0.7033,1.2424
123,4.9200,0.1692,0.0000,-0.1112,0.3291,0.0002,0.0190,-0.0036,0.0115,-0.1396,0.6696,1.4966,0.2240,-0.06120,-0.01733,0.0357,-0.1048,-0.1191,0.0116,0.00000,0.00000,0.7086,1.2491
124,4.9600,0.1649,0.0000,-0.1126,0.3220,0.0006,0.0159,-0.0058,0.0123,-0.1450,0.6781,1.5064,0.2240,-0.06062,-0.01681,0.0343,-0.1010,-0.1205,0.0071,0.00000,0.00000,0.7139,1.2557
125,5.0000,0.1607,0.0000,-0.1140,0.3158,0.0025,0.0170,-0.0156,0.0031,-0.1552,0.6863,1.5160,0.2239,-0.06040,-0.01671,0.0343,-0.1039,-0.1180,0.0099,0.00000,0.00000,0.7191,1.2622
126,5.0400,0.1566,0.0000,-0.1156,0.3096,0.0011,0.0186,-0.0085,-0.0007,-0.1546,0.6944,1.5253,0.2239,-0.06030,-0.01668,0.0321,-0.1031,-0.1188,0.0117,0.00000,0.00000,0.7244,1.2687
127,5.0800,0.1526,0.0000,-0.1172,0.3038,0.0012,0.0175,-0.0088,-0.0149,-0.1575,0.7025,1.5344,0.2239,-0.06064,-0.01635,0.0334,-0.1024,-0.1182,0.0044,0.00000,0.00000,0.7296,1.2750
128,5.1200,0.1487,0.0000,-0.1189,0.2955,0.0011,0.0213,-0.0069,0.0193,-0.1595,0.7104,1.5433,0.2239,-0.06037,-0.01610,0.0337,-0.1033,-0.1211,0.0145,0.00000,0.00000,0.7349,1.2813
129,5.1600,0.1449,0.0000,-0.1207,0.2889,0.0014,0.0203,-0.0083,0.0208,-0.1498,0.7182,1.5519,0.2240,-0.05953,-0.01592,0.0317,-0.1038,-0.1191,0.0060,0.00000,0.00000,0.7401,1.2875
130,5.2000,0.1412,0.0000,-0.1226,0.2831,0.0017,0.0199,-0.0097,0.0078,-0.1572,0.7259,1.5603,0.2239,-0.05900,-0.01583,0.0330,-0.1038,-0.1204,0.0122,0.00000,0.00000,0.7453,1.2936
131,5.2400,0.1376,0.0000,-0.1246,0.2762,0.0014,0.0213,-0.0080,0.0232,-0.1492,0.7334,1.5685,0.2239,-0.05833,-0.01573,0.0284,-0.1070,-0.1218,0.0058,0.00000,0.00000,0.7505,1.2996
132,5.2800,0.1341,0.0000,-0.1268,0.2700,0.0011,0.0246,-0.0067,0.0294,-0.1583,0.7408,1.5764,0.2240,-0.05724,-0.01558,0.0310,-0.1084,-0.1240,0.0140,0.00000,0.00000,0.7557,1.3056
133,5.3200,0.1307,0.0000,-0.1292,0.2654,0.0002,0.0236,-0.0020,0.0095,-0.1533,0.7481,1.5841,0.2241,-0.05650,-0.01525,0.0303,-0.1063,-0.1223,0.0074,0.00000,0.00000,0.7609,1.3115
134,5.3600,0.1274,0.0000,-0.1318,0.2594,0.0015,0.0248,-0.0086,0.0180,-0.1662,0.7553,1.5916,0.2242,-0.05602,-0.01492,0.0336,-0.1085,-0.1208,0.0149,0.00000,0.00000,0.7661,1.3172
135,5.4000,0.1241,0.0000,-0.1345,0.2549,0.0012,0.0240,-0.0070,-0.0016,-0.1530,0.7624,1.5989,0.2242,-0.05568,-0.01485,0.0307,-0.1075,-0.1236,0.0097,0.00000,0.00000,0.7712,1.3229
136,5.4400,0.1210,0.0000,-0.1373,0.2493,0.0013,0.0228,-0.0076,0.0000,-0.1634,0.7694,1.6061,0.2242,-0.05574,-0.01460,0.0342,-0.1052,-0.1210,0.0133,0.00000,0.00000,0.7763,1.3286
137,5.4800,0.1179,0.0000,-0.1404,0.2431,0.0011,0.0237,-0.0067,0.0151,-0.1649,0.7763,1.6130,0.2242,-0.05533,-0.01445,0.0310,-0.1057,-0.1235,0.0108,0.00000,0.00000,0.7815,1.3341
138,5.5200,0.1150,0.0000,-0.1436,0.2370,0.0015,0.0252,-0.0084,0.0317,-0.1532,0.7830,1.6197,0.2242,-0.05437,-0.01428,0.0304,-0.1087,-0.1236,0.0103,0.00000,0.00000,0.7866,1.3395
139,5.5600,0.1121,0.0000,-0.1470,0.2325,0.0006,0.0239,-0.0037,0.0198,-0.1485,0.7897,1.6263,0.2242,-0.05334,-0.01412,0.0309,-0.1048,-0.1213,0.0140,0.00000,0.00000,0.7917,1.3449
140,5.6000,0.1093,0.0000,-0.1507,0.2275,0.0017,0.0249,-0.0092,0.0254,-0.1781,0.7962,1.6327,0.2242,-0.05245,-0.01389,0.0319,-0.1055,-0.1224,0.0106,0.00000,0.00000,0.7968,1.3502
141,5.6400,0.1066,0.0000,-0.1546,0.2240,0.0010,0.0271,-0.0058,0.0090,-0.1649,0.8027,1.6389,0.2242,-0.05188,-0.01382,0.0282,-0.1086,-0.1206,0.0153,0.00000,0.00000,0.8019,1.3553
142,5.6800,0.1040,0.0000,-0.1586,0.2195,0.0009,0.0268,-0.0051,0.0086,-0.1740,0.8091,1.6449,0.2243,-0.05150,-0.01350,0.0324,-0.1067,-0.1239,0.0112,0.00000,0.00000,0.8069,1.3604
143,5.7200,0.1015,0.0000,-0.1628,0.2149,0.0024,0.0269,-0.0129,0.0113,-0.1696,0.8153,1.6508,0.2243,-0.05114,-0.01347,0.0308,-0.1089,-0.1236,0.0082,0.00000,0.00000,0.8120,1.3654
144,5.7600,0.0990,0.0000,-0.1673,0.2107,0.0012,0.0272,-0.0067,0.0081,-0.1766,0.8215,1.6566,0.2243,-0.05072,-0.01347,0.0320,-0.1065,-0.1249,0.0174,0.00000,0.00000,0.8170,1.3704
145,5.8000,0.0967,0.0000,-0.1719,0.2067,0.0005,0.0286,-0.0028,0.0078,-0.1785,0.8276,1.6621,0.2244,-0.05046,-0.01312,0.0311,-0.1085,-0.1239,0.0135,0.00000,0.00000,0.8220,1.3752
146,5.8400,0.0944,0.0000,-0.1768,0.2029,0.0024,0.0268,-0.0130,-0.0015,-0.1871,0.8336,1.6676,0.2244,-0.05045,-0.01299,0.0337,-0.1065,-0.1189,0.0112,0.00000,0.00000,0.8270,1.3800
147,5.8800,0.0921,0.0000,-0.1818,0.1971,0.0018,0.0277,-0.0097,0.0287,-0.1870,0.8395,1.6729,0.2244,-0.04976,-0.01300,0.0309,-0.1076,-0.1243,0.0171,0.00000,0.00000,0.8320,1.3846
148,5.9200,0.0900,0.0000,-0.1870,0.1935,0.0017,0.0266,-0.0091,0.0250,-0.1973,0.8453,1.6780,0.2244,-0.04874,-0.01293,0.0293,-0.1073,-0.1208,0.0117,0.00000,0.00000,0.8370,1.3892
149,5.9600,0.0880,0.0000,-0.1924,0.1906,0.0022,0.0275,-0.0115,0.0132,-0.2082,0.8510,1.6830,0.2243,-0.04811,-0.01294,0.0312,-0.1075,-0.1183,0.0163,0.00000,0.00000,0.8420,1.3937
150,6.0000,0.0860,0.0000,-0.1979,0.1876,0.0010,0.0284,-0.0053,0.0026,-0.2007,0.8567,1.6879,0.2243,-0.04778,-0.01281,0.0296,-0.1073,-0.1246,0.0111,0.00000,0.00000,0.8470,1.3981
151,6.0400,0.0841,0.0000,-0.2036,0.1837,0.0017,0.0314,-0.0089,0.0174,-0.2246,0.8623,1.6926,0.2244,-0.04745,-0.01251,0.0342,-0.1077,-0.1207,0.0197,0.00000,0.00000,0.8519,1.4024
152,6.0800,0.0822,0.0000,-0.2094,0.1802,0.0011,0.0300,-0.0056,0.0207,-0.2225,0.8678,1.6972,0.2245,-0.04665,-0.01231,0.0302,-0.1070,-0.1223,0.0132,0.00000,0.00000,0.8568,1.4066
153,6.1200,0.0805,0.0000,-0.2154,0.1775,0.0021,0.0288,-0.0107,0.0076,-0.2255,0.8733,1.7016,0.2245,-0.04623,-0.01210,0.0340,-0.1070,-0.1207,0.0167,0.00000,0.00000,0.8618,1.4107
154,6.1600,0.0788,0.0000,-0.2215,0.1746,0.0016,0.0294,-0.0085,0.0048,-0.2261,0.8787,1.7060,0.2245,-0.04601,-0.01201,0.0332,-0.1054,-0.1215,0.0189,0.00000,0.00000,0.8667,1.4147
155,6.2000,0.0773,0.0000,-0.2278,0.1710,0.0018,0.0275,-0.0094,0.0156,-0.2370,0.8841,1.7102,0.2244,-0.04564,-0.01182,0.0320,-0.1038,-0.1185,0.0131,0.00000,0.00000,0.8716,1.4187
156,6.2400,0.0757,0.0000,-0.2342,0.1686,0.0031,0.0289,-0.0164,0.0031,-0.2354,0.8894,1.7144,0.2244,-0.04543,-0.01193,0.0323,-0.1068,-0.1184,0.0173,0.00000,0.00000,0.8764,1.4225
157,6.2800,0.0743,0.0000,-0.2409,0.1650,0.0023,0.0295,-0.0116,0.0178,-0.2449,0.8946,1.7184,0.2244,-0.04493,-0.01203,0.0319,-0.1050,-0.1213,0.0140,0.00000,0.00000,0.8813,1.4263
158,6.3200,0.0729,0.0000,-0.2477,0.1617,0.0010,0.0323,-0.0072,0.0259,-0.2283,0.8998,1.7222,0.2244,-0.04410,-0.01186,0.0320,-0.1076,-0.1239,0.0163,0.00000,0.00000,0.8861,1.4300
159,6.3600,0.0716,0.0000,-0.2548,0.1590,0.0014,0.0289,-0.0067,0.0130,-0.2513,0.9049,1.7260,0.2244,-0.04339,-0.01160,0.0313,-0.1042,-0.1175,0.0157,0.00000,0.00000,0.8910,1.4335
160,6.4000,0.0704,0.0000,-0.2621,0.1601,0.0019,0.0272,-0.0134,-0.0146,-0.2963,0.9100,1.7296,0.2243,-0.04346,-0.01141,0.0307,-0.1036,-0.1202,0.0182,0.00000,0.00000,0.8958,1.4370
161,6.4400,0.0692,0.0000,-0.2696,0.1608,0.0041,0.0320,-0.0258,-0.0101,-0.3029,0.9151,1.7333,0.2243,-0.04413,-0.01165,0.0361,-0.1090,-0.1244,0.0244,0.00000,0.00000,0.9006,1.4404
162,6.4800,0.0681,0.0000,-0.2770,0.1610,0.0045,0.0248,-0.0282,-0.0118,-0.2946,0.9203,1.7370,0.2243,-0.04467,-0.01226,0.0317,-0.1035,-0.1221,0.0170,0.00000,0.00000,0.9054,1.4437
163,6.5200,0.0671,0.0000,-0.2845,0.1609,0.0057,0.0233,-0.0343,-0.0078,-0.3053,0.9254,1.7406,0.2240,-0.04520,-0.01300,0.0343,-0.1037,-0.1256,0.0266,0.00000,0.00000,0.9102,1.4469
164,6.5600,0.0661,0.0000,-0.2921,0.1608,0.0057,0.0272,-0.0345,0.0069,-0.3107,0.9307,1.7442,0.2238,-0.04534,-0.01394,0.0335,-0.1049,-0.1223,0.0277,0.00000,0.00000,0.9149,1.4501
165,6.6000,0.0653,0.0000,-0.2998,0.1614,0.0043,0.0254,-0.0278,0.0046,-0.3258,0.9359,1.7478,0.2237,-0.04524,-0.01463,0.0311,-0.1032,-0.1238,0.0240,0.00000,0.00000,0.9197,1.4531
166,6.6400,0.0644,0.0000,-0.3076,0.1620,0.0038,0.0256,-0.0250,0.0039,-0.3342,0.9413,1.7512,0.2235,-0.04527,-0.01506,0.0318,-0.1024,-0.1247,0.0283,0.00000,0.00000,0.9244,1.4560
167,6.6800,0.0636,0.0000,-0.3155,0.1629,0.0051,0.0245,-0.0324,-0.0065,-0.3365,0.9467,1.7547,0.2233,-0.04556,-0.01562,0.0327,-0.1012,-0.1235,0.0236,0.00000,0.00000,0.9291,1.4588
168,6.7200,0.0629,0.0000,-0.3234,0.1627,0.0051,0.0270,-0.0319,0.0034,-0.3380,0.9522,1.7580,0.2231,-0.04570,-0.01631,0.0329,-0.1029,-0.1315,0.0307,0.00000,0.00000,0.9338,1.4616
169,6.7600,0.0622,0.0000,-0.3316,0.1634,0.0057,0.0268,-0.0352,-0.0003,-0.3500,0.9577,1.7613,0.2230,-0.04590,-0.01704,0.0328,-0.1033,-0.1281,0.0253,0.00000,0.00000,0.9385,1.4642
170,6.8000,0.0616,0.0000,-0.3399,0.1634,0.0061,0.0262,-0.0378,0.0062,-0.3632,0.9632,1.7646,0.2229,-0.04606,-0.01790,0.0318,-0.1046,-0.1272,0.0318,0.00000,0.00000,0.9432,1.4668
171,6.8400,0.0610,0.0000,-0.3483,0.1652,0.0063,0.0236,-0.0392,-0.0230,-0.3701,0.9688,1.7678,0.2227,-0.04673,-0.01882,0.0361,-0.0987,-0.1219,0.0321,0.00000,0.00000,0.9478,1.4693
172,6.8800,0.0605,0.0000,-0.3568,0.1649,0.0058,0.0233,-0.0374,-0.0123,-0.3873,0.9745,1.7709,0.2224,-0.04766,-0.01962,0.0336,-0.0988,-0.1251,0.0348,0.00000,0.00000,0.9525,1.4716
173,6.9200,0.0600,0.0000,-0.3655,0.1605,0.0042,0.0278,-0.0246,0.0207,-0.3342,0.9802,1.7739,0.2223,-0.04764,-0.02009,0.0318,-0.1005,-0.1274,0.0284,0.00000,0.00000,0.9571,1.4739
174,6.9600,0.0595,0.0000,-0.3743,0.1578,0.0043,0.0276,-0.0252,0.0116,-0.3592,0.9858,1.7767,0.2222,-0.04731,-0.02031,0.0364,-0.0964,-0.1177,0.0289,0.00000,0.00000,0.9617,1.4761
175,7.0000,0.0591,0.0000,-0.3835,0.1546,0.0032,0.0295,-0.0196,0.0151,-0.3821,0.9913,1.7793,0.2221,-0.04697,-0.02043,0.0323,-0.0974,-0.1194,0.0285,0.00000,0.00000,0.9663,1.4782
176,7.0400,0.0588,0.0000,-0.3930,0.1512,0.0028,0.0311,-0.0176,0.0282,-0.3924,0.9968,1.7818,0.2221,-0.04637,-0.02032,0.0347,-0.0975,-0.1153,0.0302,0.00000,0.00000,0.9709,1.4802
177,7.0800,0.0585,0.0000,-0.4026,0.1478,0.0014,0.0292,-0.0100,0.0362,-0.3815,1.0022,1.7841,0.2221,-0.04521,-0.02002,0.0300,-0.0969,-0.1207,0.0258,0.00000,0.00000,0.9755,1.4821
178,7.1200,0.0583,0.0000,-0.4124,0.1463,0.0030,0.0291,-0.0185,0.0136,-0.3898,1.0076,1.7863,0.2220,-0.04465,-0.01979,0.0336,-0.0974,-0.1174,0.0274,0.00000,0.00000,0.9800,1.4839
179,7.1600,0.0581,0.0000,-0.4225,0.1432,0.0029,0.0322,-0.0178,0.0302,-0.4056,1.0129,1.7885,0.2220,-0.04396,-0.01974,0.0313,-0.0984,-0.1196,0.0308,0.00000,0.00000,0.9846,1.4856
180,7.2000,0.0581,0.0000,-0.4318,0.1419,0.0023,0.0312,-0.0147,0.0172,-0.4228,1.0181,1.7905,0.2220,-0.04334,-0.01957,0.0329,-0.0954,-0.1153,0.0282,0.00000,0.00000,0.9891,1.4872
181,7.2400,0.0581,0.0000,-0.4400,0.1395,0.0027,0.0326,-0.0166,0.0236,-0.4313,1.0233,1.7924,0.2221,-0.04285,-0.01936,0.0330,-0.0992,-0.1179,0.0304,0.00000,0.00000,0.9936,1.4887
182,7.2800,0.0582,0.0000,-0.4472,0.1374,0.0023,0.0339,-0.0145,0.0326,-0.4408,1.0285,1.7941,0.2221,-0.04198,-0.01918,0.0319,-0.0996,-0.1182,0.0327,0.00000,0.00000,0.9981,1.4901
183,7.3200,0.0585,0.0000,-0.4535,0.1366,0.0020,0.0324,-0.0133,0.0173,-0.4442,1.0336,1.7958,0.2222,-0.04137,-0.01893,0.0335,-0.0981,-0.1154,0.0327,0.00000,0.00000,1.0025,1.4915
184,7.3600,0.0588,0.0000,-0.4591,0.1350,0.0016,0.0317,-0.0110,0.0209,-0.4441,1.0387,1.7973,0.2222,-0.04090,-0.01858,0.0323,-0.0978,-0.1169,0.0336,0.00000,0.00000,1.0070,1.4927
185,7.4000,0.0592,0.0000,-0.4640,0.1333,0.0016,0.0315,-0.0111,0.0284,-0.4518,1.0438,1.7987,0.2222,-0.04018,-0.01823,0.0288,-0.0989,-0.1183,0.0326,0.00000,0.00000,1.0114,1.4938
186,7.4400,0.0598,0.0000,-0.4683,0.1335,-0.0025,0.0326,0.0116,0.0189,-0.4398,1.0488,1.7999,0.2222,-0.03938,-0.01750,0.0318,-0.0979,-0.1154,0.0354,0.00000,0.00000,1.0159,1.4949
187,7.4800,0.0604,0.0000,-0.4721,0.1335,-0.0019,0.0345,0.0080,0.0109,-0.4657,1.0540,1.8010,0.2223,-0.03912,-0.01636,0.0322,-0.0957,-0.1159,0.0337,0.00000,0.00000,1.0203,1.4958
188,7.5200,0.0611,0.0000,-0.4755,0.1320,0.0000,0.0342,0.0045,0.0235,-0.4539,1.0591,1.8020,0.2224,-0.03883,-0.01575,0.0328,-0.0977,-0.1121,0.0326,0.00000,0.00000,1.0247,1.4967
189,7.5600,0.0619,0.0000,-0.4784,0.1308,0.0030,0.0319,-0.0178,0.0336,-0.4574,1.0641,1.8031,0.2224,-0.03815,-0.01556,0.0343,-0.0972,-0.1109,0.0331,0.00000,0.00000,1.0290,1.4974
190,7.6000,0.0628,0.0000,-0.4810,0.1315,0.0023,0.0300,-0.0141,0.0206,-0.4564,1.0692,1.8041,0.2223,-0.03742,-0.01544,0.0304,-0.0963,-0.1155,0.0336,0.00000,0.00000,1.0334,1.4981
191,7.6400,0.0637,0.0000,-0.4833,0.1332,0.0024,0.0309,-0.0149,-0.0020,-0.4609,1.0743,1.8049,0.2223,-0.03742,-0.01527,0.0306,-0.0972,-0.1127,0.0326,0.00000,0.00000,1.0377,1.4986
192,7.6800,0.0647,0.0000,-0.4853,0.1336,0.0011,0.0319,-0.0060,-0.0025,-0.4481,1.0794,1.8057,0.2222,-0.03757,-0.01510,0.0285,-0.0969,-0.1174,0.0312,0.00000,0.00000,1.0420,1.4991
193,7.7200,0.0658,0.0000,-0.4871,0.1343,0.0017,0.0328,-0.0094,0.0057,-0.4616,1.0846,1.8063,0.2223,-0.03782,-0.01483,0.0287,-0.0970,-0.1145,0.0367,0.00000,0.00000,1.0464,1.4995
194,7.7600,0.0670,0.0000,-0.4886,0.1334,0.0014,0.0339,-0.0087,0.0219,-0.4460,1.0898,1.8070,0.2223,-0.03739,-0.01484,0.0286,-0.0979,-0.1163,0.0339,0.00000,0.00000,1.0506,1.4997
195,7.8000,0.0682,0.0000,-0.4900,0.1340,0.0037,0.0332,-0.0212,0.0171,-0.4636,1.0951,1.8075,0.2223,-0.03716,-0.01488,0.0352,-0.0961,-0.1096,0.0360,0.00000,0.00000,1.0549,1.4999
196,7.8400,0.0695,0.0000,-0.4912,0.1344,0.0035,0.0326,-0.0197,0.0184,-0.4723,1.1003,1.8080,0.2223,-0.03676,-0.01498,0.0325,-0.0958,-0.1148,0.0369,0.00000,0.00000,1.0592,1.5000
197,7.8800,0.0709,0.0000,-0.4922,0.1348,0.0021,0.0310,-0.0120,0.0249,-0.4783,1.1056,1.8083,0.2223,-0.03611,-0.01489,0.0270,-0.0983,-0.1168,0.0323,0.00000,0.00000,1.0634,1.5000
198,7.9200,0.0723,0.0000,-0.4932,0.1355,-0.0016,0.0311,0.0105,0.0228,-0.4346,1.1109,1.8085,0.2223,-0.03539,-0.01471,0.0250,-0.0994,-0.1151,0.0327,0.00000,0.00000,1.0676,1.4999
199,7.9600,0.0738,0.0000,-0.4940,0.1372,0.0030,0.0344,-0.0112,0.0125,-0.4879,1.1163,1.8085,0.2223,-0.03534,-0.01432,0.0353,-0.0955,-0.1089,0.0376,0.00000,0.00000,1.0718,1.4997
200,8.0000,0.0753,0.0000,-0.4947,0.1372,0.0050,0.0333,-0.0299,0.0177,-0.4787,1.1217,1.8087,0.2223,-0.03505,-0.01485,0.0314,-0.0950,-0.1092,0.0332,0.00000,0.00000,1.0760,1.4994
201,8.0400,0.0770,0.0000,-0.4953,0.1386,0.0025,0.0300,-0.0142,0.0055,-0.4626,1.1271,1.8087,0.2223,-0.03493,-0.01495,0.0301,-0.0965,-0.1166,0.0352,0.00000,0.00000,1.0802,1.4990
202,8.0800,0.0786,0.0000,-0.4959,0.1386,0.0037,0.0335,-0.0197,0.0219,-0.4884,1.1325,1.8085,0.2222,-0.03475,-0.01496,0.0284,-0.0994,-0.1163,0.0383,0.00000,0.00000,1.0844,1.4985
203,8.1200,0.0804,0.0000,-0.4964,0.1427,-0.0005,0.0345,0.0050,-0.0344,-0.5151,1.1380,1.8082,0.2223,-0.03503,-0.01476,0.0285,-0.0986,-0.1296,0.0292,0.00000,0.00000,1.0885,1.4979
204,8.1600,0.0822,0.0000,-0.4968,0.1443,0.0011,0.0363,-0.0039,-0.0516,-0.5347,1.1435,1.8077,0.2225,-0.03727,-0.01411,0.0256,-0.1058,-0.1240,0.0244,0.00000,0.00000,1.0926,1.4972
205,8.2000,0.0840,0.0000,-0.4972,0.1414,0.0045,0.0342,-0.0217,-0.0149,-0.5270,1.1490,1.8073,0.2226,-0.03851,-0.01404,0.0277,-0.1027,-0.1268,0.0287,0.00000,0.00000,1.0967,1.4964
206,8.2400,0.0860,0.0000,-0.4975,0.1396,0.0043,0.0300,-0.0206,-0.0041,-0.5164,1.1545,1.8068,0.2226,-0.03891,-0.01432,0.0278,-0.0995,-0.1265,0.0357,0.00000,0.00000,1.1008,1.4955
207,8.2800,0.0881,0.0000,-0.4978,0.1379,0.0025,0.0290,-0.0156,0.0046,-0.5153,1.1598,1.8061,0.2225,-0.03913,-0.01456,0.0279,-0.0981,-0.1188,0.0350,0.00000,0.00000,1.1049,1.4946
208,8.3200,0.0902,0.0000,-0.4981,0.1383,0.0010,0.0331,-0.0046,-0.0123,-0.5258,1.1651,1.8052,0.2225,-0.03957,-0.01403,0.0274,-0.0985,-0.1292,0.0319,0.00000,0.00000,1.1089,1.4935
209,8.3600,0.0925,0.0000,-0.4983,0.1366,0.0013,0.0326,-0.0052,0.0064,-0.5163,1.1704,1.8043,0.2225,-0.03984,-0.01353,0.0236,-0.1028,-0.1225,0.0242,0.00000,0.00000,1.1130,1.4923
210,8.4000,0.0948,0.0000,-0.4985,0.1338,0.0032,0.0285,-0.0073,0.0237,-0.5181,1.1756,1.8033,0.2225,-0.03945,-0.01348,0.0214,-0.0971,-0.1191,0.0332,0.00000,0.00000,1.1170,1.4911
211,8.4400,0.0972,0.0000,-0.4987,0.1306,0.0082,0.0295,-0.0401,0.0558,-0.5258,1.1807,1.8023,0.2223,-0.03829,-0.01400,0.0257,-0.1000,-0.1167,0.0281,0.00000,0.00000,1.1210,1.4897
212,8.4800,0.0997,0.0000,-0.4989,0.1320,0.0048,0.0275,-0.0234,0.0165,-0.5174,1.1858,1.8013,0.2222,-0.03714,-0.01473,0.0203,-0.0986,-0.1188,0.0317,0.00000,0.00000,1.1249,1.4883
213,8.5200,0.1023,0.0000,-0.4990,0.1303,-0.0012,0.0357,0.0200,0.0493,-0.4910,1.1908,1.8000,0.2222,-0.03594,-0.01457,0.0197,-0.1031,-0.1266,0.0368,0.00000,0.00000,1.1289,1.4867
214,8.5600,0.1049,0.0000,-0.4991,0.1302,0.0031,0.0350,-0.0130,0.0488,-0.5395,1.1957,1.7986,0.2223,-0.03470,-0.01413,0.0234,-0.1005,-0.1118,0.0236,0.00000,0.00000,1.1328,1.4851
215,8.6000,0.1076,0.0000,-0.4992,0.1314,0.0017,0.0330,-0.0074,0.0233,-0.5169,1.2006,1.7971,0.2223,-0.03347,-0.01399,0.0227,-0.0998,-0.1206,0.0371,0.00000,0.00000,1.1368,1.4833
216,8.6400,0.1105,0.0000,-0.4993,0.1317,0.0004,0.0314,-0.0029,0.0139,-0.5004,1.2055,1.7954,0.2223,-0.03303,-0.01391,0.0218,-0.0989,-0.1174,0.0309,0.00000,0.00000,1.1407,1.4815
217,8.6800,0.1133,0.0000,-0.4994,0.1323,0.0033,0.0363,-0.0156,0.0183,-0.5219,1.2104,1.7937,0.2223,-0.03284,-0.01355,0.0252,-0.1034,-0.1206,0.0334,0.00000,0.00000,1.1446,1.4796
218,8.7200,0.1163,0.0000,-0.4995,0.1320,0.0030,0.0321,-0.0129,0.0354,-0.5086,1.2153,1.7919,0.2224,-0.03174,-0.01373,0.0176,-0.1013,-0.1180,0.0254,0.00000,0.00000,1.1484,1.4776
219,8.7600,0.1193,0.0000,-0.4995,0.1320,0.0024,0.0310,-0.0088,0.0412,-0.5170,1.2201,1.7901,0.2223,-0.03050,-0.01401,0.0192,-0.1001,-0.1189,0.0388,0.00000,0.00000,1.1523,1.4754
220,8.8000,0.1224,0.0000,-0.4996,0.1345,0.0031,0.0341,-0.0142,0.0211,-0.5196,1.2250,1.7880,0.2223,-0.02985,-0.01393,0.0197,-0.1039,-0.1200,0.0277,0.00000,0.00000,1.1561,1.4732
221,8.8400,0.1255,0.0000,-0.4996,0.1372,0.0007,0.0351,-0.0005,0.0057,-0.5137,1.2298,1.7858,0.2224,-0.02945,-0.01390,0.0216,-0.1026,-0.1189,0.0349,0.00000,0.00000,1.1599,1.4709
222,8.8800,0.1287,0.0000,-0.4997,0.1377,-0.0011,0.0315,0.0081,0.0177,-0.4985,1.2347,1.7835,0.2224,-0.02922,-0.01364,0.0150,-0.1003,-0.1166,0.0265,0.00000,0.00000,1.1637,1.4685
223,8.9200,0.1320,0.0000,-0.4997,0.1385,0.0049,0.0339,-0.0271,0.0308,-0.5075,1.2396,1.7811,0.2223,-0.02875,-0.01376,0.0226,-0.1035,-0.1153,0.0311,0.00000,0.00000,1.1675,1.4660
224,8.9600,0.1353,0.0000,-0.4998,0.1408,0.0061,0.0349,-0.0312,0.0317,-0.5135,1.2445,1.7787,0.2224,-0.02781,-0.01461,0.0247,-0.1017,-0.1141,0.0355,0.00000,0.00000,1.1713,1.4634
225,9.0000,0.1386,0.0000,-0.4998,0.1434,0.0020,0.0315,-0.0107,0.0383,-0.5098,1.2495,1.7761,0.2224,-0.02654,-0.01500,0.0192,-0.1013,-0.1175,0.0293,0.00000,0.00000,1.1750,1.4608
226,9.0400,0.1420,0.0000,-0.4998,0.1479,0.0022,0.0308,-0.0116,0.0104,-0.5201,1.2544,1.7732,0.2223,-0.02604,-0.01507,0.0152,-0.1031,-0.1170,0.0310,0.00000,0.00000,1.1787,1.4580
227,9.0800,0.1454,0.0000,-0.4998,0.1505,0.0025,0.0359,-0.0133,0.0233,-0.5123,1.2595,1.7702,0.2223,-0.02556,-0.01518,0.0192,-0.1050,-0.1194,0.0339,0.00000,0.00000,1.1824,1.4551
228,9.1200,0.1488,0.0000,-0.4999,0.1542,0.0037,0.0352,-0.0143,0.0132,-0.5123,1.2646,1.7670,0.2224,-0.02522,-0.01564,0.0190,-0.1037,-0.1183,0.0315,0.00000,0.00000,1.1861,1.4522
229,9.1600,0.1523,0.0000,-0.4999,0.1561,0.0048,0.0328,-0.0233,0.0378,-0.5042,1.2697,1.7637,0.2224,-0.02454,-0.01631,0.0201,-0.1042,-0.1160,0.0323,0.00000,0.00000,1.1898,1.4491
230,9.2000,0.1557,0.0000,-0.4999,0.1600,0.0056,0.0300,-0.0274,0.0203,-0.5077,1.2750,1.7603,0.2223,-0.02374,-0.01731,0.0190,-0.1016,-0.1174,0.0343,0.00000,0.00000,1.1934,1.4460
231,9.2400,0.1592,0.0000,-0.4999,0.1620,0.0047,0.0315,-0.0223,0.0537,-0.5080,1.2802,1.7567,0.2222,-0.02252,-0.01829,0.0134,-0.1059,-0.1195,0.0317,0.00000,0.00000,1.1970,1.4427
232,9.2800,0.1627,0.0000,-0.4999,0.1670,0.0039,0.0353,-0.0178,0.0377,-0.5184,1.2855,1.7529,0.2222,-0.02113,-0.01917,0.0186,-0.1060,-0.1178,0.0379,0.00000,0.00000,1.2006,1.4394
233,9.3200,0.1662,0.0000,-0.4999,0.1718,0.0027,0.0362,-0.0124,0.0304,-0.5086,1.2909,1.7488,0.2223,-0.02021,-0.01977,0.0199,-0.1065,-0.1176,0.0317,0.00000,0.00000,1.2042,1.4360
234,9.3600,0.1697,0.0000,-0.4999,0.1764,0.0040,0.0312,-0.0190,0.0232,-0.5229,1.2962,1.7445,0.2223,-0.01965,-0.02047,0.0176,-0.1057,-0.1142,0.0279,0.00000,0.00000,1.2078,1.4325
235,9.4000,0.1731,0.0000,-0.4999,0.1814,0.0045,0.0322,-0.0215,0.0110,-0.5062,1.3017,1.7400,0.2222,-0.01941,-0.02155,0.0183,-0.1077,-0.1173,0.0319,0.00000,0.00000,1.2113,1.4289
236,9.4400,0.1766,0.0000,-0.4999,0.1858,0.0043,0.0336,-0.0204,0.0179,-0.5135,1.3072,1.7352,0.2222,-0.01926,-0.02265,0.0207,-0.1065,-0.1132,0.0323,0.00000,0.00000,1.2149,1.4252
237,9.4800,0.1800,0.0000,-0.5000,0.1911,0.0032,0.0321,-0.0148,0.0061,-0.5083,1.3127,1.7302,0.2221,-0.01920,-0.02365,0.0183,-0.1055,-0.1149,0.0267,0.00000,0.00000,1.2184,1.4214
238,9.5200,0.1834,0.0000,-0.4992,0.1956,0.0003,0.0240,-0.0016,0.0190,-0.5420,1.3182,1.7248,0.2218,-0.01942,-0.02404,0.0149,-0.0916,-0.0850,0.0462,0.00000,0.00000,1.2219,1.4175
239,9.5600,0.1868,0.0000,-0.4965,0.1996,-0.0001,0.0240,-0.0000,0.0338,-0.5101,1.3236,1.7192,0.2215,-0.01855,-0.02403,0.0122,-0.0899,-0.0989,0.0317,0.00000,0.00000,1.2253,1.4135
240,9.6000,0.1901,0.0000,-0.4921,0.2057,0.0040,0.0320,-0.0212,0.0258,-0.5232,1.3291,1.7134,0.2212,-0.01803,-0.02485,0.0198,-0.0950,-0.0933,0.0426,0.00000,0.00000,1.2288,1.4095
241,9.6400,0.1935,0.0000,-0.4862,0.2119,0.0025,0.0331,-0.0135,0.0185,-0.5071,1.3348,1.7073,0.2212,-0.01747,-0.02615,0.0133,-0.0958,-0.1000,0.0299,0.00000,0.00000,1.2322,1.4053
242,9.6800,0.1967,0.0000,-0.4791,0.2178,0.0009,0.0332,-0.0050,0.0173,-0.5068,1.3404,1.7009,0.2212,-0.01733,-0.02682,0.0140,-0.0994,-0.0997,0.0374,0.00000,0.00000,1.2356,1.4011
243,9.7200,0.1999,0.0000,-0.4709,0.2237,0.0026,0.0328,-0.0142,0.0142,-0.4855,1.3460,1.6941,0.2212,-0.01719,-0.02766,0.0157,-0.0983,-0.0964,0.0285,0.00000,0.00000,1.2390,1.3967
244,9.7600,0.2030,0.0000,-0.4617,0.2290,0.0029,0.0326,-0.0159,0.0225,-0.4881,1.3516,1.6872,0.2212,-0.01689,-0.02897,0.0172,-0.0971,-0.0967,0.0394,0.00000,0.00000,1.2424,1.3923
245,9.8000,0.2060,0.0000,-0.4517,0.2354,0.0027,0.0344,-0.0148,0.0142,-0.4699,1.3573,1.6799,0.2212,-0.01658,-0.03035,0.0189,-0.0987,-0.1001,0.0320,0.00000,0.00000,1.2457,1.3878
246,9.8400,0.2089,0.0000,-0.4410,0.2414,0.0016,0.0334,-0.0092,0.0165,-0.4687,1.3629,1.6723,0.2212,-0.01648,-0.03155,0.0172,-0.0987,-0.0969,0.0351,0.00000,0.00000,1.2491,1.3832
247,9.8800,0.2118,0.0000,-0.4298,0.2473,0.0015,0.0334,-0.0104,0.0136,-0.4358,1.3686,1.6644,0.2212,-0.01639,-0.03282,0.0181,-0.1005,-0.0975,0.0309,0.00000,0.00000,1.2524,1.3785
248,9.9200,0.2145,0.0000,-0.4181,0.2541,0.0020,0.0322,-0.0109,0.0014,-0.4330,1.3742,1.6562,0.2212,-0.01652,-0.03407,0.0208,-0.0997,-0.0993,0.0277,0.00000,0.00000,1.2557,1.3738
249,9.9600,0.2170,0.0000,-0.4061,0.2624,-0.0009,0.0303,0.0022,-0.0123,-0.4156,1.3798,1.6477,0.2211,-0.01713,-0.03491,0.0179,-0.0998,-0.0999,0.0319,0.00000,0.00000,1.2590,1.3689
250,10.0000,0.2195,0.0000,-0.3940,0.2699,0.0016,0.0303,-0.0111,-0.0032,-0.4083,1.3854,1.6387,0.2210,-0.01804,-0.03556,0.0245,-0.1004,-0.0918,0.0292,0.00000,0.00000,1.2622,1.3639
251,10.0400,0.2218,0.0000,-0.3817,0.2775,0.0026,0.0288,-0.0160,-0.0073,-0.3946,1.3912,1.6295,0.2209,-0.01859,-0.03726,0.0258,-0.0973,-0.0937,0.0314,0.00000,0.00000,1.2654,1.3589
252,10.0800,0.2240,0.0000,-0.3693,0.2853,0.0007,0.0280,-0.0063,-0.0124,-0.3751,1.3968,1.6199,0.2208,-0.01940,-0.03854,0.0231,-0.1012,-0.0998,0.0248,0.00000,0.00000,1.2687,1.3538
253,10.1200,0.2260,0.0000,-0.3570,0.2865,0.0077,0.0400,-0.0397,0.0293,-0.4390,1.4026,1.6100,0.2208,-0.01972,-0.04059,0.0277,-0.1024,-0.0957,0.0312,0.00000,0.00000,1.2718,1.3486
254,10.1600,0.2278,0.0000,-0.3446,0.2884,0.0052,0.0404,-0.0268,0.0227,-0.3887,1.4083,1.6002,0.2213,-0.01872,-0.04452,0.0163,-0.1020,-0.1053,0.0262,0.00000,0.00000,1.2750,1.3433
255,10.2000,0.2296,0.0000,-0.3321,0.2934,-0.0006,0.0275,0.0019,-0.0085,-0.3550,1.4138,1.5900,0.2213,-0.01898,-0.04631,0.0192,-0.0998,-0.0971,0.0305,0.00000,0.00000,1.2782,1.3379
256,10.2400,0.2312,0.0000,-0.3196,0.2976,0.0012,0.0277,-0.0071,0.0030,-0.3546,1.4190,1.5795,0.2211,-0.01953,-0.04701,0.0253,-0.0997,-0.0975,0.0282,0.00000,0.00000,1.2813,1.3324
257,10.2800,0.2327,0.0000,-0.3072,0.3027,0.0018,0.0336,-0.0106,0.0059,-0.3375,1.4243,1.5688,0.2211,-0.01965,-0.04889,0.0211,-0.1023,-0.0993,0.0305,0.00000,0.00000,1.2844,1.3269
258,10.3200,0.2340,0.0000,-0.2951,0.3088,0.0007,0.0284,-0.0048,-0.0208,-0.3287,1.4295,1.5578,0.2211,-0.02038,-0.05039,0.0216,-0.0980,-0.0973,0.0189,0.00000,0.00000,1.2875,1.3212
259,10.3600,0.2353,0.0000,-0.2832,0.3135,0.0027,0.0295,-0.0154,-0.0247,-0.3148,1.4347,1.5466,0.2210,-0.02179,-0.05217,0.0248,-0.1015,-0.0958,0.0260,0.00000,0.00000,1.2906,1.3155
260,10.4000,0.2363,0.0000,-0.2716,0.3166,0.0032,0.0299,-0.0180,-0.0049,-0.3101,1.4399,1.5352,0.2210,-0.02261,-0.05479,0.0245,-0.0989,-0.0947,0.0254,0.00000,0.00000,1.2936,1.3097
261,10.4400,0.2373,0.0000,-0.2602,0.3204,0.0012,0.0307,-0.0077,0.0015,-0.2893,1.4449,1.5236,0.2210,-0.02290,-0.05700,0.0259,-0.0990,-0.0981,0.0271,0.00000,0.00000,1.2966,1.3038
262,10.4800,0.2381,0.0000,-0.2491,0.3266,0.0018,0.0267,-0.0109,-0.0444,-0.2813,1.4499,1.5117,0.2210,-0.02435,-0.05893,0.0258,-0.0984,-0.0927,0.0192,0.00000,0.00000,1.2996,1.2978
263,10.5200,0.2388,0.0000,-0.2384,0.3289,0.0018,0.0291,-0.0111,-0.0257,-0.2692,1.4548,1.4997,0.2209,-0.02594,-0.06094,0.0269,-0.0990,-0.0994,0.0244,0.00000,0.00000,1.3026,1.2918
264,10.5600,0.2393,0.0000,-0.2281,0.3315,0.0008,0.0282,-0.0058,-0.0151,-0.2569,1.4596,1.4875,0.2209,-0.02694,-0.06281,0.0238,-0.0982,-0.0995,0.0185,0.00000,0.00000,1.3056,1.2856
265,10.6000,0.2398,0.0000,-0.2181,0.3338,0.0012,0.0273,-0.0077,-0.0071,-0.2480,1.4642,1.4751,0.2209,-0.02767,-0.06445,0.0254,-0.0990,-0.0972,0.0213,0.00000,0.00000,1.3085,1.2794
266,10.6400,0.2401,0.0000,-0.2085,0.3366,0.0026,0.0281,-0.0152,-0.0117,-0.2503,1.4689,1.4626,0.2209,-0.02836,-0.06693,0.0278,-0.0990,-0.0946,0.0238,0.00000,0.00000,1.3115,1.2731
267,10.6800,0.2403,0.0000,-0.1992,0.3384,0.0008,0.0254,-0.0060,-0.0021,-0.2266,1.4734,1.4500,0.2209,-0.02876,-0.06915,0.0227,-0.0978,-0.0994,0.0147,0.00000,0.00000,1.3144,1.2667
268,10.7200,0.2405,0.0000,-0.1903,0.3409,0.0005,0.0262,-0.0043,-0.0053,-0.2220,1.4779,1.4372,0.2208,-0.02924,-0.07072,0.0233,-0.0999,-0.0983,0.0227,0.00000,0.00000,1.3172,1.2603
269,10.7600,0.2405,0.0000,-0.1818,0.3433,0.0011,0.0281,-0.0077,-0.0078,-0.2142,1.4822,1.4243,0.2208,-0.02972,-0.07262,0.0251,-0.0991,-0.0975,0.0185,0.00000,0.00000,1.3201,1.2537
270,10.8000,0.2404,0.0000,-0.1736,0.3450,0.0011,0.0290,-0.0073,-0.0011,-0.1884,1.4865,1.4113,0.2209,-0.03008,-0.07456,0.0271,-0.1006,-0.0998,0.0208,0.00000,0.00000,1.3229,1.2471
271,10.8400,0.2403,0.0000,-0.1659,0.3467,0.0019,0.0267,-0.0114,0.0007,-0.1942,1.4907,1.3982,0.2209,-0.03028,-0.07681,0.0272,-0.0996,-0.0995,0.0173,0.00000,0.00000,1.3258,1.2404
272,10.8800,0.2400,0.0000,-0.1586,0.3490,0.0015,0.0255,-0.0097,-0.0126,-0.1733,1.4949,1.3850,0.2209,-0.03074,-0.07941,0.0256,-0.0997,-0.1006,0.0168,0.00000,0.00000,1.3286,1.2336
273,10.9200,0.2397,0.0000,-0.1517,0.3509,-0.0001,0.0264,-0.0010,-0.0168,-0.1667,1.4990,1.3717,0.2209,-0.03148,-0.08106,0.0266,-0.0989,-0.1036,0.0206,0.00000,0.00000,1.3313,1.2267
274,10.9600,0.2393,0.0000,-0.1452,0.3530,0.0007,0.0269,-0.0054,-0.0314,-0.1642,1.5029,1.3583,0.2209,-0.03269,-0.08250,0.0286,-0.0989,-0.1025,0.0140,0.00000,0.00000,1.3341,1.2198
275,11.0000,0.2388,0.0000,-0.1391,0.3525,-0.0001,0.0292,-0.0008,-0.0006,-0.1533,1.5068,1.3448,0.2210,-0.03333,-0.08380,0.0286,-0.1004,-0.1076,0.0221,0.00000,0.00000,1.3368,1.2127
276,11.0400,0.2383,0.0000,-0.1334,0.3539,0.0010,0.0254,-0.0068,-0.0148,-0.1541,1.5107,1.3313,0.2211,-0.03385,-0.08539,0.0280,-0.0997,-0.1051,0.0129,0.00000,0.00000,1.3395,1.2056
277,11.0800,0.2377,0.0000,-0.1281,0.3537,0.0016,0.0242,-0.0099,-0.0019,-0.1503,1.5145,1.3178,0.2211,-0.03435,-0.08763,0.0255,-0.1021,-0.1055,0.0169,0.00000,0.00000,1.3422,1.1985
278,11.1200,0.2370,0.0000,-0.1231,0.3542,0.0022,0.0258,-0.0132,-0.0016,-0.1430,1.5182,1.3042,0.2211,-0.03458,-0.09061,0.0296,-0.1012,-0.1027,0.0201,0.00000,0.00000,1.3449,1.1912
279,11.1600,0.2363,0.0000,-0.1184,0.3565,-0.0014,0.0253,0.0060,-0.0350,-0.1501,1.5219,1.2905,0.2211,-0.03536,-0.09228,0.0260,-0.0997,-0.1153,0.0175,0.00000,0.00000,1.3475,1.1839
280,11.2000,0.2356,0.0000,-0.1139,0.3580,-0.0032,0.0277,0.0155,-0.0540,-0.1560,1.5253,1.2768,0.2212,-0.03745,-0.09148,0.0279,-0.1011,-0.1116,0.0206,0.00000,0.00000,1.3502,1.1765
281,11.2400,0.2348,0.0000,-0.1097,0.3560,0.0005,0.0275,-0.0043,-0.0263,-0.1497,1.5287,1.2630,0.2214,-0.03913,-0.09150,0.0285,-0.1050,-0.1128,0.0120,0.00000,0.00000,1.3528,1.1690
282,11.2800,0.2340,0.0000,-0.1056,0.3531,0.0006,0.0248,-0.0048,0.0053,-0.1273,1.5321,1.2493,0.2215,-0.03944,-0.09351,0.0265,-0.1034,-0.1162,0.0233,0.00000,0.00000,1.3553,1.1614
283,11.3200,0.2332,0.0000,-0.1017,0.3527,0.0008,0.0199,-0.0056,-0.0077,-0.1235,1.5354,1.2357,0.2214,-0.03963,-0.09527,0.0261,-0.1011,-0.1134,0.0145,0.00000,0.00000,1.3579,1.1538
284,11.3600,0.2324,0.0000,-0.0980,0.3520,0.0010,0.0246,-0.0064,-0.0075,-0.1341,1.5386,1.2220,0.2214,-0.04008,-0.09739,0.0278,-0.1043,-0.1152,0.0258,0.00000,0.00000,1.3604,1.1461
285,11.4000,0.2316,0.0000,-0.0946,0.3511,-0.0004,0.0253,0.0005,-0.0058,-0.1155,1.5418,1.2084,0.2215,-0.04036,-0.09895,0.0235,-0.1063,-0.1183,0.0118,0.00000,0.00000,1.3629,1.1383
286,11.4400,0.2307,0.0000,-0.0914,0.3503,-0.0008,0.0239,0.0028,-0.0148,-0.1405,1.5448,1.1948,0.2215,-0.04089,-0.09962,0.0274,-0.1028,-0.1183,0.0222,0.00000,0.00000,1.3654,1.1305
287,11.4800,0.2299,0.0000,-0.0883,0.3486,0.0005,0.0245,-0.0040,-0.0075,-0.1151,1.5478,1.1813,0.2216,-0.04147,-0.10088,0.0252,-0.1070,-0.1171,0.0137,0.00000,0.00000,1.3679,1.1226
288,11.5200,0.2291,0.0000,-0.0854,0.3442,-0.0008,0.0252,0.0030,0.0224,-0.0894,1.5508,1.1677,0.2216,-0.04146,-0.10237,0.0260,-0.1055,-0.1190,0.0218,0.00000,0.00000,1.3704,1.1146
289,11.5600,0.2282,0.0000,-0.0827,0.3391,-0.0038,0.0275,0.0199,0.0232,-0.0857,1.5535,1.1544,0.2218,-0.04048,-0.10067,0.0274,-0.1007,-0.1083,0.0121,0.00000,0.00000,1.3728,1.1065
290,11.6000,0.2274,0.0000,-0.0802,0.3354,-0.0045,0.0290,0.0236,0.0027,-0.0946,1.5561,1.1412,0.2219,-0.04014,-0.09701,0.0254,-0.1040,-0.1049,0.0056,0.00000,0.00000,1.3752,1.0984
291,11.6400,0.2266,0.0000,-0.0781,0.3292,-0.0053,0.0363,0.0276,0.0342,-0.0817,1.5585,1.1282,0.2223,-0.03918,-0.09207,0.0251,-0.1112,-0.1148,0.0093,0.00000,0.00000,1.3776,1.0901
292,11.6800,0.2259,0.0000,-0.0761,0.3305,0.0009,0.0273,-0.0069,0.0013,-0.1219,1.5610,1.1153,0.2226,-0.03885,-0.09103,0.0245,-0.1105,-0.1107,0.0095,0.00000,0.00000,1.3800,1.0819
293,11.7200,0.2251,0.0000,-0.0743,0.3309,0.0026,0.0219,-0.0159,-0.0195,-0.1005,1.5637,1.1024,0.2226,-0.03926,-0.09454,0.0249,-0.1095,-0.1222,0.0184,0.00000,0.00000,1.3823,1.0735
294,11.7600,0.2245,0.0000,-0.0725,0.3305,0.0003,0.0225,-0.0037,-0.0132,-0.0760,1.5663,1.0895,0.2225,-0.03991,-0.09677,0.0243,-0.1082,-0.1243,0.0175,0.00000,0.00000,1.3846,1.0651
295,11.8000,0.2238,0.0000,-0.0709,0.3296,0.0008,0.0245,-0.0064,0.0033,-0.0893,1.5688,1.0766,0.2225,-0.04014,-0.09796,0.0242,-0.1097,-0.1235,0.0150,0.00000,0.00000,1.3869,1.0566
296,11.8400,0.2232,0.0000,-0.0694,0.3292,0.0024,0.0244,-0.0145,0.0051,-0.0904,1.5713,1.0637,0.2225,-0.04004,-0.10098,0.0221,-0.1128,-0.1243,0.0111,0.00000,0.00000,1.3892,1.0481
297,11.8800,0.2227,0.0000,-0.0681,0.3292,0.0016,0.0235,-0.0103,-0.0027,-0.0948,1.5738,1.0508,0.2225,-0.04007,-0.10450,0.0247,-0.1100,-0.1236,0.0198,0.00000,0.00000,1.3914,1.0395
298,11.9200,0.2221,0.0000,-0.0669,0.3286,0.0004,0.0229,-0.0044,0.0045,-0.0853,1.5762,1.0380,0.2225,-0.04010,-0.10657,0.0235,-0.1087,-0.1210,0.0178,0.00000,0.00000,1.3937,1.0308
299,11.9600,0.2216,0.0000,-0.0657,0.3285,0.0011,0.0214,-0.0077,-0.0035,-0.0843,1.5785,1.0251,0.2224,-0.04016,-0.10848,0.0230,-0.1086,-0.1243,0.0145,0.00000,0.00000,1.3959,1.0220
300,12.0000,0.2211,0.0000,-0.0646,0.3279,0.0033,0.0231,-0.0196,0.0024,-0.0835,1.5808,1.0122,0.2223,-0.04033,-0.11254,0.0243,-0.1113,-0.1198,0.0176,0.00000,0.00000,1.3981,1.0132
301,12.0400,0.2207,0.0000,-0.0636,0.3265,0.0026,0.0233,-0.0156,0.0198,-0.0822,1.5832,0.9994,0.2223,-0.03976,-0.11755,0.0237,-0.1096,-0.1251,0.0167,0.00000,0.00000,1.4002,1.0043
302,12.0800,0.2202,0.0000,-0.0627,0.3273,0.0009,0.0239,-0.0066,0.0025,-0.0844,1.5855,0.9865,0.2223,-0.03946,-0.12109,0.0240,-0.1104,-0.1248,0.0198,0.00000,0.00000,1.4024,0.9954
303,12.1200,0.2198,0.0000,-0.0618,0.3276,0.0016,0.0236,-0.0105,-0.0079,-0.0886,1.5877,0.9737,0.2223,-0.03972,-0.12404,0.0241,-0.1113,-0.1249,0.0120,0.00000,0.00000,1.4045,0.9864
304,12.1600,0.2195,0.0000,-0.0610,0.3224,-0.0026,0.0296,0.0134,0.0378,-0.0337,1.5898,0.9609,0.2223,-0.03935,-0.12611,0.0260,-0.1113,-0.1234,0.0216,0.00000,0.00000,1.4066,0.9773
305,12.2000,0.2191,0.0000,-0.0603,0.3188,-0.0035,0.0276,0.0194,0.0154,-0.0611,1.5916,0.9482,0.2225,-0.03841,-0.12254,0.0282,-0.1059,-0.1091,0.0029,0.00000,0.00000,1.4086,0.9682
306,12.2400,0.2188,0.0000,-0.0598,0.3139,-0.0040,0.0327,0.0216,0.0208,-0.0450,1.5935,0.9357,0.2227,-0.03769,-0.11838,0.0253,-0.1135,-0.1139,0.0084,0.00000,0.00000,1.4107,0.9590
307,12.2800,0.2185,0.0000,-0.0595,0.3098,-0.0050,0.0320,0.0262,0.0115,-0.0322,1.5952,0.9234,0.2230,-0.03704,-0.11312,0.0260,-0.1110,-0.1095,0.0050,0.00000,0.00000,1.4127,0.9497
308,12.3200,0.2182,0.0000,-0.0594,0.3041,-0.0053,0.0324,0.0279,0.0349,-0.0303,1.5968,0.9113,0.2232,-0.03600,-0.10625,0.0258,-0.1120,-0.1116,0.0067,0.00000,0.00000,1.4147,0.9404
309,12.3600,0.2180,0.0000,-0.0595,0.2994,-0.0043,0.0360,0.0230,0.0480,-0.0317,1.5985,0.8993,0.2235,-0.03426,-0.10018,0.0278,-0.1142,-0.1117,0.0072,0.00000,0.00000,1.4167,0.9310
310,12.4000,0.2179,0.0000,-0.0599,0.2957,-0.0045,0.0345,0.0240,0.0448,-0.0258,1.6001,0.8875,0.2239,-0.03243,-0.09442,0.0252,-0.1163,-0.1076,0.0027,0.00000,0.00000,1.4187,0.9216
311,12.4400,0.2178,0.0000,-0.0604,0.2965,-0.0030,0.0306,0.0161,0.0088,-0.0672,1.6017,0.8758,0.2241,-0.03118,-0.08869,0.0264,-0.1133,-0.1089,0.0092,0.00000,0.00000,1.4206,0.9121
312,12.4800,0.2177,0.0000,-0.0611,0.2974,-0.0012,0.0303,0.0064,0.0157,-0.0526,1.6034,0.8641,0.2242,-0.03069,-0.08647,0.0237,-0.1163,-0.1208,0.0107,0.00000,0.00000,1.4225,0.9025
313,12.5200,0.2177,0.0000,-0.0617,0.2993,0.0006,0.0273,-0.0030,0.0091,-0.0555,1.6051,0.8524,0.2242,-0.03031,-0.08683,0.0237,-0.1150,-0.1196,0.0115,0.00000,0.00000,1.4244,0.8929
314,12.5600,0.2178,0.0000,-0.0623,0.3017,0.0017,0.0272,-0.0088,-0.0024,-0.0617,1.6070,0.8405,0.2241,-0.03037,-0.08949,0.0254,-0.1145,-0.1171,0.0156,0.00000,0.00000,1.4263,0.8832
315,12.6000,0.2179,0.0000,-0.0629,0.3030,-0.0002,0.0276,0.0012,0.0099,-0.0432,1.6087,0.8286,0.2241,-0.03022,-0.09111,0.0234,-0.1137,-0.1187,0.0152,0.00000,0.00000,1.4281,0.8735
316,12.6400,0.2181,0.0000,-0.0636,0.3057,0.0002,0.0271,-0.0006,-0.0041,-0.0715,1.6105,0.8166,0.2241,-0.03027,-0.09191,0.0278,-0.1099,-0.1146,0.0204,0.00000,0.00000,1.4300,0.8637
317,12.6800,0.2182,0.0000,-0.0642,0.3082,-0.0001,0.0277,0.0008,-0.0171,-0.0523,1.6122,0.8045,0.2241,-0.03076,-0.09276,0.0247,-0.1128,-0.1221,0.0110,0.00000,0.00000,1.4318,0.8539
318,12.7200,0.2184,0.0000,-0.0647,0.3069,-0.0006,0.0309,0.0012,0.0122,-0.0355,1.6139,0.7923,0.2241,-0.03135,-0.09398,0.0287,-0.1143,-0.1175,0.0169,0.00000,0.00000,1.4335,0.8440
319,12.7600,0.2186,0.0000,-0.0653,0.3065,-0.0016,0.0275,0.0079,-0.0086,-0.0538,1.6155,0.7802,0.2242,-0.03101,-0.09195,0.0289,-0.1078,-0.1024,0.0047,0.00000,0.00000,1.4353,0.8340
320,12.8000,0.2188,0.0000,-0.0659,0.3069,-0.0015,0.0298,0.0068,0.0008,-0.0670,1.6171,0.7681,0.2242,-0.03119,-0.09030,0.0279,-0.1134,-0.1182,0.0176,0.00000,0.00000,1.4370,0.8240
321,12.8400,0.2191,0.0000,-0.0666,0.3077,0.0003,0.0306,-0.0026,0.0032,-0.0511,1.6187,0.7560,0.2243,-0.03119,-0.09062,0.0281,-0.1161,-0.1152,0.0085,0.00000,0.00000,1.4387,0.8140
322,12.8800,0.2193,0.0000,-0.0671,0.3079,0.0015,0.0237,-0.0087,0.0078,-0.0476,1.6204,0.7438,0.2243,-0.03101,-0.09294,0.0258,-0.1127,-0.1129,0.0063,0.00000,0.00000,1.4404,0.8039
323,12.9200,0.2196,0.0000,-0.0677,0.3086,0.0016,0.0275,-0.0095,0.0118,-0.0529,1.6221,0.7316,0.2242,-0.03065,-0.09657,0.0297,-0.1140,-0.1147,0.0201,0.00000,0.00000,1.4421,0.7937
324,12.9600,0.2198,0.0000,-0.0683,0.3105,-0.0015,0.0293,0.0068,0.0014,-0.0598,1.6237,0.7194,0.2242,-0.03038,-0.09793,0.0277,-0.1108,-0.1150,0.0134,0.00000,0.00000,1.4437,0.7835
325,13.0000,0.2201,0.0000,-0.0689,0.3134,-0.0027,0.0148,0.0129,-0.0317,-0.0925,1.6251,0.7070,0.2240,-0.03153,-0.09588,0.0174,-0.1003,-0.0866,0.0110,0.00000,0.00000,1.4453,0.7733
326,13.0400,0.2204,0.0000,-0.0692,0.3115,0.0017,0.0202,-0.0102,0.0208,-0.0948,1.6266,0.6947,0.2235,-0.03168,-0.09646,0.0210,-0.1052,-0.0961,0.0186,0.00000,0.00000,1.4469,0.7630
327,13.0800,0.2207,0.0000,-0.0694,0.3138,0.0036,0.0246,-0.0204,0.0067,-0.0848,1.6282,0.6823,0.2234,-0.03118,-0.10468,0.0219,-0.1044,-0.0937,0.0112,0.00000,0.00000,1.4485,0.7526
328,13.1200,0.2210,0.0000,-0.0694,0.3163,-0.0008,0.0245,0.0030,-0.0078,-0.0851,1.6298,0.6698,0.2232,-0.03129,-0.10923,0.0204,-0.1023,-0.0969,0.0168,0.00000,0.00000,1.4500,0.7422
329,13.1600,0.2213,0.0000,-0.0693,0.3175,-0.0023,0.0285,0.0109,0.0067,-0.0829,1.6311,0.6573,0.2232,-0.03137,-0.10773,0.0206,-0.1052,-0.0985,0.0141,0.00000,0.00000,1.4516,0.7317
330,13.2000,0.2216,0.0000,-0.0690,0.3187,0.0012,0.0294,-0.0076,0.0153,-0.0859,1.6325,0.6446,0.2233,-0.03106,-0.10944,0.0248,-0.1056,-0.0931,0.0128,0.00000,0.00000,1.4531,0.7212
331,13.2400,0.2219,0.0000,-0.0687,0.3209,0.0006,0.0281,-0.0043,0.0019,-0.0858,1.6339,0.6320,0.2233,-0.03072,-0.11398,0.0247,-0.1039,-0.1006,0.0185,0.00000,0.00000,1.4545,0.7107
332,13.2800,0.2223,0.0000,-0.0683,0.3237,-0.0005,0.0265,0.0015,-0.0179,-0.0824,1.6352,0.6192,0.2233,-0.03124,-0.11574,0.0232,-0.1044,-0.0989,0.0114,0.00000,0.00000,1.4560,0.7001
333,13.3200,0.2225,0.0000,-0.0678,0.3247,-0.0000,0.0273,-0.0013,-0.0073,-0.0877,1.6365,0.6064,0.2233,-0.03186,-0.11698,0.0242,-0.1044,-0.0967,0.0170,0.00000,0.00000,1.4574,0.6895
334,13.3600,0.2228,0.0000,-0.0672,0.3257,0.0012,0.0263,-0.0079,-0.0005,-0.0867,1.6378,0.5935,0.2233,-0.03202,-0.12082,0.0243,-0.1029,-0.0975,0.0104,0.00000,0.00000,1.4588,0.6788
335,13.4000,0.2231,0.0000,-0.0666,0.3265,0.0005,0.0263,-0.0039,0.0097,-0.0792,1.6391,0.5805,0.2233,-0.03187,-0.12496,0.0217,-0.1055,-0.1007,0.0146,0.00000,0.00000,1.4602,0.6681
336,13.4400,0.2233,0.0000,-0.0659,0.3286,0.0009,0.0258,-0.0059,-0.0027,-0.0753,1.6403,0.5675,0.2233,-0.03187,-0.12918,0.0237,-0.1037,-0.0964,0.0118,0.00000,0.00000,1.4616,0.6573
337,13.4800,0.2236,0.0000,-0.0652,0.3305,0.0011,0.0264,-0.0070,-0.0129,-0.0961,1.6415,0.5545,0.2232,-0.03227,-0.13452,0.0260,-0.1019,-0.0981,0.0154,0.00000,0.00000,1.4629,0.6465
338,13.5200,0.2238,0.0000,-0.0644,0.3316,0.0010,0.0283,-0.0069,-0.0072,-0.0736,1.6427,0.5413,0.2233,-0.03277,-0.14036,0.0243,-0.1070,-0.0989,0.0096,0.00000,0.00000,1.4642,0.6357
339,13.5600,0.2240,0.0000,-0.0636,0.3325,0.0003,0.0263,-0.0029,-0.0086,-0.0731,1.6439,0.5282,0.2233,-0.03307,-0.14480,0.0262,-0.1025,-0.1013,0.0136,0.00000,0.00000,1.4655,0.6248
340,13.6000,0.2242,0.0000,-0.0628,0.3333,0.0011,0.0250,-0.0070,-0.0044,-0.0866,1.6450,0.5149,0.2233,-0.03344,-0.14976,0.0251,-0.1031,-0.0990,0.0099,0.00000,0.00000,1.4668,0.6138
341,13.6400,0.2243,0.0000,-0.0621,0.3348,0.0014,0.0258,-0.0090,-0.0166,-0.0805,1.6461,0.5017,0.2233,-0.03401,-0.15789,0.0250,-0.1039,-0.0971,0.0148,0.00000,0.00000,1.4680,0.6029
342,13.6800,0.2245,0.0000,-0.0612,0.3355,0.0006,0.0259,-0.0045,-0.0133,-0.0815,1.6471,0.4884,0.2233,-0.03464,-0.16467,0.0260,-0.1030,-0.0986,0.0129,0.00000,0.00000,1.4693,0.5919
343,13.7200,0.2246,0.0000,-0.0604,0.3358,0.0011,0.0253,-0.0074,-0.0075,-0.0769,1.6481,0.4750,0.2233,-0.03515,-0.17170,0.0239,-0.1052,-0.0973,0.0112,0.00000,0.00000,1.4705,0.5808
344,13.7600,0.2247,0.0000,-0.0595,0.3360,0.0018,0.0263,-0.0109,-0.0034,-0.0834,1.6491,0.4617,0.2233,-0.03536,-0.18165,0.0276,-0.1046,-0.0993,0.0142,0.00000,0.00000,1.4716,0.5697
345,13.8000,0.2248,0.0000,-0.0586,0.3365,0.0007,0.0240,-0.0051,-0.0041,-0.0744,1.6501,0.4483,0.2233,-0.03556,-0.19162,0.0237,-0.1033,-0.0979,0.0093,0.00000,0.00000,1.4728,0.5586
346,13.8400,0.2249,0.0000,-0.0577,0.3365,-0.0004,0.0244,0.0007,0.0033,-0.0636,1.6509,0.4349,0.2232,-0.03557,-0.19617,0.0213,-0.1065,-0.1049,0.0094,0.00000,0.00000,1.4739,0.5475
347,13.8800,0.2249,0.0000,-0.0569,0.3372,0.0008,0.0262,-0.0054,-0.0006,-0.0653,1.6518,0.4215,0.2232,-0.03561,-0.20272,0.0253,-0.1046,-0.0995,0.0107,0.00000,0.00000,1.4750,0.5363
348,13.9200,0.2250,0.0000,-0.0561,0.3383,-0.0007,0.0262,0.0024,-0.0145,-0.0927,1.6526,0.4081,0.2233,-0.03591,-0.21003,0.0223,-0.1041,-0.1073,0.0130,0.00000,0.00000,1.4761,0.5250
349,13.9600,0.2250,0.0000,-0.0554,0.3396,-0.0017,0.0307,0.0073,-0.0267,-0.0905,1.6533,0.3946,0.2234,-0.03689,-0.21514,0.0257,-0.1077,-0.1073,0.0168,0.00000,0.00000,1.4771,0.5138
350,14.0000,0.2250,0.0000,-0.0545,0.3389,-0.0021,0.0278,0.0099,-0.0169,-0.0778,1.6539,0.3811,0.2236,-0.03772,-0.21566,0.0221,-0.1080,-0.1120,0.0088,0.00000,0.00000,1.4782,0.5025
351,14.0400,0.2250,0.0000,-0.0536,0.3372,0.0000,0.0241,-0.0016,0.0009,-0.0621,1.6545,0.3677,0.2237,-0.03807,-0.21897,0.0235,-0.1065,-0.1079,0.0127,0.00000,0.00000,1.4792,0.4912
352,14.0800,0.2250,0.0000,-0.0527,0.3362,0.0019,0.0246,-0.0109,0.0100,-0.0790,1.6552,0.3543,0.2237,-0.03782,-0.23209,0.0236,-0.1074,-0.1113,0.0175,0.00000,0.00000,1.4802,0.4798
353,14.1200,0.2250,0.0000,-0.0519,0.3376,0.0006,0.0257,-0.0046,-0.0181,-0.0800,1.6559,0.3409,0.2237,-0.03805,-0.25105,0.0235,-0.1073,-0.1125,0.0122,0.00000,0.00000,1.4811,0.4684
354,14.1600,0.2249,0.0000,-0.0510,0.3365,-0.0009,0.0265,0.0033,-0.0035,-0.0791,1.6564,0.3275,0.2238,-0.03851,-0.26182,0.0227,-0.1092,-0.1130,0.0136,0.00000,0.00000,1.4821,0.4570
355,14.2000,0.2249,0.0000,-0.0501,0.3366,0.0003,0.0240,-0.0027,-0.0194,-0.0732,1.6569,0.3142,0.2238,-0.03911,-0.27545,0.0227,-0.1077,-0.1086,0.0125,0.00000,0.00000,1.4830,0.4456
356,14.2400,0.2249,0.0000,-0.0492,0.3351,0.0013,0.0240,-0.0082,-0.0069,-0.0808,1.6575,0.3008,0.2238,-0.03959,-0.29587,0.0252,-0.1068,-0.1117,0.0161,0.00000,0.00000,1.4839,0.4341
357,14.2800,0.2248,0.0000,-0.0483,0.3348,0.0011,0.0232,-0.0070,-0.0166,-0.0845,1.6580,0.2875,0.2238,-0.04010,-0.32600,0.0216,-0.1075,-0.1117,0.0113,0.00000,0.00000,1.4847,0.4226
358,14.3200,0.2248,0.0000,-0.0474,0.3323,0.0009,0.0243,-0.0063,0.0133,-0.0665,1.6584,0.2742,0.2238,-0.04014,-0.35354,0.0221,-0.1103,-0.1117,0.0114,0.00000,0.00000,1.4856,0.4111
359,14.3600,0.2248,0.0000,-0.0465,0.3315,0.0002,0.0221,-0.0025,0.0092,-0.0679,1.6588,0.2609,0.2238,-0.03967,-0.38281,0.0205,-0.1060,-0.1112,0.0137,0.00000,0.00000,1.4864,0.3995
360,14.4000,0.2247,0.0000,-0.0456,0.3308,0.0011,0.0258,-0.0072,0.0102,-0.0693,1.6592,0.2478,0.2238,-0.03935,-0.41463,0.0220,-0.1125,-0.1152,0.0115,0.00000,0.00000,1.4872,0.3879
361,14.4400,0.2247,0.0000,-0.0448,0.3310,0.0002,0.0270,-0.0022,-0.0060,-0.0596,1.6596,0.2346,0.2239,-0.03930,-0.45440,0.0222,-0.1110,-0.1156,0.0121,0.00000,0.00000,1.4880,0.3763
362,14.4800,0.2247,0.0000,-0.0440,0.3303,-0.0020,0.0259,0.0091,-0.0078,-0.0571,1.6598,0.2214,0.2239,-0.03957,-0.47829,0.0241,-0.1080,-0.1167,0.0160,0.00000,0.00000,1.4887,0.3647
363,14.5200,0.2246,0.0000,-0.0433,0.3284,0.0010,0.0252,-0.0063,0.0097,-0.0740,1.6600,0.2083,0.2240,-0.03959,-0.51778,0.0229,-0.1110,-0.1148,0.0086,0.00000,0.00000,1.4894,0.3531
364,14.5600,0.2246,0.0000,-0.0427,0.3273,0.0007,0.0252,-0.0046,0.0120,-0.0524,1.6603,0.1952,0.2240,-0.03913,-0.58274,0.0214,-0.1110,-0.1157,0.0178,0.00000,0.00000,1.4901,0.3414
365,14.6000,0.2246,0.0000,-0.0420,0.3270,0.0003,0.0242,-0.0025,0.0045,-0.0601,1.6605,0.1822,0.2240,-0.03885,-0.63970,0.0217,-0.1117,-0.1179,0.0122,0.00000,0.00000,1.4908,0.3297
366,14.6400,0.2245,0.0000,-0.0415,0.3270,-0.0004,0.0234,0.0010,-0.0115,-0.0549,1.6607,0.1692,0.2240,-0.03905,-0.71714,0.0226,-0.1071,-0.1142,0.0139,0.00000,0.00000,1.4915,0.3180
367,14.6800,0.2245,0.0000,-0.0410,0.3254,0.0007,0.0258,-0.0048,0.0051,-0.0606,1.6609,0.1562,0.2240,-0.03916,-0.79748,0.0231,-0.1116,-0.1196,0.0123,0.00000,0.00000,1.4921,0.3062
368,14.7200,0.2245,0.0000,-0.0405,0.3252,0.0012,0.0257,-0.0076,-0.0079,-0.0570,1.6611,0.1432,0.2241,-0.03929,-0.92842,0.0232,-0.1109,-0.1159,0.0131,0.00000,0.00000,1.4927,0.2945
369,14.7600,0.2245,0.0000,-0.0401,0.3229,0.0012,0.0231,-0.0066,0.0180,-0.0548,1.6612,0.1303,0.2241,-0.03904,-1.06752,0.0210,-0.1115,-0.1170,0.0083,0.00000,0.00000,1.4933,0.2827
370,14.8000,0.2245,0.0000,-0.0398,0.3228,0.0022,0.0239,-0.0117,0.0015,-0.0520,1.6614,0.1175,0.2240,-0.03876,-1.23151,0.0229,-0.1120,-0.1154,0.0151,0.00000,0.00000,1.4938,0.2709
371,14.8400,0.2245,0.0000,-0.0395,0.3212,0.0012,0.0241,-0.0067,0.0198,-0.0501,1.6615,0.1046,0.2240,-0.03830,-1.39435,0.0217,-0.1113,-0.1150,0.0097,0.00000,0.00000,1.4944,0.2591
372,14.8800,0.2245,0.0000,-0.0392,0.3207,0.0014,0.0250,-0.0078,0.0188,-0.0536,1.6616,0.0918,0.2240,-0.03758,-1.54988,0.0199,-0.1149,-0.1182,0.0090,0.00000,0.00000,1.4949,0.2473
373,14.9200,0.2244,0.0000,-0.0391,0.3205,0.0010,0.0287,-0.0057,0.0186,-0.0547,1.6617,0.0790,0.2240,-0.03688,-1.71908,0.0248,-0.1148,-0.1175,0.0148,0.00000,0.00000,1.4953,0.2354
374,14.9600,0.2244,0.0000,-0.0389,0.3204,-0.0004,0.0277,0.0018,0.0131,-0.0361,1.6617,0.0662,0.2242,-0.03627,-1.84646,0.0230,-0.1151,-0.1191,0.0091,0.00000,0.00000,1.4958,0.2236
375,15.0000,0.2245,0.0000,-0.0389,0.3207,0.0000,0.0239,-0.0004,-0.0026,-0.0388,1.6616,0.0535,0.2242,-0.03619,-1.94988,0.0245,-0.1115,-0.1170,0.0096,0.00000,0.00000,1.4962,0.2117
376,15.0400,0.2245,0.0000,-0.0389,0.3199,0.0030,0.0267,-0.0159,0.0091,-0.0565,1.6616,0.0407,0.2241,-0.03615,-2.05731,0.0275,-0.1148,-0.1156,0.0129,0.00000,0.00000,1.4967,0.1998
377,15.0800,0.2244,0.0000,-0.0390,0.3190,0.0004,0.0276,-0.0026,0.0237,-0.0379,1.6617,0.0280,0.2242,-0.03532,-2.14535,0.0227,-0.1151,-0.1212,0.0109,0.00000,0.00000,1.4970,0.1879
378,15.1200,0.2244,0.0000,-0.0391,0.3191,-0.0007,0.0255,0.0034,0.0220,-0.0378,1.6616,0.0152,0.2242,-0.03456,-2.21931,0.0226,-0.1160,-0.1170,0.0107,0.00000,0.00000,1.4974,0.1760
379,15.1600,0.2244,0.0000,-0.0394,0.3204,0.0013,0.0270,-0.0070,-0.0017,-0.0392,1.6615,0.0025,0.2242,-0.03432,-2.28177,0.0272,-0.1153,-0.1157,0.0128,0.00000,0.00000,1.4977,0.1641
380,15.2000,0.2244,0.0000,-0.0397,0.3207,-0.0001,0.0265,0.0003,-0.0042,-0.0427,1.6614,-0.0103,0.2242,-0.03441,-2.34435,0.0270,-0.1113,-0.1166,0.0147,0.00000,0.00000,1.4981,0.1521
381,15.2400,0.2244,0.0000,-0.0400,0.3210,-0.0002,0.0243,0.0009,-0.0122,-0.0313,1.6613,-0.0231,0.2242,-0.03477,-2.39545,0.0248,-0.1125,-0.1200,0.0041,0.00000,0.00000,1.4984,0.1402
382,15.2800,0.2244,0.0000,-0.0404,0.3203,0.0002,0.0258,-0.0016,-0.0029,-0.0297,1.6611,-0.0359,0.2242,-0.03512,-2.43187,0.0266,-0.1121,-0.1180,0.0146,0.00000,0.00000,1.4986,0.1283
383,15.3200,0.2243,0.0000,-0.0409,0.3200,0.0008,0.0272,-0.0046,0.0020,-0.0447,1.6610,-0.0486,0.2242,-0.03514,-2.47013,0.0267,-0.1127,-0.1178,0.0118,0.00000,0.00000,1.4989,0.1163
384,15.3600,0.2243,0.0000,-0.0415,0.3201,0.0002,0.0271,-0.0016,-0.0028,-0.0338,1.6609,-0.0614,0.2243,-0.03523,-2.50600,0.0239,-0.1160,-0.1187,0.0112,0.00000,0.00000,1.4991,0.1043
385,15.4000,0.2242,0.0000,-0.0421,0.3185,0.0008,0.0260,-0.0044,0.0212,-0.0315,1.6607,-0.0741,0.2243,-0.03484,-2.53448,0.0254,-0.1151,-0.1180,0.0090,0.00000,0.00000,1.4993,0.0923
386,15.4400,0.2241,0.0000,-0.0427,0.3194,0.0016,0.0238,-0.0085,0.0015,-0.0389,1.6606,-0.0868,0.2242,-0.03451,-2.55622,0.0276,-0.1106,-0.1126,0.0129,0.00000,0.00000,1.4995,0.0804
387,15.4800,0.2240,0.0000,-0.0434,0.3189,0.0001,0.0270,-0.0010,0.0140,-0.0379,1.6604,-0.0996,0.2242,-0.03415,-2.57797,0.0257,-0.1138,-0.1197,0.0135,0.00000,0.00000,1.4996,0.0684
388,15.5200,0.2239,0.0000,-0.0442,0.3200,-0.0002,0.0277,0.0005,-0.0013,-0.0426,1.6601,-0.1123,0.2242,-0.03404,-2.61032,0.0269,-0.1139,-0.1159,0.0102,0.00000,0.00000,1.4997,0.0564
389,15.5600,0.2238,0.0000,-0.0449,0.3194,-0.0002,0.0257,0.0006,0.0066,-0.0376,1.6599,-0.1251,0.2242,-0.03392,-2.64004,0.0242,-0.1138,-0.1186,0.0071,0.00000,0.00000,1.4998,0.0444
390,15.6000,0.2237,0.0000,-0.0457,0.3198,0.0016,0.0243,-0.0089,-0.0007,-0.0357,1.6597,-0.1378,0.2242,-0.03402,-2.65917,0.0274,-0.1121,-0.1083,0.0140,0.00000,0.00000,1.4999,0.0324
391,15.6400,0.2236,0.0000,-0.0464,0.3189,0.0011,0.0259,-0.0061,0.0200,-0.0422,1.6595,-0.1505,0.2241,-0.03348,-2.67064,0.0269,-0.1115,-0.1155,0.0134,0.00000,0.00000,1.5000,0.0204
392,15.6800,0.2234,0.0000,-0.0472,0.3197,0.0001,0.0278,-0.0010,0.0140,-0.0372,1.6592,-0.1633,0.2241,-0.03285,-2.68800,0.0275,-0.1126,-0.1155,0.0108,0.00000,0.00000,1.5000,0.0084
393,15.7200,0.2232,0.0000,-0.0480,0.3213,-0.0005,0.0273,0.0021,-0.0116,-0.0220,1.6589,-0.1761,0.2242,-0.03297,-2.70323,0.0283,-0.1127,-0.1158,0.0096,0.00000,0.00000,1.5000,-0.0036
394,15.7600,0.2231,0.0000,-0.0489,0.3211,-0.0001,0.0279,0.0000,0.0009,-0.0425,1.6585,-0.1889,0.2242,-0.03324,-2.72102,0.0305,-0.1116,-0.1132,0.0170,0.00000,0.00000,1.5000,-0.0156
395,15.8000,0.2228,0.0000,-0.0498,0.3211,0.0009,0.0273,-0.0050,0.0033,-0.0370,1.6582,-0.2017,0.2243,-0.03316,-2.73586,0.0290,-0.1123,-0.1150,0.0087,0.00000,0.00000,1.4999,-0.0276
396,15.8400,0.2226,0.0000,-0.0508,0.3217,0.0011,0.0258,-0.0062,-0.0059,-0.0415,1.6579,-0.2144,0.2243,-0.03333,-2.74593,0.0299,-0.1126,-0.1136,0.0134,0.00000,0.00000,1.4999,-0.0396
397,15.8800,0.2224,0.0000,-0.0517,0.3211,0.0001,0.0241,-0.0010,0.0077,-0.0256,1.6576,-0.2273,0.2242,-0.03327,-2.75595,0.0268,-0.1109,-0.1137,0.0073,0.00000,0.00000,1.4998,-0.0516
398,15.9200,0.2221,0.0000,-0.0526,0.3218,0.0001,0.0247,-0.0011,-0.0001,-0.0418,1.6573,-0.2401,0.2241,-0.03320,-2.76693,0.0294,-0.1088,-0.1111,0.0157,0.00000,0.00000,1.4997,-0.0636
399,15.9600,0.2218,0.0000,-0.0536,0.3233,0.0005,0.0289,-0.0032,-0.0188,-0.0460,1.6569,-0.2529,0.2241,-0.03370,-2.77952,0.0311,-0.1127,-0.1137,0.0127,0.00000,0.00000,1.4995,-0.0756
400,16.0000,0.2215,0.0000,-0.0546,0.3233,-0.0019,0.0135,0.0095,-0.0166,-0.0786,1.6564,-0.2658,0.2239,-0.03466,-2.81253,0.0173,-0.0978,-0.0881,0.0079,0.00000,0.00000,1.4994,-0.0875
401,16.0400,0.2212,0.0000,-0.0554,0.3217,0.0009,0.0187,-0.0050,0.0182,-0.0855,1.6559,-0.2787,0.2234,-0.03463,-2.84094,0.0238,-0.1025,-0.0954,0.0217,0.00000,0.00000,1.4992,-0.0995
402,16.0800,0.2209,0.0000,-0.0559,0.3228,0.0015,0.0242,-0.0092,0.0132,-0.0694,1.6555,-0.2915,0.2233,-0.03394,-2.85430,0.0164,-0.1068,-0.1030,0.0026,0.00000,0.00000,1.4990,-0.1115
403,16.1200,0.2206,0.0000,-0.0564,0.3249,-0.0001,0.0257,0.0002,-0.0050,-0.0747,1.6550,-0.3044,0.2232,-0.03406,-2.86933,0.0221,-0.1055,-0.0944,0.0183,0.00000,0.00000,1.4987,-0.1235
404,16.1600,0.2203,0.0000,-0.0567,0.3251,0.0003,0.0259,-0.0027,0.0080,-0.0820,1.6545,-0.3174,0.2232,-0.03398,-2.88833,0.0227,-0.1039,-0.0971,0.0084,0.00000,0.00000,1.4985,-0.1354
405,16.2000,0.2199,0.0000,-0.0569,0.3264,0.0011,0.0265,-0.0071,-0.0006,-0.0685,1.6539,-0.3303,0.2232,-0.03396,-2.90030,0.0230,-0.1064,-0.0973,0.0126,0.00000,0.00000,1.4982,-0.1474
406,16.2400,0.2195,0.0000,-0.0569,0.3280,0.0013,0.0236,-0.0082,-0.0164,-0.0721,1.6534,-0.3434,0.2232,-0.03442,-2.90939,0.0250,-0.1015,-0.0943,0.0095,0.00000,0.00000,1.4979,-0.1593
407,16.2800,0.2191,0.0000,-0.0570,0.3274,-0.0003,0.0263,0.0003,0.0124,-0.0784,1.6527,-0.3564,0.2231,-0.03442,-2.92126,0.0243,-0.1017,-0.0980,0.0185,0.00000,0.00000,1.4975,-0.1712
408,16.3200,0.2187,0.0000,-0.0569,0.3296,-0.0004,0.0269,0.0006,-0.0095,-0.0754,1.6520,-0.3695,0.2232,-0.03449,-2.93480,0.0242,-0.1029,-0.0982,0.0094,0.00000,0.00000,1.4972,-0.1831
409,16.3600,0.2182,0.0000,-0.0568,0.3299,0.0018,0.0285,-0.0110,-0.0017,-0.0810,1.6513,-0.3826,0.2233,-0.03483,-2.94374,0.0279,-0.1068,-0.0991,0.0124,0.00000,0.00000,1.4968,-0.1950
410,16.4000,0.2177,0.0000,-0.0567,0.3304,0.0011,0.0252,-0.0070,-0.0019,-0.0748,1.6506,-0.3957,0.2233,-0.03489,-2.94939,0.0250,-0.1027,-0.0979,0.0115,0.00000,0.00000,1.4964,-0.2069
411,16.4400,0.2172,0.0000,-0.0564,0.3319,0.0002,0.0232,-0.0026,-0.0216,-0.0668,1.6498,-0.4088,0.2232,-0.03551,-2.95641,0.0268,-0.1020,-0.0966,0.0142,0.00000,0.00000,1.4960,-0.2188
412,16.4800,0.2166,0.0000,-0.0562,0.3309,0.0005,0.0250,-0.0040,0.0084,-0.0702,1.6490,-0.4220,0.2232,-0.03574,-2.96425,0.0246,-0.1028,-0.0969,0.0125,0.00000,0.00000,1.4955,-0.2307
413,16.5200,0.2161,0.0000,-0.0560,0.3322,-0.0001,0.0271,-0.0009,-0.0065,-0.0719,1.6481,-0.4352,0.2232,-0.03575,-2.97083,0.0252,-0.1033,-0.1004,0.0170,0.00000,0.00000,1.4951,-0.2425
414,16.5600,0.2154,0.0000,-0.0557,0.3332,-0.0006,0.0253,0.0016,-0.0168,-0.0762,1.6472,-0.4484,0.2233,-0.03633,-2.98029,0.0262,-0.1013,-0.0976,0.0110,0.00000,0.00000,1.4946,-0.2544
415,16.6000,0.2148,0.0000,-0.0555,0.3326,0.0007,0.0258,-0.0050,-0.0025,-0.0759,1.6462,-0.4616,0.2233,-0.03673,-2.98753,0.0247,-0.1047,-0.1016,0.0126,0.00000,0.00000,1.4940,-0.2662
416,16.6400,0.2141,0.0000,-0.0552,0.3331,0.0027,0.0231,-0.0155,-0.0151,-0.0748,1.6454,-0.4748,0.2233,-0.03720,-2.98968,0.0252,-0.1033,-0.0975,0.0072,0.00000,0.00000,1.4935,-0.2780
417,16.6800,0.2134,0.0000,-0.0549,0.3315,0.0023,0.0237,-0.0137,0.0147,-0.0896,1.6445,-0.4880,0.2232,-0.03711,-2.99056,0.0256,-0.1027,-0.0998,0.0133,0.00000,0.00000,1.4929,-0.2898
418,16.7200,0.2127,0.0000,-0.0545,0.3334,-0.0016,0.0276,0.0071,-0.0129,-0.0827,1.6434,-0.5012,0.2232,-0.03709,-2.99625,0.0230,-0.1044,-0.1073,0.0166,0.00000,0.00000,1.4923,-0.3015
419,16.7600,0.2119,0.0000,-0.0542,0.3337,-0.0033,0.0300,0.0161,-0.0132,-0.0910,1.6422,-0.5144,0.2234,-0.03770,-3.01024,0.0255,-0.1058,-0.1079,0.0138,0.00000,0.00000,1.4917,-0.3133
420,16.8000,0.2111,0.0000,-0.0537,0.3338,0.0001,0.0255,-0.0022,-0.0241,-0.0927,1.6410,-0.5277,0.2235,-0.03864,-3.02051,0.0245,-0.1055,-0.1017,0.0085,0.00000,0.00000,1.4911,-0.3250
421,16.8400,0.2103,0.0000,-0.0531,0.3327,0.0017,0.0237,-0.0103,-0.0231,-0.0882,1.6398,-0.5409,0.2235,-0.03954,-3.02374,0.0252,-0.1058,-0.1094,0.0156,0.00000,0.00000,1.4904,-0.3367
422,16.8800,0.2095,0.0000,-0.0526,0.3322,0.0009,0.0232,-0.0062,-0.0267,-0.0847,1.6387,-0.5540,0.2235,-0.04050,-3.02628,0.0255,-0.1028,-0.1083,0.0119,0.00000,0.00000,1.4897,-0.3484
423,16.9200,0.2086,0.0000,-0.0519,0.3309,-0.0003,0.0257,-0.0000,-0.0203,-0.0825,1.6374,-0.5671,0.2235,-0.04145,-3.03089,0.0267,-0.1051,-0.1097,0.0170,0.00000,0.00000,1.4890,-0.3600
424,16.9600,0.2077,0.0000,-0.0513,0.3289,-0.0002,0.0245,-0.0005,-0.0062,-0.0860,1.6361,-0.5801,0.2236,-0.04195,-3.03661,0.0239,-0.1048,-0.1086,0.0105,0.00000,0.00000,1.4883,-0.3717
425,17.0000,0.2068,0.0000,-0.0507,0.3278,0.0016,0.0223,-0.0097,-0.0159,-0.0838,1.6348,-0.5931,0.2236,-0.04251,-3.03960,0.0250,-0.1055,-0.1055,0.0131,0.00000,0.00000,1.4875,-0.3833
426,17.0400,0.2059,0.0000,-0.0500,0.3252,0.0011,0.0230,-0.0071,0.0029,-0.0800,1.6335,-0.6060,0.2236,-0.04259,-3.04119,0.0235,-0.1052,-0.1131,0.0112,0.00000,0.00000,1.4867,-0.3949
427,17.0800,0.2049,0.0000,-0.0494,0.3240,0.0013,0.0237,-0.0080,-0.0005,-0.0863,1.6322,-0.6189,0.2236,-0.04263,-3.04317,0.0258,-0.1050,-0.1071,0.0125,0.00000,0.00000,1.4859,-0.4064
428,17.1200,0.2040,0.0000,-0.0488,0.3219,0.0009,0.0241,-0.0062,0.0074,-0.0752,1.6308,-0.6317,0.2236,-0.04244,-3.04498,0.0213,-0.1090,-0.1134,0.0069,0.00000,0.00000,1.4851,-0.4180
429,17.1600,0.2030,0.0000,-0.0482,0.3209,-0.0004,0.0251,0.0007,-0.0009,-0.0758,1.6294,-0.6444,0.2236,-0.04237,-3.04808,0.0249,-0.1060,-0.1107,0.0178,0.00000,0.00000,1.4842,-0.4295
430,17.2000,0.2020,0.0000,-0.0477,0.3194,0.0013,0.0242,-0.0083,-0.0024,-0.0905,1.6279,-0.6571,0.2237,-0.04255,-3.05092,0.0247,-0.1074,-0.1082,0.0080,0.00000,0.00000,1.4833,-0.4410
431,17.2400,0.2010,0.0000,-0.0471,0.3180,0.0006,0.0230,-0.0044,-0.0087,-0.0783,1.6265,-0.6697,0.2237,-0.04276,-3.05257,0.0229,-0.1059,-0.1102,0.0130,0.00000,0.00000,1.4824,-0.4524
432,17.2800,0.2000,0.0000,-0.0466,0.3165,-0.0000,0.0227,-0.0011,-0.0131,-0.0740,1.6249,-0.6822,0.2236,-0.04317,-3.05523,0.0248,-0.1046,-0.1134,0.0098,0.00000,0.00000,1.4815,-0.4639
433,17.3200,0.1990,0.0000,-0.0461,0.3149,0.0013,0.0239,-0.0079,-0.0162,-0.0939,1.6234,-0.6946,0.2236,-0.04386,-3.05742,0.0252,-0.1054,-0.1100,0.0113,0.00000,0.00000,1.4806,-0.4753
434,17.3600,0.1980,0.0000,-0.0457,0.3126,0.0003,0.0259,-0.0022,-0.0083,-0.0741,1.6219,-0.7070,0.2237,-0.04425,-3.05870,0.0235,-0.1090,-0.1166,0.0102,0.00000,0.00000,1.4796,-0.4866
435,17.4000,0.1970,0.0000,-0.0452,0.3098,0.0009,0.0254,-0.0053,0.0059,-0.0775,1.6203,-0.7193,0.2238,-0.04433,-3.06048,0.0240,-0.1108,-0.1141,0.0100,0.00000,0.00000,1.4786,-0.4980
436,17.4400,0.1960,0.0000,-0.0448,0.3071,0.0005,0.0241,-0.0030,0.0134,-0.0619,1.6187,-0.7315,0.2239,-0.04386,-3.06140,0.0218,-0.1105,-0.1171,0.0090,0.00000,0.00000,1.4776,-0.5093
437,17.4800,0.1950,0.0000,-0.0445,0.3052,0.0007,0.0208,-0.0041,0.0090,-0.0738,1.6170,-0.7436,0.2238,-0.04347,-3.06271,0.0227,-0.1066,-0.1120,0.0082,0.00000,0.00000,1.4765,-0.5205
438,17.5200,0.1939,0.0000,-0.0443,0.3037,0.0013,0.0253,-0.0070,0.0055,-0.0748,1.6154,-0.7556,0.2237,-0.04324,-3.06325,0.0246,-0.1098,-0.1144,0.0143,0.00000,0.00000,1.4754,-0.5318
439,17.5600,0.1929,0.0000,-0.0441,0.3026,0.0003,0.0245,-0.0019,-0.0088,-0.0628,1.6137,-0.7676,0.2238,-0.04335,-3.06409,0.0225,-0.1092,-0.1142,0.0052,0.00000,0.00000,1.4743,-0.5430
440,17.6000,0.1919,0.0000,-0.0440,0.3003,0.0004,0.0243,-0.0024,-0.0026,-0.0731,1.6120,-0.7795,0.2238,-0.04360,-3.06586,0.0263,-0.1076,-0.1136,0.0126,0.00000,0.00000,1.4732,-0.5541
441,17.6400,0.1908,0.0000,-0.0440,0.2978,0.0003,0.0252,-0.0018,0.0079,-0.0633,1.6103,-0.7912,0.2238,-0.04344,-3.06724,0.0220,-0.1105,-0.1178,0.0068,0.00000,0.00000,1.4721,-0.5653
442,17.6800,0.1898,0.0000,-0.0440,0.2963,0.0010,0.0243,-0.0054,-0.0034,-0.0675,1.6086,-0.8029,0.2238,-0.04344,-3.06813,0.0247,-0.1097,-0.1160,0.0080,0.00000,0.00000,1.4709,-0.5764
443,17.7200,0.1888,0.0000,-0.0441,0.2937,0.0005,0.0258,-0.0032,0.0110,-0.0552,1.6069,-0.8146,0.2239,-0.04327,-3.06865,0.0230,-0.1123,-0.1169,0.0103,0.00000,0.00000,1.4697,-0.5874
444,17.7600,0.1878,0.0000,-0.0444,0.2914,0.0004,0.0255,-0.0027,0.0165,-0.0554,1.6051,-0.8261,0.2239,-0.04269,-3.06940,0.0257,-0.1094,-0.1152,0.0106,0.00000,0.00000,1.4685,-0.5984
445,17.8000,0.1867,0.0000,-0.0447,0.2901,-0.0001,0.0242,0.0000,0.0062,-0.0502,1.6034,-0.8376,0.2239,-0.04226,-3.07037,0.0223,-0.1111,-0.1188,0.0064,0.00000,0.00000,1.4673,-0.6094
446,17.8400,0.1857,0.0000,-0.0452,0.2875,-0.0006,0.0272,0.0030,0.0187,-0.0536,1.6016,-0.8490,0.2239,-0.04180,-3.07198,0.0253,-0.1112,-0.1187,0.0130,0.00000,0.00000,1.4660,-0.6204
447,17.8800,0.1847,0.0000,-0.0458,0.2861,0.0008,0.0249,-0.0046,0.0145,-0.0627,1.5998,-0.8603,0.2240,-0.04121,-3.07313,0.0232,-0.1103,-0.1133,0.0052,0.00000,0.00000,1.4648,-0.6313
448,17.9200,0.1836,0.0000,-0.0465,0.2882,0.0061,0.0213,-0.0331,-0.0184,-0.0878,1.5981,-0.8716,0.2239,-0.04136,-3.07063,0.0250,-0.1116,-0.1185,0.0103,0.00000,0.00000,1.4635,-0.6422
449,17.9600,0.1826,0.0000,-0.0472,0.2889,0.0062,0.0225,-0.0332,0.0035,-0.0734,1.5965,-0.8829,0.2238,-0.04160,-3.06439,0.0243,-0.1132,-0.1283,0.0203,0.00000,0.00000,1.4621,-0.6530
450,18.0000,0.1816,0.0000,-0.0478,0.2910,0.0047,0.0194,-0.0253,-0.0014,-0.0731,1.5949,-0.8944,0.2236,-0.04168,-3.05949,0.0244,-0.1099,-0.1242,0.0153,0.00000,0.00000,1.4608,-0.6638
451,18.0400,0.1805,0.0000,-0.0485,0.2931,0.0034,0.0200,-0.0187,-0.0074,-0.0799,1.5931,-0.9059,0.2234,-0.04193,-3.05649,0.0239,-0.1093,-0.1302,0.0204,0.00000,0.00000,1.4594,-0.6745
452,18.0800,0.1795,0.0000,-0.0492,0.2958,0.0055,0.0204,-0.0297,-0.0279,-0.0746,1.5914,-0.9175,0.2232,-0.04290,-3.05298,0.0253,-0.1118,-0.1282,0.0123,0.00000,0.00000,1.4580,-0.6852
453,18.1200,0.1784,0.0000,-0.0498,0.2962,0.0056,0.0198,-0.0302,-0.0122,-0.0762,1.5896,-0.9291,0.2230,-0.04376,-3.04834,0.0257,-0.1095,-0.1278,0.0236,0.00000,0.00000,1.4566,-0.6958
454,18.1600,0.1773,0.0000,-0.0505,0.2966,0.0053,0.0183,-0.0288,-0.0021,-0.0727,1.5878,-0.9407,0.2228,-0.04401,-3.04393,0.0250,-0.1088,-0.1335,0.0151,0.00000,0.00000,1.4551,-0.7065
455,18.2000,0.1761,0.0000,-0.0512,0.2986,0.0058,0.0181,-0.0315,-0.0195,-0.0797,1.5859,-0.9524,0.2226,-0.04471,-3.03930,0.0277,-0.1078,-0.1271,0.0245,0.00000,0.00000,1.4537,-0.7170
456,18.2400,0.1750,0.0000,-0.0520,0.2925,0.0011,0.0254,-0.0058,0.0387,-0.0311,1.5840,-0.9641,0.2225,-0.04398,-3.03687,0.0251,-0.1108,-0.1307,0.0196,0.00000,0.00000,1.4522,-0.7275
457,18.2800,0.1737,0.0000,-0.0529,0.2918,0.0015,0.0222,-0.0076,0.0002,-0.0611,1.5819,-0.9755,0.2224,-0.04351,-3.03668,0.0276,-0.1062,-0.1142,0.0103,0.00000,0.00000,1.4507,-0.7380
458,18.3200,0.1725,0.0000,-0.0539,0.2882,0.0008,0.0233,-0.0041,0.0101,-0.0477,1.5798,-0.9869,0.2224,-0.04321,-3.03673,0.0271,-0.1058,-0.1210,0.0122,0.00000,0.00000,1.4491,-0.7484
459,18.3600,0.1712,0.0000,-0.0551,0.2859,0.0010,0.0241,-0.0051,0.0021,-0.0529,1.5778,-0.9981,0.2223,-0.04308,-3.03694,0.0286,-0.1054,-0.1163,0.0126,0.00000,0.00000,1.4476,-0.7588
460,18.4000,0.1699,0.0000,-0.0564,0.2832,0.0006,0.0272,-0.0032,0.0010,-0.0459,1.5757,-1.0092,0.2224,-0.04301,-3.03704,0.0299,-0.1076,-0.1198,0.0129,0.00000,0.00000,1.4460,-0.7691
461,18.4400,0.1686,0.0000,-0.0578,0.2797,-0.0006,0.0279,0.0031,0.0165,-0.0470,1.5736,-1.0203,0.2225,-0.04264,-3.03822,0.0285,-0.1079,-0.1186,0.0131,0.00000,0.00000,1.4444,-0.7794
462,18.4800,0.1672,0.0000,-0.0594,0.2772,-0.0000,0.0260,0.0002,0.0122,-0.0585,1.5715,-1.0311,0.2225,-0.04211,-3.03963,0.0289,-0.1076,-0.1171,0.0099,0.00000,0.00000,1.4427,-0.7896
463,18.5200,0.1659,0.0000,-0.0611,0.2750,0.0002,0.0268,-0.0008,0.0028,-0.0493,1.5694,-1.0419,0.2225,-0.04188,-3.04054,0.0292,-0.1090,-0.1182,0.0121,0.00000,0.00000,1.4411,-0.7998
464,18.5600,0.1646,0.0000,-0.0628,0.2730,0.0001,0.0278,-0.0008,0.0078,-0.0791,1.5673,-1.0526,0.2226,-0.04151,-3.04202,0.0311,-0.1074,-0.1173,0.0160,0.00000,0.00000,1.4394,-0.8099
465,18.6000,0.1632,0.0000,-0.0646,0.2753,0.0036,0.0231,-0.0203,-0.0117,-0.0876,1.5653,-1.0633,0.2226,-0.04195,-3.04164,0.0273,-0.1116,-0.1211,0.0113,0.00000,0.00000,1.4377,-0.8200
466,18.6400,0.1619,0.0000,-0.0663,0.2761,0.0046,0.0198,-0.0252,-0.0120,-0.0699,1.5633,-1.0741,0.2224,-0.04247,-3.03887,0.0295,-0.1085,-0.1268,0.0198,0.00000,0.00000,1.4360,-0.8300
467,18.6800,0.1605,0.0000,-0.0680,0.2776,0.0034,0.0168,-0.0186,-0.0200,-0.0738,1.5613,-1.0850,0.2221,-0.04323,-3.03634,0.0268,-0.1036,-0.1239,0.0195,0.00000,0.00000,1.4342,-0.8400
468,18.7200,0.1592,0.0000,-0.0696,0.2778,0.0052,0.0213,-0.0285,-0.0002,-0.0876,1.5592,-1.0958,0.2219,-0.04374,-3.03390,0.0303,-0.1077,-0.1259,0.0192,0.00000,0.00000,1.4325,-0.8499
469,18.7600,0.1578,0.0000,-0.0713,0.2759,-0.0016,0.0268,0.0068,0.0114,-0.0540,1.5570,-1.1067,0.2218,-0.04350,-3.03311,0.0295,-0.1050,-0.1274,0.0239,0.00000,0.00000,1.4307,-0.8598
470,18.8000,0.1564,0.0000,-0.0730,0.2744,-0.0017,0.0244,0.0077,-0.0013,-0.0567,1.5546,-1.1174,0.2218,-0.04357,-3.03637,0.0319,-0.1047,-0.1147,0.0108,0.00000,0.00000,1.4289,-0.8696
471,18.8400,0.1549,0.0000,-0.0749,0.2709,0.0003,0.0247,-0.0028,0.0124,-0.0734,1.5523,-1.1280,0.2218,-0.04325,-3.03813,0.0309,-0.1031,-0.1213,0.0187,0.00000,0.00000,1.4270,-0.8793
472,18.8800,0.1535,0.0000,-0.0768,0.2687,0.0024,0.0244,-0.0137,0.0111,-0.0711,1.5501,-1.1385,0.2218,-0.04288,-3.03793,0.0296,-0.1069,-0.1179,0.0103,0.00000,0.00000,1.4252,-0.8890
473,18.9200,0.1520,0.0000,-0.0787,0.2667,0.0023,0.0233,-0.0135,0.0023,-0.0632,1.5479,-1.1489,0.2217,-0.04267,-3.03666,0.0303,-0.1053,-0.1160,0.0141,0.00000,0.00000,1.4233,-0.8987
474,18.9600,0.1506,0.0000,-0.0807,0.2650,0.0003,0.0237,-0.0026,-0.0045,-0.0815,1.5457,-1.1593,0.2216,-0.04276,-3.03687,0.0300,-0.1024,-0.1154,0.0176,0.00000,0.00000,1.4214,-0.9082
475,19.0000,0.1491,0.0000,-0.0827,0.2629,-0.0012,0.0281,0.0051,-0.0002,-0.0746,1.5434,-1.1695,0.2216,-0.04284,-3.03887,0.0316,-0.1041,-0.1187,0.0164,0.00000,0.00000,1.4195,-0.9178
476,19.0400,0.1476,0.0000,-0.0848,0.2602,-0.0016,0.0302,0.0072,0.0122,-0.0723,1.5410,-1.1796,0.2217,-0.04258,-3.04147,0.0313,-0.1065,-0.1215,0.0173,0.00000,0.00000,1.4175,-0.9272
477,19.0800,0.1462,0.0000,-0.0869,0.2580,0.0003,0.0260,-0.0027,0.0096,-0.0713,1.5386,-1.1897,0.2218,-0.04227,-3.04330,0.0303,-0.1061,-0.1155,0.0120,0.00000,0.00000,1.4155,-0.9366
478,19.1200,0.1447,0.0000,-0.0891,0.2564,0.0022,0.0227,-0.0127,-0.0054,-0.0855,1.5364,-1.1996,0.2217,-0.04229,-3.04329,0.0302,-0.1047,-0.1167,0.0141,0.00000,0.00000,1.4135,-0.9460
479,19.1600,0.1432,0.0000,-0.0913,0.2539,0.0012,0.0264,-0.0076,0.0075,-0.0788,1.5341,-1.2095,0.2216,-0.04223,-3.04311,0.0305,-0.1053,-0.1169,0.0177,0.00000,0.00000,1.4115,-0.9553
480,19.2000,0.1417,0.0000,-0.0936,0.2517,-0.0019,0.0176,0.0087,0.0194,-0.1237,1.5317,-1.2193,0.2214,-0.04188,-3.04563,0.0198,-0.0952,-0.0967,0.0178,0.00000,0.00000,1.4095,-0.9645
481,19.2400,0.1402,0.0000,-0.0957,0.2510,-0.0005,0.0197,0.0013,0.0023,-0.1135,1.5293,-1.2290,0.2210,-0.04166,-3.04873,0.0230,-0.0969,-0.0990,0.0192,0.00000,0.00000,1.4074,-0.9736
482,19.2800,0.1388,0.0000,-0.0976,0.2493,-0.0005,0.0260,0.0011,0.0155,-0.1134,1.5268,-1.2387,0.2209,-0.04127,-3.05092,0.0237,-0.0966,-0.1037,0.0219,0.00000,0.00000,1.4053,-0.9827
483,19.3200,0.1374,0.0000,-0.0995,0.2499,0.0001,0.0271,-0.0021,-0.0117,-0.1154,1.5244,-1.2483,0.2209,-0.04144,-3.05276,0.0247,-0.0983,-0.1013,0.0170,0.00000,0.00000,1.4032,-0.9918
484,19.3600,0.1359,0.0000,-0.1013,0.2475,-0.0005,0.0285,0.0011,0.0160,-0.1178,1.5219,-1.2579,0.2209,-0.04134,-3.05488,0.0238,-0.0997,-0.1058,0.0210,0.00000,0.00000,1.4011,-1.0007
485,19.4000,0.1345,0.0000,-0.1031,0.2472,0.0011,0.0239,-0.0073,-0.0018,-0.1118,1.5194,-1.2674,0.2209,-0.04123,-3.05625,0.0228,-0.0971,-0.1001,0.0115,0.00000,0.00000,1.3989,-1.0096
486,19.4400,0.1331,0.0000,-0.1048,0.2452,0.0004,0.0273,-0.0034,0.0189,-0.1262,1.5169,-1.2769,0.2208,-0.04088,-3.05740,0.0247,-0.0978,-0.1068,0.0272,0.00000,0.00000,1.3968,-1.0185
487,19.4800,0.1316,0.0000,-0.1065,0.2453,0.0001,0.0285,-0.0021,0.0074,-0.1227,1.5144,-1.2863,0.2208,-0.04047,-3.05889,0.0234,-0.0987,-0.1044,0.0128,0.00000,0.00000,1.3946,-1.0273
488,19.5200,0.1302,0.0000,-0.1081,0.2454,0.0007,0.0282,-0.0051,-0.0104,-0.1300,1.5118,-1.2957,0.2209,-0.04076,-3.06023,0.0264,-0.0996,-0.1051,0.0196,0.00000,0.00000,1.3923,-1.0360
489,19.5600,0.1288,0.0000,-0.1098,0.2443,0.0010,0.0272,-0.0069,-0.0070,-0.1277,1.5092,-1.3051,0.2209,-0.04120,-3.06134,0.0267,-0.0974,-0.1021,0.0173,0.00000,0.00000,1.3901,-1.0446
490,19.6000,0.1273,0.0000,-0.1113,0.2426,0.0009,0.0259,-0.0066,0.0027,-0.1214,1.5066,-1.3144,0.2209,-0.04135,-3.06229,0.0262,-0.0970,-0.1037,0.0179,0.00000,0.00000,1.3878,-1.0532
491,19.6400,0.1259,0.0000,-0.1129,0.2414,0.0001,0.0278,-0.0022,0.0073,-0.1192,1.5039,-1.3236,0.2209,-0.04118,-3.06332,0.0250,-0.0986,-0.1071,0.0205,0.00000,0.00000,1.3855,-1.0617
492,19.6800,0.1244,0.0000,-0.1146,0.2408,-0.0008,0.0294,0.0024,0.0067,-0.1409,1.5012,-1.3328,0.2209,-0.04104,-3.06520,0.0244,-0.0994,-0.1059,0.0217,0.00000,0.00000,1.3832,-1.0702
493,19.7200,0.1230,0.0000,-0.1163,0.2406,0.0006,0.0264,-0.0048,-0.0088,-0.1346,1.4984,-1.3419,0.2209,-0.04130,-3.06691,0.0239,-0.0990,-0.1031,0.0109,0.00000,0.00000,1.3809,-1.0785
494,19.7600,0.1215,0.0000,-0.1179,0.2389,0.0013,0.0269,-0.0086,-0.0001,-0.1388,1.4956,-1.3510,0.2209,-0.04154,-3.06775,0.0270,-0.0981,-0.1053,0.0236,0.00000,0.00000,1.3785,-1.0868
495,19.8000,0.1200,0.0000,-0.1196,0.2370,0.0002,0.0286,-0.0026,0.0195,-0.1287,1.4928,-1.3601,0.2209,-0.04112,-3.06876,0.0257,-0.0977,-0.1060,0.0190,0.00000,0.00000,1.3762,-1.0951
496,19.8400,0.1186,0.0000,-0.1213,0.2385,-0.0026,0.0264,0.0120,-0.0270,-0.1626,1.4899,-1.3690,0.2209,-0.04144,-3.07119,0.0241,-0.0934,-0.1109,0.0226,0.00000,0.00000,1.3738,-1.1032
497,19.8800,0.1171,0.0000,-0.1230,0.2382,-0.0014,0.0307,0.0057,-0.0401,-0.1665,1.4869,-1.3780,0.2210,-0.04304,-3.07449,0.0256,-0.0997,-0.1123,0.0156,0.00000,0.00000,1.3713,-1.1113
498,19.9200,0.1156,0.0000,-0.1246,0.2350,0.0005,0.0306,-0.0044,-0.0115,-0.1804,1.4839,-1.3868,0.2211,-0.04412,-3.07666,0.0263,-0.0991,-0.1104,0.0213,0.00000,0.00000,1.3689,-1.1193
499,19.9600,0.1142,0.0000,-0.1260,0.2323,0.0008,0.0271,-0.0062,0.0012,-0.1717,1.4810,-1.3956,0.2212,-0.04434,-3.07802,0.0251,-0.0978,-0.1103,0.0210,0.00000,0.00000,1.3664,-1.1273
500,20.0000,0.1127,0.0000,-0.1274,0.2306,0.0003,0.0252,-0.0033,-0.0051,-0.1726,1.4780,-1.4043,0.2211,-0.04456,-3.07936,0.0235,-0.0979,-0.1109,0.0234,0.00000,0.00000,1.3640,-1.1352
501,20.0400,0.1112,0.0000,-0.1288,0.2284,0.0004,0.0271,-0.0041,0.0027,-0.1627,1.4750,-1.4129,0.2211,-0.04470,-3.08080,0.0237,-0.0991,-0.1108,0.0204,0.00000,0.00000,1.3614,-1.1430
502,20.0800,0.1098,0.0000,-0.1301,0.2264,0.0016,0.0256,-0.0101,0.0020,-0.1734,1.4719,-1.4213,0.2211,-0.04474,-3.08175,0.0236,-0.0973,-0.1078,0.0184,0.00000,0.00000,1.3589,-1.1507
503,20.1200,0.1083,0.0000,-0.1315,0.2249,0.0014,0.0260,-0.0094,-0.0075,-0.1724,1.4689,-1.4298,0.2210,-0.04498,-3.08237,0.0233,-0.0976,-0.1098,0.0205,0.00000,0.00000,1.3564,-1.1584
504,20.1600,0.1069,0.0000,-0.1329,0.2234,0.0004,0.0277,-0.0041,-0.0150,-0.1751,1.4658,-1.4381,0.2210,-0.04556,-3.08337,0.0249,-0.0969,-0.1096,0.0227,0.00000,0.00000,1.3538,-1.1660
505,20.2000,0.1054,0.0000,-0.1343,0.2207,-0.0007,0.0291,0.0019,-0.0024,-0.1748,1.4627,-1.4463,0.2210,-0.04591,-3.08510,0.0245,-0.0969,-0.1124,0.0215,0.00000,0.00000,1.3512,-1.1735
506,20.2400,0.1040,0.0000,-0.1358,0.2187,0.0002,0.0277,-0.0030,-0.0088,-0.1704,1.4595,-1.4544,0.2211,-0.04632,-3.08675,0.0232,-0.0983,-0.1107,0.0192,0.00000,0.00000,1.3486,-1.1809
507,20.2800,0.1026,0.0000,-0.1374,0.2155,0.0012,0.0273,-0.0083,0.0055,-0.1760,1.4563,-1.4624,0.2211,-0.04647,-3.08781,0.0249,-0.0968,-0.1092,0.0245,0.00000,0.00000,1.3459,-1.1883
508,20.3200,0.1012,0.0000,-0.1391,0.2128,0.0018,0.0252,-0.0116,0.0084,-0.1750,1.4532,-1.4703,0.2210,-0.04624,-3.08840,0.0233,-0.0952,-0.1099,0.0160,0.00000,0.00000,1.3433,-1.1956
509,20.3600,0.0997,0.0000,-0.1408,0.2105,0.0011,0.0278,-0.0073,0.0083,-0.1725,1.4501,-1.4780,0.2210,-0.04602,-3.08892,0.0230,-0.0983,-0.1127,0.0243,0.00000,0.00000,1.3406,-1.2028
510,20.4000,0.0983,0.0000,-0.1427,0.2090,0.0000,0.0277,-0.0020,-0.0028,-0.1964,1.4468,-1.4857,0.2210,-0.04605,-3.09010,0.0236,-0.0939,-0.1091,0.0205,0.00000,0.00000,1.3379,-1.2099
511,20.4400,0.0970,0.0000,-0.1447,0.2070,0.0001,0.0305,-0.0023,-0.0087,-0.1835,1.4436,-1.4933,0.2211,-0.04643,-3.09156,0.0244,-0.0994,-0.1161,0.0194,0.00000,0.00000,1.3352,-1.2170
512,20.4800,0.0956,0.0000,-0.1467,0.2033,0.0018,0.0293,-0.0114,0.0126,-0.1807,1.4404,-1.5007,0.2212,-0.04650,-3.09243,0.0231,-0.1005,-0.1093,0.0195,0.00000,0.00000,1.3324,-1.2239
513,20.5200,0.0943,0.0000,-0.1489,0.2007,0.0023,0.0258,-0.0138,0.0109,-0.1975,1.4372,-1.5081,0.2211,-0.04608,-3.09267,0.0240,-0.0957,-0.1093,0.0226,0.00000,0.00000,1.3297,-1.2308
514,20.5600,0.0929,0.0000,-0.1511,0.1989,0.0017,0.0274,-0.0109,0.0026,-0.1882,1.4340,-1.5153,0.2211,-0.04596,-3.09299,0.0231,-0.0985,-0.1125,0.0188,0.00000,0.00000,1.3269,-1.2377
515,20.6000,0.0916,0.0000,-0.1535,0.1964,0.0000,0.0305,-0.0020,0.0083,-0.1766,1.4307,-1.5224,0.2211,-0.04580,-3.09383,0.0252,-0.0978,-0.1131,0.0239,0.00000,0.00000,1.3241,-1.2444
516,20.6400,0.0903,0.0000,-0.1561,0.1942,-0.0003,0.0298,-0.0003,0.0094,-0.1994,1.4274,-1.5294,0.2212,-0.04557,-3.09518,0.0247,-0.0966,-0.1124,0.0220,0.00000,0.00000,1.3212,-1.2511
517,20.6800,0.0891,0.0000,-0.1588,0.1918,0.0011,0.0293,-0.0074,0.0103,-0.2039,1.4241,-1.5363,0.2212,-0.04534,-3.09630,0.0231,-0.0990,-0.1127,0.0179,0.00000,0.00000,1.3184,-1.2576
518,20.7200,0.0878,0.0000,-0.1616,0.1901,0.0012,0.0290,-0.0078,-0.0016,-0.1927,1.4208,-1.5431,0.2212,-0.04531,-3.09695,0.0232,-0.0999,-0.1152,0.0214,0.00000,0.00000,1.3155,-1.2641
519,20.7600,0.0866,0.0000,-0.1645,0.1884,0.0009,0.0276,-0.0067,-0.0124,-0.1987,1.4175,-1.5498,0.2212,-0.04577,-3.09768,0.0228,-0.0979,-0.1126,0.0200,0.00000,0.00000,1.3126,-1.2706
520,20.8000,0.0854,0.0000,-0.1676,0.1852,0.0005,0.0294,-0.0046,0.0051,-0.2055,1.4142,-1.5564,0.2212,-0.04596,-3.09863,0.0235,-0.0974,-0.1141,0.0234,0.00000,0.00000,1.3097,-1.2769
521,20.8400,0.0842,0.0000,-0.1709,0.1819,0.0009,0.0296,-0.0066,0.0238,-0.2016,1.4109,-1.5628,0.2212,-0.04543,-3.09953,0.0214,-0.0989,-0.1151,0.0170,0.00000,0.00000,1.3068,-1.2831
522,20.8800,0.0830,0.0000,-0.1744,0.1801,0.0013,0.0295,-0.0084,0.0150,-0.2147,1.4075,-1.5692,0.2212,-0.04485,-3.10019,0.0225,-0.0989,-0.1139,0.0240,0.00000,0.00000,1.3038,-1.2893
523,20.9200,0.0819,0.0000,-0.1780,0.1777,0.0013,0.0305,-0.0086,0.0220,-0.2058,1.4042,-1.5755,0.2213,-0.04423,-3.10080,0.0223,-0.1005,-0.1142,0.0197,0.00000,0.00000,1.3008,-1.2954
524,20.9600,0.0808,0.0000,-0.1817,0.1766,0.0018,0.0291,-0.0113,0.0059,-0.2159,1.4009,-1.5816,0.2213,-0.04392,-3.10123,0.0247,-0.0976,-0.1089,0.0246,0.00000,0.00000,1.2978,-1.3014
525,21.0000,0.0797,0.0000,-0.1857,0.1745,0.0009,0.0298,-0.0065,0.0112,-0.2107,1.3976,-1.5877,0.2213,-0.04363,-3.10183,0.0239,-0.0979,-0.1158,0.0208,0.00000,0.00000,1.2948,-1.3073
526,21.0400,0.0787,0.0000,-0.1898,0.1727,0.0013,0.0303,-0.0083,0.0111,-0.2165,1.3942,-1.5937,0.2213,-0.04335,-3.10250,0.0241,-0.0984,-0.1145,0.0200,0.00000,0.00000,1.2918,-1.3132
527,21.0800,0.0777,0.0000,-0.1942,0.1710,0.0015,0.0309,-0.0097,0.0090,-0.2209,1.3908,-1.5996,0.2213,-0.04310,-3.10299,0.0257,-0.0983,-0.1143,0.0221,0.00000,0.00000,1.2887,-1.3189
528,21.1200,0.0767,0.0000,-0.1988,0.1686,-0.0000,0.0322,-0.0015,0.0269,-0.2201,1.3874,-1.6054,0.2214,-0.04245,-3.10381,0.0241,-0.0984,-0.1154,0.0265,0.00000,0.00000,1.2856,-1.3246
529,21.1600,0.0757,0.0000,-0.2036,0.1676,0.0011,0.0318,-0.0073,0.0147,-0.2386,1.3840,-1.6111,0.2215,-0.04182,-3.10469,0.0255,-0.0997,-0.1171,0.0204,0.00000,0.00000,1.2825,-1.3302
530,21.2000,0.0747,0.0000,-0.2085,0.1676,0.0014,0.0305,-0.0090,-0.0135,-0.2327,1.3806,-1.6168,0.2215,-0.04210,-3.10522,0.0252,-0.0993,-0.1146,0.0215,0.00000,0.00000,1.2794,-1.3357
531,21.2400,0.0738,0.0000,-0.2137,0.1655,0.0009,0.0293,-0.0064,-0.0064,-0.2407,1.3771,-1.6223,0.2215,-0.04264,-3.10594,0.0245,-0.0976,-0.1156,0.0236,0.00000,0.00000,1.2763,-1.3411
532,21.2800,0.0729,0.0000,-0.2190,0.1625,0.0025,0.0333,-0.0148,0.0231,-0.2497,1.3737,-1.6278,0.2215,-0.04242,-3.10636,0.0275,-0.1010,-0.1137,0.0273,0.00000,0.00000,1.2731,-1.3465
533,21.3200,0.0721,0.0000,-0.2246,0.1613,0.0003,0.0292,-0.0034,0.0153,-0.2507,1.3702,-1.6332,0.2216,-0.04172,-3.10691,0.0218,-0.0971,-0.1169,0.0208,0.00000,0.00000,1.2699,-1.3517
534,21.3600,0.0713,0.0000,-0.2303,0.1602,0.0022,0.0306,-0.0134,0.0110,-0.2536,1.3667,-1.6385,0.2215,-0.04159,-3.10756,0.0287,-0.0993,-0.1098,0.0272,0.00000,0.00000,1.2667,-1.3569
535,21.4000,0.0705,0.0000,-0.2362,0.1591,0.0001,0.0313,-0.0019,0.0063,-0.2544,1.3632,-1.6437,0.2215,-0.04122,-3.10809,0.0246,-0.0957,-0.1198,0.0265,0.00000,0.00000,1.2635,-1.3619
536,21.4400,0.0697,0.0000,-0.2423,0.1576,0.0013,0.0316,-0.0082,0.0152,-0.2687,1.3596,-1.6488,0.2216,-0.04114,-3.10904,0.0253,-0.1000,-0.1132,0.0218,0.00000,0.00000,1.2603,-1.3669
537,21.4800,0.0690,0.0000,-0.2486,0.1559,0.0026,0.0318,-0.0149,0.0219,-0.2694,1.3561,-1.6539,0.2216,-0.04052,-3.10934,0.0262,-0.0992,-0.1151,0.0256,0.00000,0.00000,1.2570,-1.3718
538,21.5200,0.0683,0.0000,-0.2551,0.1560,-0.0002,0.0292,-0.0005,0.0007,-0.2775,1.3525,-1.6589,0.2216,-0.04028,-3.10998,0.0238,-0.0944,-0.1155,0.0285,0.00000,0.00000,1.2537,-1.3766
539,21.5600,0.0677,0.0000,-0.2619,0.1542,0.0026,0.0320,-0.0152,0.0178,-0.2884,1.3489,-1.6638,0.2215,-0.04022,-3.11071,0.0285,-0.0988,-0.1108,0.0231,0.00000,0.00000,1.2504,-1.3813
540,21.6000,0.0670,0.0000,-0.2688,0.1531,0.0023,0.0319,-0.0131,0.0166,-0.2889,1.3453,-1.6687,0.2216,-0.03959,-3.11082,0.0244,-0.0979,-0.1190,0.0243,0.00000,0.00000,1.2471,-1.3860
541,21.6400,0.0665,0.0000,-0.2759,0.1534,0.0018,0.0313,-0.0112,-0.0037,-0.2906,1.3417,-1.6736,0.2216,-0.03974,-3.11119,0.0280,-0.0983,-0.1116,0.0272,0.00000,0.00000,1.2437,-1.3905
542,21.6800,0.0659,0.0000,-0.2832,0.1520,0.0014,0.0315,-0.0091,0.0059,-0.3035,1.3380,-1.6783,0.2216,-0.03983,-3.11167,0.0279,-0.0960,-0.1134,0.0278,0.00000,0.00000,1.2404,-1.3950
543,21.7200,0.0654,0.0000,-0.2907,0.1512,0.0016,0.0303,-0.0102,0.0025,-0.3041,1.3342,-1.6829,0.2216,-0.03989,-3.11223,0.0267,-0.0956,-0.1144,0.0222,0.00000,0.00000,1.2370,-1.3993
544,21.7600,0.0650,0.0000,-0.2985,0.1496,0.0030,0.0328,-0.0174,0.0165,-0.3091,1.3305,-1.6876,0.2216,-0.03976,-3.11245,0.0276,-0.1002,-0.1148,0.0277,0.00000,0.00000,1.2336,-1.4036
545,21.8000,0.0645,0.0000,-0.3064,0.1490,0.0008,0.0318,-0.0059,0.0134,-0.3251,1.3268,-1.6921,0.2216,-0.03932,-3.11281,0.0269,-0.0946,-0.1132,0.0305,0.00000,0.00000,1.2302,-1.4078
546,21.8400,0.0641,0.0000,-0.3146,0.1482,0.0005,0.0309,-0.0043,0.0146,-0.3276,1.3229,-1.6965,0.2216,-0.03905,-3.11371,0.0251,-0.0974,-0.1143,0.0236,0.00000,0.00000,1.2267,-1.4119
547,21.8800,0.0638,0.0000,-0.3230,0.1483,0.0028,0.0320,-0.0162,-0.0019,-0.3392,1.3190,-1.7009,0.2216,-0.03912,-3.11412,0.0286,-0.0979,-0.1147,0.0264,0.00000,0.00000,1.2233,-1.4159
548,21.9200,0.0635,0.0000,-0.3315,0.1466,0.0023,0.0317,-0.0135,0.0153,-0.3369,1.3152,-1.7052,0.2216,-0.03901,-3.11434,0.0265,-0.0969,-0.1144,0.0253,0.00000,0.00000,1.2198,-1.4198
549,21.9600,0.0633,0.0000,-0.3403,0.1462,0.0023,0.0319,-0.0137,0.0102,-0.3497,1.3113,-1.7094,0.2216,-0.03879,-3.11464,0.0304,-0.0952,-0.1120,0.0308,0.00000,0.00000,1.2163,-1.4237
550,22.0000,0.0631,0.0000,-0.3493,0.1462,0.0009,0.0312,-0.0060,-0.0026,-0.3563,1.3073,-1.7136,0.2216,-0.03890,-3.11517,0.0261,-0.0955,-0.1154,0.0263,0.00000,0.00000,1.2128,-1.4274
551,22.0400,0.0629,0.0000,-0.3584,0.1453,0.0010,0.0338,-0.0070,0.0057,-0.3598,1.3033,-1.7176,0.2217,-0.03913,-3.11596,0.0310,-0.0957,-0.1131,0.0317,0.00000,0.00000,1.2092,-1.4310
552,22.0800,0.0628,0.0000,-0.3678,0.1442,0.0030,0.0325,-0.0173,0.0082,-0.3756,1.2993,-1.7217,0.2217,-0.03908,-3.11632,0.0298,-0.0959,-0.1148,0.0238,0.00000,0.00000,1.2057,-1.4346
553,22.1200,0.0628,0.0000,-0.3773,0.1434,0.0029,0.0301,-0.0164,0.0073,-0.3904,1.2952,-1.7256,0.2217,-0.03908,-3.11648,0.0269,-0.0962,-0.1133,0.0285,0.00000,0.00000,1.2021,-1.4380
554,22.1600,0.0628,0.0000,-0.3870,0.1421,0.0018,0.0320,-0.0110,0.0224,-0.4014,1.2911,-1.7295,0.2217,-0.03873,-3.11686,0.0285,-0.0949,-0.1102,0.0345,0.00000,0.00000,1.1985,-1.4414
555,22.2000,0.0629,0.0000,-0.3968,0.1413,-0.0005,0.0335,0.0013,0.0326,-0.4113,1.2870,-1.7332,0.2217,-0.03778,-3.11774,0.0255,-0.0950,-0.1168,0.0325,0.00000,0.00000,1.1949,-1.4447
556,22.2400,0.0631,0.0000,-0.4066,0.1417,0.0020,0.0314,-0.0120,0.0196,-0.4123,1.2827,-1.7368,0.2217,-0.03727,-3.11855,0.0270,-0.0961,-0.1075,0.0254,0.00000,0.00000,1.1912,-1.4479
557,22.2800,0.0633,0.0000,-0.4165,0.1415,0.0032,0.0320,-0.0179,0.0120,-0.4208,1.2785,-1.7405,0.2217,-0.03686,-3.11875,0.0305,-0.0939,-0.1149,0.0345,0.00000,0.00000,1.1876,-1.4510
558,22.3200,0.0636,0.0000,-0.4266,0.1408,0.0035,0.0341,-0.0195,0.0311,-0.4343,1.2743,-1.7441,0.2218,-0.03634,-3.11884,0.0305,-0.0958,-0.1094,0.0329,0.00000,0.00000,1.1839,-1.4540
559,22.3600,0.0640,0.0000,-0.4354,0.1417,0.0000,0.0326,-0.0015,0.0157,-0.4332,1.2699,-1.7475,0.2218,-0.03564,-3.11932,0.0273,-0.0931,-0.1147,0.0354,0.00000,0.00000,1.1802,-1.4569
560,22.4000,0.0644,0.0000,-0.4431,0.1419,0.0005,0.0323,-0.0040,0.0179,-0.4566,1.2655,-1.7509,0.2218,-0.03540,-3.12029,0.0270,-0.0953,-0.1135,0.0299,0.00000,0.00000,1.1765,-1.4597
561,22.4400,0.0649,0.0000,-0.4499,0.1436,0.0036,0.0349,-0.0202,-0.0117,-0.4521,1.2610,-1.7542,0.2219,-0.03578,-3.12057,0.0325,-0.0964,-0.1099,0.0359,0.00000,0.00000,1.1728,-1.4624
562,22.4800,0.0655,0.0000,-0.4560,0.1418,0.0014,0.0324,-0.0084,0.0233,-0.4623,1.2565,-1.7575,0.2219,-0.03558,-3.12091,0.0290,-0.0921,-0.1172,0.0333,0.00000,0.00000,1.1690,-1.4650
563,22.5200,0.0662,0.0000,-0.4612,0.1423,0.0017,0.0317,-0.0098,0.0209,-0.4743,1.2518,-1.7606,0.2219,-0.03512,-3.12146,0.0248,-0.0971,-0.1155,0.0316,0.00000,0.00000,1.1652,-1.4675
564,22.5600,0.0669,0.0000,-0.4659,0.1419,0.0010,0.0327,-0.0062,0.0361,-0.4693,1.2472,-1.7637,0.2219,-0.03423,-3.12199,0.0235,-0.0968,-0.1158,0.0343,0.00000,0.00000,1.1614,-1.4700
565,22.6000,0.0677,0.0000,-0.4700,0.1442,0.0025,0.0306,-0.0140,0.0019,-0.4712,1.2424,-1.7667,0.2219,-0.03402,-3.12239,0.0263,-0.0946,-0.1097,0.0321,0.00000,0.00000,1.1576,-1.4723
566,22.6400,0.0686,0.0000,-0.4736,0.1449,0.0036,0.0333,-0.0195,0.0006,-0.4795,1.2376,-1.7697,0.2218,-0.03434,-3.12247,0.0300,-0.0951,-0.1113,0.0391,0.00000,0.00000,1.1538,-1.4746
567,22.6800,0.0695,0.0000,-0.4768,0.1453,0.0027,0.0346,-0.0152,0.0078,-0.4851,1.2327,-1.7726,0.2219,-0.03442,-3.12255,0.0290,-0.0950,-0.1132,0.0364,0.00000,0.00000,1.1500,-1.4767
568,22.7200,0.0705,0.0000,-0.4795,0.1460,0.0015,0.0318,-0.0092,0.0032,-0.4873,1.2277,-1.7754,0.2220,-0.03454,-3.12289,0.0269,-0.0944,-0.1143,0.0327,0.00000,0.00000,1.1461,-1.4788
569,22.7600,0.0716,0.0000,-0.4820,0.1461,0.0026,0.0313,-0.0146,0.0114,-0.4844,1.2227,-1.7781,0.2219,-0.03464,-3.12323,0.0264,-0.0962,-0.1120,0.0343,0.00000,0.00000,1.1422,-1.4807
570,22.8000,0.0727,0.0000,-0.4842,0.1464,0.0026,0.0324,-0.0143,0.0160,-0.4873,1.2176,-1.7808,0.2219,-0.03434,-3.12340,0.0256,-0.0956,-0.1160,0.0358,0.00000,0.00000,1.1383,-1.4826
571,22.8400,0.0739,0.0000,-0.4861,0.1476,0.0031,0.0323,-0.0172,0.0093,-0.4976,1.2124,-1.7833,0.2219,-0.03429,-3.12354,0.0280,-0.0947,-0.1082,0.0363,0.00000,0.00000,1.1344,-1.4844
572,22.8800,0.0751,0.0000,-0.4877,0.1476,0.0021,0.0320,-0.0123,0.0200,-0.4908,1.2071,-1.7858,0.2219,-0.03392,-3.12373,0.0256,-0.0949,-0.1139,0.0351,0.00000,0.00000,1.1305,-1.4861
573,22.9200,0.0764,0.0000,-0.4892,0.1483,0.0026,0.0329,-0.0147,0.0246,-0.4952,1.2018,-1.7881,0.2219,-0.03342,-3.12395,0.0257,-0.0973,-0.1137,0.0352,0.00000,0.00000,1.1265,-1.4876
574,22.9600,0.0778,0.0000,-0.4905,0.1499,0.0026,0.0331,-0.0150,0.0131,-0.4956,1.1964,-1.7904,0.2219,-0.03307,-3.12406,0.0288,-0.0944,-0.1093,0.0391,0.00000,0.00000,1.1226,-1.4891
575,23.0000,0.0792,0.0000,-0.4916,0.1503,0.0006,0.0328,-0.0044,0.0263,-0.4868,1.1909,-1.7925,0.2220,-0.03251,-3.12444,0.0238,-0.0958,-0.1165,0.0365,0.00000,0.00000,1.1186,-1.4905
576,23.0400,0.0806,0.0000,-0.4926,0.1528,0.0032,0.0306,-0.0179,-0.0010,-0.4980,1.1853,-1.7946,0.2219,-0.03261,-3.12471,0.0269,-0.0952,-0.1070,0.0329,0.00000,0.00000,1.1146,-1.4918
577,23.0800,0.0821,0.0000,-0.4935,0.1528,0.0042,0.0336,-0.0228,0.0186,-0.4947,1.1797,-1.7966,0.2219,-0.03246,-3.12453,0.0281,-0.0965,-0.1146,0.0381,0.00000,0.00000,1.1105,-1.4930
578,23.1200,0.0837,0.0000,-0.4943,0.1538,0.0030,0.0327,-0.0164,0.0274,-0.5062,1.1739,-1.7985,0.2220,-0.03188,-3.12443,0.0256,-0.0961,-0.1112,0.0361,0.00000,0.00000,1.1065,-1.4941
579,23.1600,0.0853,0.0000,-0.4950,0.1556,0.0016,0.0334,-0.0095,0.0227,-0.5007,1.1681,-1.8003,0.2220,-0.03125,-3.12459,0.0263,-0.0972,-0.1120,0.0395,0.00000,0.00000,1.1024,-1.4952
580,23.2000,0.0870,0.0000,-0.4956,0.1582,0.0018,0.0316,-0.0108,-0.0008,-0.4919,1.1622,-1.8020,0.2220,-0.03127,-3.12485,0.0268,-0.0954,-0.1114,0.0332,0.00000,0.00000,1.0984,-1.4961
581,23.2400,0.0886,0.0000,-0.4961,0.1591,0.0026,0.0337,-0.0144,0.0103,-0.4916,1.1561,-1.8035,0.2220,-0.03138,-3.12501,0.0279,-0.0973,-0.1165,0.0380,0.00000,0.00000,1.0943,-1.4969
582,23.2800,0.0904,0.0000,-0.4966,0.1610,0.0043,0.0330,-0.0236,0.0017,-0.4971,1.1500,-1.8051,0.2220,-0.03158,-3.12484,0.0288,-0.0976,-0.1114,0.0326,0.00000,0.00000,1.0902,-1.4976
583,23.3200,0.0921,0.0000,-0.4970,0.1615,0.0013,0.0319,-0.0077,0.0188,-0.4995,1.1438,-1.8064,0.2220,-0.03136,-3.12487,0.0236,-0.0965,-0.1182,0.0387,0.00000,0.00000,1.0860,-1.4982
584,23.3600,0.0939,0.0000,-0.4974,0.1633,0.0011,0.0319,-0.0070,0.0159,-0.4942,1.1376,-1.8076,0.2220,-0.03116,-3.12524,0.0260,-0.0962,-0.1087,0.0379,0.00000,0.00000,1.0819,-1.4988
585,23.4000,0.0958,0.0000,-0.4977,0.1648,0.0028,0.0329,-0.0152,0.0150,-0.4946,1.1312,-1.8087,0.2220,-0.03084,-3.12540,0.0248,-0.0991,-0.1177,0.0342,0.00000,0.00000,1.0777,-1.4992
586,23.4400,0.0977,0.0000,-0.4980,0.1676,0.0043,0.0326,-0.0235,-0.0081,-0.4875,1.1248,-1.8098,0.2221,-0.03121,-3.12516,0.0280,-0.0991,-0.1118,0.0345,0.00000,0.00000,1.0735,-1.4995
587,23.4800,0.0996,0.0000,-0.4982,0.1676,0.0022,0.0317,-0.0124,0.0193,-0.4872,1.1182,-1.8108,0.2221,-0.03115,-3.12511,0.0254,-0.0968,-0.1162,0.0373,0.00000,0.00000,1.0693,-1.4998
588,23.5200,0.1015,0.0000,-0.4984,0.1694,0.0018,0.0332,-0.0102,0.0207,-0.5105,1.1116,-1.8115,0.2221,-0.03073,-3.12527,0.0277,-0.0962,-0.1134,0.0411,0.00000,0.00000,1.0651,-1.4999
589,23.5600,0.1035,0.0000,-0.4986,0.1711,0.0016,0.0333,-0.0094,0.0209,-0.4988,1.1050,-1.8122,0.2221,-0.03025,-3.12546,0.0233,-0.1000,-0.1169,0.0318,0.00000,0.00000,1.0609,-1.5000
590,23.6000,0.1055,0.0000,-0.4988,0.1732,0.0026,0.0312,-0.0146,0.0134,-0.4936,1.0982,-1.8127,0.2221,-0.03003,-3.12554,0.0250,-0.0993,-0.1135,0.0366,0.00000,0.00000,1.0566,-1.5000
591,23.6400,0.1075,0.0000,-0.4989,0.1744,0.0034,0.0318,-0.0186,0.0229,-0.4915,1.0914,-1.8131,0.2221,-0.02960,-3.12541,0.0274,-0.0979,-0.1139,0.0379,0.00000,0.00000,1.0524,-1.4998
592,23.6800,0.1096,0.0000,-0.4990,0.1769,0.0017,0.0318,-0.0096,0.0167,-0.4920,1.0844,-1.8134,0.2221,-0.02915,-3.12535,0.0243,-0.0972,-0.1156,0.0387,0.00000,0.00000,1.0481,-1.4996
593,23.7200,0.1117,0.0000,-0.4992,0.1795,0.0022,0.0331,-0.0124,0.0101,-0.4919,1.0774,-1.8135,0.2221,-0.02909,-3.12546,0.0272,-0.0989,-0.1124,0.0373,0.00000,0.00000,1.0438,-1.4993
594,23.7600,0.1138,0.0000,-0.4993,0.1813,0.0010,0.0332,-0.0059,0.0133,-0.4925,1.0703,-1.8135,0.2221,-0.02885,-3.12560,0.0255,-0.0968,-0.1189,0.0392,0.00000,0.00000,1.0395,-1.4988
595,23.8000,0.1160,0.0000,-0.4994,0.1836,0.0028,0.0321,-0.0154,0.0124,-0.5032,1.0631,-1.8133,0.2222,-0.02886,-3.12568,0.0255,-0.1001,-0.1132,0.0352,0.00000,0.00000,1.0351,-1.4983
596,23.8400,0.1181,0.0000,-0.4994,0.1870,0.0044,0.0334,-0.0219,-0.0182,-0.5397,1.0558,-1.8131,0.2222,-0.02926,-3.12538,0.0276,-0.1009,-0.1279,0.0310,0.00000,0.00000,1.0308,-1.4977
597,23.8800,0.1204,0.0000,-0.4995,0.1902,0.0037,0.0377,-0.0192,-0.0357,-0.5389,1.0484,-1.8127,0.2224,-0.03091,-3.12508,0.0304,-0.1060,-0.1217,0.0359,0.00000,0.00000,1.0264,-1.4970
598,23.9200,0.1226,0.0000,-0.4996,0.1896,0.0016,0.0321,-0.0086,-0.0024,-0.5294,1.0410,-1.8121,0.2225,-0.03182,-3.12519,0.0267,-0.1014,-0.1243,0.0281,0.00000,0.00000,1.0220,-1.4962
599,23.9600,0.1250,0.0000,-0.4996,0.1902,0.0027,0.0319,-0.0139,0.0024,-0.5207,1.0336,-1.8113,0.2225,-0.03218,-3.12532,0.0285,-0.1042,-0.1268,0.0373,0.00000,0.00000,1.0176,-1.4953
600,24.0000,0.1273,0.0000,-0.4997,0.1909,0.0040,0.0308,-0.0207,0.0075,-0.5332,1.0261,-1.8105,0.2225,-0.03236,-3.12516,0.0284,-0.1016,-0.1207,0.0332,0.00000,0.00000,1.0132,-1.4942
601,24.0400,0.1298,0.0000,-0.4997,0.1924,0.0037,0.0318,-0.0192,-0.0016,-0.5308,1.0187,-1.8094,0.2225,-0.03262,-3.12488,0.0296,-0.1033,-0.1231,0.0373,0.00000,0.00000,1.0088,-1.4932
602,24.0800,0.1322,0.0000,-0.4997,0.1926,0.0012,0.0323,-0.0066,0.0154,-0.5296,1.0112,-1.8082,0.2226,-0.03258,-3.12500,0.0258,-0.1035,-0.1272,0.0347,0.00000,0.00000,1.0043,-1.4920
603,24.1200,0.1347,0.0000,-0.4998,0.1940,0.0019,0.0303,-0.0102,0.0075,-0.5349,1.0037,-1.8067,0.2226,-0.03260,-3.12525,0.0260,-0.1030,-0.1217,0.0326,0.00000,0.00000,0.9999,-1.4907
604,24.1600,0.1373,0.0000,-0.4998,0.1941,0.0029,0.0302,-0.0152,0.0186,-0.5241,0.9962,-1.8051,0.2226,-0.03237,-3.12530,0.0237,-0.1051,-0.1262,0.0317,0.00000,0.00000,0.9954,-1.4893
605,24.2000,0.1398,0.0000,-0.4998,0.1955,0.0035,0.0314,-0.0179,0.0132,-0.5264,0.9887,-1.8034,0.2225,-0.03213,-3.12514,0.0268,-0.1040,-0.1230,0.0372,0.00000,0.00000,0.9909,-1.4878
606,24.2400,0.1425,0.0000,-0.4998,0.1972,0.0035,0.0296,-0.0183,-0.0004,-0.5227,0.9812,-1.8015,0.2225,-0.03228,-3.12492,0.0265,-0.1022,-0.1213,0.0300,0.00000,0.00000,0.9864,-1.4862
607,24.2800,0.1451,0.0000,-0.4999,0.1966,0.0027,0.0313,-0.0140,0.0331,-0.5312,0.9737,-1.7995,0.2225,-0.03186,-3.12483,0.0253,-0.1034,-0.1245,0.0375,0.00000,0.00000,0.9818,-1.4846
608,24.3200,0.1478,0.0000,-0.4999,0.1988,0.0030,0.0320,-0.0154,0.0180,-0.5376,0.9662,-1.7972,0.2225,-0.03129,-3.12471,0.0258,-0.1038,-0.1207,0.0345,0.00000,0.00000,0.9773,-1.4828
609,24.3600,0.1506,0.0000,-0.4999,0.2008,0.0031,0.0296,-0.0159,0.0010,-0.5317,0.9587,-1.7948,0.2225,-0.03135,-3.12458,0.0247,-0.1039,-0.1225,0.0293,0.00000,0.00000,0.9727,-1.4809
610,24.4000,0.1533,0.0000,-0.4999,0.2016,0.0037,0.0314,-0.0193,0.0120,-0.5343,0.9512,-1.7923,0.2225,-0.03149,-3.12435,0.0269,-0.1049,-0.1203,0.0379,0.00000,0.00000,0.9682,-1.4790
611,24.4400,0.1561,0.0000,-0.4999,0.2021,0.0033,0.0288,-0.0171,0.0246,-0.5126,0.9437,-1.7896,0.2225,-0.03099,-3.12407,0.0212,-0.1042,-0.1226,0.0246,0.00000,0.00000,0.9636,-1.4769
612,24.4800,0.1590,0.0000,-0.4999,0.2036,0.0022,0.0293,-0.0110,0.0249,-0.5283,0.9363,-1.7866,0.2223,-0.03043,-3.12393,0.0228,-0.1034,-0.1204,0.0410,0.00000,0.00000,0.9590,-1.4748
613,24.5200,0.1618,0.0000,-0.4996,0.2031,0.0005,0.0377,0.0060,0.0417,-0.4953,0.9288,-1.7835,0.2224,-0.02978,-3.12411,0.0257,-0.1045,-0.1238,0.0348,0.00000,0.00000,0.9544,-1.4726
614,24.5600,0.1647,0.0000,-0.4975,0.1995,-0.0005,0.0379,0.0121,0.0542,-0.4826,0.9216,-1.7801,0.2227,-0.02823,-3.12507,0.0261,-0.1024,-0.1049,0.0235,0.00000,0.00000,0.9497,-1.4702
615,24.6000,0.1676,0.0000,-0.4939,0.1966,-0.0020,0.0394,0.0207,0.0540,-0.4830,0.9145,-1.7766,0.2229,-0.02630,-3.12625,0.0229,-0.1051,-0.1110,0.0259,0.00000,0.00000,0.9451,-1.4678
616,24.6400,0.1704,0.0000,-0.4890,0.1950,-0.0021,0.0398,0.0209,0.0469,-0.4784,0.9076,-1.7730,0.2232,-0.02473,-3.12765,0.0240,-0.1053,-0.0994,0.0219,0.00000,0.00000,0.9404,-1.4653
617,24.6800,0.1733,0.0000,-0.4829,0.1959,-0.0010,0.0391,0.0094,0.0314,-0.5037,0.9008,-1.7693,0.2235,-0.02315,-3.12886,0.0245,-0.1052,-0.1073,0.0278,0.00000,0.00000,0.9357,-1.4627
618,24.7200,0.1762,0.0000,-0.4758,0.1986,0.0008,0.0360,-0.0002,0.0115,-0.4797,0.8940,-1.7655,0.2237,-0.02265,-3.12941,0.0216,-0.1087,-0.1129,0.0184,0.00000,0.00000,0.9310,-1.4600
619,24.7600,0.1792,0.0000,-0.4677,0.1997,0.0008,0.0357,-0.0006,0.0245,-0.4685,0.8872,-1.7616,0.2238,-0.02220,-3.12979,0.0233,-0.1087,-0.1106,0.0315,0.00000,0.00000,0.9263,-1.4572
620,24.8000,0.1821,0.0000,-0.4587,0.2012,0.0011,0.0365,-0.0015,0.0352,-0.4679,0.8803,-1.7575,0.2240,-0.02114,-3.13010,0.0234,-0.1080,-0.1109,0.0229,0.00000,0.00000,0.9216,-1.4543
621,24.8400,0.1851,0.0000,-0.4490,0.2035,0.0009,0.0377,-0.0009,0.0361,-0.4502,0.8735,-1.7533,0.2241,-0.02001,-3.13038,0.0240,-0.1111,-0.1087,0.0253,0.00000,0.00000,0.9168,-1.4513
622,24.8800,0.1880,0.0000,-0.4388,0.2069,-0.0000,0.0365,0.0042,0.0177,-0.4427,0.8667,-1.7488,0.2243,-0.01923,-3.13075,0.0238,-0.1097,-0.1085,0.0244,0.00000,0.00000,0.9121,-1.4482
623,24.9200,0.1910,0.0000,-0.4280,0.2090,-0.0007,0.0381,0.0075,0.0273,-0.4339,0.8599,-1.7441,0.2245,-0.01854,-3.13143,0.0255,-0.1099,-0.1078,0.0262,0.00000,0.00000,0.9073,-1.4450
624,24.9600,0.1939,0.0000,-0.4169,0.2131,-0.0003,0.0357,0.0023,0.0258,-0.4432,0.8531,-1.7393,0.2246,-0.01757,-3.13202,0.0234,-0.1111,-0.1073,0.0214,0.00000,0.00000,0.9025,-1.4418
625,25.0000,0.1967,0.0000,-0.4054,0.2186,-0.0000,0.0352,0.0012,0.0134,-0.4217,0.8462,-1.7342,0.2247,-0.01702,-3.13237,0.0240,-0.1129,-0.1165,0.0272,0.00000,0.00000,0.8977,-1.4384
626,25.0400,0.1996,0.0000,-0.3936,0.2235,0.0017,0.0342,-0.0077,0.0142,-0.4129,0.8392,-1.7289,0.2247,-0.01673,-3.13248,0.0243,-0.1136,-0.1153,0.0225,0.00000,0.00000,0.8929,-1.4350
627,25.0800,0.2023,0.0000,-0.3816,0.2299,0.0029,0.0321,-0.0139,-0.0167,-0.3904,0.8320,-1.7234,0.2247,-0.01713,-3.13207,0.0239,-0.1135,-0.1148,0.0225,0.00000,0.00000,0.8881,-1.4314
628,25.1200,0.2051,0.0000,-0.3695,0.2345,0.0034,0.0314,-0.0170,-0.0131,-0.3795,0.8248,-1.7177,0.2247,-0.01801,-3.13154,0.0251,-0.1125,-0.1106,0.0244,0.00000,0.00000,0.8832,-1.4278
629,25.1600,0.2077,0.0000,-0.3574,0.2390,0.0033,0.0328,-0.0165,-0.0130,-0.3658,0.8175,-1.7118,0.2246,-0.01867,-3.13087,0.0285,-0.1106,-0.1126,0.0252,0.00000,0.00000,0.8784,-1.4241
630,25.2000,0.2102,0.0000,-0.3453,0.2427,0.0019,0.0312,-0.0095,0.0042,-0.3567,0.8102,-1.7057,0.2246,-0.01895,-3.13044,0.0230,-0.1120,-0.1146,0.0185,0.00000,0.00000,0.8735,-1.4202
631,25.2400,0.2127,0.0000,-0.3333,0.2461,0.0029,0.0341,-0.0146,0.0253,-0.3595,0.8029,-1.6993,0.2246,-0.01862,-3.13004,0.0252,-0.1158,-0.1109,0.0273,0.00000,0.00000,0.8686,-1.4163
632,25.2800,0.2151,0.0000,-0.3214,0.2508,0.0021,0.0337,-0.0106,0.0227,-0.3356,0.7955,-1.6927,0.2247,-0.01778,-3.12951,0.0244,-0.1150,-0.1142,0.0204,0.00000,0.00000,0.8637,-1.4123
633,25.3200,0.2174,0.0000,-0.3096,0.2570,0.0016,0.0327,-0.0082,-0.0074,-0.3103,0.7881,-1.6859,0.2247,-0.01787,-3.12919,0.0289,-0.1138,-0.1111,0.0258,0.00000,0.00000,0.8588,-1.4082
634,25.3600,0.2196,0.0000,-0.2981,0.2618,0.0013,0.0301,-0.0064,-0.0143,-0.3057,0.7806,-1.6788,0.2246,-0.01851,-3.12900,0.0254,-0.1115,-0.1128,0.0196,0.00000,0.00000,0.8539,-1.4041
635,25.4000,0.2216,0.0000,-0.2868,0.2662,0.0040,0.0314,-0.0206,-0.0177,-0.2996,0.7730,-1.6715,0.2246,-0.01942,-3.12838,0.0294,-0.1131,-0.1110,0.0185,0.00000,0.00000,0.8490,-1.3998
636,25.4400,0.2236,0.0000,-0.2758,0.2689,0.0021,0.0322,-0.0109,0.0108,-0.2700,0.7654,-1.6641,0.2246,-0.01957,-3.12762,0.0252,-0.1138,-0.1131,0.0232,0.00000,0.00000,0.8440,-1.3954
637,25.4800,0.2255,0.0000,-0.2651,0.2734,0.0029,0.0294,-0.0152,0.0021,-0.2696,0.7578,-1.6564,0.2245,-0.01958,-3.12704,0.0279,-0.1129,-0.1091,0.0154,0.00000,0.00000,0.8390,-1.3910
638,25.5200,0.2272,0.0000,-0.2547,0.2780,0.0029,0.0322,-0.0150,-0.0088,-0.2512,0.7501,-1.6486,0.2245,-0.01992,-3.12622,0.0278,-0.1156,-0.1129,0.0214,0.00000,0.00000,0.8341,-1.3865
639,25.5600,0.2289,0.0000,-0.2447,0.2816,0.0010,0.0318,-0.0055,0.0009,-0.2535,0.7425,-1.6405,0.2245,-0.02021,-3.12580,0.0280,-0.1120,-0.1104,0.0198,0.00000,0.00000,0.8291,-1.3818
640,25.6000,0.2304,0.0000,-0.2351,0.2856,0.0021,0.0318,-0.0110,-0.0018,-0.2410,0.7348,-1.6322,0.2245,-0.02047,-3.12545,0.0296,-0.1148,-0.1101,0.0166,0.00000,0.00000,0.8241,-1.3771
641,25.6400,0.2318,0.0000,-0.2258,0.2894,0.0010,0.0303,-0.0053,-0.0066,-0.2124,0.7271,-1.6238,0.2245,-0.02077,-3.12509,0.0260,-0.1145,-0.1138,0.0165,0.00000,0.00000,0.8190,-1.3723
642,25.6800,0.2332,0.0000,-0.2169,0.2934,0.0023,0.0287,-0.0124,-0.0153,-0.2105,0.7193,-1.6151,0.2244,-0.02150,-3.12472,0.0294,-0.1129,-0.1084,0.0150,0.00000,0.00000,0.8140,-1.3674
643,25.7200,0.2344,0.0000,-0.2084,0.2966,0.0023,0.0319,-0.0123,-0.0086,-0.2230,0.7116,-1.6064,0.2244,-0.02205,-3.12413,0.0323,-0.1115,-0.1113,0.0218,0.00000,0.00000,0.8090,-1.3625
644,25.7600,0.2355,0.0000,-0.2003,0.3002,0.0012,0.0302,-0.0065,-0.0118,-0.2014,0.7038,-1.5974,0.2244,-0.02265,-3.12376,0.0278,-0.1134,-0.1095,0.0100,0.00000,0.00000,0.8039,-1.3574
645,25.8000,0.2365,0.0000,-0.1925,0.3026,0.0017,0.0290,-0.0096,-0.0033,-0.1848,0.6960,-1.5883,0.2244,-0.02315,-3.12350,0.0298,-0.1138,-0.1079,0.0177,0.00000,0.00000,0.7988,-1.3522
646,25.8400,0.2375,0.0000,-0.1850,0.3051,0.0019,0.0293,-0.0104,0.0077,-0.1819,0.6882,-1.5790,0.2243,-0.02310,-3.12304,0.0312,-0.1106,-0.1082,0.0175,0.00000,0.00000,0.7937,-1.3470
647,25.8800,0.2383,0.0000,-0.1779,0.3093,0.0008,0.0301,-0.0045,-0.0140,-0.1772,0.6804,-1.5696,0.2243,-0.02344,-3.12273,0.0308,-0.1110,-0.1094,0.0182,0.00000,0.00000,0.7886,-1.3417
648,25.9200,0.2391,0.0000,-0.1712,0.3124,-0.0006,0.0314,0.0026,-0.0150,-0.1591,0.6727,-1.5600,0.2244,-0.02415,-3.12294,0.0293,-0.1138,-0.1139,0.0143,0.00000,0.00000,0.7835,-1.3363
649,25.9600,0.2398,0.0000,-0.1648,0.3145,0.0018,0.0295,-0.0103,-0.0044,-0.1606,0.6649,-1.5502,0.2244,-0.02476,-3.12292,0.0308,-0.1134,-0.1051,0.0141,0.00000,0.00000,0.7784,-1.3308
650,26.0000,0.2404,0.0000,-0.1588,0.3170,0.0011,0.0270,-0.0067,-0.0095,-0.1445,0.6570,-1.5404,0.2244,-0.02501,-3.12249,0.0290,-0.1098,-0.1123,0.0159,0.00000,0.00000,0.7733,-1.3252
651,26.0400,0.2409,0.0000,-0.1532,0.3203,0.0016,0.0280,-0.0093,-0.0254,-0.1420,0.6492,-1.5304,0.2243,-0.02596,-3.12219,0.0323,-0.1113,-0.1098,0.0137,0.00000,0.00000,0.7681,-1.3195
652,26.0800,0.2413,0.0000,-0.1479,0.3222,0.0006,0.0297,-0.0039,-0.0157,-0.1405,0.6414,-1.5203,0.2243,-0.02683,-3.12197,0.0312,-0.1101,-0.1096,0.0176,0.00000,0.00000,0.7630,-1.3138
653,26.1200,0.2417,0.0000,-0.1429,0.3239,0.0013,0.0284,-0.0077,-0.0119,-0.1373,0.6336,-1.5101,0.2243,-0.02752,-3.12183,0.0329,-0.1102,-0.1071,0.0125,0.00000,0.00000,0.7578,-1.3080
654,26.1600,0.2420,0.0000,-0.1382,0.3256,0.0011,0.0259,-0.0065,-0.0115,-0.1282,0.6257,-1.4998,0.2243,-0.02808,-3.12155,0.0311,-0.1085,-0.1063,0.0166,0.00000,0.00000,0.7526,-1.3020
655,26.2000,0.2423,0.0000,-0.1338,0.3273,0.0014,0.0275,-0.0083,-0.0109,-0.1249,0.6179,-1.4894,0.2242,-0.02859,-3.12129,0.0320,-0.1106,-0.1109,0.0139,0.00000,0.00000,0.7474,-1.2961
656,26.2400,0.2425,0.0000,-0.1296,0.3298,0.0001,0.0132,-0.0018,-0.0274,-0.1640,0.6101,-1.4789,0.2239,-0.02975,-3.12118,0.0187,-0.0971,-0.0831,0.0095,0.00000,0.00000,0.7422,-1.2900
657,26.2800,0.2426,0.0000,-0.1255,0.3297,0.0019,0.0204,-0.0110,0.0057,-0.1572,0.6024,-1.4683,0.2234,-0.03022,-3.12107,0.0222,-0.1049,-0.0947,0.0195,0.00000,0.00000,0.7370,-1.2838
658,26.3200,0.2427,0.0000,-0.1215,0.3311,0.0013,0.0301,-0.0081,0.0276,-0.1496,0.5946,-1.4577,0.2234,-0.02948,-3.12052,0.0231,-0.1064,-0.0971,0.0173,0.00000,0.00000,0.7318,-1.2775
659,26.3600,0.2428,0.0000,-0.1175,0.3346,-0.0018,0.0253,0.0081,0.0033,-0.1345,0.5869,-1.4468,0.2234,-0.02907,-3.12081,0.0203,-0.1032,-0.0930,0.0116,0.00000,0.00000,0.7265,-1.2712
660,26.4000,0.2429,0.0000,-0.1135,0.3369,-0.0000,0.0260,-0.0013,0.0005,-0.1315,0.5793,-1.4359,0.2233,-0.02922,-3.12137,0.0254,-0.1036,-0.0932,0.0182,0.00000,0.00000,0.7213,-1.2648
661,26.4400,0.2429,0.0000,-0.1098,0.3399,0.0016,0.0277,-0.0100,-0.0159,-0.1292,0.5716,-1.4249,0.2233,-0.02961,-3.12109,0.0250,-0.1032,-0.0980,0.0130,0.00000,0.00000,0.7160,-1.2583
662,26.4800,0.2429,0.0000,-0.1061,0.3420,0.0011,0.0258,-0.0073,-0.0164,-0.1282,0.5638,-1.4137,0.2233,-0.03040,-3.12074,0.0237,-0.1034,-0.0956,0.0123,0.00000,0.00000,0.7107,-1.2517
663,26.5200,0.2429,0.0000,-0.1026,0.3437,0.0007,0.0267,-0.0051,-0.0138,-0.1174,0.5561,-1.4025,0.2233,-0.03107,-3.12055,0.0255,-0.1032,-0.0969,0.0162,0.00000,0.00000,0.7054,-1.2451
664,26.5600,0.2428,0.0000,-0.0992,0.3450,0.0008,0.0260,-0.0058,-0.0064,-0.1268,0.5484,-1.3911,0.2233,-0.03154,-3.12045,0.0256,-0.1017,-0.0956,0.0135,0.00000,0.00000,0.7001,-1.2384
665,26.6000,0.2427,0.0000,-0.0959,0.3455,0.0015,0.0268,-0.0097,0.0160,-0.1195,0.5407,-1.3797,0.2233,-0.03142,-3.12016,0.0231,-0.1061,-0.0956,0.0137,0.00000,0.00000,0.6948,-1.2316
666,26.6400,0.2425,0.0000,-0.0927,0.3485,0.0023,0.0257,-0.0137,-0.0116,-0.1115,0.5330,-1.3682,0.2233,-0.03152,-3.11944,0.0262,-0.1047,-0.0946,0.0138,0.00000,0.00000,0.6895,-1.2247
667,26.6800,0.2424,0.0000,-0.0897,0.3502,-0.0002,0.0247,-0.0005,-0.0142,-0.1094,0.5253,-1.3566,0.2232,-0.03206,-3.11926,0.0250,-0.1011,-0.0981,0.0144,0.00000,0.00000,0.6842,-1.2177
668,26.7200,0.2422,0.0000,-0.0867,0.3520,0.0007,0.0276,-0.0053,-0.0187,-0.1065,0.5177,-1.3449,0.2232,-0.03289,-3.11933,0.0271,-0.1053,-0.0978,0.0135,0.00000,0.00000,0.6788,-1.2107
669,26.7600,0.2419,0.0000,-0.0839,0.3529,-0.0026,0.0263,0.0121,-0.0126,-0.1166,0.5102,-1.3331,0.2233,-0.03340,-3.11992,0.0197,-0.1020,-0.1056,0.0153,0.00000,0.00000,0.6735,-1.2035
670,26.8000,0.2417,0.0000,-0.0811,0.3542,-0.0016,0.0292,0.0068,-0.0148,-0.1003,0.5027,-1.3212,0.2234,-0.03412,-3.12100,0.0248,-0.1075,-0.1045,0.0147,0.00000,0.00000,0.6681,-1.1963
671,26.8400,0.2414,0.0000,-0.0785,0.3545,0.0002,0.0254,-0.0023,-0.0096,-0.1091,0.4951,-1.3093,0.2235,-0.03465,-3.12142,0.0231,-0.1035,-0.1013,0.0141,0.00000,0.00000,0.6627,-1.1890
672,26.8800,0.2411,0.0000,-0.0759,0.3547,0.0011,0.0253,-0.0074,-0.0007,-0.1182,0.4876,-1.2973,0.2235,-0.03489,-3.12134,0.0242,-0.1047,-0.1028,0.0206,0.00000,0.00000,0.6573,-1.1817
673,26.9200,0.2408,0.0000,-0.0733,0.3562,0.0001,0.0249,-0.0020,-0.0167,-0.1021,0.4801,-1.2854,0.2235,-0.03530,-3.12126,0.0222,-0.1051,-0.1047,0.0151,0.00000,0.00000,0.6519,-1.1743
674,26.9600,0.2405,0.0000,-0.0707,0.3571,-0.0006,0.0252,0.0016,-0.0248,-0.0921,0.4727,-1.2733,0.2235,-0.03624,-3.12162,0.0247,-0.1046,-0.1040,0.0190,0.00000,0.00000,0.6465,-1.1668
675,27.0000,0.2402,0.0000,-0.0683,0.3569,0.0003,0.0238,-0.0030,-0.0185,-0.0960,0.4653,-1.2612,0.2235,-0.03708,-3.12190,0.0242,-0.1021,-0.1046,0.0134,0.00000,0.00000,0.6411,-1.1592
676,27.0400,0.2399,0.0000,-0.0660,0.3564,0.0010,0.0246,-0.0068,-0.0100,-0.0929,0.4579,-1.2491,0.2235,-0.03765,-3.12181,0.0233,-0.1056,-0.1081,0.0160,0.00000,0.00000,0.6357,-1.1515
677,27.0800,0.2395,0.0000,-0.0637,0.3559,0.0006,0.0246,-0.0049,-0.0026,-0.0857,0.4505,-1.2369,0.2236,-0.03793,-3.12168,0.0221,-0.1058,-0.1056,0.0164,0.00000,0.00000,0.6302,-1.1438
678,27.1200,0.2392,0.0000,-0.0615,0.3557,0.0020,0.0234,-0.0119,-0.0016,-0.1050,0.4432,-1.2248,0.2236,-0.03810,-3.12137,0.0237,-0.1059,-0.1041,0.0145,0.00000,0.00000,0.6248,-1.1360
679,27.1600,0.2388,0.0000,-0.0594,0.3563,0.0012,0.0226,-0.0080,-0.0181,-0.0947,0.4359,-1.2127,0.2236,-0.03856,-3.12080,0.0220,-0.1051,-0.1035,0.0157,0.00000,0.00000,0.6193,-1.1281
680,27.2000,0.2385,0.0000,-0.0573,0.3555,0.0001,0.0245,-0.0020,-0.0090,-0.0809,0.4287,-1.2005,0.2236,-0.03906,-3.12084,0.0234,-0.1067,-0.1095,0.0147,0.00000,0.00000,0.6138,-1.1202
681,27.2400,0.2382,0.0000,-0.0552,0.3551,-0.0000,0.0240,-0.0012,-0.0111,-0.0838,0.4215,-1.1883,0.2236,-0.03951,-3.12103,0.0229,-0.1049,-0.1062,0.0153,0.00000,0.00000,0.6084,-1.1122
682,27.2800,0.2378,0.0000,-0.0532,0.3533,0.0003,0.0239,-0.0030,0.0114,-0.0795,0.4144,-1.1761,0.2236,-0.03942,-3.12125,0.0219,-0.1064,-0.1098,0.0125,0.00000,0.00000,0.6029,-1.1041
683,27.3200,0.2375,0.0000,-0.0514,0.3531,0.0011,0.0242,-0.0073,0.0026,-0.0751,0.4074,-1.1639,0.2237,-0.03921,-3.12107,0.0211,-0.1087,-0.1101,0.0139,0.00000,0.00000,0.5974,-1.0959
684,27.3600,0.2372,0.0000,-0.0496,0.3537,0.0016,0.0244,-0.0097,-0.0206,-0.0756,0.4003,-1.1517,0.2237,-0.03966,-3.12065,0.0261,-0.1070,-0.1099,0.0132,0.00000,0.00000,0.5919,-1.0877
685,27.4000,0.2369,0.0000,-0.0478,0.3517,-0.0011,0.0238,0.0044,0.0026,-0.0590,0.3934,-1.1396,0.2238,-0.03990,-3.12087,0.0219,-0.1054,-0.1123,0.0142,0.00000,0.00000,0.5864,-1.0794
686,27.4400,0.2366,0.0000,-0.0462,0.3511,0.0000,0.0237,-0.0013,-0.0030,-0.0598,0.3865,-1.1274,0.2238,-0.04002,-3.12136,0.0239,-0.1069,-0.1099,0.0147,0.00000,0.00000,0.5808,-1.0710
687,27.4800,0.2363,0.0000,-0.0448,0.3499,0.0019,0.0241,-0.0110,0.0018,-0.0676,0.3796,-1.1152,0.2238,-0.04004,-3.12112,0.0246,-0.1074,-0.1109,0.0130,0.00000,0.00000,0.5753,-1.0626
688,27.5200,0.2361,0.0000,-0.0434,0.3487,0.0018,0.0221,-0.0106,0.0075,-0.0662,0.3727,-1.1031,0.2238,-0.03986,-3.12050,0.0209,-0.1085,-0.1099,0.0105,0.00000,0.00000,0.5697,-1.0541
689,27.5600,0.2358,0.0000,-0.0421,0.3481,0.0003,0.0247,-0.0029,0.0042,-0.0548,0.3658,-1.0910,0.2238,-0.03962,-3.12026,0.0241,-0.1084,-0.1128,0.0183,0.00000,0.00000,0.5642,-1.0455
690,27.6000,0.2356,0.0000,-0.0409,0.3474,-0.0003,0.0239,0.0002,0.0070,-0.0632,0.3591,-1.0789,0.2238,-0.03942,-3.12053,0.0223,-0.1077,-0.1108,0.0112,0.00000,0.00000,0.5586,-1.0369
691,27.6400,0.2354,0.0000,-0.0397,0.3467,0.0000,0.0250,-0.0014,0.0064,-0.0636,0.3524,-1.0668,0.2239,-0.03917,-3.12077,0.0240,-0.1080,-0.1124,0.0164,0.00000,0.00000,0.5531,-1.0282
692,27.6800,0.2352,0.0000,-0.0386,0.3455,0.0015,0.0253,-0.0091,0.0165,-0.0588,0.3457,-1.0547,0.2239,-0.03872,-3.12068,0.0232,-0.1115,-0.1134,0.0101,0.00000,0.00000,0.5475,-1.0194
693,27.7200,0.2350,0.0000,-0.0376,0.3455,0.0009,0.0240,-0.0061,0.0006,-0.0459,0.3390,-1.0427,0.2240,-0.03837,-3.12026,0.0225,-0.1108,-0.1172,0.0130,0.00000,0.00000,0.5419,-1.0106
694,27.7600,0.2349,0.0000,-0.0366,0.3456,-0.0002,0.0240,-0.0001,-0.0111,-0.0397,0.3324,-1.0306,0.2240,-0.03866,-3.12034,0.0249,-0.1086,-0.1145,0.0138,0.00000,0.00000,0.5363,-1.0017
695,27.8000,0.2348,0.0000,-0.0358,0.3442,0.0011,0.0252,-0.0070,0.0033,-0.0391,0.3258,-1.0185,0.2240,-0.03884,-3.12039,0.0268,-0.1096,-0.1123,0.0132,0.00000,0.00000,0.5307,-0.9927
696,27.8400,0.2347,0.0000,-0.0351,0.3433,0.0004,0.0238,-0.0032,0.0039,-0.0417,0.3193,-1.0065,0.2240,-0.03860,-3.12021,0.0236,-0.1085,-0.1173,0.0132,0.00000,0.00000,0.5251,-0.9837
697,27.8800,0.2346,0.0000,-0.0345,0.3430,0.0014,0.0246,-0.0086,-0.0004,-0.0440,0.3127,-0.9945,0.2240,-0.03869,-3.11999,0.0245,-0.1129,-0.1129,0.0128,0.00000,0.00000,0.5194,-0.9746
698,27.9200,0.2345,0.0000,-0.0339,0.3416,0.0008,0.0225,-0.0055,0.0100,-0.0336,0.3062,-0.9825,0.2240,-0.03840,-3.11969,0.0221,-0.1098,-0.1151,0.0083,0.00000,0.00000,0.5138,-0.9654
699,27.9600,0.2345,0.0000,-0.0335,0.3418,0.0009,0.0219,-0.0060,-0.0077,-0.0366,0.2997,-0.9705,0.2239,-0.03845,-3.11945,0.0241,-0.1091,-0.1140,0.0123,0.00000,0.00000,0.5082,-0.9562
700,28.0000,0.2344,0.0000,-0.0331,0.3414,0.0006,0.0270,-0.0044,-0.0086,-0.0461,0.2932,-0.9586,0.2239,-0.03876,-3.11927,0.0288,-0.1090,-0.1156,0.0176,0.00000,0.00000,0.5025,-0.9470
701,28.0400,0.2344,0.0000,-0.0328,0.3393,0.0000,0.0265,-0.0017,0.0181,-0.0328,0.2868,-0.9466,0.2241,-0.03847,-3.11940,0.0233,-0.1125,-0.1171,0.0064,0.00000,0.00000,0.4969,-0.9376
702,28.0800,0.2345,0.0000,-0.0325,0.3383,0.0029,0.0225,-0.0167,0.0162,-0.0361,0.2804,-0.9347,0.2241,-0.03792,-3.11889,0.0256,-0.1130,-0.1112,0.0095,0.00000,0.00000,0.4912,-0.9282
703,28.1200,0.2345,0.0000,-0.0323,0.3380,0.0024,0.0233,-0.0141,0.0082,-0.0349,0.2739,-0.9229,0.2240,-0.03735,-3.11774,0.0245,-0.1123,-0.1176,0.0127,0.00000,0.00000,0.4855,-0.9188
704,28.1600,0.2346,0.0000,-0.0321,0.3372,-0.0004,0.0233,0.0006,0.0175,-0.0162,0.2675,-0.9110,0.2239,-0.03683,-3.11758,0.0214,-0.1116,-0.1134,0.0078,0.00000,0.00000,0.4798,-0.9092
705,28.2000,0.2347,0.0000,-0.0320,0.3376,0.0013,0.0250,-0.0082,0.0031,-0.0317,0.2612,-0.8991,0.2239,-0.03654,-3.11751,0.0269,-0.1118,-0.1117,0.0124,0.00000,0.00000,0.4741,-0.8997
706,28.2400,0.2348,0.0000,-0.0320,0.3373,-0.0007,0.0279,0.0027,0.0060,-0.0294,0.2549,-0.8872,0.2240,-0.03625,-3.11751,0.0252,-0.1110,-0.1175,0.0149,0.00000,0.00000,0.4685,-0.8900
707,28.2800,0.2349,0.0000,-0.0320,0.3362,0.0004,0.0257,-0.0032,0.0220,-0.0172,0.2486,-0.8753,0.2241,-0.03578,-3.11789,0.0252,-0.1136,-0.1116,0.0046,0.00000,0.00000,0.4627,-0.8804
708,28.3200,0.2351,0.0000,-0.0321,0.3358,0.0026,0.0252,-0.0147,0.0220,-0.0201,0.2423,-0.8635,0.2241,-0.03492,-3.11721,0.0277,-0.1126,-0.1123,0.0153,0.00000,0.00000,0.4570,-0.8706
709,28.3600,0.2353,0.0000,-0.0323,0.3375,0.0011,0.0262,-0.0072,-0.0091,-0.0198,0.2359,-0.8516,0.2241,-0.03469,-3.11640,0.0299,-0.1104,-0.1158,0.0130,0.00000,0.00000,0.4513,-0.8608
710,28.4000,0.2354,0.0000,-0.0326,0.3374,-0.0017,0.0263,0.0075,-0.0047,-0.0176,0.2297,-0.8397,0.2241,-0.03495,-3.11683,0.0266,-0.1110,-0.1183,0.0084,0.00000,0.00000,0.4456,-0.8510
711,28.4400,0.2356,0.0000,-0.0329,0.3368,0.0016,0.0270,-0.0096,0.0025,-0.0203,0.2234,-0.8278,0.2241,-0.03514,-3.11700,0.0299,-0.1141,-0.1112,0.0086,0.00000,0.00000,0.4399,-0.8410
712,28.4800,0.2359,0.0000,-0.0332,0.3359,0.0016,0.0255,-0.0095,0.0122,-0.0262,0.2171,-0.8160,0.2242,-0.03475,-3.11630,0.0291,-0.1103,-0.1120,0.0158,0.00000,0.00000,0.4341,-0.8311
713,28.5200,0.2361,0.0000,-0.0336,0.3362,0.0011,0.0245,-0.0071,0.0064,-0.0238,0.2108,-0.8042,0.2241,-0.03443,-3.11587,0.0267,-0.1138,-0.1153,0.0068,0.00000,0.00000,0.4284,-0.8211
714,28.5600,0.2363,0.0000,-0.0339,0.3361,0.0002,0.0255,-0.0020,0.0083,-0.0269,0.2045,-0.7923,0.2241,-0.03415,-3.11574,0.0267,-0.1123,-0.1147,0.0120,0.00000,0.00000,0.4226,-0.8110
715,28.6000,0.2366,0.0000,-0.0343,0.3361,0.0014,0.0274,-0.0083,0.0099,-0.0226,0.1983,-0.7804,0.2242,-0.03386,-3.11553,0.0298,-0.1142,-0.1126,0.0086,0.00000,0.00000,0.4169,-0.8009
716,28.6400,0.2369,0.0000,-0.0347,0.3360,-0.0005,0.0244,0.0015,0.0125,-0.0257,0.1920,-0.7686,0.2241,-0.03337,-3.11547,0.0279,-0.1076,-0.1102,0.0142,0.00000,0.00000,0.4111,-0.7907
717,28.6800,0.2372,0.0000,-0.0350,0.3372,-0.0006,0.0245,0.0019,-0.0071,-0.0122,0.1858,-0.7567,0.2241,-0.03338,-3.11589,0.0293,-0.1093,-0.1120,0.0102,0.00000,0.00000,0.4053,-0.7805
718,28.7200,0.2375,0.0000,-0.0353,0.3374,0.0007,0.0274,-0.0048,-0.0046,-0.0156,0.1796,-0.7448,0.2241,-0.03367,-3.11600,0.0291,-0.1127,-0.1138,0.0111,0.00000,0.00000,0.3995,-0.7702
719,28.7600,0.2378,0.0000,-0.0358,0.3368,0.0018,0.0250,-0.0106,0.0077,-0.0225,0.1733,-0.7329,0.2241,-0.03359,-3.11552,0.0283,-0.1103,-0.1088,0.0055,0.00000,0.00000,0.3938,-0.7599
720,28.8000,0.2381,0.0000,-0.0362,0.3373,0.0006,0.0253,-0.0041,0.0002,-0.0100,0.1671,-0.7210,0.2241,-0.03340,-3.11504,0.0280,-0.1118,-0.1151,0.0122,0.00000,0.00000,0.3880,-0.7495
721,28.8400,0.2385,0.0000,-0.0366,0.3380,-0.0005,0.0281,0.0013,-0.0045,-0.0291,0.1609,-0.7090,0.2241,-0.03354,-3.11522,0.0307,-0.1112,-0.1135,0.0141,0.00000,0.00000,0.3822,-0.7391
722,28.8800,0.2388,0.0000,-0.0371,0.3386,0.0001,0.0264,-0.0017,-0.0116,-0.0271,0.1546,-0.6971,0.2242,-0.03395,-3.11544,0.0297,-0.1106,-0.1096,0.0061,0.00000,0.00000,0.3764,-0.7286
723,28.9200,0.2391,0.0000,-0.0375,0.3382,0.0008,0.0235,-0.0055,-0.0092,-0.0207,0.1484,-0.6851,0.2241,-0.03438,-3.11539,0.0286,-0.1103,-0.1115,0.0091,0.00000,0.00000,0.3705,-0.7181
724,28.9600,0.2395,0.0000,-0.0378,0.3373,0.0006,0.0248,-0.0044,0.0095,-0.0152,0.1422,-0.6731,0.2241,-0.03432,-3.11522,0.0274,-0.1114,-0.1129,0.0116,0.00000,0.00000,0.3647,-0.7076
725,29.0000,0.2399,0.0000,-0.0382,0.3381,0.0026,0.0276,-0.0148,0.0000,-0.0385,0.1359,-0.6612,0.2241,-0.03421,-3.11458,0.0320,-0.1133,-0.1117,0.0100,0.00000,0.00000,0.3589,-0.6970
726,29.0400,0.2402,0.0000,-0.0385,0.3378,0.0004,0.0266,-0.0036,0.0100,-0.0295,0.1296,-0.6493,0.2242,-0.03395,-3.11402,0.0276,-0.1129,-0.1110,0.0103,0.00000,0.00000,0.3531,-0.6863
727,29.0800,0.2406,0.0000,-0.0388,0.3386,-0.0020,0.0109,0.0087,-0.0034,-0.0620,0.1235,-0.6372,0.2238,-0.03412,-3.11465,0.0164,-0.0989,-0.0862,0.0100,0.00000,0.00000,0.3472,-0.6756
728,29.1200,0.2410,0.0000,-0.0388,0.3394,0.0012,0.0174,-0.0079,-0.0080,-0.0632,0.1174,-0.6252,0.2233,-0.03446,-3.11496,0.0218,-0.1034,-0.0942,0.0176,0.00000,0.00000,0.3414,-0.6649
729,29.1600,0.2414,0.0000,-0.0387,0.3391,0.0017,0.0273,-0.0103,0.0238,-0.0600,0.1112,-0.6132,0.2232,-0.03397,-3.11432,0.0202,-0.1075,-0.0996,0.0097,0.00000,0.00000,0.3356,-0.6541
730,29.2000,0.2419,0.0000,-0.0383,0.3410,-0.0008,0.0260,0.0025,0.0112,-0.0542,0.1050,-0.6011,0.2233,-0.03339,-3.11426,0.0200,-0.1063,-0.0951,0.0133,0.00000,0.00000,0.3297,-0.6433
731,29.2400,0.2423,0.0000,-0.0378,0.3419,-0.0005,0.0255,0.0008,0.0145,-0.0527,0.0989,-0.5889,0.2233,-0.03294,-3.11484,0.0221,-0.1063,-0.0968,0.0125,0.00000,0.00000,0.3239,-0.6324
732,29.2800,0.2427,0.0000,-0.0372,0.3432,0.0009,0.0252,-0.0059,0.0124,-0.0439,0.0927,-0.5767,0.2232,-0.03246,-3.11480,0.0224,-0.1054,-0.0962,0.0113,0.00000,0.00000,0.3180,-0.6215
733,29.3200,0.2432,0.0000,-0.0366,0.3458,0.0009,0.0231,-0.0059,-0.0096,-0.0608,0.0865,-0.5644,0.2231,-0.03255,-3.11445,0.0221,-0.1022,-0.0938,0.0136,0.00000,0.00000,0.3121,-0.6106
734,29.3600,0.2436,0.0000,-0.0358,0.3467,0.0004,0.0264,-0.0034,0.0023,-0.0465,0.0803,-0.5521,0.2231,-0.03270,-3.11434,0.0218,-0.1062,-0.0990,0.0097,0.00000,0.00000,0.3063,-0.5996
735,29.4000,0.2441,0.0000,-0.0350,0.3488,-0.0032,0.0300,0.0154,-0.0055,-0.0571,0.0742,-0.5397,0.2232,-0.03273,-3.11515,0.0199,-0.1058,-0.1063,0.0222,0.00000,0.00000,0.3004,-0.5886
736,29.4400,0.2445,0.0000,-0.0341,0.3505,-0.0030,0.0286,0.0144,-0.0090,-0.0615,0.0682,-0.5271,0.2234,-0.03317,-3.11696,0.0199,-0.1066,-0.1017,0.0090,0.00000,0.00000,0.2945,-0.5775
737,29.4800,0.2449,0.0000,-0.0331,0.3511,-0.0011,0.0244,0.0043,-0.0056,-0.0547,0.0621,-0.5145,0.2234,-0.03353,-3.11805,0.0169,-0.1062,-0.1023,0.0144,0.00000,0.00000,0.2886,-0.5664
738,29.5200,0.2453,0.0000,-0.0319,0.3526,0.0016,0.0257,-0.0099,-0.0159,-0.0638,0.0559,-0.5019,0.2234,-0.03402,-3.11793,0.0235,-0.1052,-0.1032,0.0183,0.00000,0.00000,0.2827,-0.5553
739,29.5600,0.2457,0.0000,-0.0307,0.3531,0.0003,0.0262,-0.0028,-0.0039,-0.0484,0.0497,-0.4893,0.2234,-0.03438,-3.11760,0.0193,-0.1061,-0.1035,0.0152,0.00000,0.00000,0.2768,-0.5441
740,29.6000,0.2461,0.0000,-0.0295,0.3541,-0.0010,0.0240,0.0038,-0.0069,-0.0688,0.0436,-0.4766,0.2234,-0.03464,-3.11806,0.0193,-0.1035,-0.1034,0.0179,0.00000,0.00000,0.2709,-0.5329
741,29.6400,0.2464,0.0000,-0.0281,0.3546,-0.0006,0.0259,0.0018,0.0012,-0.0559,0.0375,-0.4639,0.2234,-0.03480,-3.11866,0.0173,-0.1073,-0.1051,0.0142,0.00000,0.00000,0.2650,-0.5217
742,29.6800,0.2468,0.0000,-0.0267,0.3554,0.0022,0.0242,-0.0131,-0.0024,-0.0647,0.0313,-0.4511,0.2234,-0.03495,-3.11842,0.0202,-0.1064,-0.1008,0.0120,0.00000,0.00000,0.2591,-0.5104
743,29.7200,0.2471,0.0000,-0.0252,0.3568,0.0008,0.0248,-0.0055,-0.0169,-0.0423,0.0252,-0.4384,0.2234,-0.03533,-3.11771,0.0190,-0.1066,-0.1062,0.0184,0.00000,0.00000,0.2532,-0.4991
744,29.7600,0.2474,0.0000,-0.0237,0.3577,0.0002,0.0218,-0.0025,-0.0211,-0.0594,0.0191,-0.4255,0.2233,-0.03621,-3.11780,0.0194,-0.1022,-0.0987,0.0129,0.00000,0.00000,0.2473,-0.4878
745,29.8000,0.2477,0.0000,-0.0222,0.3564,0.0011,0.0281,-0.0069,0.0145,-0.0609,0.0129,-0.4127,0.2234,-0.03623,-3.11773,0.0202,-0.1091,-0.1081,0.0182,0.00000,0.00000,0.2414,-0.4764
746,29.8400,0.2480,0.0000,-0.0206,0.3581,0.0009,0.0244,-0.0064,-0.0088,-0.0630,0.0068,-0.3998,0.2235,-0.03624,-3.11728,0.0187,-0.1058,-0.1009,0.0110,0.00000,0.00000,0.2354,-0.4651
747,29.8800,0.2483,0.0000,-0.0189,0.3585,-0.0005,0.0242,0.0012,-0.0111,-0.0418,0.0008,-0.3869,0.2235,-0.03667,-3.11743,0.0202,-0.1068,-0.1055,0.0194,0.00000,0.00000,0.2295,-0.4536
748,29.9200,0.2485,0.0000,-0.0173,0.3581,0.0019,0.0241,-0.0112,-0.0013,-0.0407,-0.0053,-0.3740,0.2235,-0.03695,-3.11732,0.0210,-0.1079,-0.1040,0.0088,0.00000,0.00000,0.2236,-0.4422
749,29.9600,0.2488,0.0000,-0.0156,0.3579,-0.0009,0.0235,0.0034,0.0060,-0.0346,-0.0114,-0.3611,0.2235,-0.03671,-3.11720,0.0160,-0.1050,-0.1100,0.0174,0.00000,0.00000,0.2177,-0.4307
750,30.0000,0.2490,0.0000,-0.0141,0.3592,0.0006,0.0261,-0.0044,-0.0119,-0.0409,-0.0174,-0.3481,0.2235,-0.03703,-3.11752,0.0209,-0.1098,-0.1075,0.0116,0.00000,0.00000,0.2117,-0.4192
751,30.0400,0.2492,0.0000,-0.0126,0.3590,0.0004,0.0249,-0.0035,-0.0096,-0.0387,-0.0234,-0.3351,0.2236,-0.03739,-3.11741,0.0185,-0.1076,-0.1102,0.0100,0.00000,0.00000,0.2058,-0.4077
752,30.0800,0.2493,0.0000,-0.0111,0.3587,0.0012,0.0238,-0.0078,-0.0068,-0.0263,-0.0294,-0.3221,0.2236,-0.03778,-3.11720,0.0207,-0.1092,-0.1077,0.0111,0.00000,0.00000,0.1998,-0.3961
753,30.1200,0.2495,0.0000,-0.0097,0.3577,0.0002,0.0231,-0.0022,0.0070,-0.0325,-0.0354,-0.3092,0.2236,-0.03766,-3.11703,0.0189,-0.1058,-0.1095,0.0151,0.00000,0.00000,0.1939,-0.3845
754,30.1600,0.2496,0.0000,-0.0084,0.3582,-0.0004,0.0247,0.0008,-0.0020,-0.0272,-0.0414,-0.2962,0.2236,-0.03761,-3.11726,0.0194,-0.1079,-0.1102,0.0131,0.00000,0.00000,0.1879,-0.3729
755,30.2000,0.2498,0.0000,-0.0071,0.3585,0.0007,0.0258,-0.0048,-0.0098,-0.0339,-0.0473,-0.2832,0.2236,-0.03795,-3.11736,0.0225,-0.1086,-0.1071,0.0155,0.00000,0.00000,0.1820,-0.3613
756,30.2400,0.2499,0.0000,-0.0059,0.3563,0.0000,0.0256,-0.0015,0.0267,-0.0201,-0.0532,-0.2702,0.2237,-0.03743,-3.11745,0.0194,-0.1093,-0.1120,0.0120,0.00000,0.00000,0.1760,-0.3496
757,30.2800,0.2500,0.0000,-0.0047,0.3573,0.0012,0.0221,-0.0077,0.0032,-0.0190,-0.0592,-0.2573,0.2237,-0.03700,-3.11723,0.0212,-0.1078,-0.1061,0.0132,0.00000,0.00000,0.1701,-0.3379
758,30.3200,0.2501,0.0000,-0.0036,0.3573,0.0005,0.0243,-0.0038,0.0025,-0.0112,-0.0651,-0.2443,0.2237,-0.03687,-3.11694,0.0208,-0.1090,-0.1107,0.0171,0.00000,0.00000,0.1641,-0.3262
759,30.3600,0.2501,0.0000,-0.0026,0.3569,-0.0001,0.0262,-0.0008,0.0140,-0.0091,-0.0710,-0.2314,0.2237,-0.03649,-3.11706,0.0209,-0.1098,-0.1122,0.0121,0.00000,0.00000,0.1581,-0.3145
760,30.4000,0.2502,0.0000,-0.0018,0.3579,0.0007,0.0244,-0.0050,-0.0035,-0.0117,-0.0770,-0.2184,0.2238,-0.03641,-3.11704,0.0223,-0.1090,-0.1087,0.0121,0.00000,0.00000,0.1522,-0.3028
761,30.4400,0.2502,0.0000,-0.0010,0.3578,0.0011,0.0254,-0.0072,-0.0023,-0.0061,-0.0829,-0.2054,0.2238,-0.03652,-3.11675,0.0221,-0.1119,-0.1141,0.0128,0.00000,0.00000,0.1462,-0.2910
762,30.4800,0.2502,0.0000,-0.0003,0.3574,-0.0001,0.0261,-0.0008,0.0070,-0.0053,-0.0888,-0.1924,0.2239,-0.03636,-3.11666,0.0222,-0.1106,-0.1140,0.0150,0.00000,0.00000,0.1402,-0.2792
763,30.5200,0.2502,0.0000,0.0003,0.3571,0.0008,0.0237,-0.0054,0.0145,-0.0072,-0.0948,-0.1795,0.2239,-0.03601,-3.11673,0.0205,-0.1121,-0.1099,0.0091,0.00000,0.00000,0.1342,-0.2674
764,30.5600,0.2502,0.0000,0.0008,0.3580,0.0015,0.0237,-0.0088,-0.0036,-0.0035,-0.1008,-0.1665,0.2239,-0.03584,-3.11615,0.0220,-0.1119,-0.1116,0.0151,0.00000,0.00000,0.1283,-0.2556
765,30.6000,0.2502,0.0000,0.0012,0.3587,0.0010,0.0241,-0.0066,-0.0128,-0.0009,-0.1067,-0.1535,0.2239,-0.03621,-3.11571,0.0252,-0.1094,-0.1099,0.0123,0.00000,0.00000,0.1223,-0.2438
766,30.6400,0.2502,0.0000,0.0016,0.3579,-0.0002,0.0241,-0.0003,0.0015,0.0162,-0.1127,-0.1406,0.2239,-0.03632,-3.11575,0.0233,-0.1093,-0.1140,0.0096,0.00000,0.00000,0.1163,-0.2319
767,30.6800,0.2501,0.0000,0.0018,0.3587,0.0005,0.0249,-0.0037,-0.0160,-0.0056,-0.1186,-0.1276,0.2239,-0.03669,-3.11581,0.0261,-0.1095,-0.1142,0.0144,0.00000,0.00000,0.1103,-0.2201
768,30.7200,0.2500,0.0000,0.0020,0.3579,0.0013,0.0253,-0.0081,-0.0052,-0.0019,-0.1246,-0.1146,0.2239,-0.03709,-3.11555,0.0240,-0.1127,-0.1152,0.0043,0.00000,0.00000,0.1043,-0.2082
769,30.7600,0.2499,0.0000,0.0021,0.3571,0.0002,0.0245,-0.0024,0.0001,0.0078,-0.1306,-0.1017,0.2240,-0.03712,-3.11527,0.0247,-0.1108,-0.1156,0.0135,0.00000,0.00000,0.0984,-0.1963
770,30.8000,0.2498,0.0000,0.0021,0.3559,-0.0005,0.0245,0.0014,0.0149,0.0187,-0.1365,-0.0887,0.2240,-0.03677,-3.11558,0.0240,-0.1121,-0.1155,0.0107,0.00000,0.00000,0.0924,-0.1844
771,30.8400,0.2497,0.0000,0.0021,0.3564,0.0014,0.0211,-0.0086,-0.0031,0.0004,-0.1425,-0.0758,0.2239,-0.03667,-3.11542,0.0233,-0.1096,-0.1086,0.0083,0.00000,0.00000,0.0864,-0.1725
772,30.8800,0.2495,0.0000,0.0020,0.3558,0.0018,0.0249,-0.0105,0.0009,0.0019,-0.1485,-0.0630,0.2239,-0.03663,-3.11471,0.0263,-0.1120,-0.1167,0.0111,0.00000,0.00000,0.0804,-0.1605
773,30.9200,0.2494,0.0000,0.0019,0.3553,-0.0001,0.0265,-0.0008,0.0083,0.0158,-0.1545,-0.0501,0.2239,-0.03641,-3.11442,0.0244,-0.1128,-0.1139,0.0106,0.00000,0.00000,0.0744,-0.1486
774,30.9600,0.2492,0.0000,0.0017,0.3549,0.0002,0.0233,-0.0023,0.0048,0.0170,-0.1604,-0.0372,0.2240,-0.03615,-3.11462,0.0262,-0.1108,-0.1131,0.0055,0.00000,0.00000,0.0684,-0.1367
775,31.0000,0.2491,0.0000,0.0014,0.3549,0.0020,0.0254,-0.0113,-0.0022,0.0025,-0.1665,-0.0244,0.2239,-0.03617,-3.11411,0.0299,-0.1112,-0.1111,0.0155,0.00000,0.00000,0.0624,-0.1247
776,31.0400,0.2489,0.0000,0.0011,0.3549,0.0004,0.0241,-0.0031,-0.0083,0.0116,-0.1725,-0.0116,0.2240,-0.03633,-3.11365,0.0251,-0.1109,-0.1133,0.0067,0.00000,0.00000,0.0564,-0.1127
777,31.0800,0.2487,0.0000,0.0008,0.3540,-0.0012,0.0265,0.0050,0.0011,0.0178,-0.1784,0.0012,0.2240,-0.03644,-3.11413,0.0287,-0.1119,-0.1158,0.0162,0.00000,0.00000,0.0504,-0.1008
778,31.1200,0.2485,0.0000,0.0005,0.3535,0.0000,0.0238,-0.0014,0.0010,0.0233,-0.1844,0.0140,0.2240,-0.03640,-3.11456,0.0255,-0.1112,-0.1127,0.0028,0.00000,0.00000,0.0444,-0.0888
779,31.1600,0.2482,0.0000,0.0000,0.3529,0.0010,0.0227,-0.0062,-0.0024,0.0259,-0.1904,0.0268,0.2240,-0.03645,-3.11440,0.0275,-0.1101,-0.1126,0.0123,0.00000,0.00000,0.0384,-0.0768
780,31.2000,0.2480,0.0000,-0.0005,0.3531,0.0016,0.0254,-0.0097,-0.0159,0.0198,-0.1964,0.0395,0.2240,-0.03683,-3.11380,0.0304,-0.1111,-0.1135,0.0112,0.00000,0.00000,0.0324,-0.0648
781,31.2400,0.2478,0.0000,-0.0011,0.3512,-0.0000,0.0255,-0.0010,0.0109,0.0139,-0.2024,0.0522,0.2240,-0.03676,-3.11362,0.0255,-0.1123,-0.1169,0.0060,0.00000,0.00000,0.0264,-0.0528
782,31.2800,0.2475,0.0000,-0.0017,0.3505,0.0008,0.0239,-0.0056,0.0132,0.0140,-0.2084,0.0649,0.2240,-0.03638,-3.11359,0.0275,-0.1122,-0.1087,0.0090,0.00000,0.00000,0.0204,-0.0408
783,31.3200,0.2472,0.0000,-0.0023,0.3498,0.0013,0.0238,-0.0080,0.0136,0.0163,-0.2145,0.0775,0.2240,-0.03577,-3.11312,0.0273,-0.1122,-0.1136,0.0082,0.00000,0.00000,0.0144,-0.0289
784,31.3600,0.2470,0.0000,-0.0029,0.3498,0.0004,0.0253,-0.0030,0.0106,0.0139,-0.2205,0.0900,0.2240,-0.03528,-3.11283,0.0284,-0.1114,-0.1128,0.0106,0.00000,0.00000,0.0084,-0.0169
785,31.4000,0.2467,0.0000,-0.0036,0.3501,-0.0009,0.0255,0.0035,0.0013,0.0116,-0.2265,0.1027,0.2240,-0.03507,-3.11315,0.0279,-0.1105,-0.1126,0.0092,0.00000,0.00000,0.0024,-0.0049
786,31.4400,0.2464,0.0000,-0.0042,0.3496,-0.0009,0.0256,0.0034,0.0068,0.0235,-0.2325,0.1153,0.2241,-0.03492,-3.11379,0.0277,-0.1114,-0.1126,0.0085,0.00000,0.00000,-0.0036,0.0071
787,31.4800,0.2461,0.0000,-0.0048,0.3501,0.0007,0.0241,-0.0049,-0.0094,0.0080,-0.2385,0.1279,0.2240,-0.03505,-3.11391,0.0296,-0.1094,-0.1110,0.0098,0.00000,0.00000,-0.0096,0.0191
788,31.5200,0.2458,0.0000,-0.0054,0.3491,0.0014,0.0254,-0.0084,0.0060,0.0242,-0.2446,0.1405,0.2240,-0.03508,-3.11352,0.0281,-0.1127,-0.1121,0.0072,0.00000,0.00000,-0.0156,0.0311
789,31.5600,0.2455,0.0000,-0.0060,0.3495,-0.0005,0.0241,0.0012,-0.0081,0.0263,-0.2506,0.1530,0.2240,-0.03507,-3.11339,0.0291,-0.1084,-0.1133,0.0121,0.00000,0.00000,-0.0216,0.0431
790,31.6000,0.2451,0.0000,-0.0066,0.3491,-0.0000,0.0269,-0.0010,-0.0016,0.0087,-0.2567,0.1656,0.2240,-0.03529,-3.11375,0.0309,-0.1115,-0.1139,0.0100,0.00000,0.00000,-0.0276,0.0551
791,31.6400,0.2448,0.0000,-0.0073,0.3487,0.0000,0.0259,-0.0013,0.0029,0.0085,-0.2628,0.1781,0.2241,-0.03523,-3.11381,0.0262,-0.1127,-0.1139,0.0060,0.00000,0.00000,-0.0336,0.0671
792,31.6800,0.2444,0.0000,-0.0079,0.3484,0.0005,0.0246,-0.0036,0.0001,0.0204,-0.2688,0.1906,0.2241,-0.03521,-3.11382,0.0302,-0.1122,-0.1118,0.0105,0.00000,0.00000,-0.0396,0.0791
793,31.7200,0.2441,0.0000,-0.0085,0.3481,0.0005,0.0215,-0.0039,-0.0037,0.0103,-0.2749,0.2031,0.2240,-0.03521,-3.11370,0.0284,-0.1077,-0.1129,0.0051,0.00000,0.00000,-0.0456,0.0911
794,31.7600,0.2437,0.0000,-0.0090,0.3494,0.0002,0.0112,-0.0022,-0.0280,-0.0477,-0.2810,0.2155,0.2236,-0.03626,-3.11362,0.0187,-0.0977,-0.0849,0.0122,0.00000,0.00000,-0.0516,0.1031
795,31.8000,0.2433,0.0000,-0.0093,0.3483,0.0003,0.0196,-0.0026,-0.0040,-0.0319,-0.2871,0.2281,0.2233,-0.03681,-3.11369,0.0207,-0.1042,-0.0964,0.0167,0.00000,0.00000,-0.0576,0.1150
796,31.8400,0.2429,0.0000,-0.0093,0.3471,0.0009,0.0247,-0.0062,0.0277,-0.0226,-0.2932,0.2405,0.2232,-0.03621,-3.11352,0.0197,-0.1068,-0.0974,0.0052,0.00000,0.00000,-0.0636,0.1270
797,31.8800,0.2426,0.0000,-0.0091,0.3481,-0.0003,0.0241,0.0003,0.0168,-0.0214,-0.2993,0.2530,0.2232,-0.03539,-3.11346,0.0206,-0.1049,-0.0964,0.0152,0.00000,0.00000,-0.0695,0.1389
798,31.9200,0.2422,0.0000,-0.0088,0.3490,-0.0000,0.0218,-0.0011,0.0103,-0.0238,-0.3053,0.2656,0.2231,-0.03491,-3.11375,0.0203,-0.1034,-0.0960,0.0041,0.00000,0.00000,-0.0755,0.1509
799,31.9600,0.2418,0.0000,-0.0083,0.3494,0.0003,0.0236,-0.0027,0.0179,-0.0233,-0.3114,0.2781,0.2230,-0.03436,-3.11379,0.0175,-0.1056,-0.0990,0.0098,0.00000,0.00000,-0.0815,0.1628
800,32.0000,0.2414,0.0000,-0.0077,0.3510,0.0022,0.0283,-0.0127,0.0085,-0.0318,-0.3175,0.2907,0.2230,-0.03395,-3.11321,0.0245,-0.1077,-0.0963,0.0121,0.00000,0.00000,-0.0875,0.1747
801,32.0400,0.2409,0.0000,-0.0070,0.3529,-0.0036,0.0291,0.0176,-0.0027,-0.0350,-0.3235,0.3034,0.2232,-0.03371,-3.11369,0.0184,-0.1057,-0.1073,0.0180,0.00000,0.00000,-0.0935,0.1867
802,32.0800,0.2405,0.0000,-0.0061,0.3549,-0.0044,0.0283,0.0218,-0.0162,-0.0343,-0.3294,0.3162,0.2233,-0.03430,-3.11605,0.0191,-0.1084,-0.1046,0.0109,0.00000,0.00000,-0.0995,0.1986
803,32.1200,0.2400,0.0000,-0.0051,0.3550,0.0001,0.0297,-0.0016,-0.0074,-0.0269,-0.3355,0.3290,0.2235,-0.03483,-3.11717,0.0231,-0.1117,-0.1060,0.0157,0.00000,0.00000,-0.1055,0.2104
804,32.1600,0.2395,0.0000,-0.0040,0.3553,0.0011,0.0219,-0.0072,-0.0083,-0.0368,-0.3416,0.3417,0.2235,-0.03508,-3.11689,0.0209,-0.1031,-0.1018,0.0117,0.00000,0.00000,-0.1115,0.2223
805,32.2000,0.2390,0.0000,-0.0027,0.3560,-0.0002,0.0216,-0.0004,-0.0106,-0.0204,-0.3477,0.3545,0.2234,-0.03551,-3.11682,0.0193,-0.1051,-0.1032,0.0193,0.00000,0.00000,-0.1175,0.2342
806,32.2400,0.2384,0.0000,-0.0014,0.3577,0.0002,0.0251,-0.0021,-0.0287,-0.0307,-0.3538,0.3674,0.2234,-0.03635,-3.11696,0.0225,-0.1053,-0.1053,0.0145,0.00000,0.00000,-0.1234,0.2460
807,32.2800,0.2378,0.0000,0.0000,0.3566,-0.0016,0.0268,0.0069,0.0027,-0.0268,-0.3599,0.3802,0.2234,-0.03678,-3.11758,0.0190,-0.1058,-0.1047,0.0176,0.00000,0.00000,-0.1294,0.2579
808,32.3200,0.2372,0.0000,0.0015,0.3575,-0.0002,0.0221,-0.0005,-0.0152,-0.0278,-0.3659,0.3931,0.2235,-0.03715,-3.11818,0.0189,-0.1045,-0.1013,0.0119,0.00000,0.00000,-0.1354,0.2697
809,32.3600,0.2366,0.0000,0.0030,0.3569,0.0009,0.0247,-0.0062,-0.0034,-0.0347,-0.3720,0.4060,0.2234,-0.03747,-3.11816,0.0230,-0.1049,-0.1058,0.0210,0.00000,0.00000,-0.1414,0.2815
810,32.4000,0.2359,0.0000,0.0046,0.3576,0.0015,0.0216,-0.0093,-0.0141,-0.0347,-0.3782,0.4188,0.2234,-0.03790,-3.11764,0.0189,-0.1037,-0.0995,0.0089,0.00000,0.00000,-0.1473,0.2932
811,32.4400,0.2352,0.0000,0.0063,0.3569,0.0003,0.0247,-0.0029,-0.0038,-0.0221,-0.3843,0.4317,0.2234,-0.03820,-3.11743,0.0219,-0.1060,-0.1067,0.0215,0.00000,0.00000,-0.1533,0.3050
812,32.4800,0.2344,0.0000,0.0080,0.3573,0.0000,0.0238,-0.0015,-0.0156,-0.0148,-0.3903,0.4445,0.2234,-0.03857,-3.11754,0.0189,-0.1061,-0.1084,0.0063,0.00000,0.00000,-0.1593,0.3167
813,32.5200,0.2337,0.0000,0.0097,0.3561,0.0003,0.0254,-0.0026,0.0030,-0.0280,-0.3964,0.4574,0.2235,-0.03885,-3.11771,0.0217,-0.1069,-0.1060,0.0201,0.00000,0.00000,-0.1652,0.3285
814,32.5600,0.2329,0.0000,0.0115,0.3568,0.0011,0.0249,-0.0068,-0.0196,-0.0199,-0.4024,0.4703,0.2236,-0.03920,-3.11746,0.0218,-0.1073,-0.1081,0.0097,0.00000,0.00000,-0.1712,0.3402
815,32.6000,0.2320,0.0000,0.0132,0.3558,-0.0009,0.0228,0.0033,-0.0127,-0.0137,-0.4084,0.4831,0.2236,-0.03980,-3.11768,0.0198,-0.1057,-0.1098,0.0153,0.00000,0.00000,-0.1772,0.3518
816,32.6400,0.2312,0.0000,0.0150,0.3561,0.0014,0.0231,-0.0085,-0.0346,-0.0189,-0.4145,0.4959,0.2236,-0.04091,-3.11768,0.0234,-0.1075,-0.1058,0.0128,0.00000,0.00000,-0.1831,0.3635
817,32.6800,0.2303,0.0000,0.0167,0.3537,0.0005,0.0239,-0.0039,-0.0088,-0.0112,-0.4205,0.5087,0.2236,-0.04155,-3.11738,0.0212,-0.1066,-0.1117,0.0132,0.00000,0.00000,-0.1891,0.3751
818,32.7200,0.2294,0.0000,0.0184,0.3519,-0.0010,0.0261,0.0041,0.0037,0.0110,-0.4264,0.5214,0.2237,-0.04154,-3.11772,0.0246,-0.1076,-0.1134,0.0178,0.00000,0.00000,-0.1950,0.3867
819,32.7600,0.2284,0.0000,0.0200,0.3509,0.0015,0.0210,-0.0091,-0.0049,-0.0030,-0.4324,0.5341,0.2237,-0.04165,-3.11779,0.0216,-0.1081,-0.1097,0.0033,0.00000,0.00000,-0.2010,0.3983
820,32.8000,0.2274,0.0000,0.0216,0.3493,0.0012,0.0216,-0.0074,-0.0023,-0.0097,-0.4384,0.5467,0.2237,-0.04170,-3.11715,0.0209,-0.1074,-0.1135,0.0161,0.00000,0.00000,-0.2069,0.4099
821,32.8400,0.2265,0.0000,0.0231,0.3480,-0.0020,0.0238,0.0092,0.0018,0.0228,-0.4443,0.5593,0.2237,-0.04165,-3.11755,0.0176,-0.1097,-0.1142,0.0125,0.00000,0.00000,-0.2128,0.4214
822,32.8800,0.2254,0.0000,0.0245,0.3466,-0.0008,0.0238,0.0032,0.0035,0.0099,-0.4501,0.5719,0.2237,-0.04159,-3.11852,0.0231,-0.1072,-0.1093,0.0149,0.00000,0.00000,-0.2188,0.4329
823,32.9200,0.2244,0.0000,0.0258,0.3448,0.0013,0.0247,-0.0077,0.0129,0.0024,-0.4560,0.5844,0.2238,-0.04114,-3.11848,0.0210,-0.1102,-0.1161,0.0095,0.00000,0.00000,-0.2247,0.4444
824,32.9600,0.2233,0.0000,0.0271,0.3441,0.0009,0.0238,-0.0059,0.0032,0.0213,-0.4619,0.5968,0.2238,-0.04089,-3.11798,0.0220,-0.1101,-0.1110,0.0145,0.00000,0.00000,-0.2307,0.4558
825,33.0000,0.2223,0.0000,0.0282,0.3431,-0.0002,0.0206,-0.0003,-0.0038,0.0179,-0.4678,0.6092,0.2238,-0.04084,-3.11804,0.0218,-0.1061,-0.1135,0.0102,0.00000,0.00000,-0.2366,0.4672
826,33.0400,0.2212,0.0000,0.0293,0.3415,0.0017,0.0242,-0.0101,0.0062,0.0105,-0.4736,0.6215,0.2238,-0.04077,-3.11780,0.0240,-0.1101,-0.1148,0.0096,0.00000,0.00000,-0.2425,0.4786
827,33.0800,0.2201,0.0000,0.0303,0.3404,0.0002,0.0250,-0.0023,0.0083,0.0134,-0.4795,0.6337,0.2238,-0.04044,-3.11736,0.0194,-0.1109,-0.1138,0.0136,0.00000,0.00000,-0.2484,0.4900
828,33.1200,0.2189,0.0000,0.0313,0.3393,0.0010,0.0240,-0.0064,0.0063,0.0216,-0.4854,0.6460,0.2239,-0.04018,-3.11724,0.0236,-0.1122,-0.1135,0.0067,0.00000,0.00000,-0.2543,0.5013
829,33.1600,0.2178,0.0000,0.0322,0.3388,0.0010,0.0221,-0.0064,-0.0086,0.0280,-0.4913,0.6581,0.2238,-0.04024,-3.11661,0.0231,-0.1092,-0.1118,0.0128,0.00000,0.00000,-0.2602,0.5126
830,33.2000,0.2166,0.0000,0.0331,0.3381,-0.0001,0.0241,-0.0003,-0.0143,0.0166,-0.4971,0.6703,0.2238,-0.04062,-3.11647,0.0251,-0.1088,-0.1169,0.0132,0.00000,0.00000,-0.2662,0.5239
831,33.2400,0.2155,0.0000,0.0339,0.3377,0.0001,0.0234,-0.0016,-0.0309,0.0285,-0.5029,0.6824,0.2238,-0.04160,-3.11663,0.0230,-0.1110,-0.1146,0.0026,0.00000,0.00000,-0.2721,0.5351
832,33.2800,0.2143,0.0000,0.0346,0.3348,-0.0009,0.0245,0.0043,-0.0059,0.0353,-0.5087,0.6945,0.2239,-0.04216,-3.11688,0.0257,-0.1089,-0.1176,0.0165,0.00000,0.00000,-0.2780,0.5463
833,33.3200,0.2131,0.0000,0.0352,0.3330,0.0009,0.0225,-0.0051,-0.0073,0.0270,-0.5145,0.7065,0.2239,-0.04239,-3.11684,0.0242,-0.1100,-0.1171,0.0021,0.00000,0.00000,-0.2838,0.5574
834,33.3600,0.2119,0.0000,0.0358,0.3304,-0.0003,0.0233,0.0009,0.0065,0.0389,-0.5203,0.7183,0.2239,-0.04231,-3.11664,0.0238,-0.1095,-0.1179,0.0137,0.00000,0.00000,-0.2897,0.5686
835,33.4000,0.2106,0.0000,0.0363,0.3284,-0.0003,0.0235,0.0012,0.0115,0.0381,-0.5261,0.7302,0.2239,-0.04191,-3.11681,0.0228,-0.1118,-0.1189,0.0062,0.00000,0.00000,-0.2956,0.5796
836,33.4400,0.2094,0.0000,0.0367,0.3272,0.0002,0.0244,-0.0017,-0.0003,0.0462,-0.5319,0.7419,0.2239,-0.04169,-3.11666,0.0232,-0.1132,-0.1191,0.0079,0.00000,0.00000,-0.3015,0.5907
837,33.4800,0.2081,0.0000,0.0370,0.3251,-0.0001,0.0248,-0.0002,0.0061,0.0376,-0.5376,0.7535,0.2239,-0.04151,-3.11659,0.0243,-0.1125,-0.1200,0.0095,0.00000,0.00000,-0.3074,0.6017
838,33.5200,0.2069,0.0000,0.0373,0.3233,-0.0005,0.0254,0.0017,0.0078,0.0498,-0.5434,0.7651,0.2240,-0.04118,-3.11663,0.0244,-0.1132,-0.1199,0.0080,0.00000,0.00000,-0.3132,0.6127
839,33.5600,0.2056,0.0000,0.0375,0.3214,-0.0006,0.0255,0.0025,0.0118,0.0442,-0.5491,0.7766,0.2241,-0.04075,-3.11689,0.0257,-0.1123,-0.1193,0.0129,0.00000,0.00000,-0.3191,0.6236
840,33.6000,0.2043,0.0000,0.0376,0.3196,0.0002,0.0232,-0.0018,0.0138,0.0374,-0.5549,0.7881,0.2241,-0.04019,-3.11696,0.0225,-0.1127,-0.1194,0.0055,0.00000,0.00000,-0.3250,0.6345
841,33.6400,0.2030,0.0000,0.0376,0.3187,0.0008,0.0245,-0.0047,-0.0018,0.0513,-0.5606,0.7995,0.2240,-0.03998,-3.11661,0.0238,-0.1151,-0.1212,0.0104,0.00000,0.00000,-0.3308,0.6454
842,33.6800,0.2017,0.0000,0.0377,0.3172,-0.0005,0.0259,0.0018,0.0010,0.0450,-0.5664,0.8108,0.2241,-0.03986,-3.11650,0.0270,-0.1112,-0.1206,0.0123,0.00000,0.00000,-0.3367,0.6562
843,33.7200,0.2004,0.0000,0.0376,0.3163,0.0009,0.0251,-0.0053,-0.0123,0.0346,-0.5721,0.8220,0.2241,-0.04017,-3.11636,0.0285,-0.1126,-0.1167,0.0072,0.00000,0.00000,-0.3425,0.6669
844,33.7600,0.1991,0.0000,0.0376,0.3143,-0.0009,0.0248,0.0042,-0.0078,0.0463,-0.5779,0.8332,0.2241,-0.04038,-3.11632,0.0256,-0.1115,-0.1236,0.0108,0.00000,0.00000,-0.3484,0.6777
845,33.8000,0.1978,0.0000,0.0376,0.3127,0.0003,0.0250,-0.0020,-0.0111,0.0428,-0.5836,0.8443,0.2241,-0.04081,-3.11651,0.0283,-0.1136,-0.1198,0.0078,0.00000,0.00000,-0.3542,0.6883
846,33.8400,0.1965,0.0000,0.0375,0.3091,0.0005,0.0238,-0.0033,0.0180,0.0468,-0.5893,0.8553,0.2242,-0.04046,-3.11630,0.0245,-0.1128,-0.1204,0.0061,0.00000,0.00000,-0.3600,0.6990
847,33.8800,0.1952,0.0000,0.0375,0.3079,-0.0007,0.0244,0.0027,0.0064,0.0626,-0.5950,0.8662,0.2241,-0.03992,-3.11622,0.0257,-0.1126,-0.1205,0.0127,0.00000,0.00000,-0.3658,0.7096
848,33.9200,0.1938,0.0000,0.0374,0.3059,0.0004,0.0248,-0.0029,0.0149,0.0513,-0.6007,0.8771,0.2241,-0.03947,-3.11632,0.0252,-0.1144,-0.1195,0.0041,0.00000,0.00000,-0.3717,0.7201
849,33.9600,0.1925,0.0000,0.0372,0.3049,0.0003,0.0258,-0.0022,0.0046,0.0468,-0.6064,0.8878,0.2241,-0.03906,-3.11603,0.0245,-0.1143,-0.1195,0.0108,0.00000,0.00000,-0.3775,0.7306
850,34.0000,0.1912,0.0000,0.0370,0.3039,-0.0004,0.0269,0.0012,-0.0033,0.0506,-0.6121,0.8986,0.2242,-0.03899,-3.11605,0.0292,-0.1129,-0.1195,0.0096,0.00000,0.00000,-0.3833,0.7411
851,34.0400,0.1898,0.0000,0.0369,0.3023,-0.0017,0.0256,0.0081,0.0009,0.0343,-0.6177,0.9092,0.2242,-0.03895,-3.11651,0.0268,-0.1103,-0.1188,0.0123,0.00000,0.00000,-0.3891,0.7515
852,34.0800,0.1885,0.0000,0.0368,0.3007,0.0012,0.0274,-0.0067,0.0047,0.0411,-0.6234,0.9198,0.2242,-0.03890,-3.11661,0.0290,-0.1165,-0.1182,0.0072,0.00000,0.00000,-0.3949,0.7619
853,34.1200,0.1871,0.0000,0.0368,0.2993,0.0016,0.0233,-0.0091,-0.0030,0.0557,-0.6291,0.9303,0.2242,-0.03882,-3.11586,0.0254,-0.1144,-0.1173,0.0050,0.00000,0.00000,-0.4006,0.7722
854,34.1600,0.1858,0.0000,0.0367,0.2981,-0.0011,0.0238,0.0051,-0.0061,0.0593,-0.6348,0.9408,0.2241,-0.03887,-3.11574,0.0281,-0.1104,-0.1193,0.0152,0.00000,0.00000,-0.4064,0.7824
855,34.2000,0.1844,0.0000,0.0367,0.2969,-0.0011,0.0247,0.0050,-0.0070,0.0449,-0.6404,0.9512,0.2241,-0.03910,-3.11629,0.0250,-0.1119,-0.1193,0.0022,0.00000,0.00000,-0.4122,0.7926
856,34.2400,0.1830,0.0000,0.0366,0.2953,-0.0000,0.0276,-0.0005,-0.0020,0.0446,-0.6461,0.9615,0.2241,-0.03928,-3.11643,0.0280,-0.1137,-0.1165,0.0118,0.00000,0.00000,-0.4180,0.8028
857,34.2800,0.1816,0.0000,0.0366,0.2931,0.0000,0.0261,-0.0010,0.0098,0.0499,-0.6518,0.9718,0.2242,-0.03895,-3.11639,0.0279,-0.1122,-0.1184,0.0055,0.00000,0.00000,-0.4237,0.8129
858,34.3200,0.1803,0.0000,0.0367,0.2918,-0.0004,0.0258,0.0012,0.0070,0.0526,-0.6574,0.9820,0.2242,-0.03859,-3.11637,0.0271,-0.1138,-0.1193,0.0110,0.00000,0.00000,-0.4295,0.8230
859,34.3600,0.1789,0.0000,0.0367,0.2912,-0.0004,0.0256,0.0015,-0.0045,0.0333,-0.6631,0.9922,0.2241,-0.03851,-3.11647,0.0295,-0.1100,-0.1165,0.0099,0.00000,0.00000,-0.4352,0.8330
860,34.4000,0.1775,0.0000,0.0369,0.2898,-0.0016,0.0274,0.0073,-0.0027,0.0609,-0.6687,1.0023,0.2242,-0.03856,-3.11686,0.0269,-0.1138,-0.1220,0.0078,0.00000,0.00000,-0.4410,0.8429
861,34.4400,0.1761,0.0000,0.0370,0.2887,-0.0009,0.0272,0.0039,-0.0071,0.0451,-0.6743,1.0124,0.2242,-0.03876,-3.11733,0.0311,-0.1109,-0.1171,0.0135,0.00000,0.00000,-0.4467,0.8528
862,34.4800,0.1746,0.0000,0.0372,0.2865,-0.0000,0.0251,-0.0006,0.0044,0.0582,-0.6800,1.0224,0.2242,-0.03869,-3.11749,0.0252,-0.1141,-0.1205,0.0021,0.00000,0.00000,-0.4524,0.8627
863,34.5200,0.1732,0.0000,0.0374,0.2862,-0.0010,0.0121,0.0048,-0.0147,0.0120,-0.6856,1.0323,0.2239,-0.03922,-3.11764,0.0179,-0.0989,-0.0900,0.0172,0.00000,0.00000,-0.4581,0.8725
864,34.5600,0.1718,0.0000,0.0378,0.2831,0.0013,0.0213,-0.0071,0.0289,0.0127,-0.6913,1.0422,0.2235,-0.03875,-3.11768,0.0220,-0.1069,-0.1026,0.0155,0.00000,0.00000,-0.4638,0.8822
865,34.6000,0.1703,0.0000,0.0385,0.2849,0.0002,0.0251,-0.0014,-0.0083,0.0214,-0.6970,1.0520,0.2234,-0.03838,-3.11711,0.0181,-0.1069,-0.1017,0.0105,0.00000,0.00000,-0.4695,0.8919
866,34.6400,0.1689,0.0000,0.0393,0.2852,-0.0029,0.0257,0.0146,-0.0198,0.0225,-0.7025,1.0618,0.2234,-0.03894,-3.11784,0.0222,-0.1043,-0.1040,0.0147,0.00000,0.00000,-0.4752,0.9015
867,34.6800,0.1674,0.0000,0.0402,0.2833,-0.0013,0.0267,0.0065,0.0057,0.0171,-0.7081,1.0717,0.2234,-0.03913,-3.11886,0.0205,-0.1063,-0.1056,0.0079,0.00000,0.00000,-0.4809,0.9111
868,34.7200,0.1660,0.0000,0.0413,0.2829,0.0007,0.0247,-0.0043,-0.0015,0.0276,-0.7137,1.0815,0.2234,-0.03907,-3.11885,0.0184,-0.1076,-0.1039,0.0095,0.00000,0.00000,-0.4866,0.9206
869,34.7600,0.1645,0.0000,0.0426,0.2821,0.0009,0.0257,-0.0052,0.0016,0.0239,-0.7194,1.0912,0.2233,-0.03898,-3.11848,0.0210,-0.1075,-0.1072,0.0131,0.00000,0.00000,-0.4923,0.9300
870,34.8000,0.1630,0.0000,0.0439,0.2822,0.0005,0.0258,-0.0034,-0.0064,0.0304,-0.7251,1.1009,0.2233,-0.03910,-3.11815,0.0210,-0.1071,-0.1033,0.0083,0.00000,0.00000,-0.4979,0.9394
871,34.8400,0.1615,0.0000,0.0453,0.2818,-0.0007,0.0259,0.0030,-0.0108,0.0229,-0.7308,1.1106,0.2233,-0.03941,-3.11820,0.0228,-0.1045,-0.1038,0.0150,0.00000,0.00000,-0.5036,0.9487
872,34.8800,0.1600,0.0000,0.0469,0.2807,-0.0001,0.0267,0.0001,-0.0006,0.0352,-0.7364,1.1203,0.2233,-0.03957,-3.11840,0.0206,-0.1081,-0.1060,0.0067,0.00000,0.00000,-0.5092,0.9580
873,34.9200,0.1584,0.0000,0.0485,0.2795,-0.0007,0.0274,0.0034,0.0096,0.0358,-0.7421,1.1299,0.2233,-0.03931,-3.11857,0.0228,-0.1059,-0.1046,0.0180,0.00000,0.00000,-0.5149,0.9672
874,34.9600,0.1568,0.0000,0.0501,0.2799,-0.0001,0.0234,-0.0002,-0.0137,0.0283,-0.7478,1.1395,0.2233,-0.03943,-3.11871,0.0218,-0.1032,-0.1017,0.0063,0.00000,0.00000,-0.5205,0.9763
875,35.0000,0.1552,0.0000,0.0518,0.2806,-0.0029,0.0254,0.0146,-0.0383,0.0066,-0.7534,1.1491,0.2232,-0.04041,-3.11930,0.0180,-0.1039,-0.1136,0.0182,0.00000,0.00000,-0.5261,0.9854
876,35.0400,0.1536,0.0000,0.0537,0.2800,-0.0014,0.0328,0.0070,-0.0344,-0.0012,-0.7590,1.1587,0.2234,-0.04195,-3.12029,0.0240,-0.1101,-0.1097,0.0125,0.00000,0.00000,-0.5317,0.9944
877,35.0800,0.1519,0.0000,0.0557,0.2766,-0.0019,0.0275,0.0094,-0.0036,0.0254,-0.7645,1.1682,0.2236,-0.04244,-3.12102,0.0163,-0.1093,-0.1157,0.0055,0.00000,0.00000,-0.5374,1.0034
878,35.1200,0.1503,0.0000,0.0580,0.2754,0.0008,0.0229,-0.0045,-0.0153,0.0182,-0.7702,1.1777,0.2235,-0.04296,-3.12121,0.0214,-0.1079,-0.1073,0.0171,0.00000,0.00000,-0.5429,1.0123
879,35.1600,0.1486,0.0000,0.0603,0.2738,-0.0005,0.0241,0.0023,-0.0149,0.0222,-0.7758,1.1870,0.2235,-0.04339,-3.12111,0.0192,-0.1045,-0.1114,0.0176,0.00000,0.00000,-0.5485,1.0211
880,35.2000,0.1469,0.0000,0.0627,0.2724,-0.0015,0.0275,0.0075,-0.0150,0.0269,-0.7813,1.1964,0.2235,-0.04398,-3.12159,0.0213,-0.1073,-0.1109,0.0176,0.00000,0.00000,-0.5541,1.0298
881,35.2400,0.1452,0.0000,0.0652,0.2701,-0.0002,0.0244,0.0008,-0.0089,0.0246,-0.7868,1.2056,0.2235,-0.04440,-3.12197,0.0179,-0.1070,-0.1092,0.0072,0.00000,0.00000,-0.5597,1.0385
882,35.2800,0.1434,0.0000,0.0678,0.2687,-0.0004,0.0217,0.0018,-0.0242,0.0326,-0.7924,1.2148,0.2234,-0.04503,-3.12207,0.0163,-0.1048,-0.1113,0.0143,0.00000,0.00000,-0.5653,1.0472
883,35.3200,0.1417,0.0000,0.0705,0.2663,0.0002,0.0262,-0.0014,-0.0153,0.0343,-0.7979,1.2239,0.2234,-0.04575,-3.12217,0.0207,-0.1071,-0.1123,0.0156,0.00000,0.00000,-0.5708,1.0557
884,35.3600,0.1399,0.0000,0.0731,0.2635,0.0002,0.0270,-0.0014,-0.0002,0.0210,-0.8034,1.2329,0.2235,-0.04596,-3.12205,0.0171,-0.1084,-0.1111,0.0131,0.00000,0.00000,-0.5763,1.0642
885,35.4000,0.1381,0.0000,0.0759,0.2613,-0.0009,0.0250,0.0044,-0.0053,0.0425,-0.8088,1.2418,0.2235,-0.04600,-3.12223,0.0180,-0.1066,-0.1112,0.0124,0.00000,0.00000,-0.5819,1.0726
886,35.4400,0.1363,0.0000,0.0787,0.2588,0.0005,0.0240,-0.0028,-0.0048,0.0420,-0.8142,1.2507,0.2235,-0.04619,-3.12236,0.0185,-0.1079,-0.1115,0.0121,0.00000,0.00000,-0.5874,1.0810
887,35.4800,0.1345,0.0000,0.0815,0.2568,0.0005,0.0254,-0.0029,-0.0109,0.0480,-0.8196,1.2594,0.2234,-0.04644,-3.12205,0.0186,-0.1072,-0.1115,0.0143,0.00000,0.00000,-0.5929,1.0893
888,35.5200,0.1327,0.0000,0.0843,0.2527,-0.0000,0.0256,-0.0003,0.0230,0.0336,-0.8249,1.2680,0.2234,-0.04597,-3.12204,0.0154,-0.1090,-0.1154,0.0076,0.00000,0.00000,-0.5984,1.0975
889,35.5600,0.1308,0.0000,0.0872,0.2519,0.0001,0.0271,-0.0011,-0.0035,0.0472,-0.8303,1.2766,0.2235,-0.04566,-3.12185,0.0164,-0.1118,-0.1135,0.0125,0.00000,0.00000,-0.6039,1.1056
890,35.6000,0.1290,0.0000,0.0901,0.2495,-0.0017,0.0281,0.0086,-0.0009,0.0565,-0.8355,1.2850,0.2236,-0.04564,-3.12220,0.0181,-0.1096,-0.1158,0.0153,0.00000,0.00000,-0.6094,1.1137
891,35.6400,0.1271,0.0000,0.0929,0.2477,-0.0008,0.0260,0.0039,-0.0134,0.0503,-0.8407,1.2934,0.2236,-0.04590,-3.12267,0.0172,-0.1098,-0.1164,0.0072,0.00000,0.00000,-0.6149,1.1217
892,35.6800,0.1253,0.0000,0.0958,0.2448,-0.0001,0.0279,0.0002,-0.0042,0.0595,-0.8460,1.3017,0.2237,-0.04619,-3.12276,0.0192,-0.1108,-0.1154,0.0165,0.00000,0.00000,-0.6204,1.1296
893,35.7200,0.1234,0.0000,0.0987,0.2414,0.0006,0.0257,-0.0037,0.0116,0.0592,-0.8512,1.3099,0.2237,-0.04588,-3.12258,0.0163,-0.1115,-0.1170,0.0058,0.00000,0.00000,-0.6258,1.1375
894,35.7600,0.1216,0.0000,0.1016,0.2396,-0.0001,0.0260,0.0003,-0.0006,0.0593,-0.8563,1.3179,0.2237,-0.04563,-3.12236,0.0168,-0.1111,-0.1165,0.0160,0.00000,0.00000,-0.6313,1.1453
895,35.8000,0.1197,0.0000,0.1045,0.2374,-0.0012,0.0273,0.0057,0.0001,0.0627,-0.8614,1.3259,0.2237,-0.04552,-3.12261,0.0174,-0.1108,-0.1186,0.0096,0.00000,0.00000,-0.6367,1.1530
896,35.8400,0.1179,0.0000,0.1075,0.2356,-0.0016,0.0256,0.0080,-0.0129,0.0701,-0.8665,1.3339,0.2237,-0.04579,-3.12310,0.0144,-0.1106,-0.1162,0.0099,0.00000,0.00000,-0.6421,1.1606
897,35.8800,0.1160,0.0000,0.1104,0.2332,-0.0021,0.0286,0.0108,-0.0114,0.0660,-0.8715,1.3417,0.2237,-0.04614,-3.12377,0.0180,-0.1102,-0.1212,0.0187,0.00000,0.00000,-0.6475,1.1682
898,35.9200,0.1142,0.0000,0.1133,0.2302,-0.0003,0.0279,0.0010,-0.0039,0.0797,-0.8765,1.3494,0.2238,-0.04638,-3.12414,0.0165,-0.1126,-0.1189,0.0035,0.00000,0.00000,-0.6530,1.1757
899,35.9600,0.1123,0.0000,0.1163,0.2277,0.0007,0.0240,-0.0042,-0.0125,0.0765,-0.8816,1.3570,0.2238,-0.04667,-3.12389,0.0160,-0.1107,-0.1178,0.0115,0.00000,0.00000,-0.6584,1.1831
900,36.0000,0.1104,0.0000,0.1192,0.2248,-0.0015,0.0263,0.0074,-0.0072,0.0864,-0.8866,1.3645,0.2237,-0.04686,-3.12391,0.0148,-0.1101,-0.1227,0.0149,0.00000,0.00000,-0.6637,1.1904
901,36.0400,0.1086,0.0000,0.1221,0.2218,-0.0013,0.0295,0.0060,0.0025,0.0901,-0.8915,1.3719,0.2238,-0.04686,-3.12437,0.0152,-0.1150,-0.1247,0.0070,0.00000,0.00000,-0.6691,1.1977
902,36.0800,0.1067,0.0000,0.1250,0.2190,0.0001,0.0263,-0.0009,0.0001,0.0900,-0.8964,1.3792,0.2238,-0.04679,-3.12442,0.0142,-0.1126,-0.1174,0.0070,0.00000,0.00000,-0.6745,1.2049
903,36.1200,0.1049,0.0000,0.1278,0.2165,-0.0012,0.0266,0.0056,-0.0057,0.0858,-0.9013,1.3863,0.2238,-0.04677,-3.12446,0.0168,-0.1099,-0.1206,0.0193,0.00000,0.00000,-0.6798,1.2120
904,36.1600,0.1030,0.0000,0.1307,0.2133,0.0003,0.0314,-0.0022,0.0079,0.0875,-0.9061,1.3934,0.2239,-0.04658,-3.12451,0.0183,-0.1168,-0.1264,0.0060,0.00000,0.00000,-0.6852,1.2190
905,36.2000,0.1012,0.0000,0.1336,0.2108,0.0001,0.0256,-0.0011,0.0018,0.0972,-0.9110,1.4003,0.2239,-0.04639,-3.12426,0.0139,-0.1130,-0.1172,0.0063,0.00000,0.00000,-0.6905,1.2260
906,36.2400,0.0993,0.0000,0.1366,0.2080,-0.0016,0.0272,0.0077,0.0027,0.0988,-0.9157,1.4071,0.2239,-0.04612,-3.12441,0.0160,-0.1135,-0.1267,0.0173,0.00000,0.00000,-0.6958,1.2329
907,36.2800,0.0975,0.0000,0.1395,0.2059,-0.0006,0.0293,0.0023,-0.0039,0.1029,-0.9204,1.4139,0.2239,-0.04614,-3.12463,0.0167,-0.1148,-0.1211,0.0066,0.00000,0.00000,-0.7011,1.2397
908,36.3200,0.0957,0.0000,0.1425,0.2027,-0.0025,0.0294,0.0122,0.0065,0.1283,-0.9251,1.4205,0.2240,-0.04588,-3.12501,0.0144,-0.1149,-0.1268,0.0135,0.00000,0.00000,-0.7064,1.2464
909,36.3600,0.0939,0.0000,0.1454,0.2001,-0.0020,0.0282,0.0099,0.0074,0.1179,-0.9297,1.4271,0.2240,-0.04553,-3.12567,0.0161,-0.1134,-0.1243,0.0116,0.00000,0.00000,-0.7117,1.2530
910,36.4000,0.0921,0.0000,0.1483,0.1980,0.0001,0.0291,-0.0011,-0.0028,0.1172,-0.9344,1.4335,0.2240,-0.04537,-3.12574,0.0163,-0.1160,-0.1264,0.0089,0.00000,0.00000,-0.7170,1.2596
911,36.4400,0.0903,0.0000,0.1512,0.1952,-0.0000,0.0281,-0.0007,0.0043,0.1163,-0.9391,1.4398,0.2240,-0.04526,-3.12552,0.0159,-0.1150,-0.1221,0.0124,0.00000,0.00000,-0.7223,1.2660
912,36.4800,0.0885,0.0000,0.1541,0.1923,-0.0010,0.0265,0.0045,0.0090,0.1219,-0.9437,1.4460,0.2240,-0.04476,-3.12550,0.0149,-0.1126,-0.1266,0.0070,0.00000,0.00000,-0.7275,1.2724
913,36.5200,0.0868,0.0000,0.1570,0.1905,0.0000,0.0293,-0.0010,-0.0002,0.1283,-0.9483,1.4520,0.2240,-0.04461,-3.12545,0.0160,-0.1179,-0.1264,0.0091,0.00000,0.00000,-0.7328,1.2787
914,36.5600,0.0850,0.0000,0.1600,0.1873,-0.0002,0.0304,0.0002,0.0177,0.1237,-0.9528,1.4580,0.2240,-0.04412,-3.12527,0.0148,-0.1175,-0.1245,0.0102,0.00000,0.00000,-0.7380,1.2850
915,36.6000,0.0832,0.0000,0.1630,0.1861,-0.0012,0.0293,0.0054,-0.0012,0.1252,-0.9574,1.4639,0.2241,-0.04373,-3.12529,0.0159,-0.1163,-0.1261,0.0098,0.00000,0.00000,-0.7432,1.2911
916,36.6400,0.0815,0.0000,0.1661,0.1846,-0.0022,0.0286,0.0103,-0.0176,0.1388,-0.9618,1.4698,0.2241,-0.04405,-3.12568,0.0156,-0.1154,-0.1279,0.0083,0.00000,0.00000,-0.7484,1.2972
917,36.6800,0.0798,0.0000,0.1692,0.1811,0.0000,0.0310,-0.0012,0.0067,0.1312,-0.9663,1.4755,0.2241,-0.04416,-3.12585,0.0179,-0.1189,-0.1274,0.0084,0.00000,0.00000,-0.7536,1.3032
918,36.7200,0.0780,0.0000,0.1724,0.1790,0.0000,0.0301,-0.0011,0.0028,0.1443,-0.9708,1.4811,0.2242,-0.04383,-3.12549,0.0145,-0.1191,-0.1270,0.0085,0.00000,0.00000,-0.7588,1.3091
919,36.7600,0.0763,0.0000,0.1756,0.1772,-0.0011,0.0288,0.0049,-0.0060,0.1422,-0.9753,1.4866,0.2241,-0.04381,-3.12548,0.0170,-0.1173,-0.1274,0.0112,0.00000,0.00000,-0.7640,1.3149
920,36.8000,0.0746,0.0000,0.1789,0.1743,-0.0012,0.0311,0.0051,0.0058,0.1631,-0.9797,1.4920,0.2242,-0.04365,-3.12565,0.0169,-0.1199,-0.1301,0.0072,0.00000,0.00000,-0.7691,1.3206
921,36.8400,0.0729,0.0000,0.1823,0.1717,-0.0011,0.0287,0.0044,0.0112,0.1539,-0.9841,1.4974,0.2242,-0.04319,-3.12577,0.0162,-0.1166,-0.1260,0.0083,0.00000,0.00000,-0.7743,1.3263
922,36.8800,0.0713,0.0000,0.1856,0.1703,-0.0011,0.0315,0.0030,-0.0036,0.1596,-0.9884,1.5026,0.2242,-0.04295,-3.12579,0.0191,-0.1184,-0.1300,0.0131,0.00000,0.00000,-0.7794,1.3318
923,36.9200,0.0696,0.0000,0.1890,0.1683,-0.0004,0.0318,0.0006,-0.0031,0.1579,-0.9928,1.5077,0.2243,-0.04300,-3.12579,0.0185,-0.1208,-0.1303,0.0036,0.00000,0.00000,-0.7845,1.3373
924,36.9600,0.0679,0.0000,0.1925,0.1661,-0.0010,0.0301,0.0039,-0.0051,0.1604,-0.9971,1.5128,0.2243,-0.04305,-3.12570,0.0180,-0.1188,-0.1287,0.0114,0.00000,0.00000,-0.7896,1.3427
925,37.0000,0.0663,0.0000,0.1961,0.1634,-0.0012,0.0297,0.0038,0.0016,0.1759,-1.0014,1.5178,0.2243,-0.04301,-3.12578,0.0173,-0.1205,-0.1285,0.0078,0.00000,0.00000,-0.7947,1.3480
926,37.0400,0.0646,0.0000,0.1998,0.1611,-0.0015,0.0302,0.0063,0.0020,0.1812,-1.0057,1.5226,0.2243,-0.04272,-3.12587,0.0202,-0.1170,-0.1306,0.0107,0.00000,0.00000,-0.7998,1.3532
927,37.0800,0.0630,0.0000,0.2035,0.1590,-0.0025,0.0298,0.0118,0.0018,0.1703,-1.0099,1.5274,0.2243,-0.04250,-3.12622,0.0155,-0.1184,-0.1332,0.0070,0.00000,0.00000,-0.8049,1.3584
928,37.1200,0.0614,0.0000,0.2073,0.1570,-0.0001,0.0322,-0.0012,0.0016,0.1711,-1.0142,1.5321,0.2243,-0.04246,-3.12628,0.0187,-0.1230,-0.1280,0.0071,0.00000,0.00000,-0.8099,1.3634
929,37.1600,0.0598,0.0000,0.2113,0.1548,-0.0019,0.0299,0.0084,-0.0003,0.1804,-1.0184,1.5367,0.2244,-0.04218,-3.12621,0.0155,-0.1183,-0.1311,0.0105,0.00000,0.00000,-0.8150,1.3684
930,37.2000,0.0582,0.0000,0.2154,0.1527,-0.0021,0.0314,0.0093,0.0017,0.1946,-1.0225,1.5412,0.2244,-0.04210,-3.12657,0.0175,-0.1222,-0.1313,0.0101,0.00000,0.00000,-0.8200,1.3732
931,37.2400,0.0566,0.0000,0.2196,0.1500,-0.0012,0.0312,0.0043,0.0122,0.1904,-1.0267,1.5456,0.2244,-0.04159,-3.12670,0.0159,-0.1213,-0.1335,0.0049,0.00000,0.00000,-0.8250,1.3780
932,37.2800,0.0550,0.0000,0.2239,0.1488,-0.0014,0.0315,0.0055,-0.0027,0.2008,-1.0308,1.5498,0.2244,-0.04131,-3.12667,0.0180,-0.1207,-0.1331,0.0100,0.00000,0.00000,-0.8300,1.3827
933,37.3200,0.0535,0.0000,0.2283,0.1460,-0.0016,0.0313,0.0054,0.0131,0.1977,-1.0349,1.5541,0.2244,-0.04098,-3.12683,0.0174,-0.1208,-0.1294,0.0094,0.00000,0.00000,-0.8350,1.3873
934,37.3600,0.0519,0.0000,0.2328,0.1438,0.0002,0.0310,-0.0031,0.0187,0.2029,-1.0390,1.5582,0.2244,-0.04020,-3.12666,0.0173,-0.1228,-0.1311,0.0037,0.00000,0.00000,-0.8400,1.3919
935,37.4000,0.0504,0.0000,0.2375,0.1440,-0.0014,0.0320,0.0257,-0.0172,0.2117,-1.0431,1.5622,0.2244,-0.04008,-3.12653,0.0181,-0.1206,-0.1338,0.0151,0.00000,0.00000,-0.8449,1.3963
936,37.4400,0.0489,0.0000,0.2424,0.1416,-0.0024,0.0351,0.0107,0.0004,0.2145,-1.0472,1.5662,0.2245,-0.04027,-3.12696,0.0203,-0.1241,-0.1365,0.0056,0.00000,0.00000,-0.8499,1.4006
937,37.4800,0.0474,0.0000,0.2473,0.1405,-0.0015,0.0297,0.0066,-0.0181,0.2199,-1.0512,1.5701,0.2246,-0.04059,-3.12716,0.0160,-0.1206,-0.1309,0.0034,0.00000,0.00000,-0.8548,1.4049
938,37.5200,0.0460,0.0000,0.2524,0.1372,-0.0004,0.0294,0.0278,0.0012,0.2423,-1.0552,1.5739,0.2245,-0.04068,-3.12726,0.0166,-0.1222,-0.1368,0.0069,0.00000,0.00000,-0.8598,1.4090
939,37.5600,0.0445,0.0000,0.2576,0.1361,0.0008,0.0300,-0.0081,-0.0165,0.2279,-1.0593,1.5775,0.2244,-0.04099,-3.12685,0.0184,-0.1216,-0.1319,0.0030,0.00000,0.00000,-0.8647,1.4131
940,37.6000,0.0431,0.0000,0.2629,0.1336,-0.0026,0.0330,0.0095,-0.0033,0.2475,-1.0633,1.5811,0.2244,-0.04111,-3.12664,0.0153,-0.1228,-0.1361,0.0100,0.00000,0.00000,-0.8696,1.4171
941,37.6400,0.0416,0.0000,0.2684,0.1315,-0.0028,0.0324,0.0109,-0.0027,0.2445,-1.0672,1.5846,0.2244,-0.04115,-3.12700,0.0190,-0.1214,-0.1302,0.0065,0.00000,0.00000,-0.8744,1.4210
942,37.6800,0.0402,0.0000,0.2740,0.1282,-0.0006,0.0347,-0.0007,0.0220,0.2426,-1.0711,1.5880,0.2245,-0.04052,-3.12701,0.0189,-0.1264,-0.1354,0.0067,0.00000,0.00000,-0.8793,1.4248
943,37.7200,0.0389,0.0000,0.2798,0.1266,-0.0010,0.0328,0.0260,0.0165,0.2577,-1.0750,1.5913,0.2246,-0.03960,-3.12688,0.0157,-0.1253,-0.1325,0.0097,0.00000,0.00000,-0.8842,1.4285
944,37.7600,0.0375,0.0000,0.2858,0.1283,-0.0048,0.0261,0.0224,-0.0165,0.2700,-1.0789,1.5946,0.2245,-0.03945,-3.12718,0.0196,-0.1212,-0.1320,0.0056,0.00000,0.00000,-0.8890,1.4321
945,37.8000,0.0362,0.0000,0.2919,0.1335,-0.0078,0.0189,0.0651,-0.0490,0.2919,-1.0828,1.5981,0.2241,-0.04097,-3.12881,0.0204,-0.1211,-0.1293,0.0044,0.00000,0.00000,-0.8938,1.4356
946,37.8400,0.0349,0.0000,0.2981,0.1373,-0.0067,0.0232,0.0543,-0.0579,0.3104,-1.0868,1.6017,0.2237,-0.04306,-3.13045,0.0215,-0.1235,-0.1340,0.0024,0.00000,0.00000,-0.8986,1.4390
947,37.8800,0.0336,0.0000,0.3043,0.1390,-0.0080,0.0266,0.0610,-0.0346,0.3255,-1.0910,1.6053,0.2234,-0.04469,-3.13204,0.0208,-0.1253,-0.1381,0.0024,0.00000,0.00000,-0.9034,1.4424
948,37.9200,0.0323,0.0000,0.3105,0.1413,-0.0074,0.0221,0.0659,-0.0370,0.3222,-1.0952,1.6090,0.2232,-0.04615,-3.13375,0.0221,-0.1227,-0.1285,-0.0006,0.00000,0.00000,-0.9082,1.4456
949,37.9600,0.0309,0.0000,0.3167,0.1422,-0.0060,0.0221,0.0515,-0.0207,0.3323,-1.0996,1.6126,0.2228,-0.04716,-3.13509,0.0237,-0.1253,-0.1339,-0.0008,0.00000,0.00000,-0.9130,1.4488
950,38.0000,0.0296,0.0000,0.3229,0.1438,-0.0072,0.0204,0.0340,-0.0202,0.3361,-1.1042,1.6161,0.2224,-0.04795,-3.13618,0.0208,-0.1245,-0.1288,-0.0022,0.00000,0.00000,-0.9177,1.4519
951,38.0400,0.0283,0.0000,0.3292,0.1463,-0.0096,0.0225,0.0696,-0.0394,0.3398,-1.1087,1.6196,0.2221,-0.04905,-3.13774,0.0227,-0.1246,-0.1346,0.0046,0.00000,0.00000,-0.9225,1.4548
952,38.0800,0.0270,0.0000,0.3356,0.1436,-0.0075,0.0297,0.0371,-0.0066,0.3394,-1.1133,1.6232,0.2219,-0.05003,-3.13940,0.0232,-0.1289,-0.1344,-0.0104,0.00000,0.00000,-0.9272,1.4577
953,38.1200,0.0256,0.0000,0.3422,0.1405,-0.0051,0.0309,0.0242,0.0045,0.3275,-1.1180,1.6264,0.2220,-0.04992,-3.14009,0.0196,-0.1287,-0.1342,-0.0017,0.00000,0.00000,-0.9319,1.4605
954,38.1600,0.0243,0.0000,0.3490,0.1349,-0.0018,0.0316,0.0310,0.0262,0.3194,-1.1226,1.6295,0.2220,-0.04918,-3.14039,0.0221,-0.1270,-0.1322,0.0031,0.00000,0.00000,-0.9366,1.4632
955,38.2000,0.0229,0.0000,0.3561,0.1303,-0.0013,0.0302,0.0282,0.0315,0.3337,-1.1271,1.6323,0.2220,-0.04793,-3.14036,0.0164,-0.1292,-0.1361,-0.0042,0.00000,0.00000,-0.9413,1.4658
956,38.2400,0.0216,0.0000,0.3635,0.1268,-0.0023,0.0310,0.0280,0.0228,0.3474,-1.1316,1.6350,0.2220,-0.04689,-3.14029,0.0189,-0.1289,-0.1341,0.0035,0.00000,0.00000,-0.9460,1.4683
957,38.2800,0.0203,0.0000,0.3712,0.1232,-0.0033,0.0334,0.0166,0.0262,0.3473,-1.1359,1.6375,0.2220,-0.04584,-3.14045,0.0195,-0.1292,-0.1355,0.0028,0.00000,0.00000,-0.9506,1.4707
958,38.3200,0.0191,0.0000,0.3792,0.1194,-0.0046,0.0326,0.0057,0.0358,0.3416,-1.1401,1.6400,0.2221,-0.04448,-3.14074,0.0145,-0.1301,-0.1363,0.0001,0.00000,0.00000,-0.9552,1.4730
959,38.3600,0.0179,0.0000,0.3875,0.1176,-0.0037,0.0330,0.0359,0.0122,0.3486,-1.1442,1.6424,0.2221,-0.04351,-3.14115,0.0153,-0.1311,-0.1385,0.0043,0.00000,0.00000,-0.9599,1.4752
960,38.4000,0.0168,0.0000,0.3961,0.1141,-0.0019,0.0355,0.0087,0.0275,0.3725,-1.1483,1.6446,0.2222,-0.04273,-3.14141,0.0188,-0.1345,-0.1368,0.0003,0.00000,0.00000,-0.9645,1.4773
961,38.4400,0.0157,0.0000,0.4049,0.1108,-0.0016,0.0327,0.0346,0.0387,0.3603,-1.1524,1.6467,0.2223,-0.04120,-3.14135,0.0182,-0.1278,-0.1388,0.0055,0.00000,0.00000,-0.9690,1.4794
962,38.4800,0.0147,0.0000,0.4141,0.1098,-0.0010,0.0335,0.0003,0.0169,0.3844,-1.1564,1.6487,0.2223,-0.04030,-3.14125,0.0179,-0.1359,-0.1380,-0.0019,0.00000,0.00000,-0.9736,1.4813
963,38.5200,0.0138,0.0000,0.4234,0.1086,-0.0024,0.0307,0.0326,-0.0039,0.3770,-1.1604,1.6505,0.2223,-0.04000,-3.14107,0.0159,-0.1287,-0.1372,0.0056,0.00000,0.00000,-0.9782,1.4831
964,38.5600,0.0129,0.0000,0.4326,0.1054,-0.0013,0.0321,0.0012,0.0202,0.3960,-1.1643,1.6523,0.2222,-0.03974,-3.14110,0.0166,-0.1346,-0.1376,-0.0083,0.00000,0.00000,-0.9827,1.4849
965,38.6000,0.0122,0.0000,0.4407,0.1043,-0.0033,0.0244,0.0235,0.0056,0.3992,-1.1682,1.6540,0.2220,-0.03944,-3.14157,0.0076,-0.1217,-0.1114,0.0156,0.00000,0.00000,-0.9872,1.4865
966,38.6400,0.0114,0.0000,0.4478,0.1036,-0.0035,0.0288,0.0182,0.0029,0.3915,-1.1720,1.6557,0.2217,-0.03931,3.14100,0.0128,-0.1225,-0.1177,0.0138,0.00000,0.00000,-0.9917,1.4881
967,38.6800,0.0108,0.0000,0.4541,0.1031,-0.0024,0.0327,0.0316,0.0003,0.3948,-1.1759,1.6573,0.2216,-0.03929,3.14062,0.0082,-0.1248,-0.1216,0.0060,0.00000,0.00000,-0.9962,1.4896
968,38.7200,0.0102,0.0000,0.4596,0.1015,-0.0019,0.0334,0.0112,0.0135,0.4115,-1.1797,1.6588,0.2217,-0.03901,3.14025,0.0081,-0.1280,-0.1250,0.0051,0.00000,0.00000,-1.0007,1.4909
969,38.7600,0.0097,0.0000,0.4644,0.1008,-0.0016,0.0327,0.0135,0.0110,0.4283,-1.1835,1.6602,0.2216,-0.03857,3.13984,0.0081,-0.1257,-0.1226,0.0095,0.00000,0.00000,-1.0052,1.4922
970,38.8000,0.0093,0.0000,0.4687,0.1014,0.0004,0.0338,-0.0025,-0.0030,0.4018,-1.1874,1.6614,0.2216,-0.03853,3.14001,0.0129,-0.1263,-0.1197,0.0107,0.00000,0.00000,-1.0096,1.4934
971,38.8400,0.0089,0.0000,0.4725,0.1006,-0.0018,0.0318,0.0087,0.0001,0.4181,-1.1913,1.6626,0.2216,-0.03850,3.14018,0.0060,-0.1251,-0.1239,0.0060,0.00000,0.00000,-1.0141,1.4944
972,38.8800,0.0087,0.0000,0.4758,0.0990,0.0001,0.0351,0.0460,0.0291,0.4213,-1.1952,1.6638,0.2216,-0.03796,3.13988,0.0094,-0.1298,-0.1241,0.0138,0.00000,0.00000,-1.0185,1.4954
973,38.9200,0.0085,0.0000,0.4787,0.1001,0.0034,0.0327,0.0445,0.0011,0.4278,-1.1991,1.6648,0.2217,-0.03759,3.14018,0.0094,-0.1280,-0.1222,-0.0012,0.00000,0.00000,-1.0229,1.4963
974,38.9600,0.0083,0.0000,0.4812,0.0997,0.0017,0.0331,-0.0047,0.0027,0.4356,-1.2030,1.6657,0.2216,-0.03746,3.14037,0.0117,-0.1292,-0.1261,0.0095,0.00000,0.00000,-1.0272,1.4971
975,39.0000,0.0083,0.0000,0.4835,0.1000,-0.0012,0.0324,0.0108,-0.0040,0.4326,-1.2069,1.6666,0.2216,-0.03745,3.14057,0.0081,-0.1246,-0.1195,0.0104,0.00000,0.00000,-1.0316,1.4978
976,39.0400,0.0083,0.0000,0.4855,0.1002,-0.0020,0.0345,0.0207,-0.0118,0.4369,-1.2108,1.6675,0.2216,-0.03787,3.14010,0.0104,-0.1266,-0.1230,0.0093,0.00000,0.00000,-1.0360,1.4984
977,39.0800,0.0084,0.0000,0.4872,0.1007,0.0013,0.0367,0.0395,-0.0173,0.4286,-1.2148,1.6683,0.2217,-0.03859,3.14015,0.0123,-0.1301,-0.1234,0.0077,0.00000,0.00000,-1.0403,1.4989
978,39.1200,0.0086,0.0000,0.4887,0.0977,0.0019,0.0335,-0.0051,0.0236,0.4321,-1.2187,1.6689,0.2218,-0.03837,3.14072,0.0110,-0.1303,-0.1260,0.0005,0.00000,0.00000,-1.0446,1.4993
979,39.1600,0.0088,0.0000,0.4901,0.0976,-0.0011,0.0272,0.0040,0.0140,0.4301,-1.2227,1.6694,0.2216,-0.03770,3.14144,0.0055,-0.1256,-0.1191,0.0128,0.00000,0.00000,-1.0489,1.4996
980,39.2000,0.0091,0.0000,0.4913,0.0988,-0.0027,0.0308,0.0106,-0.0089,0.4284,-1.2266,1.6701,0.2215,-0.03738,3.14152,0.0094,-0.1260,-0.1254,0.0101,0.00000,0.00000,-1.0532,1.4999
981,39.2400,0.0095,0.0000,0.4923,0.0974,-0.0046,0.0361,0.0202,0.0145,0.4437,-1.2305,1.6707,0.2215,-0.03706,3.14127,0.0067,-0.1278,-0.1265,0.0078,0.00000,0.00000,-1.0574,1.5000
982,39.2800,0.0099,0.0000,0.4933,0.0969,-0.0036,0.0338,0.0153,0.0169,0.4344,-1.2344,1.6713,0.2215,-0.03650,3.14119,0.0087,-0.1262,-0.1206,0.0073,0.00000,0.00000,-1.0617,1.5000
983,39.3200,0.0105,0.0000,0.4941,0.0972,-0.0032,0.0318,0.0130,0.0066,0.4483,-1.2383,1.6717,0.2215,-0.03599,3.14116,0.0061,-0.1275,-0.1249,0.0086,0.00000,0.00000,-1.0659,1.4999
984,39.3600,0.0111,0.0000,0.4948,0.0975,-0.0024,0.0319,0.0101,0.0019,0.4378,-1.2422,1.6721,0.2214,-0.03579,3.14133,0.0080,-0.1262,-0.1226,0.0074,0.00000,0.00000,-1.0701,1.4998
985,39.4000,0.0118,0.0000,0.4954,0.0978,-0.0036,0.0348,0.0165,-0.0015,0.4362,-1.2461,1.6724,0.2214,-0.03571,3.14130,0.0064,-0.1274,-0.1257,0.0116,0.00000,0.00000,-1.0743,1.4995
986,39.4400,0.0126,0.0000,0.4960,0.0971,-0.0018,0.0354,0.0083,0.0166,0.4370,-1.2501,1.6726,0.2215,-0.03547,3.14138,0.0071,-0.1323,-0.1205,0.0027,0.00000,0.00000,-1.0785,1.4991
987,39.4800,0.0134,0.0000,0.4964,0.0964,-0.0015,0.0320,0.0068,0.0239,0.4393,-1.2540,1.6727,0.2215,-0.03449,-3.14144,0.0085,-0.1257,-0.1223,0.0080,0.00000,0.00000,-1.0827,1.4987
988,39.5200,0.0144,0.0000,0.4969,0.0975,-0.0015,0.0339,0.0080,0.0141,0.4475,-1.2579,1.6727,0.2214,-0.03384,-3.14117,0.0092,-0.1312,-0.1218,0.0090,0.00000,0.00000,-1.0868,1.4981
989,39.5600,0.0154,0.0000,0.4972,0.0988,-0.0042,0.0360,0.0232,0.0017,0.4446,-1.2619,1.6728,0.2215,-0.03340,-3.14109,0.0116,-0.1254,-0.1246,0.0127,0.00000,0.00000,-1.0909,1.4975
990,39.6000,0.0165,0.0000,0.4976,0.0997,-0.0045,0.0356,0.0247,-0.0051,0.4437,-1.2659,1.6728,0.2216,-0.03362,-3.14157,0.0095,-0.1294,-0.1243,0.0047,0.00000,0.00000,-1.0951,1.4967
991,39.6400,0.0176,0.0000,0.4979,0.1001,-0.0026,0.0343,0.0173,-0.0078,0.4550,-1.2699,1.6727,0.2216,-0.03400,3.14133,0.0089,-0.1295,-0.1233,0.0062,0.00000,0.00000,-1.0991,1.4959
992,39.6800,0.0189,0.0000,0.4981,0.1005,-0.0028,0.0328,0.0184,-0.0120,0.4607,-1.2740,1.6725,0.2216,-0.03441,3.14124,0.0100,-0.1255,-0.1236,0.0109,0.00000,0.00000,-1.1032,1.4950
993,39.7200,0.0202,0.0000,0.4983,0.1001,-0.0009,0.0333,0.0092,0.0034,0.4586,-1.2780,1.6721,0.2216,-0.03469,3.14128,0.0079,-0.1309,-0.1225,0.0032,0.00000,0.00000,-1.1073,1.4939
994,39.7600,0.0216,0.0000,0.4985,0.0997,0.0002,0.0316,0.0065,0.0197,0.4603,-1.2820,1.6717,0.2215,-0.03413,-3.14159,0.0063,-0.1291,-0.1203,0.0030,0.00000,0.00000,-1.1113,1.4928
995,39.8000,0.0231,0.0000,0.4987,0.1009,-0.0017,0.0317,0.0107,0.0075,0.4553,-1.2861,1.6711,0.2214,-0.03356,-3.14145,0.0056,-0.1279,-0.1199,0.0120,0.00000,0.00000,-1.1153,1.4916
996,39.8400,0.0247,0.0000,0.4989,0.1025,-0.0043,0.0346,0.0247,-0.0046,0.4610,-1.2901,1.6706,0.2214,-0.03349,3.14125,0.0052,-0.1270,-0.1235,0.0074,0.00000,0.00000,-1.1193,1.4903
997,39.8800,0.0264,0.0000,0.4990,0.1017,-0.0021,0.0395,0.0073,0.0307,0.4545,-1.2942,1.6700,0.2216,-0.03294,3.14076,0.0096,-0.1330,-0.1242,0.0074,0.00000,0.00000,-1.1233,1.4889
998,39.9200,0.0281,0.0000,0.4991,0.1030,0.0012,0.0333,0.0469,0.0171,0.4567,-1.2983,1.6693,0.2217,-0.03191,3.14066,0.0074,-0.1276,-0.1219,0.0020,0.00000,0.00000,-1.1273,1.4874
999,39.9600,0.0300,0.0000,0.4992,0.1040,0.0016,0.0323,0.0050,0.0173,0.4879,-1.3024,1.6683,0.2216,-0.03146,3.14070,0.0086,-0.1323,-0.1189,0.0082,0.00000,0.00000,-1.1312,1.4857
1000,40.0000,0.0319,0.0000,0.4993,0.1052,-0.0012,0.0328,0.0174,0.0171,0.4724,-1.3066,1.6673,0.2215,-0.03070,3.14082,0.0073,-0.1242,-0.1229,0.0133,0.00000,0.00000,-1.1352,1.4841
1001,40.0400,0.0339,0.0000,0.4994,0.1076,-0.0003,0.0367,0.0125,0.0080,0.4744,-1.3108,1.6663,0.2216,-0.03050,3.14056,0.0099,-0.1314,-0.1200,0.0032,0.00000,0.00000,-1.1391,1.4823
1002,40.0800,0.0360,0.0000,0.4995,0.1086,-0.0010,0.0350,0.0162,0.0159,0.4700,-1.3150,1.6651,0.2217,-0.03001,3.14033,0.0081,-0.1269,-0.1227,0.0070,0.00000,0.00000,-1.1430,1.4804
1003,40.1200,0.0382,0.0000,0.4995,0.1101,0.0015,0.0361,0.0038,0.0216,0.4693,-1.3193,1.6638,0.2217,-0.02948,3.14025,0.0105,-0.1327,-0.1209,0.0064,0.00000,0.00000,-1.1469,1.4784
1004,40.1600,0.0404,0.0000,0.4996,0.1137,0.0001,0.0354,0.0037,-0.0081,0.4459,-1.3235,1.6623,0.2218,-0.02924,3.14034,0.0075,-0.1308,-0.1252,0.0114,0.00000,0.00000,-1.1507,1.4763
1005,40.2000,0.0427,0.0000,0.4996,0.1151,-0.0009,0.0356,-0.0009,0.0019,0.4500,-1.3279,1.6608,0.2219,-0.02942,3.14052,0.0078,-0.1340,-0.1243,0.0042,0.00000,0.00000,-1.1545,1.4741
1006,40.2400,0.0451,0.0000,0.4997,0.1165,-0.0004,0.0290,-0.0032,0.0018,0.4435,-1.3323,1.6592,0.2218,-0.02933,3.14080,0.0064,-0.1271,-0.1184,0.0048,0.00000,0.00000,-1.1584,1.4719
1007,40.2800,0.0475,0.0000,0.4997,0.1184,-0.0009,0.0328,-0.0003,-0.0021,0.4438,-1.3367,1.6575,0.2216,-0.02928,3.14113,0.0077,-0.1307,-0.1266,0.0139,0.00000,0.00000,-1.1622,1.4695
1008,40.3200,0.0500,0.0000,0.4998,0.1213,-0.0021,0.0349,0.0072,-0.0221,0.4551,-1.3412,1.6557,0.2217,-0.02982,3.14129,0.0066,-0.1319,-0.1267,0.0018,0.00000,0.00000,-1.1660,1.4671
1009,40.3600,0.0525,0.0000,0.4998,0.1213,-0.0028,0.0368,0.0103,0.0078,0.4594,-1.3458,1.6539,0.2218,-0.03006,3.14110,0.0079,-0.1343,-0.1286,0.0099,0.00000,0.00000,-1.1697,1.4645
1010,40.4000,0.0551,0.0000,0.4998,0.1234,-0.0009,0.0328,-0.0001,-0.0072,0.4427,-1.3503,1.6519,0.2218,-0.03014,3.14115,0.0075,-0.1318,-0.1236,0.0020,0.00000,0.00000,-1.1735,1.4619
1011,40.4400,0.0577,0.0000,0.4998,0.1239,-0.0013,0.0339,0.0023,0.0107,0.4487,-1.3548,1.6498,0.2218,-0.03000,3.14135,0.0066,-0.1344,-0.1288,0.0099,0.00000,0.00000,-1.1772,1.4591
1012,40.4800,0.0604,0.0000,0.4999,0.1254,-0.0006,0.0322,-0.0020,0.0122,0.4525,-1.3593,1.6476,0.2218,-0.02963,3.14151,0.0040,-0.1358,-0.1237,0.0001,0.00000,0.00000,-1.1809,1.4563
1013,40.5200,0.0632,0.0000,0.4999,0.1265,-0.0014,0.0321,0.0035,0.0175,0.4606,-1.3639,1.6453,0.2218,-0.02896,-3.14148,0.0062,-0.1323,-0.1266,0.0068,0.00000,0.00000,-1.1846,1.4534
1014,40.5600,0.0660,0.0000,0.4999,0.1286,-0.0009,0.0334,0.0007,0.0147,0.4566,-1.3684,1.6428,0.2217,-0.02841,-3.14130,0.0066,-0.1350,-0.1255,0.0023,0.00000,0.00000,-1.1883,1.4504
1015,40.6000,0.0689,0.0000,0.4999,0.1315,-0.0017,0.0319,0.0041,-0.0046,0.4455,-1.3730,1.6402,0.2217,-0.02829,-3.14112,0.0055,-0.1313,-0.1225,0.0044,0.00000,0.00000,-1.1919,1.4473
1016,40.6400,0.0718,0.0000,0.4999,0.1327,-0.0022,0.0344,0.0082,0.0080,0.4595,-1.3776,1.6376,0.2217,-0.02814,-3.14106,0.0062,-0.1356,-0.1274,0.0034,0.00000,0.00000,-1.1956,1.4441
1017,40.6800,0.0748,0.0000,0.4999,0.1351,-0.0021,0.0344,-0.0034,-0.0026,0.4609,-1.3823,1.6348,0.2217,-0.02801,-3.14116,0.0052,-0.1356,-0.1274,0.0028,0.00000,0.00000,-1.1992,1.4408
1018,40.7200,0.0778,0.0000,0.4999,0.1358,0.0007,0.0365,-0.0102,0.0237,0.4501,-1.3869,1.6318,0.2218,-0.02747,-3.14082,0.0094,-0.1397,-0.1260,0.0024,0.00000,0.00000,-1.2028,1.4374
1019,40.7600,0.0809,0.0000,0.4999,0.1379,-0.0016,0.0326,0.0009,0.0206,0.4675,-1.3915,1.6287,0.2219,-0.02640,-3.14042,0.0050,-0.1352,-0.1269,0.0021,0.00000,0.00000,-1.2063,1.4339
1020,40.8000,0.0841,0.0000,0.4999,0.1413,-0.0026,0.0306,0.0093,-0.0014,0.4599,-1.3961,1.6255,0.2218,-0.02614,-3.14041,0.0075,-0.1335,-0.1245,0.0036,0.00000,0.00000,-1.2099,1.4303
1021,40.8400,0.0873,0.0000,0.5000,0.1443,-0.0027,0.0326,0.0099,-0.0154,0.4592,-1.4009,1.6222,0.2217,-0.02652,-3.14047,0.0079,-0.1321,-0.1262,0.0023,0.00000,0.00000,-1.2134,1.4267
1022,40.8800,0.0905,0.0000,0.5000,0.1449,-0.0015,0.0359,0.0035,0.0159,0.4624,-1.4056,1.6188,0.2218,-0.02640,-3.14041,0.0076,-0.1380,-0.1293,-0.0009,0.00000,0.00000,-1.2170,1.4229
1023,40.9200,0.0938,0.0000,0.5000,0.1478,-0.0014,0.0323,0.0006,0.0005,0.4641,-1.4102,1.6152,0.2218,-0.02606,-3.14016,0.0040,-0.1371,-0.1257,-0.0002,0.00000,0.00000,-1.2205,1.4191
1024,40.9600,0.0971,0.0000,0.5000,0.1492,-0.0010,0.0335,0.0006,0.0151,0.4608,-1.4149,1.6114,0.2218,-0.02569,-3.13985,0.0097,-0.1366,-0.1261,0.0029,0.00000,0.00000,-1.2239,1.4152
1025,41.0000,0.1005,0.0000,0.5000,0.1518,-0.0011,0.0339,-0.0009,0.0151,0.4503,-1.4195,1.6075,0.2218,-0.02508,-3.13957,0.0059,-0.1383,-0.1257,0.0009,0.00000,0.00000,-1.2274,1.4111
1026,41.0400,0.1039,0.0000,0.5000,0.1543,-0.0022,0.0346,0.0070,0.0168,0.4559,-1.4242,1.6034,0.2218,-0.02444,-3.13935,0.0069,-0.1390,-0.1248,0.0037,0.00000,0.00000,-1.2308,1.4070
1027,41.0800,0.1074,0.0000,0.5000,0.1577,-0.0030,0.0337,0.0085,0.0033,0.4557,-1.4289,1.5992,0.2219,-0.02401,-3.13956,0.0070,-0.1381,-0.1282,0.0016,0.00000,0.00000,-1.2342,1.4028
1028,41.1200,0.1109,0.0000,0.5000,0.1596,-0.0026,0.0360,0.0091,0.0214,0.4634,-1.4336,1.5948,0.2219,-0.02349,-3.13977,0.0073,-0.1409,-0.1287,0.0039,0.00000,0.00000,-1.2376,1.3985
1029,41.1600,0.1144,0.0000,0.5000,0.1637,-0.0018,0.0304,0.0043,-0.0047,0.4547,-1.4383,1.5903,0.2219,-0.02328,-3.13976,0.0053,-0.1362,-0.1238,-0.0027,0.00000,0.00000,-1.2410,1.3941
1030,41.2000,0.1179,0.0000,0.5000,0.1661,-0.0018,0.0315,0.0042,0.0033,0.4737,-1.4430,1.5855,0.2218,-0.02329,-3.13968,0.0060,-0.1380,-0.1280,0.0019,0.00000,0.00000,-1.2444,1.3897
1031,41.2400,0.1214,0.0000,0.5000,0.1686,0.0007,0.0327,-0.0105,0.0131,0.4692,-1.4476,1.5806,0.2218,-0.02293,-3.13912,0.0092,-0.1386,-0.1224,-0.0032,0.00000,0.00000,-1.2477,1.3851
1032,41.2800,0.1250,0.0000,0.4988,0.1713,-0.0008,0.0332,-0.0015,0.0212,0.4587,-1.4522,1.5754,0.2217,-0.02211,-3.13840,0.0063,-0.1380,-0.1279,0.0005,0.00000,0.00000,-1.2510,1.3804
1033,41.3200,0.1286,0.0000,0.4960,0.1757,-0.0033,0.0340,0.0119,-0.0006,0.4604,-1.4568,1.5702,0.2218,-0.02179,-3.13837,0.0065,-0.1389,-0.1280,-0.0013,0.00000,0.00000,-1.2543,1.3757
1034,41.3600,0.1322,0.0000,0.4916,0.1787,-0.0022,0.0343,0.0065,0.0027,0.4614,-1.4615,1.5647,0.2218,-0.02185,-3.13860,0.0072,-0.1409,-0.1264,-0.0048,0.00000,0.00000,-1.2576,1.3709
1035,41.4000,0.1359,0.0000,0.4858,0.1811,-0.0002,0.0335,-0.0055,0.0161,0.4512,-1.4660,1.5591,0.2218,-0.02140,-3.13830,0.0085,-0.1396,-0.1251,-0.0021,0.00000,0.00000,-1.2609,1.3660
1036,41.4400,0.1395,0.0000,0.4789,0.1840,-0.0009,0.0319,-0.0008,0.0247,0.4501,-1.4705,1.5532,0.2218,-0.02050,-3.13756,0.0076,-0.1379,-0.1229,-0.0005,0.00000,0.00000,-1.2641,1.3610
1037,41.4800,0.1431,0.0000,0.4709,0.1882,-0.0027,0.0316,0.0099,0.0115,0.4505,-1.4750,1.5472,0.2217,-0.01985,-3.13733,0.0066,-0.1376,-0.1235,-0.0003,0.00000,0.00000,-1.2673,1.3559
1038,41.5200,0.1467,0.0000,0.4620,0.1926,-0.0025,0.0359,0.0065,0.0020,0.4450,-1.4796,1.5410,0.2217,-0.01964,-3.13757,0.0094,-0.1401,-0.1260,0.0011,0.00000,0.00000,-1.2705,1.3507
1039,41.5600,0.1503,0.0000,0.4523,0.1967,-0.0031,0.0350,0.0116,-0.0062,0.4341,-1.4841,1.5346,0.2218,-0.01967,-3.13772,0.0098,-0.1360,-0.1259,-0.0020,0.00000,0.00000,-1.2737,1.3454
1040,41.6000,0.1538,0.0000,0.4419,0.1998,-0.0010,0.0328,-0.0013,0.0003,0.4285,-1.4885,1.5280,0.2218,-0.01984,-3.13777,0.0098,-0.1396,-0.1245,-0.0063,0.00000,0.00000,-1.2769,1.3401
1041,41.6400,0.1574,0.0000,0.4309,0.2029,-0.0007,0.0330,-0.0027,0.0063,0.4165,-1.4928,1.5211,0.2218,-0.01956,-3.13716,0.0108,-0.1362,-0.1255,0.0027,0.00000,0.00000,-1.2800,1.3347
1042,41.6800,0.1608,0.0000,0.4195,0.2070,-0.0027,0.0348,0.0091,0.0008,0.4194,-1.4972,1.5141,0.2218,-0.01942,-3.13696,0.0119,-0.1373,-0.1254,0.0019,0.00000,0.00000,-1.2831,1.3291
1043,41.7200,0.1643,0.0000,0.4076,0.2116,-0.0020,0.0317,0.0039,-0.0194,0.4068,-1.5015,1.5068,0.2218,-0.01988,-3.13715,0.0123,-0.1347,-0.1206,-0.0044,0.00000,0.00000,-1.2862,1.3235
1044,41.7600,0.1677,0.0000,0.3955,0.2137,-0.0009,0.0341,-0.0002,0.0044,0.3929,-1.5057,1.4994,0.2218,-0.02006,-3.13684,0.0138,-0.1369,-0.1257,0.0023,0.00000,0.00000,-1.2893,1.3178
1045,41.8000,0.1710,0.0000,0.3830,0.2162,-0.0007,0.0325,-0.0014,0.0243,0.3915,-1.5098,1.4918,0.2219,-0.01941,-3.13626,0.0101,-0.1368,-0.1225,-0.0067,0.00000,0.00000,-1.2924,1.3121
1046,41.8400,0.1743,0.0000,0.3705,0.2214,-0.0022,0.0308,0.0072,-0.0069,0.3718,-1.5139,1.4840,0.2218,-0.01918,-3.13590,0.0123,-0.1338,-0.1208,0.0064,0.00000,0.00000,-1.2954,1.3062
1047,41.8800,0.1775,0.0000,0.3578,0.2249,-0.0016,0.0337,0.0038,-0.0018,0.3742,-1.5180,1.4760,0.2218,-0.01936,-3.13593,0.0154,-0.1341,-0.1191,-0.0035,0.00000,0.00000,-1.2984,1.3003
1048,41.9200,0.1806,0.0000,0.3450,0.2278,-0.0023,0.0327,0.0075,0.0098,0.3510,-1.5220,1.4678,0.2218,-0.01908,-3.13591,0.0138,-0.1309,-0.1226,0.0018,0.00000,0.00000,-1.3014,1.2942
1049,41.9600,0.1837,0.0000,0.3323,0.2324,-0.0006,0.0317,0.0003,-0.0075,0.3417,-1.5259,1.4594,0.2218,-0.01923,-3.13575,0.0137,-0.1336,-0.1175,-0.0044,0.00000,0.00000,-1.3044,1.2881
1050,42.0000,0.1867,0.0000,0.3196,0.2349,-0.0020,0.0346,0.0065,0.0136,0.3395,-1.5298,1.4509,0.2218,-0.01896,-3.13549,0.0159,-0.1323,-0.1216,0.0080,0.00000,0.00000,-1.3073,1.2819
1051,42.0400,0.1896,0.0000,0.3070,0.2400,-0.0017,0.0313,0.0046,-0.0130,0.3265,-1.5336,1.4422,0.2218,-0.01907,-3.13548,0.0133,-0.1322,-0.1189,-0.0069,0.00000,0.00000,-1.3103,1.2757
1052,42.0800,0.1924,0.0000,0.2946,0.2421,-0.0025,0.0337,0.0106,0.0154,0.3223,-1.5374,1.4333,0.2218,-0.01894,-3.13581,0.0161,-0.1304,-0.1189,0.0101,0.00000,0.00000,-1.3132,1.2693
1053,42.1200,0.1951,0.0000,0.2822,0.2463,-0.0010,0.0320,0.0025,0.0076,0.2994,-1.5411,1.4241,0.2218,-0.01851,-3.13591,0.0144,-0.1306,-0.1185,-0.0047,0.00000,0.00000,-1.3161,1.2629
1054,42.1600,0.1977,0.0000,0.2701,0.2507,-0.0016,0.0325,0.0057,-0.0034,0.2936,-1.5447,1.4148,0.2217,-0.01852,-3.13574,0.0165,-0.1290,-0.1160,0.0083,0.00000,0.00000,-1.3189,1.2564
1055,42.2000,0.2002,0.0000,0.2583,0.2549,-0.0013,0.0309,-0.0015,-0.0123,0.2799,-1.5482,1.4053,0.2217,-0.01885,-3.13580,0.0157,-0.1283,-0.1179,-0.0042,0.00000,0.00000,-1.3218,1.2498
1056,42.2400,0.2027,0.0000,0.2466,0.2576,0.0001,0.0338,-0.0095,0.0093,0.2621,-1.5517,1.3957,0.2217,-0.01893,-3.13524,0.0167,-0.1323,-0.1174,0.0041,0.00000,0.00000,-1.3246,1.2431
1057,42.2800,0.2050,0.0000,0.2353,0.2619,0.0002,0.0328,0.0005,0.0006,0.2588,-1.5550,1.3858,0.2218,-0.01871,-3.13419,0.0178,-0.1296,-0.1155,-0.0003,0.00000,0.00000,-1.3274,1.2363
1058,42.3200,0.2072,0.0000,0.2244,0.2659,-0.0014,0.0311,0.0051,-0.0040,0.2459,-1.5584,1.3758,0.2217,-0.01881,-3.13394,0.0203,-0.1257,-0.1137,0.0063,0.00000,0.00000,-1.3302,1.2295
1059,42.3600,0.2094,0.0000,0.2137,0.2704,-0.0009,0.0313,0.0023,-0.0182,0.2322,-1.5616,1.3655,0.2217,-0.01935,-3.13399,0.0192,-0.1269,-0.1139,0.0015,0.00000,0.00000,-1.3330,1.2226
1060,42.4000,0.2114,0.0000,0.2034,0.2742,-0.0016,0.0339,-0.0003,-0.0228,0.2357,-1.5649,1.3551,0.2217,-0.02015,-3.13393,0.0204,-0.1282,-0.1183,0.0052,0.00000,0.00000,-1.3357,1.2156
1061,42.4400,0.2133,0.0000,0.1935,0.2763,-0.0013,0.0314,0.0050,0.0055,0.2196,-1.5681,1.3446,0.2218,-0.02040,-3.13439,0.0178,-0.1276,-0.1168,-0.0019,0.00000,0.00000,-1.3384,1.2085
1062,42.4800,0.2151,0.0000,0.1838,0.2808,-0.0003,0.0315,-0.0006,-0.0191,0.2016,-1.5712,1.3339,0.2218,-0.02078,-3.13403,0.0213,-0.1264,-0.1157,0.0074,0.00000,0.00000,-1.3411,1.2014
1063,42.5200,0.2168,0.0000,0.1746,0.2834,-0.0019,0.0304,0.0078,-0.0044,0.2019,-1.5742,1.3230,0.2217,-0.02117,-3.13426,0.0185,-0.1249,-0.1157,0.0017,0.00000,0.00000,-1.3438,1.1942
1064,42.5600,0.2185,0.0000,0.1657,0.2881,-0.0037,0.0177,0.0180,-0.0321,0.1670,-1.5773,1.3120,0.2214,-0.02224,-3.13600,0.0096,-0.1112,-0.0900,0.0088,0.00000,0.00000,-1.3465,1.1869
1065,42.6000,0.2200,0.0000,0.1573,0.2896,-0.0003,0.0237,0.0006,0.0026,0.1448,-1.5803,1.3008,0.2210,-0.02277,-3.13745,0.0128,-0.1162,-0.0985,0.0102,0.00000,0.00000,-1.3491,1.1795
1066,42.6400,0.2214,0.0000,0.1494,0.2937,0.0008,0.0305,-0.0056,0.0001,0.1400,-1.5831,1.2895,0.2209,-0.02267,-3.13640,0.0113,-0.1189,-0.1001,0.0054,0.00000,0.00000,-1.3517,1.1720
1067,42.6800,0.2227,0.0000,0.1421,0.2985,-0.0020,0.0294,0.0093,-0.0208,0.1433,-1.5860,1.2780,0.2209,-0.02318,-3.13659,0.0148,-0.1148,-0.0963,0.0104,0.00000,0.00000,-1.3543,1.1645
1068,42.7200,0.2238,0.0000,0.1352,0.3011,-0.0023,0.0295,0.0113,-0.0036,0.1293,-1.5889,1.2664,0.2208,-0.02362,-3.13873,0.0122,-0.1167,-0.1033,0.0053,0.00000,0.00000,-1.3569,1.1569
1069,42.7600,0.2249,0.0000,0.1287,0.3045,0.0014,0.0299,-0.0090,-0.0022,0.1355,-1.5917,1.2546,0.2208,-0.02389,-3.13845,0.0149,-0.1185,-0.0958,0.0044,0.00000,0.00000,-1.3594,1.1492
1070,42.8000,0.2259,0.0000,0.1227,0.3085,0.0000,0.0288,-0.0016,-0.0137,0.1225,-1.5944,1.2426,0.2208,-0.02419,-3.13706,0.0173,-0.1136,-0.0986,0.0143,0.00000,0.00000,-1.3619,1.1415
1071,42.8400,0.2268,0.0000,0.1171,0.3124,-0.0017,0.0308,0.0077,-0.0195,0.1279,-1.5971,1.2306,0.2208,-0.02489,-3.13771,0.0184,-0.1141,-0.1005,0.0063,0.00000,0.00000,-1.3644,1.1337
1072,42.8800,0.2276,0.0000,0.1118,0.3149,-0.0021,0.0308,0.0097,-0.0065,0.1200,-1.5999,1.2184,0.2208,-0.02542,-3.13937,0.0153,-0.1163,-0.1025,0.0075,0.00000,0.00000,-1.3669,1.1258
1073,42.9200,0.2283,0.0000,0.1068,0.3179,0.0004,0.0282,-0.0034,-0.0082,0.0977,-1.6025,1.2060,0.2209,-0.02581,-3.13991,0.0176,-0.1139,-0.0968,0.0053,0.00000,0.00000,-1.3694,1.1178
1074,42.9600,0.2289,0.0000,0.1021,0.3207,0.0009,0.0267,-0.0060,-0.0100,0.1057,-1.6050,1.1935,0.2208,-0.02618,-3.13873,0.0169,-0.1135,-0.0994,0.0055,0.00000,0.00000,-1.3718,1.1097
1075,43.0000,0.2295,0.0000,0.0978,0.3247,-0.0010,0.0287,0.0042,-0.0291,0.0986,-1.6076,1.1809,0.2207,-0.02704,-3.13837,0.0176,-0.1133,-0.1012,0.0135,0.00000,0.00000,-1.3742,1.1016
1076,43.0400,0.2299,0.0000,0.0938,0.3257,-0.0005,0.0286,0.0016,0.0039,0.0933,-1.6101,1.1681,0.2208,-0.02748,-3.13939,0.0172,-0.1132,-0.0988,-0.0002,0.00000,0.00000,-1.3766,1.0935
1077,43.0800,0.2303,0.0000,0.0901,0.3295,-0.0022,0.0307,0.0103,-0.0203,0.0831,-1.6127,1.1553,0.2208,-0.02784,-3.14027,0.0157,-0.1149,-0.1074,0.0180,0.00000,0.00000,-1.3790,1.0852
1078,43.1200,0.2306,0.0000,0.0867,0.3320,-0.0023,0.0329,0.0109,-0.0163,0.0720,-1.6152,1.1424,0.2210,-0.02867,3.14018,0.0175,-0.1180,-0.1051,0.0087,0.00000,0.00000,-1.3814,1.0769
1079,43.1600,0.2309,0.0000,0.0836,0.3340,-0.0012,0.0281,0.0052,-0.0173,0.0630,-1.6177,1.1293,0.2211,-0.02936,3.13814,0.0176,-0.1131,-0.1030,0.0088,0.00000,0.00000,-1.3837,1.0685
1080,43.2000,0.2310,0.0000,0.0809,0.3357,-0.0000,0.0264,-0.0011,-0.0158,0.0614,-1.6202,1.1162,0.2211,-0.03009,3.13747,0.0194,-0.1128,-0.1016,0.0161,0.00000,0.00000,-1.3860,1.0601
1081,43.2400,0.2311,0.0000,0.0784,0.3371,0.0006,0.0276,-0.0045,-0.0069,0.0586,-1.6225,1.1030,0.2211,-0.03048,3.13790,0.0200,-0.1133,-0.1043,0.0123,0.00000,0.00000,-1.3883,1.0515
1082,43.2800,0.2312,0.0000,0.0763,0.3392,-0.0002,0.0281,0.0000,-0.0131,0.0539,-1.6248,1.0897,0.2211,-0.03086,3.13823,0.0198,-0.1134,-0.1079,0.0120,0.00000,0.00000,-1.3905,1.0429
1083,43.3200,0.2311,0.0000,0.0744,0.3407,-0.0010,0.0296,0.0039,-0.0119,0.0700,-1.6272,1.0764,0.2212,-0.03141,3.13742,0.0187,-0.1184,-0.1102,0.0108,0.00000,0.00000,-1.3928,1.0343
1084,43.3600,0.2311,0.0000,0.0728,0.3420,-0.0003,0.0248,0.0004,-0.0143,0.0485,-1.6295,1.0629,0.2212,-0.03199,3.13647,0.0188,-0.1118,-0.1035,0.0097,0.00000,0.00000,-1.3950,1.0256
1085,43.4000,0.2309,0.0000,0.0713,0.3435,-0.0004,0.0257,0.0008,-0.0215,0.0595,-1.6318,1.0495,0.2212,-0.03270,3.13590,0.0190,-0.1138,-0.1094,0.0128,0.00000,0.00000,-1.3972,1.0168
1086,43.4400,0.2307,0.0000,0.0700,0.3442,0.0017,0.0279,-0.0097,-0.0137,0.0373,-1.6340,1.0360,0.2212,-0.03346,3.13621,0.0211,-0.1174,-0.1085,0.0086,0.00000,0.00000,-1.3994,1.0079
1087,43.4800,0.2305,0.0000,0.0689,0.3451,-0.0003,0.0287,0.0005,-0.0147,0.0563,-1.6362,1.0224,0.2214,-0.03393,3.13693,0.0200,-0.1167,-0.1118,0.0128,0.00000,0.00000,-1.4015,0.9990
1088,43.5200,0.2302,0.0000,0.0680,0.3460,-0.0010,0.0262,0.0043,-0.0233,0.0589,-1.6384,1.0088,0.2214,-0.03472,3.13516,0.0226,-0.1153,-0.1127,0.0092,0.00000,0.00000,-1.4036,0.9900
1089,43.5600,0.2300,0.0000,0.0672,0.3460,0.0008,0.0252,-0.0053,-0.0177,0.0379,-1.6406,0.9952,0.2214,-0.03561,3.13438,0.0238,-0.1133,-0.1072,0.0135,0.00000,0.00000,-1.4057,0.9810
1090,43.6000,0.2296,0.0000,0.0666,0.3463,0.0007,0.0248,-0.0050,-0.0208,0.0455,-1.6427,0.9816,0.2215,-0.03633,3.13508,0.0212,-0.1149,-0.1116,0.0097,0.00000,0.00000,-1.4078,0.9718
1091,43.6400,0.2293,0.0000,0.0661,0.3458,-0.0008,0.0248,0.0030,-0.0136,0.0498,-1.6448,0.9680,0.2215,-0.03693,3.13428,0.0227,-0.1132,-0.1141,0.0117,0.00000,0.00000,-1.4099,0.9627
1092,43.6800,0.2289,0.0000,0.0656,0.3453,0.0003,0.0254,-0.0026,-0.0067,0.0500,-1.6469,0.9544,0.2215,-0.03736,3.13323,0.0213,-0.1173,-0.1148,0.0061,0.00000,0.00000,-1.4119,0.9534
1093,43.7200,0.2285,0.0000,0.0653,0.3455,0.0006,0.0243,-0.0037,-0.0188,0.0541,-1.6489,0.9407,0.2215,-0.03792,3.13394,0.0234,-0.1142,-0.1103,0.0131,0.00000,0.00000,-1.4139,0.9441
1094,43.7600,0.2281,0.0000,0.0650,0.3438,0.0000,0.0225,-0.0011,-0.0024,0.0518,-1.6509,0.9271,0.2215,-0.03818,3.13352,0.0188,-0.1160,-0.1193,0.0021,0.00000,0.00000,-1.4159,0.9348
1095,43.8000,0.2277,0.0000,0.0647,0.3413,0.0053,0.0321,-0.0280,-0.0094,0.0199,-1.6527,0.9136,0.2216,-0.03875,3.13671,0.0241,-0.1162,-0.1098,0.0119,0.00000,0.00000,-1.4179,0.9254
1096,43.8400,0.2273,0.0000,0.0645,0.3353,0.0029,0.0384,-0.0158,0.0263,0.0363,-1.6544,0.9002,0.2221,-0.03787,-3.14019,0.0136,-0.1172,-0.1276,0.0106,0.00000,0.00000,-1.4198,0.9159
1097,43.8800,0.2269,0.0000,0.0645,0.3312,0.0034,0.0341,-0.0186,0.0267,0.0365,-1.6561,0.8870,0.2226,-0.03695,-3.13619,0.0174,-0.1194,-0.1187,0.0093,0.00000,0.00000,-1.4218,0.9064
1098,43.9200,0.2266,0.0000,0.0645,0.3267,0.0068,0.0299,-0.0362,0.0306,0.0302,-1.6577,0.8740,0.2228,-0.03576,-3.12844,0.0152,-0.1168,-0.1185,0.0085,0.00000,0.00000,-1.4237,0.8968
1099,43.9600,0.2262,0.0000,0.0647,0.3233,0.0072,0.0302,-0.0385,0.0246,0.0432,-1.6592,0.8610,0.2230,-0.03466,-3.11712,0.0132,-0.1166,-0.1183,0.0141,0.00000,0.00000,-1.4255,0.8871
1100,44.0000,0.2259,0.0000,0.0649,0.3206,0.0055,0.0316,-0.0296,0.0150,0.0402,-1.6606,0.8483,0.2232,-0.03382,-3.10689,0.0138,-0.1140,-0.1206,0.0118,0.00000,0.00000,-1.4274,0.8774
1101,44.0400,0.2256,0.0000,0.0651,0.3175,0.0056,0.0349,-0.0301,0.0192,0.0288,-1.6620,0.8356,0.2235,-0.03315,-3.09788,0.0147,-0.1159,-0.1201,0.0118,0.00000,0.00000,-1.4292,0.8677
1102,44.0800,0.2254,0.0000,0.0653,0.3144,0.0052,0.0353,-0.0280,0.0232,0.0443,-1.6634,0.8231,0.2238,-0.03230,-3.08844,0.0106,-0.1188,-0.1203,0.0119,0.00000,0.00000,-1.4310,0.8578
1103,44.1200,0.2252,0.0000,0.0657,0.3125,0.0063,0.0334,-0.0336,0.0085,0.0358,-1.6647,0.8106,0.2241,-0.03173,-3.07808,0.0144,-0.1164,-0.1183,0.0155,0.00000,0.00000,-1.4328,0.8480
1104,44.1600,0.2251,0.0000,0.0660,0.3129,0.0031,0.0259,-0.0172,0.0071,0.0701,-1.6661,0.7982,0.2242,-0.03131,-3.06836,0.0155,-0.1177,-0.1204,0.0110,0.00000,0.00000,-1.4346,0.8380
1105,44.2000,0.2250,0.0000,0.0663,0.3144,0.0015,0.0234,-0.0088,-0.0017,0.0524,-1.6675,0.7858,0.2240,-0.03138,-3.06285,0.0180,-0.1145,-0.1143,0.0178,0.00000,0.00000,-1.4363,0.8281
1106,44.2400,0.2249,0.0000,0.0664,0.3161,0.0017,0.0280,-0.0095,-0.0079,0.0511,-1.6690,0.7733,0.2240,-0.03157,-3.05772,0.0179,-0.1167,-0.1184,0.0100,0.00000,0.00000,-1.4380,0.8180
1107,44.2800,0.2250,0.0000,0.0665,0.3177,0.0003,0.0281,-0.0024,-0.0154,0.0537,-1.6704,0.7607,0.2240,-0.03208,-3.05374,0.0187,-0.1160,-0.1174,0.0109,0.00000,0.00000,-1.4397,0.8079
1108,44.3200,0.2250,0.0000,0.0666,0.3183,0.0002,0.0275,-0.0021,-0.0129,0.0704,-1.6719,0.7481,0.2241,-0.03263,-3.05054,0.0210,-0.1166,-0.1187,0.0092,0.00000,0.00000,-1.4414,0.7978
1109,44.3600,0.2251,0.0000,0.0666,0.3183,-0.0001,0.0266,-0.0002,-0.0023,0.0692,-1.6733,0.7355,0.2241,-0.03286,-3.04718,0.0213,-0.1144,-0.1189,0.0122,0.00000,0.00000,-1.4431,0.7876
1110,44.4000,0.2252,0.0000,0.0664,0.3183,0.0009,0.0275,-0.0054,0.0094,0.0656,-1.6747,0.7228,0.2241,-0.03265,-3.04303,0.0193,-0.1184,-0.1214,0.0060,0.00000,0.00000,-1.4447,0.7774
1111,44.4400,0.2253,0.0000,0.0661,0.3196,-0.0004,0.0260,0.0013,-0.0052,0.0656,-1.6760,0.7102,0.2241,-0.03257,-3.03872,0.0190,-0.1151,-0.1188,0.0118,0.00000,0.00000,-1.4463,0.7671
1112,44.4800,0.2254,0.0000,0.0658,0.3203,0.0001,0.0263,-0.0017,-0.0066,0.0781,-1.6774,0.6975,0.2241,-0.03287,-3.03523,0.0213,-0.1172,-0.1173,0.0060,0.00000,0.00000,-1.4479,0.7568
1113,44.5200,0.2256,0.0000,0.0653,0.3200,-0.0001,0.0262,-0.0002,0.0062,0.0778,-1.6786,0.6848,0.2241,-0.03278,-3.03039,0.0204,-0.1146,-0.1176,0.0108,0.00000,0.00000,-1.4494,0.7464
1114,44.5600,0.2258,0.0000,0.0647,0.3204,0.0002,0.0283,-0.0018,0.0088,0.0780,-1.6799,0.6720,0.2241,-0.03239,-3.02498,0.0238,-0.1159,-0.1209,0.0086,0.00000,0.00000,-1.4510,0.7359
1115,44.6000,0.2260,0.0000,0.0640,0.3216,-0.0007,0.0275,0.0028,-0.0037,0.0703,-1.6811,0.6593,0.2241,-0.03231,-3.02011,0.0206,-0.1165,-0.1217,0.0070,0.00000,0.00000,-1.4525,0.7255
1116,44.6400,0.2262,0.0000,0.0631,0.3229,0.0008,0.0275,-0.0048,-0.0176,0.0601,-1.6822,0.6465,0.2242,-0.03289,-3.01506,0.0256,-0.1164,-0.1151,0.0097,0.00000,0.00000,-1.4540,0.7149
1117,44.6800,0.2264,0.0000,0.0623,0.3226,0.0001,0.0278,-0.0016,-0.0085,0.0678,-1.6833,0.6336,0.2242,-0.03331,-3.00852,0.0247,-0.1158,-0.1184,0.0122,0.00000,0.00000,-1.4554,0.7044
1118,44.7200,0.2267,0.0000,0.0614,0.3224,-0.0007,0.0257,0.0025,-0.0003,0.0715,-1.6844,0.6208,0.2242,-0.03342,-3.00335,0.0229,-0.1155,-0.1194,0.0069,0.00000,0.00000,-1.4569,0.6937
1119,44.7600,0.2269,0.0000,0.0605,0.3219,0.0001,0.0255,-0.0013,0.0099,0.0748,-1.6855,0.6080,0.2242,-0.03321,-2.99716,0.0235,-0.1159,-0.1174,0.0088,0.00000,0.00000,-1.4583,0.6831
1120,44.8000,0.2272,0.0000,0.0595,0.3226,-0.0002,0.0265,-0.0002,0.0016,0.0801,-1.6865,0.5952,0.2242,-0.03294,-2.98876,0.0225,-0.1164,-0.1197,0.0098,0.00000,0.00000,-1.4597,0.6724
1121,44.8400,0.2274,0.0000,0.0585,0.3231,-0.0009,0.0274,0.0037,0.0003,0.0801,-1.6875,0.5823,0.2242,-0.03291,-2.98158,0.0240,-0.1162,-0.1180,0.0099,0.00000,0.00000,-1.4610,0.6616
1122,44.8800,0.2277,0.0000,0.0573,0.3235,-0.0007,0.0256,0.0025,-0.0029,0.0678,-1.6884,0.5694,0.2242,-0.03296,-2.97520,0.0243,-0.1131,-0.1157,0.0083,0.00000,0.00000,-1.4624,0.6508
1123,44.9200,0.2280,0.0000,0.0561,0.3238,0.0011,0.0263,-0.0066,-0.0059,0.0712,-1.6893,0.5565,0.2242,-0.03318,-2.96480,0.0245,-0.1175,-0.1166,0.0065,0.00000,0.00000,-1.4637,0.6400
1124,44.9600,0.2282,0.0000,0.0549,0.3231,0.0008,0.0257,-0.0050,0.0131,0.0680,-1.6901,0.5436,0.2241,-0.03293,-2.95165,0.0232,-0.1157,-0.1150,0.0087,0.00000,0.00000,-1.4650,0.6291
1125,45.0000,0.2285,0.0000,0.0536,0.3244,-0.0009,0.0255,0.0036,-0.0058,0.0676,-1.6908,0.5307,0.2241,-0.03280,-2.94055,0.0245,-0.1134,-0.1148,0.0118,0.00000,0.00000,-1.4663,0.6182
1126,45.0400,0.2288,0.0000,0.0524,0.3247,-0.0021,0.0269,0.0101,-0.0010,0.0670,-1.6917,0.5178,0.2241,-0.03289,-2.93440,0.0242,-0.1132,-0.1160,0.0091,0.00000,0.00000,-1.4675,0.6073
1127,45.0800,0.2290,0.0000,0.0512,0.3251,-0.0003,0.0276,0.0005,-0.0036,0.0668,-1.6924,0.5049,0.2241,-0.03300,-2.92557,0.0261,-0.1149,-0.1156,0.0072,0.00000,0.00000,-1.4688,0.5963
1128,45.1200,0.2293,0.0000,0.0499,0.3253,-0.0000,0.0241,-0.0009,-0.0072,0.0771,-1.6931,0.4919,0.2241,-0.03321,-2.91071,0.0241,-0.1123,-0.1124,0.0071,0.00000,0.00000,-1.4700,0.5852
1129,45.1600,0.2296,0.0000,0.0486,0.3257,-0.0011,0.0242,0.0047,-0.0120,0.0667,-1.6938,0.4789,0.2240,-0.03351,-2.89550,0.0246,-0.1103,-0.1175,0.0110,0.00000,0.00000,-1.4712,0.5742
1130,45.2000,0.2299,0.0000,0.0473,0.3248,0.0007,0.0285,-0.0046,0.0153,0.0525,-1.6944,0.4660,0.2240,-0.03344,-2.88023,0.0253,-0.1164,-0.1138,0.0065,0.00000,0.00000,-1.4723,0.5631
1131,45.2400,0.2301,0.0000,0.0460,0.3249,0.0000,0.0280,-0.0011,0.0160,0.0660,-1.6949,0.4530,0.2241,-0.03273,-2.85928,0.0237,-0.1157,-0.1149,0.0088,0.00000,0.00000,-1.4735,0.5519
1132,45.2800,0.2304,0.0000,0.0448,0.3264,-0.0024,0.0134,0.0118,-0.0027,0.0320,-1.6955,0.4400,0.2238,-0.03280,-2.85220,0.0155,-0.1015,-0.0870,0.0136,0.00000,0.00000,-1.4746,0.5407
1133,45.3200,0.2306,0.0000,0.0438,0.3263,-0.0002,0.0193,0.0007,0.0140,0.0221,-1.6961,0.4269,0.2234,-0.03253,-2.84686,0.0175,-0.1052,-0.0972,0.0184,0.00000,0.00000,-1.4757,0.5295
1134,45.3600,0.2308,0.0000,0.0429,0.3277,0.0017,0.0246,-0.0096,0.0164,0.0178,-1.6965,0.4139,0.2232,-0.03195,-2.83253,0.0155,-0.1077,-0.0952,0.0060,0.00000,0.00000,-1.4767,0.5183
1135,45.4000,0.2310,0.0000,0.0422,0.3307,-0.0006,0.0257,0.0023,-0.0131,0.0331,-1.6969,0.4007,0.2232,-0.03195,-2.81619,0.0179,-0.1075,-0.1004,0.0122,0.00000,0.00000,-1.4778,0.5070
1136,45.4400,0.2312,0.0000,0.0417,0.3320,-0.0019,0.0249,0.0095,-0.0107,0.0369,-1.6975,0.3875,0.2231,-0.03249,-2.80828,0.0180,-0.1054,-0.0967,0.0082,0.00000,0.00000,-1.4788,0.4957
1137,45.4800,0.2314,0.0000,0.0413,0.3329,-0.0010,0.0272,0.0050,-0.0030,0.0174,-1.6980,0.3743,0.2231,-0.03272,-2.80108,0.0184,-0.1060,-0.1009,0.0139,0.00000,0.00000,-1.4798,0.4844
1138,45.5200,0.2315,0.0000,0.0410,0.3334,0.0012,0.0286,-0.0072,0.0153,0.0272,-1.6984,0.3610,0.2232,-0.03248,-2.78678,0.0191,-0.1106,-0.0989,0.0051,0.00000,0.00000,-1.4807,0.4730
1139,45.5600,0.2316,0.0000,0.0408,0.3351,-0.0004,0.0257,0.0014,0.0039,0.0285,-1.6988,0.3476,0.2232,-0.03208,-2.76585,0.0177,-0.1072,-0.1010,0.0141,0.00000,0.00000,-1.4817,0.4616
1140,45.6000,0.2317,0.0000,0.0406,0.3370,-0.0012,0.0243,0.0056,-0.0033,0.0255,-1.6992,0.3342,0.2231,-0.03216,-2.75399,0.0165,-0.1072,-0.0998,0.0072,0.00000,0.00000,-1.4826,0.4502
1141,45.6400,0.2317,0.0000,0.0406,0.3389,0.0004,0.0272,-0.0029,-0.0149,0.0272,-1.6996,0.3207,0.2231,-0.03262,-2.73528,0.0190,-0.1089,-0.1009,0.0102,0.00000,0.00000,-1.4835,0.4387
1142,45.6800,0.2317,0.0000,0.0406,0.3403,-0.0000,0.0276,-0.0005,-0.0158,0.0298,-1.6999,0.3072,0.2232,-0.03320,-2.71185,0.0221,-0.1060,-0.1004,0.0108,0.00000,0.00000,-1.4844,0.4272
1143,45.7200,0.2317,0.0000,0.0407,0.3402,-0.0003,0.0258,0.0004,0.0031,0.0207,-1.7003,0.2936,0.2232,-0.03338,-2.69377,0.0207,-0.1056,-0.1011,0.0082,0.00000,0.00000,-1.4852,0.4157
1144,45.7600,0.2317,0.0000,0.0409,0.3411,-0.0005,0.0251,0.0013,0.0049,0.0311,-1.7006,0.2800,0.2232,-0.03323,-2.67213,0.0176,-0.1079,-0.1012,0.0094,0.00000,0.00000,-1.4861,0.4041
1145,45.8000,0.2316,0.0000,0.0410,0.3424,-0.0001,0.0242,-0.0008,-0.0026,0.0305,-1.7009,0.2663,0.2231,-0.03323,-2.64518,0.0199,-0.1044,-0.0981,0.0105,0.00000,0.00000,-1.4869,0.3926
1146,45.8400,0.2316,0.0000,0.0413,0.3435,0.0004,0.0261,-0.0034,-0.0038,0.0358,-1.7012,0.2527,0.2231,-0.03335,-2.60819,0.0223,-0.1050,-0.0993,0.0107,0.00000,0.00000,-1.4877,0.3810
1147,45.8800,0.2315,0.0000,0.0415,0.3451,-0.0000,0.0253,-0.0011,-0.0160,0.0381,-1.7014,0.2389,0.2231,-0.03377,-2.56147,0.0199,-0.1055,-0.1006,0.0080,0.00000,0.00000,-1.4884,0.3694
1148,45.9200,0.2313,0.0000,0.0416,0.3468,-0.0009,0.0261,0.0037,-0.0305,0.0311,-1.7016,0.2251,0.2231,-0.03476,-2.51860,0.0223,-0.1042,-0.0996,0.0160,0.00000,0.00000,-1.4891,0.3577
1149,45.9600,0.2312,0.0000,0.0418,0.3460,-0.0005,0.0265,0.0013,-0.0025,0.0244,-1.7019,0.2113,0.2232,-0.03533,-2.48247,0.0217,-0.1045,-0.0988,0.0103,0.00000,0.00000,-1.4898,0.3460
1150,46.0000,0.2310,0.0000,0.0420,0.3462,-0.0024,0.0284,0.0117,0.0054,0.0148,-1.7021,0.1975,0.2233,-0.03511,-2.44941,0.0177,-0.1070,-0.1103,0.0185,0.00000,0.00000,-1.4905,0.3344
1151,46.0400,0.2308,0.0000,0.0423,0.3479,-0.0025,0.0283,0.0120,-0.0144,0.0290,-1.7024,0.1837,0.2234,-0.03541,-2.42644,0.0176,-0.1107,-0.1089,0.0090,0.00000,0.00000,-1.4912,0.3227
1152,46.0800,0.2305,0.0000,0.0426,0.3478,-0.0012,0.0254,0.0050,-0.0094,0.0283,-1.7027,0.1698,0.2235,-0.03590,-2.38075,0.0184,-0.1080,-0.1073,0.0143,0.00000,0.00000,-1.4918,0.3109
1153,46.1200,0.2303,0.0000,0.0430,0.3483,0.0004,0.0259,-0.0029,-0.0187,0.0361,-1.7028,0.1560,0.2235,-0.03645,-2.29512,0.0206,-0.1086,-0.1104,0.0151,0.00000,0.00000,-1.4924,0.2992
1154,46.1600,0.2300,0.0000,0.0433,0.3484,0.0006,0.0244,-0.0042,-0.0181,0.0214,-1.7029,0.1421,0.2236,-0.03714,-2.20224,0.0204,-0.1065,-0.1094,0.0120,0.00000,0.00000,-1.4930,0.2874
1155,46.2000,0.2297,0.0000,0.0436,0.3480,0.0003,0.0262,-0.0025,-0.0118,0.0217,-1.7029,0.1282,0.2236,-0.03771,-2.11286,0.0205,-0.1092,-0.1120,0.0147,0.00000,0.00000,-1.4936,0.2756
1156,46.2400,0.2294,0.0000,0.0440,0.3471,-0.0013,0.0243,0.0056,0.0005,0.0296,-1.7030,0.1143,0.2237,-0.03787,-2.01463,0.0166,-0.1083,-0.1106,0.0128,0.00000,0.00000,-1.4941,0.2638
1157,46.2800,0.2290,0.0000,0.0444,0.3475,0.0009,0.0230,-0.0059,-0.0165,0.0114,-1.7031,0.1005,0.2236,-0.03828,-1.91438,0.0205,-0.1081,-0.1096,0.0118,0.00000,0.00000,-1.4947,0.2520
1158,46.3200,0.2287,0.0000,0.0449,0.3466,0.0009,0.0250,-0.0060,-0.0062,0.0205,-1.7031,0.0867,0.2236,-0.03868,-1.81817,0.0189,-0.1099,-0.1108,0.0141,0.00000,0.00000,-1.4952,0.2402
1159,46.3600,0.2283,0.0000,0.0454,0.3460,-0.0002,0.0235,-0.0001,-0.0039,0.0251,-1.7031,0.0729,0.2237,-0.03880,-1.69725,0.0199,-0.1073,-0.1107,0.0118,0.00000,0.00000,-1.4956,0.2283
1160,46.4000,0.2279,0.0000,0.0460,0.3460,-0.0003,0.0251,0.0004,-0.0161,0.0284,-1.7031,0.0591,0.2237,-0.03919,-1.54194,0.0209,-0.1097,-0.1163,0.0124,0.00000,0.00000,-1.4961,0.2164
1161,46.4400,0.2275,0.0000,0.0465,0.3455,-0.0003,0.0250,0.0005,-0.0186,0.0241,-1.7031,0.0453,0.2237,-0.03993,-1.40902,0.0205,-0.1091,-0.1113,0.0137,0.00000,0.00000,-1.4965,0.2046
1162,46.4800,0.2271,0.0000,0.0470,0.3434,0.0006,0.0240,-0.0045,-0.0004,0.0296,-1.7030,0.0316,0.2238,-0.04018,-1.26372,0.0203,-0.1108,-0.1157,0.0075,0.00000,0.00000,-1.4969,0.1927
1163,46.5200,0.2267,0.0000,0.0476,0.3424,-0.0005,0.0258,0.0016,-0.0007,0.0422,-1.7029,0.0179,0.2238,-0.04013,-1.10344,0.0202,-0.1118,-0.1184,0.0183,0.00000,0.00000,-1.4973,0.1807
1164,46.5600,0.2262,0.0000,0.0480,0.3411,0.0002,0.0232,-0.0023,0.0024,0.0340,-1.7028,0.0043,0.2239,-0.04007,-0.96379,0.0202,-0.1108,-0.1157,0.0046,0.00000,0.00000,-1.4976,0.1688
1165,46.6000,0.2258,0.0000,0.0485,0.3413,0.0002,0.0235,-0.0022,-0.0216,0.0280,-1.7027,-0.0093,0.2239,-0.04052,-0.86604,0.0210,-0.1106,-0.1161,0.0164,0.00000,0.00000,-1.4979,0.1569
1166,46.6400,0.2254,0.0000,0.0489,0.3396,-0.0010,0.0239,0.0040,-0.0118,0.0381,-1.7026,-0.0229,0.2239,-0.04108,-0.76815,0.0202,-0.1104,-0.1182,0.0083,0.00000,0.00000,-1.4982,0.1450
1167,46.6800,0.2250,0.0000,0.0493,0.3377,-0.0004,0.0224,0.0009,-0.0061,0.0367,-1.7025,-0.0364,0.2239,-0.04135,-0.67804,0.0186,-0.1105,-0.1202,0.0070,0.00000,0.00000,-1.4985,0.1330
1168,46.7200,0.2245,0.0000,0.0496,0.3366,0.0001,0.0227,-0.0014,-0.0129,0.0428,-1.7023,-0.0499,0.2239,-0.04177,-0.61248,0.0203,-0.1099,-0.1147,0.0139,0.00000,0.00000,-1.4988,0.1211
1169,46.7600,0.2241,0.0000,0.0499,0.3342,0.0002,0.0245,-0.0020,0.0034,0.0311,-1.7021,-0.0632,0.2239,-0.04182,-0.55655,0.0216,-0.1104,-0.1184,0.0123,0.00000,0.00000,-1.4990,0.1091
1170,46.8000,0.2237,0.0000,0.0502,0.3327,0.0002,0.0249,-0.0020,0.0047,0.0329,-1.7018,-0.0765,0.2239,-0.04162,-0.51792,0.0192,-0.1137,-0.1184,0.0093,0.00000,0.00000,-1.4992,0.0971
1171,46.8400,0.2233,0.0000,0.0505,0.3313,0.0017,0.0225,-0.0099,-0.0002,0.0362,-1.7015,-0.0897,0.2239,-0.04158,-0.48939,0.0206,-0.1139,-0.1149,0.0055,0.00000,0.00000,-1.4994,0.0851
1172,46.8800,0.2229,0.0000,0.0508,0.3292,0.0001,0.0234,-0.0018,0.0116,0.0337,-1.7012,-0.1029,0.2239,-0.04120,-0.46302,0.0213,-0.1108,-0.1177,0.0160,0.00000,0.00000,-1.4996,0.0732
1173,46.9200,0.2226,0.0000,0.0510,0.3283,0.0004,0.0245,-0.0031,0.0063,0.0303,-1.7009,-0.1160,0.2239,-0.04087,-0.43616,0.0207,-0.1147,-0.1173,0.0054,0.00000,0.00000,-1.4997,0.0612
1174,46.9600,0.2222,0.0000,0.0513,0.3268,-0.0011,0.0260,0.0046,0.0107,0.0502,-1.7006,-0.1291,0.2240,-0.04044,-0.40446,0.0199,-0.1156,-0.1198,0.0124,0.00000,0.00000,-1.4998,0.0492
1175,47.0000,0.2218,0.0000,0.0515,0.3255,-0.0008,0.0235,0.0029,0.0103,0.0424,-1.7003,-0.1421,0.2240,-0.03999,-0.36926,0.0201,-0.1134,-0.1180,0.0068,0.00000,0.00000,-1.4999,0.0372
1176,47.0400,0.2215,0.0000,0.0517,0.3246,0.0012,0.0246,-0.0072,0.0061,0.0361,-1.6999,-0.1551,0.2240,-0.03970,-0.35082,0.0219,-0.1148,-0.1172,0.0101,0.00000,0.00000,-1.4999,0.0252
1177,47.0800,0.2211,0.0000,0.0519,0.3236,-0.0004,0.0256,0.0008,0.0053,0.0522,-1.6995,-0.1680,0.2240,-0.03936,-0.33439,0.0202,-0.1149,-0.1216,0.0098,0.00000,0.00000,-1.5000,0.0132
1178,47.1200,0.2208,0.0000,0.0520,0.3225,-0.0004,0.0258,0.0011,0.0087,0.0525,-1.6991,-0.1809,0.2241,-0.03910,-0.30981,0.0230,-0.1154,-0.1178,0.0105,0.00000,0.00000,-1.5000,0.0012
1179,47.1600,0.2205,0.0000,0.0520,0.3215,0.0005,0.0237,-0.0039,0.0045,0.0522,-1.6986,-0.1937,0.2241,-0.03879,-0.29272,0.0215,-0.1141,-0.1184,0.0052,0.00000,0.00000,-1.5000,-0.0108
1180,47.2000,0.2202,0.0000,0.0520,0.3202,0.0009,0.0241,-0.0060,0.0080,0.0582,-1.6981,-0.2065,0.2240,-0.03850,-0.28029,0.0220,-0.1148,-0.1193,0.0085,0.00000,0.00000,-1.5000,-0.0228
1181,47.2400,0.2199,0.0000,0.0519,0.3193,0.0003,0.0264,-0.0028,0.0096,0.0609,-1.6975,-0.2193,0.2240,-0.03809,-0.26787,0.0220,-0.1165,-0.1214,0.0102,0.00000,0.00000,-1.4999,-0.0348
1182,47.2800,0.2197,0.0000,0.0517,0.3184,-0.0004,0.0263,0.0009,0.0143,0.0493,-1.6970,-0.2320,0.2241,-0.03757,-0.25477,0.0229,-0.1148,-0.1189,0.0094,0.00000,0.00000,-1.4998,-0.0468
1183,47.3200,0.2194,0.0000,0.0515,0.3170,-0.0007,0.0258,0.0022,0.0251,0.0639,-1.6964,-0.2447,0.2241,-0.03671,-0.24031,0.0204,-0.1168,-0.1207,0.0065,0.00000,0.00000,-1.4997,-0.0588
1184,47.3600,0.2191,0.0000,0.0512,0.3166,0.0003,0.0264,-0.0026,0.0206,0.0637,-1.6958,-0.2574,0.2241,-0.03581,-0.22807,0.0228,-0.1175,-0.1204,0.0106,0.00000,0.00000,-1.4996,-0.0708
1185,47.4000,0.2189,0.0000,0.0508,0.3174,-0.0001,0.0261,-0.0006,-0.0008,0.0528,-1.6951,-0.2700,0.2241,-0.03546,-0.21986,0.0237,-0.1144,-0.1178,0.0119,0.00000,0.00000,-1.4994,-0.0828
1186,47.4400,0.2186,0.0000,0.0504,0.3169,-0.0011,0.0284,0.0046,0.0066,0.0549,-1.6945,-0.2826,0.2242,-0.03531,-0.20863,0.0246,-0.1160,-0.1199,0.0139,0.00000,0.00000,-1.4993,-0.0948
1187,47.4800,0.2184,0.0000,0.0500,0.3166,-0.0005,0.0270,0.0014,0.0064,0.0614,-1.6938,-0.2953,0.2243,-0.03502,-0.19784,0.0238,-0.1162,-0.1200,0.0072,0.00000,0.00000,-1.4991,-0.1067
1188,47.5200,0.2182,0.0000,0.0496,0.3168,0.0004,0.0236,-0.0035,-0.0080,0.0690,-1.6931,-0.3079,0.2242,-0.03513,-0.19024,0.0219,-0.1163,-0.1189,0.0069,0.00000,0.00000,-1.4988,-0.1187
1189,47.5600,0.2179,0.0000,0.0491,0.3158,0.0008,0.0243,-0.0057,0.0032,0.0603,-1.6923,-0.3205,0.2241,-0.03511,-0.18538,0.0246,-0.1134,-0.1183,0.0106,0.00000,0.00000,-1.4986,-0.1307
1190,47.6000,0.2177,0.0000,0.0485,0.3161,-0.0002,0.0243,-0.0005,-0.0055,0.0616,-1.6914,-0.3331,0.2241,-0.03514,-0.18094,0.0235,-0.1115,-0.1162,0.0080,0.00000,0.00000,-1.4983,-0.1426
1191,47.6400,0.2174,0.0000,0.0479,0.3161,0.0000,0.0256,-0.0012,-0.0106,0.0442,-1.6906,-0.3457,0.2240,-0.03548,-0.17526,0.0244,-0.1129,-0.1179,0.0080,0.00000,0.00000,-1.4980,-0.1546
1192,47.6800,0.2171,0.0000,0.0474,0.3154,-0.0014,0.0301,0.0058,-0.0024,0.0760,-1.6897,-0.3582,0.2241,-0.03566,-0.16791,0.0244,-0.1172,-0.1214,0.0112,0.00000,0.00000,-1.4977,-0.1665
1193,47.7200,0.2169,0.0000,0.0468,0.3140,-0.0022,0.0251,0.0103,0.0116,0.0751,-1.6889,-0.3708,0.2242,-0.03536,-0.15620,0.0222,-0.1124,-0.1195,0.0052,0.00000,0.00000,-1.4973,-0.1784
1194,47.7600,0.2166,0.0000,0.0461,0.3136,0.0003,0.0252,-0.0029,0.0069,0.0740,-1.6880,-0.3833,0.2241,-0.03506,-0.14891,0.0254,-0.1139,-0.1165,0.0120,0.00000,0.00000,-1.4970,-0.1903
1195,47.8000,0.2163,0.0000,0.0453,0.3137,0.0007,0.0265,-0.0051,0.0022,0.0664,-1.6869,-0.3958,0.2241,-0.03486,-0.14670,0.0260,-0.1122,-0.1143,0.0140,0.00000,0.00000,-1.4966,-0.2022
1196,47.8400,0.2160,0.0000,0.0445,0.3129,0.0001,0.0268,-0.0017,0.0136,0.0717,-1.6859,-0.4083,0.2241,-0.03443,-0.14329,0.0250,-0.1146,-0.1187,0.0060,0.00000,0.00000,-1.4962,-0.2141
1197,47.8800,0.2158,0.0000,0.0437,0.3133,-0.0005,0.0264,0.0011,0.0029,0.0641,-1.6848,-0.4207,0.2241,-0.03415,-0.13954,0.0244,-0.1142,-0.1165,0.0114,0.00000,0.00000,-1.4957,-0.2260
1198,47.9200,0.2155,0.0000,0.0428,0.3139,0.0005,0.0252,-0.0039,-0.0107,0.0554,-1.6837,-0.4332,0.2241,-0.03440,-0.13671,0.0265,-0.1130,-0.1117,0.0074,0.00000,0.00000,-1.4953,-0.2378
1199,47.9600,0.2151,0.0000,0.0420,0.3132,0.0005,0.0260,-0.0040,-0.0017,0.0603,-1.6825,-0.4456,0.2240,-0.03456,-0.13503,0.0254,-0.1137,-0.1155,0.0091,0.00000,0.00000,-1.4948,-0.2497
1200,48.0000,0.2148,0.0000,0.0412,0.3127,0.0001,0.0265,-0.0017,0.0077,0.0625,-1.6813,-0.4581,0.2240,-0.03441,-0.13277,0.0274,-0.1125,-0.1122,0.0107,0.00000,0.00000,-1.4942,-0.2615
1201,48.0400,0.2145,0.0000,0.0404,0.3131,-0.0028,0.0130,0.0135,-0.0002,0.0332,-1.6802,-0.4706,0.2237,-0.03446,-0.12813,0.0138,-0.0995,-0.0884,0.0113,0.00000,0.00000,-1.4937,-0.2733
1202,48.0800,0.2141,0.0000,0.0398,0.3125,-0.0003,0.0211,0.0008,0.0192,0.0251,-1.6790,-0.4830,0.2233,-0.03408,-0.12266,0.0186,-0.1073,-0.0990,0.0194,0.00000,0.00000,-1.4931,-0.2851
1203,48.1200,0.2137,0.0000,0.0394,0.3149,-0.0004,0.0255,0.0007,-0.0052,0.0352,-1.6778,-0.4955,0.2232,-0.03380,-0.12179,0.0148,-0.1067,-0.0997,0.0056,0.00000,0.00000,-1.4926,-0.2969
1204,48.1600,0.2132,0.0000,0.0391,0.3161,-0.0014,0.0269,0.0062,-0.0089,0.0277,-1.6765,-0.5080,0.2232,-0.03419,-0.11819,0.0203,-0.1066,-0.0982,0.0167,0.00000,0.00000,-1.4920,-0.3086
1205,48.2000,0.2127,0.0000,0.0389,0.3167,-0.0011,0.0272,0.0045,-0.0081,0.0407,-1.6753,-0.5205,0.2232,-0.03447,-0.11436,0.0199,-0.1061,-0.1012,0.0090,0.00000,0.00000,-1.4913,-0.3204
1206,48.2400,0.2122,0.0000,0.0389,0.3173,0.0002,0.0252,-0.0020,-0.0109,0.0381,-1.6740,-0.5331,0.2232,-0.03491,-0.11201,0.0198,-0.1068,-0.1008,0.0101,0.00000,0.00000,-1.4907,-0.3321
1207,48.2800,0.2117,0.0000,0.0389,0.3180,0.0000,0.0258,-0.0012,-0.0118,0.0277,-1.6726,-0.5457,0.2232,-0.03534,-0.11138,0.0222,-0.1038,-0.0988,0.0170,0.00000,0.00000,-1.4900,-0.3438
1208,48.3200,0.2111,0.0000,0.0390,0.3172,-0.0003,0.0267,0.0005,0.0148,0.0205,-1.6713,-0.5583,0.2232,-0.03516,-0.10986,0.0189,-0.1070,-0.1025,0.0087,0.00000,0.00000,-1.4893,-0.3554
1209,48.3600,0.2105,0.0000,0.0392,0.3190,-0.0001,0.0262,-0.0007,-0.0086,0.0224,-1.6699,-0.5709,0.2232,-0.03513,-0.10919,0.0203,-0.1071,-0.1010,0.0115,0.00000,0.00000,-1.4886,-0.3671
1210,48.4000,0.2098,0.0000,0.0396,0.3205,-0.0013,0.0247,0.0057,-0.0301,0.0360,-1.6685,-0.5836,0.2232,-0.03596,-0.10704,0.0205,-0.1047,-0.1015,0.0110,0.00000,0.00000,-1.4878,-0.3787
1211,48.4400,0.2092,0.0000,0.0400,0.3199,0.0007,0.0243,-0.0047,-0.0189,0.0335,-1.6671,-0.5963,0.2231,-0.03694,-0.10512,0.0235,-0.1042,-0.0996,0.0068,0.00000,0.00000,-1.4870,-0.3903
1212,48.4800,0.2084,0.0000,0.0405,0.3183,-0.0004,0.0248,0.0009,0.0110,0.0333,-1.6656,-0.6089,0.2231,-0.03687,-0.10447,0.0178,-0.1043,-0.1044,0.0116,0.00000,0.00000,-1.4862,-0.4019
1213,48.5200,0.2077,0.0000,0.0411,0.3181,0.0010,0.0252,-0.0061,0.0177,0.0423,-1.6641,-0.6215,0.2231,-0.03638,-0.10389,0.0194,-0.1081,-0.0978,0.0064,0.00000,0.00000,-1.4854,-0.4134
1214,48.5600,0.2069,0.0000,0.0417,0.3189,-0.0010,0.0254,0.0040,0.0069,0.0275,-1.6626,-0.6342,0.2231,-0.03582,-0.10327,0.0202,-0.1029,-0.1011,0.0171,0.00000,0.00000,-1.4846,-0.4249
1215,48.6000,0.2060,0.0000,0.0423,0.3209,-0.0011,0.0270,0.0047,-0.0225,0.0327,-1.6612,-0.6468,0.2231,-0.03629,-0.10050,0.0225,-0.1051,-0.1002,0.0084,0.00000,0.00000,-1.4837,-0.4364
1216,48.6400,0.2052,0.0000,0.0430,0.3206,-0.0013,0.0266,0.0057,-0.0171,0.0430,-1.6597,-0.6595,0.2232,-0.03701,-0.09720,0.0206,-0.1057,-0.1057,0.0080,0.00000,0.00000,-1.4828,-0.4479
1217,48.6800,0.2043,0.0000,0.0437,0.3194,0.0008,0.0266,-0.0051,0.0011,0.0433,-1.6581,-0.6722,0.2232,-0.03730,-0.09572,0.0234,-0.1064,-0.1019,0.0103,0.00000,0.00000,-1.4819,-0.4593
1218,48.7200,0.2034,0.0000,0.0443,0.3191,0.0012,0.0242,-0.0076,-0.0012,0.0433,-1.6565,-0.6848,0.2232,-0.03727,-0.09672,0.0213,-0.1053,-0.1006,0.0100,0.00000,0.00000,-1.4809,-0.4707
1219,48.7600,0.2024,0.0000,0.0450,0.3193,-0.0000,0.0253,-0.0010,-0.0061,0.0359,-1.6548,-0.6975,0.2232,-0.03738,-0.09676,0.0224,-0.1053,-0.1045,0.0124,0.00000,0.00000,-1.4800,-0.4821
1220,48.8000,0.2014,0.0000,0.0457,0.3191,-0.0015,0.0261,0.0070,-0.0023,0.0433,-1.6532,-0.7101,0.2232,-0.03754,-0.09452,0.0198,-0.1062,-0.1020,0.0100,0.00000,0.00000,-1.4790,-0.4935
1221,48.8400,0.2004,0.0000,0.0464,0.3187,0.0003,0.0260,-0.0028,-0.0031,0.0375,-1.6516,-0.7227,0.2232,-0.03761,-0.09247,0.0224,-0.1077,-0.1059,0.0054,0.00000,0.00000,-1.4780,-0.5048
1222,48.8800,0.1994,0.0000,0.0472,0.3182,0.0006,0.0270,-0.0041,0.0006,0.0383,-1.6499,-0.7353,0.2233,-0.03766,-0.09270,0.0228,-0.1076,-0.1030,0.0139,0.00000,0.00000,-1.4769,-0.5161
1223,48.9200,0.1983,0.0000,0.0479,0.3197,-0.0010,0.0242,0.0041,-0.0364,0.0349,-1.6482,-0.7479,0.2233,-0.03841,-0.09174,0.0241,-0.1032,-0.1041,0.0101,0.00000,0.00000,-1.4759,-0.5273
1224,48.9600,0.1972,0.0000,0.0487,0.3184,-0.0012,0.0254,0.0052,-0.0239,0.0400,-1.6465,-0.7605,0.2233,-0.03957,-0.08880,0.0244,-0.1050,-0.1064,0.0094,0.00000,0.00000,-1.4748,-0.5386
1225,49.0000,0.1960,0.0000,0.0496,0.3176,-0.0028,0.0271,0.0141,-0.0201,0.0395,-1.6449,-0.7730,0.2234,-0.04025,-0.08526,0.0205,-0.1080,-0.1176,0.0112,0.00000,0.00000,-1.4737,-0.5497
1226,49.0400,0.1949,0.0000,0.0504,0.3219,-0.0098,0.0165,0.0506,-0.0519,0.0635,-1.6434,-0.7857,0.2232,-0.04184,-0.07426,0.0258,-0.1095,-0.1096,0.0083,0.00000,0.00000,-1.4725,-0.5609
1227,49.0800,0.1937,0.0000,0.0513,0.3241,-0.0084,0.0128,0.0436,-0.0546,0.0431,-1.6420,-0.7985,0.2228,-0.04414,-0.05950,0.0290,-0.1072,-0.1041,0.0106,0.00000,0.00000,-1.4714,-0.5720
1228,49.1200,0.1925,0.0000,0.0521,0.3252,-0.0055,0.0150,0.0283,-0.0442,0.0525,-1.6405,-0.8113,0.2225,-0.04594,-0.04946,0.0276,-0.1098,-0.1125,0.0007,0.00000,0.00000,-1.4702,-0.5831
1229,49.1600,0.1912,0.0000,0.0528,0.3207,0.0026,0.0307,-0.0150,-0.0060,-0.0129,-1.6386,-0.8240,0.2226,-0.04699,-0.04768,0.0314,-0.1099,-0.1098,0.0125,0.00000,0.00000,-1.4690,-0.5941
1230,49.2000,0.1899,0.0000,0.0538,0.3169,-0.0017,0.0273,0.0074,-0.0002,0.0219,-1.6367,-0.8365,0.2229,-0.04670,-0.04869,0.0167,-0.1113,-0.1205,0.0007,0.00000,0.00000,-1.4678,-0.6051
1231,49.2400,0.1886,0.0000,0.0549,0.3124,-0.0026,0.0214,0.0127,0.0128,0.0314,-1.6350,-0.8490,0.2229,-0.04654,-0.04401,0.0211,-0.1115,-0.1126,0.0117,0.00000,0.00000,-1.4665,-0.6161
1232,49.2800,0.1872,0.0000,0.0561,0.3088,0.0001,0.0245,-0.0019,0.0125,0.0324,-1.6332,-0.8612,0.2229,-0.04590,-0.04225,0.0204,-0.1118,-0.1170,0.0124,0.00000,0.00000,-1.4653,-0.6270
1233,49.3200,0.1858,0.0000,0.0574,0.3065,0.0016,0.0225,-0.0097,-0.0063,0.0208,-1.6313,-0.8733,0.2230,-0.04577,-0.04350,0.0193,-0.1099,-0.1126,0.0044,0.00000,0.00000,-1.4640,-0.6379
1234,49.3600,0.1844,0.0000,0.0588,0.3033,-0.0011,0.0265,0.0043,-0.0063,0.0308,-1.6294,-0.8853,0.2230,-0.04587,-0.04336,0.0205,-0.1107,-0.1195,0.0182,0.00000,0.00000,-1.4627,-0.6487
1235,49.4000,0.1830,0.0000,0.0602,0.3002,-0.0016,0.0259,0.0074,0.0063,0.0385,-1.6276,-0.8972,0.2232,-0.04571,-0.04122,0.0198,-0.1139,-0.1208,0.0039,0.00000,0.00000,-1.4613,-0.6595
1236,49.4400,0.1816,0.0000,0.0616,0.3022,-0.0058,0.0120,0.0295,-0.0207,0.0592,-1.6259,-0.9091,0.2229,-0.04613,-0.03574,0.0226,-0.1130,-0.1150,0.0091,0.00000,0.00000,-1.4599,-0.6703
1237,49.4800,0.1803,0.0000,0.0630,0.3036,-0.0023,0.0132,0.0116,-0.0261,0.0438,-1.6242,-0.9210,0.2225,-0.04727,-0.03004,0.0295,-0.1158,-0.1120,0.0080,0.00000,0.00000,-1.4586,-0.6810
1238,49.5200,0.1789,0.0000,0.0644,0.3040,-0.0046,0.0151,0.0237,-0.0121,0.0575,-1.6224,-0.9330,0.2221,-0.04781,-0.02584,0.0247,-0.1130,-0.1150,0.0045,0.00000,0.00000,-1.4571,-0.6917
1239,49.5600,0.1775,0.0000,0.0657,0.3057,-0.0075,0.0141,0.0389,-0.0302,0.0576,-1.6207,-0.9450,0.2218,-0.04873,-0.01763,0.0255,-0.1149,-0.1176,0.0026,0.00000,0.00000,-1.4557,-0.7023
1240,49.6000,0.1760,0.0000,0.0669,0.3061,-0.0070,0.0156,0.0359,-0.0249,0.0464,-1.6190,-0.9571,0.2215,-0.04987,-0.00834,0.0274,-0.1159,-0.1152,0.0022,0.00000,0.00000,-1.4542,-0.7129
1241,49.6400,0.1746,0.0000,0.0682,0.3041,-0.0027,0.0222,0.0134,-0.0149,0.0452,-1.6172,-0.9691,0.2214,-0.05074,-0.00167,0.0310,-0.1183,-0.1184,0.0039,0.00000,0.00000,-1.4528,-0.7234
1242,49.6800,0.1732,0.0000,0.0694,0.2990,-0.0007,0.0249,0.0026,0.0038,0.0344,-1.6152,-0.9809,0.2215,-0.05062,-0.00041,0.0232,-0.1132,-0.1201,0.0056,0.00000,0.00000,-1.4513,-0.7339
1243,49.7200,0.1717,0.0000,0.0707,0.2944,-0.0016,0.0262,0.0075,0.0173,0.0412,-1.6132,-0.9926,0.2216,-0.05007,0.00116,0.0245,-0.1199,-0.1271,0.0079,0.00000,0.00000,-1.4497,-0.7443
1244,49.7600,0.1702,0.0000,0.0720,0.2911,-0.0017,0.0212,0.0083,0.0033,0.0527,-1.6112,-1.0041,0.2217,-0.04971,0.00311,0.0199,-0.1171,-0.1182,0.0026,0.00000,0.00000,-1.4482,-0.7547
1245,49.8000,0.1687,0.0000,0.0734,0.2865,-0.0004,0.0214,0.0013,0.0150,0.0448,-1.6093,-1.0154,0.2216,-0.04924,0.00444,0.0221,-0.1167,-0.1218,0.0087,0.00000,0.00000,-1.4466,-0.7651
1246,49.8400,0.1673,0.0000,0.0748,0.2835,-0.0005,0.0240,0.0016,0.0056,0.0653,-1.6072,-1.0266,0.2216,-0.04869,0.00439,0.0198,-0.1186,-0.1259,0.0032,0.00000,0.00000,-1.4450,-0.7754
1247,49.8800,0.1658,0.0000,0.0762,0.2791,-0.0007,0.0257,0.0030,0.0248,0.0497,-1.6052,-1.0377,0.2216,-0.04801,0.00518,0.0227,-0.1182,-0.1221,0.0099,0.00000,0.00000,-1.4434,-0.7856
1248,49.9200,0.1644,0.0000,0.0776,0.2761,0.0001,0.0254,-0.0015,0.0186,0.0580,-1.6032,-1.0486,0.2217,-0.04710,0.00514,0.0209,-0.1195,-0.1230,0.0028,0.00000,0.00000,-1.4417,-0.7958
1249,49.9600,0.1629,0.0000,0.0790,0.2726,0.0002,0.0260,-0.0023,0.0098,0.0566,-1.6011,-1.0593,0.2217,-0.04655,0.00510,0.0218,-0.1212,-0.1231,0.0040,0.00000,0.00000,-1.4401,-0.8060
1250,50.0000,0.1615,0.0000,0.0804,0.2680,0.0010,0.0274,-0.0066,0.0237,0.0616,-1.5991,-1.0699,0.2218,-0.04575,0.00432,0.0203,-0.1220,-0.1245,0.0025,0.00000,0.00000,-1.4384,-0.8161
1251,50.0400,0.1601,0.0000,0.0818,0.2647,0.0010,0.0271,-0.0062,0.0175,0.0684,-1.5970,-1.0803,0.2219,-0.04488,0.00291,0.0215,-0.1209,-0.1213,0.0072,0.00000,0.00000,-1.4367,-0.8261
1252,50.0800,0.1588,0.0000,0.0831,0.2613,-0.0001,0.0254,-0.0007,0.0141,0.0643,-1.5949,-1.0906,0.2219,-0.04415,0.00242,0.0194,-0.1180,-0.1231,0.0049,0.00000,0.00000,-1.4349,-0.8361
1253,50.1200,0.1575,0.0000,0.0845,0.2584,0.0013,0.0276,-0.0079,0.0061,0.0600,-1.5928,-1.1007,0.2220,-0.04375,0.00170,0.0213,-0.1208,-0.1243,0.0035,0.00000,0.00000,-1.4332,-0.8460
1254,50.1600,0.1562,0.0000,0.0858,0.2547,-0.0001,0.0292,-0.0007,0.0161,0.0673,-1.5907,-1.1107,0.2221,-0.04313,0.00092,0.0187,-0.1201,-0.1269,0.0063,0.00000,0.00000,-1.4314,-0.8559
1255,50.2000,0.1549,0.0000,0.0872,0.2514,0.0006,0.0293,-0.0041,0.0186,0.0761,-1.5887,-1.1206,0.2222,-0.04242,0.00069,0.0193,-0.1232,-0.1274,0.0023,0.00000,0.00000,-1.4296,-0.8657
1256,50.2400,0.1536,0.0000,0.0885,0.2480,0.0007,0.0287,-0.0047,0.0235,0.0779,-1.5866,-1.1304,0.2223,-0.04149,-0.00013,0.0183,-0.1215,-0.1266,0.0071,0.00000,0.00000,-1.4278,-0.8755
1257,50.2800,0.1524,0.0000,0.0898,0.2468,0.0018,0.0260,-0.0106,0.0068,0.0783,-1.5844,-1.1400,0.2223,-0.04090,-0.00186,0.0202,-0.1228,-0.1242,0.0023,0.00000,0.00000,-1.4259,-0.8852
1258,50.3200,0.1513,0.0000,0.0911,0.2492,-0.0029,0.0192,0.0145,-0.0036,0.0971,-1.5823,-1.1497,0.2221,-0.04086,-0.00145,0.0259,-0.1231,-0.1241,0.0078,0.00000,0.00000,-1.4240,-0.8949
1259,50.3600,0.1501,0.0000,0.0922,0.2499,-0.0021,0.0202,0.0102,-0.0107,0.0858,-1.5803,-1.1595,0.2217,-0.04145,0.00154,0.0230,-0.1221,-0.1207,0.0011,0.00000,0.00000,-1.4221,-0.9045
1260,50.4000,0.1490,0.0000,0.0933,0.2464,0.0009,0.0316,-0.0057,0.0258,0.0714,-1.5781,-1.1691,0.2218,-0.04083,0.00136,0.0186,-0.1243,-0.1280,0.0071,0.00000,0.00000,-1.4202,-0.9140
1261,50.4400,0.1479,0.0000,0.0944,0.2460,0.0001,0.0313,-0.0014,0.0046,0.0797,-1.5759,-1.1786,0.2220,-0.04022,0.00061,0.0242,-0.1236,-0.1251,0.0026,0.00000,0.00000,-1.4183,-0.9235
1262,50.4800,0.1468,0.0000,0.0956,0.2433,-0.0003,0.0254,0.0009,0.0213,0.0779,-1.5737,-1.1881,0.2220,-0.03971,0.00088,0.0215,-0.1216,-0.1200,0.0046,0.00000,0.00000,-1.4163,-0.9329
1263,50.5200,0.1457,0.0000,0.0968,0.2421,0.0025,0.0249,-0.0141,0.0105,0.0933,-1.5713,-1.1976,0.2219,-0.03909,-0.00053,0.0223,-0.1241,-0.1209,0.0021,0.00000,0.00000,-1.4143,-0.9423
1264,50.5600,0.1446,0.0000,0.0980,0.2406,-0.0002,0.0288,0.0002,0.0201,0.0856,-1.5690,-1.2069,0.2218,-0.03825,-0.00191,0.0220,-0.1219,-0.1268,0.0122,0.00000,0.00000,-1.4123,-0.9516
1265,50.6000,0.1435,0.0000,0.0992,0.2404,-0.0012,0.0291,0.0052,0.0086,0.0855,-1.5667,-1.2163,0.2219,-0.03773,-0.00129,0.0210,-0.1236,-0.1227,-0.0020,0.00000,0.00000,-1.4103,-0.9609
1266,50.6400,0.1424,0.0000,0.1004,0.2396,-0.0007,0.0306,0.0025,0.0028,0.0934,-1.5644,-1.2255,0.2219,-0.03751,-0.00075,0.0245,-0.1242,-0.1249,0.0092,0.00000,0.00000,-1.4082,-0.9700
1267,50.6800,0.1413,0.0000,0.1016,0.2382,0.0001,0.0278,-0.0017,0.0088,0.1063,-1.5621,-1.2348,0.2220,-0.03722,-0.00073,0.0229,-0.1226,-0.1223,0.0012,0.00000,0.00000,-1.4061,-0.9792
1268,50.7200,0.1402,0.0000,0.1028,0.2381,0.0003,0.0259,-0.0028,-0.0121,0.0988,-1.5597,-1.2440,0.2219,-0.03730,-0.00129,0.0247,-0.1201,-0.1228,0.0068,0.00000,0.00000,-1.4040,-0.9882
1269,50.7600,0.1391,0.0000,0.1039,0.2367,-0.0005,0.0292,0.0015,0.0009,0.0917,-1.5572,-1.2532,0.2219,-0.03742,-0.00141,0.0243,-0.1205,-0.1231,0.0085,0.00000,0.00000,-1.4019,-0.9972
1270,50.8000,0.1380,0.0000,0.1051,0.2360,-0.0010,0.0301,0.0043,-0.0018,0.0957,-1.5548,-1.2623,0.2219,-0.03743,-0.00102,0.0226,-0.1231,-0.1237,0.0053,0.00000,0.00000,-1.3998,-1.0062
1271,50.8400,0.1370,0.0000,0.1063,0.2352,-0.0008,0.0297,0.0032,-0.0061,0.1011,-1.5524,-1.2714,0.2220,-0.03757,-0.00047,0.0257,-0.1223,-0.1237,0.0075,0.00000,0.00000,-1.3976,-1.0150
1272,50.8800,0.1359,0.0000,0.1076,0.2344,0.0007,0.0265,-0.0045,-0.0145,0.0931,-1.5498,-1.2804,0.2220,-0.03802,-0.00065,0.0250,-0.1201,-0.1198,0.0042,0.00000,0.00000,-1.3954,-1.0238
1273,50.9200,0.1347,0.0000,0.1089,0.2318,0.0001,0.0259,-0.0016,0.0113,0.1094,-1.5473,-1.2893,0.2219,-0.03792,-0.00110,0.0197,-0.1228,-0.1242,0.0035,0.00000,0.00000,-1.3932,-1.0326
1274,50.9600,0.1336,0.0000,0.1102,0.2319,0.0004,0.0286,-0.0031,-0.0066,0.1008,-1.5447,-1.2982,0.2218,-0.03786,-0.00172,0.0249,-0.1215,-0.1211,0.0103,0.00000,0.00000,-1.3910,-1.0412
1275,51.0000,0.1325,0.0000,0.1116,0.2306,-0.0013,0.0278,0.0056,-0.0001,0.1068,-1.5421,-1.3070,0.2218,-0.03791,-0.00153,0.0221,-0.1196,-0.1202,0.0029,0.00000,0.00000,-1.3887,-1.0498
1276,51.0400,0.1314,0.0000,0.1130,0.2288,0.0007,0.0304,-0.0044,0.0144,0.1148,-1.5395,-1.3158,0.2219,-0.03757,-0.00154,0.0259,-0.1245,-0.1234,0.0056,0.00000,0.00000,-1.3864,-1.0584
1277,51.0800,0.1303,0.0000,0.1144,0.2279,-0.0000,0.0291,-0.0009,0.0118,0.1170,-1.5368,-1.3245,0.2219,-0.03696,-0.00224,0.0244,-0.1210,-0.1211,0.0070,0.00000,0.00000,-1.3841,-1.0668
1278,51.1200,0.1291,0.0000,0.1158,0.2273,-0.0019,0.0290,0.0087,0.0072,0.1202,-1.5342,-1.3332,0.2219,-0.03654,-0.00173,0.0236,-0.1217,-0.1248,0.0088,0.00000,0.00000,-1.3818,-1.0752
1279,51.1600,0.1280,0.0000,0.1172,0.2277,-0.0024,0.0167,0.0116,-0.0119,0.0923,-1.5315,-1.3419,0.2216,-0.03701,-0.00040,0.0127,-0.1105,-0.0947,0.0064,0.00000,0.00000,-1.3795,-1.0836
1280,51.2000,0.1268,0.0000,0.1187,0.2260,0.0009,0.0218,-0.0056,0.0123,0.0913,-1.5288,-1.3506,0.2212,-0.03696,-0.00001,0.0180,-0.1140,-0.1012,0.0169,0.00000,0.00000,-1.3771,-1.0919
1281,51.2400,0.1257,0.0000,0.1205,0.2263,0.0013,0.0254,-0.0079,0.0089,0.0961,-1.5260,-1.3592,0.2210,-0.03640,-0.00121,0.0144,-0.1133,-0.1034,0.0040,0.00000,0.00000,-1.3747,-1.1000
1282,51.2800,0.1245,0.0000,0.1223,0.2278,-0.0020,0.0281,0.0097,-0.0130,0.1077,-1.5231,-1.3677,0.2209,-0.03655,-0.00112,0.0178,-0.1124,-0.1036,0.0157,0.00000,0.00000,-1.3723,-1.1082
1283,51.3200,0.1233,0.0000,0.1243,0.2273,-0.0027,0.0301,0.0135,0.0001,0.1141,-1.5204,-1.3764,0.2210,-0.03666,0.00047,0.0160,-0.1143,-0.1120,0.0029,0.00000,0.00000,-1.3699,-1.1162
1284,51.3600,0.1220,0.0000,0.1264,0.2271,0.0008,0.0305,-0.0050,0.0033,0.1090,-1.5175,-1.3850,0.2210,-0.03670,0.00078,0.0191,-0.1166,-0.1054,0.0072,0.00000,0.00000,-1.3674,-1.1242
1285,51.4000,0.1208,0.0000,0.1285,0.2268,-0.0012,0.0257,0.0055,0.0039,0.1214,-1.5145,-1.3935,0.2210,-0.03641,0.00058,0.0139,-0.1106,-0.1062,0.0094,0.00000,0.00000,-1.3649,-1.1321
1286,51.4400,0.1195,0.0000,0.1307,0.2272,0.0007,0.0282,-0.0041,-0.0016,0.1160,-1.5115,-1.4021,0.2209,-0.03647,0.00057,0.0206,-0.1138,-0.1046,0.0102,0.00000,0.00000,-1.3624,-1.1399
1287,51.4800,0.1182,0.0000,0.1330,0.2279,0.0017,0.0297,-0.0098,-0.0119,0.1137,-1.5084,-1.4106,0.2209,-0.03672,-0.00061,0.0180,-0.1154,-0.1067,0.0039,0.00000,0.00000,-1.3599,-1.1477
1288,51.5200,0.1169,0.0000,0.1353,0.2287,-0.0005,0.0292,0.0018,-0.0286,0.1198,-1.5053,-1.4192,0.2209,-0.03754,-0.00118,0.0204,-0.1133,-0.1066,0.0099,0.00000,0.00000,-1.3574,-1.1554
1289,51.5600,0.1156,0.0000,0.1378,0.2279,-0.0012,0.0291,0.0059,-0.0201,0.1274,-1.5022,-1.4277,0.2210,-0.03844,-0.00068,0.0188,-0.1152,-0.1097,0.0040,0.00000,0.00000,-1.3548,-1.1630
1290,51.6000,0.1142,0.0000,0.1403,0.2265,-0.0001,0.0285,-0.0003,-0.0040,0.1190,-1.4991,-1.4362,0.2210,-0.03884,-0.00049,0.0196,-0.1134,-0.1064,0.0070,0.00000,0.00000,-1.3522,-1.1706
1291,51.6400,0.1128,0.0000,0.1429,0.2247,-0.0002,0.0285,0.0002,0.0177,0.1307,-1.4959,-1.4446,0.2210,-0.03841,-0.00068,0.0169,-0.1155,-0.1093,0.0056,0.00000,0.00000,-1.3496,-1.1780
1292,51.6800,0.1114,0.0000,0.1456,0.2257,0.0008,0.0268,-0.0050,-0.0106,0.1209,-1.4926,-1.4530,0.2209,-0.03841,-0.00120,0.0184,-0.1148,-0.1041,0.0057,0.00000,0.00000,-1.3470,-1.1854
1293,51.7200,0.1100,0.0000,0.1484,0.2256,-0.0011,0.0293,0.0051,-0.0166,0.1194,-1.4893,-1.4613,0.2209,-0.03885,-0.00135,0.0194,-0.1133,-0.1095,0.0111,0.00000,0.00000,-1.3443,-1.1927
1294,51.7600,0.1085,0.0000,0.1514,0.2247,-0.0022,0.0283,0.0157,-0.0103,0.1366,-1.4861,-1.4697,0.2209,-0.03924,-0.00033,0.0191,-0.1111,-0.1087,0.0006,0.00000,0.00000,-1.3417,-1.2000
1295,51.8000,0.1071,0.0000,0.1545,0.2234,-0.0006,0.0299,0.0028,-0.0072,0.1468,-1.4828,-1.4780,0.2209,-0.03960,0.00020,0.0212,-0.1142,-0.1080,0.0119,0.00000,0.00000,-1.3390,-1.2071
1296,51.8400,0.1056,0.0000,0.1576,0.2220,0.0008,0.0274,-0.0047,0.0006,0.1409,-1.4794,-1.4862,0.2210,-0.03963,-0.00021,0.0202,-0.1122,-0.1065,0.0025,0.00000,0.00000,-1.3362,-1.2142
1297,51.8800,0.1041,0.0000,0.1608,0.2218,-0.0010,0.0288,0.0049,-0.0134,0.1396,-1.4760,-1.4944,0.2209,-0.03983,-0.00048,0.0207,-0.1120,-0.1109,0.0138,0.00000,0.00000,-1.3335,-1.2212
1298,51.9200,0.1026,0.0000,0.1641,0.2210,-0.0016,0.0299,0.0080,-0.0143,0.1505,-1.4726,-1.5025,0.2210,-0.04039,0.00006,0.0199,-0.1142,-0.1101,0.0024,0.00000,0.00000,-1.3307,-1.2281
1299,51.9600,0.1011,0.0000,0.1674,0.2197,0.0008,0.0294,-0.0047,-0.0163,0.1415,-1.4691,-1.5105,0.2210,-0.04104,-0.00006,0.0230,-0.1149,-0.1077,0.0076,0.00000,0.00000,-1.3280,-1.2350
1300,52.0000,0.0996,0.0000,0.1709,0.2167,0.0015,0.0273,-0.0081,0.0133,0.1501,-1.4655,-1.5185,0.2211,-0.04092,-0.00098,0.0184,-0.1160,-0.1085,0.0019,0.00000,0.00000,-1.3252,-1.2418
1301,52.0400,0.0980,0.0000,0.1746,0.2156,0.0006,0.0264,-0.0034,0.0076,0.1563,-1.4619,-1.5263,0.2210,-0.04046,-0.00187,0.0194,-0.1147,-0.1079,0.0078,0.00000,0.00000,-1.3223,-1.2485
1302,52.0800,0.0965,0.0000,0.1783,0.2158,-0.0017,0.0275,0.0087,-0.0170,0.1769,-1.4584,-1.5341,0.2209,-0.04066,-0.00194,0.0158,-0.1166,-0.1114,0.0036,0.00000,0.00000,-1.3195,-1.2551
1303,52.1200,0.0950,0.0000,0.1821,0.2139,-0.0014,0.0302,0.0070,0.0001,0.1622,-1.4548,-1.5419,0.2209,-0.04095,-0.00140,0.0209,-0.1149,-0.1080,0.0077,0.00000,0.00000,-1.3166,-1.2616
1304,52.1600,0.0934,0.0000,0.1859,0.2126,-0.0015,0.0300,0.0076,-0.0007,0.1655,-1.4512,-1.5496,0.2210,-0.04080,-0.00113,0.0185,-0.1141,-0.1126,0.0037,0.00000,0.00000,-1.3138,-1.2681
1305,52.2000,0.0919,0.0000,0.1899,0.2115,-0.0008,0.0293,0.0039,-0.0066,0.1814,-1.4476,-1.5573,0.2211,-0.04102,-0.00087,0.0188,-0.1187,-0.1117,0.0039,0.00000,0.00000,-1.3108,-1.2744
1306,52.2400,0.0904,0.0000,0.1939,0.2099,-0.0009,0.0286,0.0045,-0.0042,0.1798,-1.4439,-1.5648,0.2211,-0.04112,-0.00095,0.0203,-0.1138,-0.1103,0.0095,0.00000,0.00000,-1.3079,-1.2807
1307,52.2800,0.0889,0.0000,0.1980,0.2086,-0.0015,0.0290,0.0078,-0.0069,0.1903,-1.4402,-1.5723,0.2211,-0.04123,-0.00076,0.0182,-0.1161,-0.1158,0.0027,0.00000,0.00000,-1.3050,-1.2869
1308,52.3200,0.0874,0.0000,0.2023,0.2069,-0.0016,0.0298,0.0079,-0.0026,0.1776,-1.4365,-1.5797,0.2211,-0.04135,-0.00045,0.0205,-0.1143,-0.1142,0.0078,0.00000,0.00000,-1.3020,-1.2930
1309,52.3600,0.0859,0.0000,0.2066,0.2057,-0.0004,0.0303,0.0028,-0.0009,0.1875,-1.4327,-1.5870,0.2212,-0.04134,-0.00042,0.0197,-0.1183,-0.1144,0.0025,0.00000,0.00000,-1.2990,-1.2991
1310,52.4000,0.0844,0.0000,0.2111,0.2083,0.0003,0.0254,0.0004,-0.0293,0.1770,-1.4289,-1.5943,0.2212,-0.04198,-0.00064,0.0176,-0.1173,-0.1191,0.0051,0.00000,0.00000,-1.2960,-1.3050
1311,52.4400,0.0829,0.0000,0.2157,0.2101,0.0005,0.0266,-0.0005,-0.0332,0.1735,-1.4249,-1.6016,0.2211,-0.04325,-0.00100,0.0216,-0.1158,-0.1206,0.0141,0.00000,0.00000,-1.2930,-1.3109
1312,52.4800,0.0815,0.0000,0.2206,0.2108,0.0012,0.0260,-0.0039,-0.0204,0.1800,-1.4208,-1.6089,0.2210,-0.04427,-0.00153,0.0177,-0.1184,-0.1229,0.0048,0.00000,0.00000,-1.2899,-1.3167
1313,52.5200,0.0800,0.0000,0.2258,0.2116,0.0024,0.0265,-0.0103,-0.0186,0.1898,-1.4166,-1.6162,0.2209,-0.04505,-0.00260,0.0203,-0.1199,-0.1233,0.0131,0.00000,0.00000,-1.2868,-1.3224
1314,52.5600,0.0785,0.0000,0.2311,0.2105,-0.0010,0.0239,0.0044,-0.0132,0.2000,-1.4124,-1.6235,0.2208,-0.04587,-0.00337,0.0175,-0.1136,-0.1229,0.0112,0.00000,0.00000,-1.2838,-1.3280
1315,52.6000,0.0769,0.0000,0.2367,0.2036,-0.0014,0.0267,0.0004,0.0237,0.2425,-1.4083,-1.6306,0.2207,-0.04545,-0.00336,0.0214,-0.1147,-0.1146,0.0025,0.00000,0.00000,-1.2806,-1.3336
1316,52.6400,0.0754,0.0000,0.2424,0.1991,-0.0016,0.0283,0.0004,0.0153,0.2489,-1.4042,-1.6376,0.2207,-0.04454,-0.00370,0.0173,-0.1164,-0.1199,0.0040,0.00000,0.00000,-1.2775,-1.3390
1317,52.6800,0.0740,0.0000,0.2480,0.1944,-0.0017,0.0321,0.0014,0.0200,0.2552,-1.4001,-1.6443,0.2208,-0.04379,-0.00387,0.0213,-0.1191,-0.1163,0.0032,0.00000,0.00000,-1.2743,-1.3444
1318,52.7200,0.0726,0.0000,0.2536,0.1907,-0.0028,0.0293,0.0181,0.0021,0.2559,-1.3961,-1.6509,0.2208,-0.04328,-0.00373,0.0182,-0.1162,-0.1160,0.0004,0.00000,0.00000,-1.2712,-1.3497
1319,52.7600,0.0712,0.0000,0.2592,0.1854,-0.0023,0.0323,0.0116,0.0167,0.2638,-1.3922,-1.6573,0.2209,-0.04285,-0.00338,0.0196,-0.1220,-0.1185,0.0028,0.00000,0.00000,-1.2680,-1.3549
1320,52.8000,0.0699,0.0000,0.2648,0.1807,-0.0031,0.0310,0.0085,0.0192,0.2606,-1.3883,-1.6635,0.2210,-0.04194,-0.00315,0.0195,-0.1163,-0.1173,-0.0001,0.00000,0.00000,-1.2648,-1.3600
1321,52.8400,0.0687,0.0000,0.2706,0.1766,-0.0029,0.0332,0.0135,0.0180,0.2696,-1.3844,-1.6696,0.2211,-0.04123,-0.00280,0.0180,-0.1247,-0.1198,0.0026,0.00000,0.00000,-1.2615,-1.3650
1322,52.8800,0.0675,0.0000,0.2764,0.1725,-0.0032,0.0318,0.0158,0.0173,0.2901,-1.3805,-1.6754,0.2212,-0.04048,-0.00248,0.0186,-0.1205,-0.1132,0.0012,0.00000,0.00000,-1.2583,-1.3699
1323,52.9200,0.0664,0.0000,0.2823,0.1686,-0.0045,0.0316,0.0198,0.0123,0.2783,-1.3767,-1.6811,0.2212,-0.03970,-0.00190,0.0202,-0.1182,-0.1218,0.0058,0.00000,0.00000,-1.2550,-1.3748
1324,52.9600,0.0654,0.0000,0.2883,0.1656,-0.0029,0.0344,0.0124,0.0054,0.2905,-1.3730,-1.6866,0.2214,-0.03936,-0.00143,0.0174,-0.1257,-0.1181,-0.0010,0.00000,0.00000,-1.2517,-1.3795
1325,53.0000,0.0645,0.0000,0.2944,0.1629,-0.0031,0.0321,0.0146,0.0074,0.2796,-1.3692,-1.6920,0.2215,-0.03885,-0.00108,0.0182,-0.1201,-0.1204,0.0089,0.00000,0.00000,-1.2484,-1.3842
1326,53.0400,0.0637,0.0000,0.3007,0.1619,-0.0018,0.0314,0.0016,-0.0020,0.2978,-1.3653,-1.6972,0.2215,-0.03869,-0.00080,0.0166,-0.1246,-0.1247,-0.0017,0.00000,0.00000,-1.2450,-1.3888
1327,53.0800,0.0629,0.0000,0.3072,0.1594,-0.0012,0.0331,0.0054,0.0253,0.2999,-1.3614,-1.7023,0.2216,-0.03808,-0.00096,0.0177,-0.1258,-0.1239,0.0079,0.00000,0.00000,-1.2417,-1.3933
1328,53.1200,0.0622,0.0000,0.3138,0.1595,-0.0019,0.0309,0.0082,0.0062,0.3040,-1.3575,-1.7074,0.2216,-0.03741,-0.00100,0.0165,-0.1234,-0.1213,0.0038,0.00000,0.00000,-1.2383,-1.3977
1329,53.1600,0.0616,0.0000,0.3206,0.1591,-0.0023,0.0309,0.0156,-0.0036,0.3086,-1.3535,-1.7124,0.2216,-0.03737,-0.00081,0.0176,-0.1232,-0.1224,0.0063,0.00000,0.00000,-1.2349,-1.4020
1330,53.2000,0.0610,0.0000,0.3277,0.1581,-0.0011,0.0327,0.0087,0.0012,0.3061,-1.3495,-1.7173,0.2216,-0.03739,-0.00080,0.0184,-0.1257,-0.1223,0.0043,0.00000,0.00000,-1.2315,-1.4062
1331,53.2400,0.0605,0.0000,0.3349,0.1565,-0.0014,0.0327,0.0054,0.0145,0.3240,-1.3454,-1.7221,0.2217,-0.03689,-0.00101,0.0166,-0.1266,-0.1277,0.0001,0.00000,0.00000,-1.2281,-1.4103
1332,53.2800,0.0601,0.0000,0.3424,0.1564,-0.0022,0.0317,0.0097,0.0041,0.3285,-1.3413,-1.7269,0.2217,-0.03653,-0.00118,0.0189,-0.1255,-0.1236,0.0073,0.00000,0.00000,-1.2246,-1.4144
1333,53.3200,0.0597,0.0000,0.3501,0.1557,-0.0018,0.0314,0.0352,0.0060,0.3510,-1.3372,-1.7316,0.2217,-0.03622,-0.00103,0.0164,-0.1266,-0.1270,0.0006,0.00000,0.00000,-1.2211,-1.4183
1334,53.3600,0.0594,0.0000,0.3580,0.1589,-0.0011,0.0278,0.0102,-0.0342,0.3251,-1.3329,-1.7362,0.2216,-0.03694,-0.00106,0.0189,-0.1230,-0.1225,0.0020,0.00000,0.00000,-1.2176,-1.4222
1335,53.4000,0.0592,0.0000,0.3660,0.1598,-0.0009,0.0343,0.0105,-0.0097,0.3295,-1.3285,-1.7408,0.2216,-0.03769,-0.00117,0.0184,-0.1307,-0.1344,0.0059,0.00000,0.00000,-1.2141,-1.4259
1336,53.4400,0.0590,0.0000,0.3744,0.1614,-0.0019,0.0321,0.0119,-0.0080,0.3408,-1.3241,-1.7455,0.2218,-0.03804,-0.00118,0.0150,-0.1302,-0.1298,0.0012,0.00000,0.00000,-1.2106,-1.4296
1337,53.4800,0.0588,0.0000,0.3831,0.1620,-0.0009,0.0291,0.0077,0.0037,0.3472,-1.3195,-1.7501,0.2217,-0.03810,-0.00113,0.0181,-0.1289,-0.1309,0.0036,0.00000,0.00000,-1.2070,-1.4332
1338,53.5200,0.0587,0.0000,0.3920,0.1637,-0.0001,0.0280,0.0033,-0.0017,0.3465,-1.3148,-1.7546,0.2216,-0.03806,-0.00147,0.0144,-0.1296,-0.1321,0.0023,0.00000,0.00000,-1.2035,-1.4367
1339,53.5600,0.0587,0.0000,0.4012,0.1675,-0.0041,0.0299,0.0419,-0.0424,0.3066,-1.3100,-1.7591,0.2215,-0.03889,-0.00120,0.0089,-0.1285,-0.1452,0.0099,0.00000,0.00000,-1.1999,-1.4401
1340,53.6000,0.0586,0.0000,0.4107,0.1685,-0.0028,0.0359,0.0133,-0.0333,0.3320,-1.3051,-1.7638,0.2217,-0.04060,-0.00051,0.0083,-0.1424,-0.1445,-0.0079,0.00000,0.00000,-1.1963,-1.4434
1341,53.6400,0.0585,0.0000,0.4208,0.1685,-0.0021,0.0309,0.0125,-0.0296,0.3372,-1.3002,-1.7683,0.2218,-0.04175,-0.00042,0.0100,-0.1336,-0.1426,0.0090,0.00000,0.00000,-1.1926,-1.4466
1342,53.6800,0.0585,0.0000,0.4303,0.1684,-0.0008,0.0264,0.0037,-0.0261,0.3582,-1.2951,-1.7727,0.2217,-0.04284,-0.00049,0.0095,-0.1343,-0.1420,0.0010,0.00000,0.00000,-1.1890,-1.4498
1343,53.7200,0.0585,0.0000,0.4386,0.1677,-0.0002,0.0275,0.0018,-0.0142,0.3605,-1.2899,-1.7770,0.2216,-0.04355,-0.00091,0.0090,-0.1338,-0.1442,0.0075,0.00000,0.00000,-1.1853,-1.4528
1344,53.7600,0.0585,0.0000,0.4460,0.1672,-0.0012,0.0287,0.0073,-0.0032,0.3711,-1.2847,-1.7812,0.2215,-0.04381,-0.00130,0.0069,-0.1351,-0.1444,0.0013,0.00000,0.00000,-1.1816,-1.4557
1345,53.8000,0.0586,0.0000,0.4525,0.1673,-0.0017,0.0300,0.0099,-0.0063,0.3708,-1.2795,-1.7854,0.2215,-0.04402,-0.00149,0.0081,-0.1365,-0.1442,0.0069,0.00000,0.00000,-1.1779,-1.4586
1346,53.8400,0.0587,0.0000,0.4582,0.1672,-0.0013,0.0305,0.0275,-0.0099,0.3770,-1.2742,-1.7895,0.2215,-0.04430,-0.00158,0.0080,-0.1372,-0.1459,0.0041,0.00000,0.00000,-1.1742,-1.4613
1347,53.8800,0.0588,0.0000,0.4632,0.1668,-0.0006,0.0297,0.0035,-0.0123,0.3839,-1.2688,-1.7935,0.2216,-0.04480,-0.00183,0.0088,-0.1384,-0.1445,0.0035,0.00000,0.00000,-1.1705,-1.4640
1348,53.9200,0.0590,0.0000,0.4676,0.1624,-0.0024,0.0289,0.0063,0.0316,0.3979,-1.2635,-1.7973,0.2215,-0.04440,-0.00222,0.0067,-0.1351,-0.1466,0.0049,0.00000,0.00000,-1.1667,-1.4666
1349,53.9600,0.0593,0.0000,0.4715,0.1562,-0.0020,0.0265,0.0019,0.0308,0.4292,-1.2582,-1.8011,0.2214,-0.04300,-0.00263,0.0053,-0.1351,-0.1385,-0.0023,0.00000,0.00000,-1.1629,-1.4690
1350,54.0000,0.0596,0.0000,0.4749,0.1501,-0.0026,0.0299,0.0050,0.0356,0.4391,-1.2531,-1.8045,0.2213,-0.04146,-0.00311,0.0075,-0.1352,-0.1415,0.0050,0.00000,0.00000,-1.1591,-1.4714
1351,54.0400,0.0600,0.0000,0.4779,0.1456,-0.0032,0.0334,0.0069,0.0225,0.4265,-1.2481,-1.8078,0.2214,-0.04013,-0.00335,0.0056,-0.1386,-0.1442,-0.0033,0.00000,0.00000,-1.1553,-1.4737
1352,54.0800,0.0606,0.0000,0.4806,0.1400,-0.0042,0.0351,0.0127,0.0355,0.4352,-1.2433,-1.8109,0.2215,-0.03883,-0.00332,0.0054,-0.1406,-0.1404,0.0002,0.00000,0.00000,-1.1515,-1.4759
1353,54.1200,0.0613,0.0000,0.4829,0.1345,-0.0038,0.0328,0.0142,0.0418,0.4412,-1.2386,-1.8139,0.2216,-0.03718,-0.00321,0.0072,-0.1379,-0.1399,-0.0014,0.00000,0.00000,-1.1476,-1.4780
1354,54.1600,0.0621,0.0000,0.4850,0.1314,-0.0032,0.0313,0.0107,0.0138,0.4361,-1.2339,-1.8166,0.2216,-0.03620,-0.00324,0.0051,-0.1386,-0.1386,0.0005,0.00000,0.00000,-1.1437,-1.4800
1355,54.2000,0.0630,0.0000,0.4868,0.1267,-0.0035,0.0356,0.0079,0.0259,0.4460,-1.2294,-1.8193,0.2216,-0.03513,-0.00315,0.0058,-0.1418,-0.1422,0.0018,0.00000,0.00000,-1.1398,-1.4819
1356,54.2400,0.0641,0.0000,0.4884,0.1215,-0.0024,0.0366,0.0094,0.0501,0.4491,-1.2250,-1.8217,0.2217,-0.03349,-0.00315,0.0065,-0.1434,-0.1402,-0.0031,0.00000,0.00000,-1.1359,-1.4837
1357,54.2800,0.0653,0.0000,0.4898,0.1190,-0.0029,0.0344,0.0105,0.0279,0.4499,-1.2206,-1.8239,0.2218,-0.03204,-0.00328,0.0054,-0.1431,-0.1376,0.0048,0.00000,0.00000,-1.1320,-1.4854
1358,54.3200,0.0666,0.0000,0.4910,0.1153,-0.0041,0.0337,0.0212,0.0356,0.4619,-1.2164,-1.8261,0.2218,-0.03071,-0.00287,0.0051,-0.1403,-0.1388,0.0017,0.00000,0.00000,-1.1281,-1.4870
1359,54.3600,0.0681,0.0000,0.4921,0.1125,-0.0005,0.0387,-0.0041,0.0411,0.4542,-1.2122,-1.8281,0.2219,-0.02919,-0.00256,0.0078,-0.1492,-0.1402,0.0010,0.00000,0.00000,-1.1241,-1.4886
1360,54.4000,0.0697,0.0000,0.4930,0.1109,0.0018,0.0356,0.0528,0.0368,0.4389,-1.2080,-1.8299,0.2221,-0.02752,-0.00267,0.0055,-0.1443,-0.1341,-0.0006,0.00000,0.00000,-1.1201,-1.4900
1361,54.4400,0.0715,0.0000,0.4939,0.1090,-0.0006,0.0364,0.0068,0.0306,0.4666,-1.2039,-1.8316,0.2221,-0.02613,-0.00229,0.0076,-0.1475,-0.1444,-0.0004,0.00000,0.00000,-1.1161,-1.4913
1362,54.4800,0.0733,0.0000,0.4946,0.1088,-0.0021,0.0345,-0.0124,0.0098,0.4298,-1.1997,-1.8332,0.2222,-0.02537,-0.00230,0.0043,-0.1442,-0.1350,0.0039,0.00000,0.00000,-1.1121,-1.4926
1363,54.5200,0.0753,0.0000,0.4952,0.1081,-0.0039,0.0324,0.0043,-0.0050,0.4312,-1.1957,-1.8348,0.2221,-0.02527,-0.00188,0.0031,-0.1405,-0.1359,0.0028,0.00000,0.00000,-1.1081,-1.4937
1364,54.5600,0.0774,0.0000,0.4958,0.1056,-0.0013,0.0358,0.0088,0.0165,0.4369,-1.1916,-1.8363,0.2221,-0.02491,-0.00133,0.0046,-0.1451,-0.1405,0.0008,0.00000,0.00000,-1.1040,-1.4948
1365,54.6000,0.0796,0.0000,0.4963,0.1032,0.0010,0.0365,-0.0056,0.0392,0.4425,-1.1876,-1.8376,0.2222,-0.02363,-0.00162,0.0037,-0.1477,-0.1398,-0.0025,0.00000,0.00000,-1.0999,-1.4957
1366,54.6400,0.0818,0.0000,0.4968,0.1033,-0.0004,0.0323,-0.0116,0.0124,0.4298,-1.1835,-1.8387,0.2222,-0.02255,-0.00207,0.0046,-0.1417,-0.1356,0.0066,0.00000,0.00000,-1.0959,-1.4966
1367,54.6800,0.0842,0.0000,0.4971,0.1013,-0.0005,0.0364,-0.0003,0.0434,0.4302,-1.1795,-1.8399,0.2221,-0.02134,-0.00231,0.0056,-0.1482,-0.1376,0.0024,0.00000,0.00000,-1.0917,-1.4973
1368,54.7200,0.0867,0.0000,0.4975,0.1006,0.0009,0.0355,-0.0007,0.0450,0.4116,-1.1755,-1.8409,0.2222,-0.01939,-0.00308,0.0036,-0.1484,-0.1352,0.0012,0.00000,0.00000,-1.0876,-1.4980
1369,54.7600,0.0892,0.0000,0.4978,0.1029,-0.0006,0.0340,-0.0108,-0.0029,0.4257,-1.1715,-1.8419,0.2222,-0.01867,-0.00329,0.0065,-0.1468,-0.1338,0.0049,0.00000,0.00000,-1.0835,-1.4986
1370,54.8000,0.0918,0.0000,0.4981,0.1026,-0.0026,0.0371,0.0046,0.0107,0.4396,-1.1674,-1.8429,0.2222,-0.01837,-0.00321,0.0052,-0.1487,-0.1367,0.0036,0.00000,0.00000,-1.0793,-1.4991
1371,54.8400,0.0945,0.0000,0.4983,0.1016,-0.0013,0.0372,-0.0033,0.0338,0.4274,-1.1634,-1.8438,0.2223,-0.01733,-0.00322,0.0048,-0.1509,-0.1366,-0.0006,0.00000,0.00000,-1.0751,-1.4994
1372,54.8800,0.0973,0.0000,0.4985,0.1029,-0.0019,0.0344,-0.0010,0.0153,0.4299,-1.1593,-1.8446,0.2223,-0.01629,-0.00343,0.0023,-0.1490,-0.1361,0.0023,0.00000,0.00000,-1.0710,-1.4997
1373,54.9200,0.1001,0.0000,0.4987,0.1035,-0.0015,0.0346,-0.0024,0.0193,0.4206,-1.1551,-1.8454,0.2222,-0.01557,-0.00344,0.0055,-0.1486,-0.1328,0.0024,0.00000,0.00000,-1.0667,-1.4999
1374,54.9600,0.1030,0.0000,0.4988,0.1045,-0.0011,0.0362,-0.0087,0.0164,0.4253,-1.1510,-1.8461,0.2222,-0.01477,-0.00365,0.0020,-0.1526,-0.1363,-0.0011,0.00000,0.00000,-1.0625,-1.5000
1375,55.0000,0.1060,0.0000,0.4990,0.1055,-0.0032,0.0387,0.0042,0.0230,0.4216,-1.1467,-1.8468,0.2223,-0.01382,-0.00383,0.0045,-0.1521,-0.1384,0.0074,0.00000,0.00000,-1.0583,-1.5000
1376,55.0400,0.1090,0.0000,0.4991,0.1074,-0.0027,0.0363,0.0102,0.0101,0.4232,-1.1424,-1.8474,0.2224,-0.01312,-0.00344,0.0038,-0.1511,-0.1341,-0.0013,0.00000,0.00000,-1.0540,-1.4999
1377,55.0800,0.1121,0.0000,0.4992,0.1085,-0.0007,0.0366,0.0058,0.0155,0.4366,-1.1381,-1.8479,0.2224,-0.01249,-0.00325,0.0039,-0.1539,-0.1341,0.0019,0.00000,0.00000,-1.0497,-1.4997
1378,55.1200,0.1152,0.0000,0.4993,0.1102,-0.0009,0.0351,-0.0108,0.0183,0.4302,-1.1336,-1.8483,0.2224,-0.01175,-0.00357,0.0040,-0.1515,-0.1321,0.0007,0.00000,0.00000,-1.0454,-1.4994
1379,55.1600,0.1184,0.0000,0.4994,0.1119,-0.0029,0.0338,0.0033,0.0162,0.4471,-1.1291,-1.8487,0.2223,-0.01081,-0.00355,0.0024,-0.1489,-0.1346,0.0018,0.00000,0.00000,-1.0411,-1.4990
1380,55.2000,0.1217,0.0000,0.4995,0.1131,-0.0011,0.0376,-0.0095,0.0399,0.4325,-1.1245,-1.8490,0.2223,-0.00968,-0.00361,0.0052,-0.1550,-0.1339,-0.0013,0.00000,0.00000,-1.0368,-1.4985
1381,55.2400,0.1250,0.0000,0.4995,0.1173,-0.0054,0.0240,0.0163,0.0107,0.4181,-1.1198,-1.8493,0.2221,-0.00896,-0.00366,-0.0097,-0.1381,-0.1005,0.0143,0.00000,0.00000,-1.0325,-1.4979
1382,55.2800,0.1283,0.0000,0.4996,0.1197,-0.0060,0.0272,0.0242,0.0161,0.4446,-1.1150,-1.8496,0.2216,-0.00842,-0.00261,0.0006,-0.1343,-0.1099,0.0195,0.00000,0.00000,-1.0281,-1.4973
1383,55.3200,0.1317,0.0000,0.4996,0.1232,-0.0013,0.0347,-0.0045,0.0250,0.4357,-1.1100,-1.8497,0.2214,-0.00756,-0.00220,-0.0045,-0.1414,-0.1109,0.0027,0.00000,0.00000,-1.0237,-1.4965
1384,55.3600,0.1351,0.0000,0.4997,0.1276,-0.0023,0.0374,0.0016,0.0157,0.4289,-1.1049,-1.8496,0.2215,-0.00669,-0.00236,-0.0042,-0.1415,-0.1153,0.0115,0.00000,0.00000,-1.0193,-1.4956
1385,55.4000,0.1385,0.0000,0.4997,0.1322,-0.0049,0.0371,0.0090,0.0054,0.4467,-1.0996,-1.8495,0.2215,-0.00634,-0.00194,-0.0057,-0.1429,-0.1142,0.0082,0.00000,0.00000,-1.0149,-1.4947
1386,55.4400,0.1420,0.0000,0.4997,0.1345,-0.0035,0.0365,0.0077,0.0410,0.4436,-1.0942,-1.8494,0.2215,-0.00532,-0.00134,-0.0074,-0.1441,-0.1132,0.0084,0.00000,0.00000,-1.0105,-1.4936
1387,55.4800,0.1455,0.0000,0.4998,0.1417,-0.0001,0.0356,0.0059,0.0079,0.4339,-1.0886,-1.8490,0.2215,-0.00446,-0.00134,-0.0044,-0.1426,-0.1099,0.0097,0.00000,0.00000,-1.0060,-1.4924
1388,55.5200,0.1490,0.0000,0.4998,0.1499,0.0003,0.0384,0.0108,0.0008,0.4187,-1.0827,-1.8484,0.2215,-0.00436,-0.00145,-0.0037,-0.1465,-0.1156,0.0110,0.00000,0.00000,-1.0016,-1.4912
1389,55.5600,0.1525,0.0000,0.4998,0.1605,-0.0008,0.0370,0.0245,-0.0298,0.4047,-1.0765,-1.8477,0.2216,-0.00518,-0.00138,-0.0031,-0.1424,-0.1123,0.0090,0.00000,0.00000,-0.9971,-1.4898
1390,55.6000,0.1560,0.0000,0.4998,0.1694,-0.0029,0.0359,0.0060,-0.0390,0.4243,-1.0699,-1.8469,0.2216,-0.00666,-0.00101,-0.0031,-0.1420,-0.1163,0.0071,0.00000,0.00000,-0.9926,-1.4884
1391,55.6400,0.1594,0.0000,0.4999,0.1757,-0.0018,0.0374,-0.0003,-0.0050,0.4235,-1.0630,-1.8460,0.2216,-0.00746,-0.00059,-0.0031,-0.1435,-0.1202,0.0088,0.00000,0.00000,-0.9881,-1.4869
1392,55.6800,0.1628,0.0000,0.4999,0.1843,-0.0007,0.0352,-0.0036,-0.0171,0.4278,-1.0559,-1.8448,0.2216,-0.00805,-0.00064,-0.0046,-0.1432,-0.1145,0.0077,0.00000,0.00000,-0.9836,-1.4852
1393,55.7200,0.1661,0.0000,0.4999,0.1918,-0.0006,0.0324,-0.0008,-0.0134,0.4199,-1.0484,-1.8434,0.2215,-0.00873,-0.00063,-0.0052,-0.1414,-0.1157,0.0062,0.00000,0.00000,-0.9791,-1.4835
1394,55.7600,0.1694,0.0000,0.4999,0.2001,-0.0004,0.0341,0.0194,-0.0240,0.4217,-1.0407,-1.8419,0.2215,-0.00962,-0.00063,-0.0041,-0.1402,-0.1137,0.0111,0.00000,0.00000,-0.9745,-1.4817
1395,55.8000,0.1726,0.0000,0.4999,0.2072,-0.0039,0.0361,-0.0035,-0.0163,0.4290,-1.0327,-1.8401,0.2215,-0.01040,-0.00037,-0.0043,-0.1391,-0.1185,0.0102,0.00000,0.00000,-0.9699,-1.4798
1396,55.8400,0.1757,0.0000,0.4999,0.2141,-0.0022,0.0346,0.0018,-0.0087,0.4139,-1.0244,-1.8383,0.2215,-0.01101,0.00006,-0.0050,-0.1397,-0.1136,0.0064,0.00000,0.00000,-0.9654,-1.4777
1397,55.8800,0.1788,0.0000,0.4999,0.2219,-0.0015,0.0341,-0.0021,-0.0237,0.4209,-1.0159,-1.8361,0.2215,-0.01174,0.00016,-0.0051,-0.1393,-0.1146,0.0124,0.00000,0.00000,-0.9608,-1.4756
1398,55.9200,0.1818,0.0000,0.4999,0.2291,-0.0007,0.0334,0.0211,-0.0307,0.4200,-1.0072,-1.8337,0.2214,-0.01290,0.00029,-0.0029,-0.1372,-0.1158,0.0083,0.00000,0.00000,-0.9561,-1.4734
1399,55.9600,0.1847,0.0000,0.5000,0.2347,-0.0010,0.0336,-0.0018,-0.0145,0.4285,-0.9983,-1.8310,0.2214,-0.01383,0.00034,-0.0043,-0.1385,-0.1172,0.0057,0.00000,0.00000,-0.9515,-1.4711
1400,56.0000,0.1875,0.0000,0.5000,0.2410,-0.0006,0.0326,-0.0032,-0.0171,0.4421,-0.9891,-1.8281,0.2214,-0.01456,0.00021,-0.0038,-0.1380,-0.1157,0.0063,0.00000,0.00000,-0.9469,-1.4687
1401,56.0400,0.1902,0.0000,0.5000,0.2472,-0.0021,0.0316,0.0050,-0.0195,0.4424,-0.9799,-1.8250,0.2213,-0.01538,0.00016,-0.0042,-0.1357,-0.1148,0.0087,0.00000,0.00000,-0.9422,-1.4663
1402,56.0800,0.1929,0.0000,0.5000,0.2530,-0.0011,0.0325,0.0001,-0.0157,0.4362,-0.9704,-1.8217,0.2213,-0.01619,0.00022,-0.0022,-0.1362,-0.1146,0.0021,0.00000,0.00000,-0.9375,-1.4637
1403,56.1200,0.1956,0.0000,0.5000,0.2596,-0.0014,0.0340,0.0015,-0.0318,0.4365,-0.9608,-1.8181,0.2213,-0.01730,0.00009,-0.0030,-0.1378,-0.1153,0.0090,0.00000,0.00000,-0.9328,-1.4610
1404,56.1600,0.1981,0.0000,0.5000,0.2642,-0.0032,0.0330,0.0083,-0.0189,0.4476,-0.9510,-1.8142,0.2213,-0.01823,0.00033,-0.0024,-0.1344,-0.1177,0.0034,0.00000,0.00000,-0.9281,-1.4582
1405,56.2000,0.2006,0.0000,0.5000,0.2672,-0.0007,0.0373,-0.0020,0.0019,0.4193,-0.9411,-1.8101,0.2214,-0.01867,0.00042,-0.0007,-0.1365,-0.1165,0.0081,0.00000,0.00000,-0.9234,-1.4554
1406,56.2400,0.2030,0.0000,0.5000,0.2714,-0.0011,0.0389,-0.0006,-0.0159,0.4532,-0.9312,-1.8058,0.2217,-0.01892,0.00013,-0.0060,-0.1375,-0.1227,0.0032,0.00000,0.00000,-0.9187,-1.4524
1407,56.2800,0.2054,0.0000,0.5000,0.2741,-0.0003,0.0354,-0.0042,-0.0136,0.4532,-0.9213,-1.8012,0.2219,-0.01967,-0.00004,-0.0030,-0.1360,-0.1186,0.0070,0.00000,0.00000,-0.9139,-1.4494
1408,56.3200,0.2077,0.0000,0.5000,0.2759,0.0017,0.0352,-0.0147,0.0030,0.4370,-0.9114,-1.7963,0.2220,-0.01977,-0.00066,-0.0037,-0.1338,-0.1222,0.0051,0.00000,0.00000,-0.9091,-1.4463
1409,56.3600,0.2099,0.0000,0.5000,0.2798,0.0010,0.0358,-0.0115,-0.0185,0.4515,-0.9015,-1.7911,0.2222,-0.02017,-0.00150,-0.0055,-0.1348,-0.1215,0.0080,0.00000,0.00000,-0.9044,-1.4430
1410,56.4000,0.2121,0.0000,0.4999,0.2817,0.0021,0.0370,-0.0169,-0.0082,0.4448,-0.8916,-1.7858,0.2224,-0.02071,-0.00230,-0.0014,-0.1355,-0.1221,0.0051,0.00000,0.00000,-0.8996,-1.4397
1411,56.4400,0.2143,0.0000,0.4979,0.2837,0.0009,0.0370,-0.0108,-0.0012,0.4340,-0.8817,-1.7801,0.2226,-0.02083,-0.00321,-0.0070,-0.1352,-0.1234,0.0109,0.00000,0.00000,-0.8948,-1.4363
1412,56.4800,0.2164,0.0000,0.4943,0.2848,0.0025,0.0370,-0.0191,0.0204,0.4347,-0.8719,-1.7743,0.2229,-0.02039,-0.00402,-0.0063,-0.1394,-0.1263,-0.0004,0.00000,0.00000,-0.8899,-1.4328
1413,56.5200,0.2185,0.0000,0.4893,0.2881,0.0045,0.0347,-0.0295,-0.0011,0.4271,-0.8621,-1.7681,0.2231,-0.02012,-0.00550,-0.0048,-0.1363,-0.1188,0.0068,0.00000,0.00000,-0.8851,-1.4292
1414,56.5600,0.2206,0.0000,0.4830,0.2918,0.0012,0.0341,-0.0125,-0.0295,0.4318,-0.8524,-1.7618,0.2232,-0.02065,-0.00677,-0.0061,-0.1318,-0.1254,0.0093,0.00000,0.00000,-0.8803,-1.4255
1415,56.6000,0.2225,0.0000,0.4757,0.2937,-0.0005,0.0384,-0.0036,-0.0226,0.4275,-0.8426,-1.7554,0.2234,-0.02158,-0.00736,-0.0028,-0.1311,-0.1271,0.0090,0.00000,0.00000,-0.8754,-1.4217
1416,56.6400,0.2245,0.0000,0.4673,0.2940,0.0022,0.0404,-0.0375,0.0044,0.4237,-0.8329,-1.7486,0.2238,-0.02179,-0.00827,-0.0005,-0.1340,-0.1256,0.0046,0.00000,0.00000,-0.8705,-1.4178
1417,56.6800,0.2264,0.0000,0.4581,0.2952,0.0034,0.0333,-0.0239,0.0041,0.4116,-0.8233,-1.7417,0.2240,-0.02141,-0.00979,-0.0048,-0.1289,-0.1254,0.0041,0.00000,0.00000,-0.8656,-1.4139
1418,56.7200,0.2283,0.0000,0.4482,0.2976,0.0019,0.0330,-0.0159,-0.0063,0.4091,-0.8138,-1.7345,0.2241,-0.02135,-0.01122,-0.0034,-0.1294,-0.1278,0.0112,0.00000,0.00000,-0.8607,-1.4098
1419,56.7600,0.2301,0.0000,0.4376,0.3038,-0.0013,0.0257,0.0008,-0.0509,0.4079,-0.8042,-1.7272,0.2240,-0.02259,-0.01192,-0.0019,-0.1267,-0.1225,0.0032,0.00000,0.00000,-0.8558,-1.4057
1420,56.8000,0.2318,0.0000,0.4266,0.3055,0.0007,0.0316,-0.0090,-0.0157,0.3944,-0.7947,-1.7196,0.2239,-0.02377,-0.01251,0.0047,-0.1313,-0.1251,0.0078,0.00000,0.00000,-0.8509,-1.4015
1421,56.8400,0.2335,0.0000,0.4150,0.3090,-0.0006,0.0314,-0.0021,-0.0167,0.3864,-0.7851,-1.7118,0.2240,-0.02421,-0.01340,-0.0000,-0.1302,-0.1253,0.0053,0.00000,0.00000,-0.8459,-1.3971
1422,56.8800,0.2352,0.0000,0.4031,0.3123,-0.0036,0.0311,0.0138,-0.0185,0.3786,-0.7755,-1.7039,0.2241,-0.02478,-0.01350,0.0038,-0.1290,-0.1276,0.0108,0.00000,0.00000,-0.8409,-1.3927
1423,56.9200,0.2368,0.0000,0.3910,0.3147,-0.0007,0.0305,-0.0012,-0.0089,0.3758,-0.7660,-1.6957,0.2242,-0.02530,-0.01365,0.0059,-0.1314,-0.1229,0.0001,0.00000,0.00000,-0.8360,-1.3882
1424,56.9600,0.2383,0.0000,0.3786,0.3176,-0.0018,0.0247,0.0050,-0.0195,0.3526,-0.7565,-1.6873,0.2241,-0.02566,-0.01414,0.0025,-0.1230,-0.1242,0.0072,0.00000,0.00000,-0.8310,-1.3836
1425,57.0000,0.2398,0.0000,0.3661,0.3204,-0.0024,0.0317,0.0078,-0.0172,0.3634,-0.7471,-1.6787,0.2241,-0.02631,-0.01432,0.0081,-0.1299,-0.1277,0.0115,0.00000,0.00000,-0.8260,-1.3789
1426,57.0400,0.2411,0.0000,0.3535,0.3220,-0.0025,0.0278,0.0090,-0.0021,0.3469,-0.7377,-1.6699,0.2241,-0.02647,-0.01437,0.0044,-0.1244,-0.1244,-0.0026,0.00000,0.00000,-0.8210,-1.3742
1427,57.0800,0.2424,0.0000,0.3408,0.3247,-0.0004,0.0289,-0.0022,-0.0096,0.3323,-0.7284,-1.6608,0.2241,-0.02674,-0.01477,0.0095,-0.1280,-0.1229,0.0110,0.00000,0.00000,-0.8159,-1.3693
1428,57.1200,0.2437,0.0000,0.3282,0.3271,-0.0003,0.0288,-0.0024,-0.0121,0.3305,-0.7192,-1.6516,0.2241,-0.02700,-0.01552,0.0083,-0.1272,-0.1247,0.0014,0.00000,0.00000,-0.8109,-1.3644
1429,57.1600,0.2448,0.0000,0.3156,0.3292,-0.0033,0.0284,0.0133,-0.0131,0.3309,-0.7100,-1.6422,0.2241,-0.02736,-0.01575,0.0094,-0.1239,-0.1253,0.0114,0.00000,0.00000,-0.8058,-1.3593
1430,57.2000,0.2459,0.0000,0.3030,0.3314,-0.0025,0.0265,0.0097,-0.0167,0.3004,-0.7008,-1.6327,0.2241,-0.02790,-0.01555,0.0108,-0.1212,-0.1222,0.0023,0.00000,0.00000,-0.8008,-1.3542
1431,57.2400,0.2470,0.0000,0.2906,0.3334,-0.0012,0.0299,0.0025,-0.0202,0.2997,-0.6918,-1.6229,0.2241,-0.02855,-0.01586,0.0105,-0.1268,-0.1270,0.0075,0.00000,0.00000,-0.7957,-1.3490
1432,57.2800,0.2479,0.0000,0.2783,0.3345,-0.0011,0.0283,0.0026,-0.0110,0.2911,-0.6828,-1.6130,0.2242,-0.02903,-0.01626,0.0121,-0.1239,-0.1234,0.0037,0.00000,0.00000,-0.7906,-1.3437
1433,57.3200,0.2488,0.0000,0.2663,0.3361,-0.0019,0.0268,0.0068,-0.0145,0.2849,-0.6740,-1.6029,0.2242,-0.02941,-0.01658,0.0128,-0.1223,-0.1253,0.0087,0.00000,0.00000,-0.7855,-1.3384
1434,57.3600,0.2496,0.0000,0.2544,0.3372,0.0000,0.0261,-0.0030,-0.0099,0.2596,-0.6652,-1.5927,0.2241,-0.02987,-0.01704,0.0144,-0.1224,-0.1204,0.0031,0.00000,0.00000,-0.7804,-1.3329
1435,57.4000,0.2503,0.0000,0.2428,0.3379,0.0003,0.0270,-0.0043,0.0010,0.2604,-0.6566,-1.5823,0.2241,-0.02987,-0.01793,0.0148,-0.1225,-0.1209,0.0067,0.00000,0.00000,-0.7752,-1.3274
1436,57.4400,0.2510,0.0000,0.2314,0.3390,-0.0021,0.0251,0.0081,0.0038,0.2458,-0.6480,-1.5718,0.2241,-0.02963,-0.01837,0.0132,-0.1187,-0.1193,0.0080,0.00000,0.00000,-0.7701,-1.3217
1437,57.4800,0.2516,0.0000,0.2204,0.3408,-0.0016,0.0291,0.0055,-0.0018,0.2410,-0.6395,-1.5612,0.2241,-0.02956,-0.01850,0.0167,-0.1232,-0.1224,0.0081,0.00000,0.00000,-0.7649,-1.3160
1438,57.5200,0.2521,0.0000,0.2096,0.3431,-0.0036,0.0259,0.0166,-0.0203,0.2341,-0.6310,-1.5505,0.2241,-0.02996,-0.01837,0.0124,-0.1170,-0.1184,0.0085,0.00000,0.00000,-0.7598,-1.3102
1439,57.5600,0.2526,0.0000,0.1991,0.3434,-0.0014,0.0260,0.0053,-0.0058,0.2165,-0.6225,-1.5397,0.2241,-0.03039,-0.01807,0.0180,-0.1179,-0.1201,0.0050,0.00000,0.00000,-0.7546,-1.3043
1440,57.6000,0.2530,0.0000,0.1890,0.3440,-0.0004,0.0265,0.0000,0.0024,0.2143,-0.6142,-1.5287,0.2240,-0.03031,-0.01855,0.0139,-0.1189,-0.1212,0.0062,0.00000,0.00000,-0.7494,-1.2983
1441,57.6400,0.2534,0.0000,0.1791,0.3453,0.0006,0.0267,-0.0056,-0.0022,0.2060,-0.6060,-1.5176,0.2240,-0.03030,-0.01930,0.0177,-0.1205,-0.1194,0.0047,0.00000,0.00000,-0.7442,-1.2923
1442,57.6800,0.2537,0.0000,0.1696,0.3473,-0.0002,0.0243,-0.0008,-0.0199,0.1740,-0.5979,-1.5064,0.2240,-0.03070,-0.02006,0.0196,-0.1131,-0.1147,0.0084,0.00000,0.00000,-0.7390,-1.2862
1443,57.7200,0.2539,0.0000,0.1605,0.3478,-0.0016,0.0281,0.0064,-0.0073,0.1798,-0.5898,-1.4951,0.2240,-0.03112,-0.02031,0.0186,-0.1189,-0.1203,0.0080,0.00000,0.00000,-0.7338,-1.2799
1444,57.7600,0.2541,0.0000,0.1518,0.3478,-0.0017,0.0276,0.0072,0.0082,0.1831,-0.5818,-1.4838,0.2241,-0.03098,-0.02030,0.0177,-0.1183,-0.1190,0.0045,0.00000,0.00000,-0.7285,-1.2737
1445,57.8000,0.2542,0.0000,0.1434,0.3489,-0.0008,0.0259,0.0026,0.0024,0.1663,-0.5738,-1.4723,0.2241,-0.03078,-0.02046,0.0200,-0.1166,-0.1162,0.0103,0.00000,0.00000,-0.7233,-1.2673
1446,57.8400,0.2543,0.0000,0.1353,0.3503,-0.0011,0.0252,0.0039,-0.0064,0.1642,-0.5659,-1.4608,0.2240,-0.03079,-0.02075,0.0186,-0.1157,-0.1174,0.0065,0.00000,0.00000,-0.7180,-1.2608
1447,57.8800,0.2544,0.0000,0.1276,0.3513,-0.0001,0.0268,-0.0009,-0.0075,0.1429,-0.5581,-1.4492,0.2240,-0.03106,-0.02108,0.0230,-0.1154,-0.1161,0.0094,0.00000,0.00000,-0.7127,-1.2543
1448,57.9200,0.2544,0.0000,0.1202,0.3528,-0.0016,0.0150,0.0076,-0.0175,0.1051,-0.5503,-1.4375,0.2237,-0.03176,-0.02119,0.0111,-0.1038,-0.0922,0.0080,0.00000,0.00000,-0.7074,-1.2476
1449,57.9600,0.2544,0.0000,0.1134,0.3526,-0.0003,0.0190,0.0008,0.0067,0.1016,-0.5425,-1.4257,0.2234,-0.03193,-0.02113,0.0138,-0.1088,-0.0989,0.0162,0.00000,0.00000,-0.7021,-1.2409
1450,58.0000,0.2543,0.0000,0.1070,0.3541,0.0006,0.0270,-0.0038,0.0114,0.1008,-0.5349,-1.4138,0.2233,-0.03148,-0.02172,0.0155,-0.1110,-0.1001,0.0130,0.00000,0.00000,-0.6968,-1.2342
1451,58.0400,0.2541,0.0000,0.1011,0.3562,-0.0009,0.0242,0.0039,0.0043,0.0890,-0.5272,-1.4019,0.2233,-0.03117,-0.02200,0.0153,-0.1075,-0.0972,0.0075,0.00000,0.00000,-0.6915,-1.2273
1452,58.0800,0.2539,0.0000,0.0957,0.3576,-0.0017,0.0236,0.0080,0.0045,0.0960,-0.5195,-1.3899,0.2232,-0.03099,-0.02166,0.0126,-0.1091,-0.1008,0.0095,0.00000,0.00000,-0.6862,-1.2204
1453,58.1200,0.2537,0.0000,0.0907,0.3601,-0.0009,0.0268,0.0034,-0.0069,0.0856,-0.5118,-1.3778,0.2231,-0.03109,-0.02139,0.0189,-0.1066,-0.0978,0.0159,0.00000,0.00000,-0.6809,-1.2133
1454,58.1600,0.2534,0.0000,0.0860,0.3624,0.0009,0.0264,-0.0057,-0.0181,0.0737,-0.5042,-1.3656,0.2232,-0.03164,-0.02160,0.0180,-0.1088,-0.0988,0.0055,0.00000,0.00000,-0.6755,-1.2063
1455,58.2000,0.2531,0.0000,0.0817,0.3634,-0.0004,0.0247,0.0010,-0.0111,0.0735,-0.4965,-1.3532,0.2232,-0.03213,-0.02187,0.0195,-0.1040,-0.0975,0.0140,0.00000,0.00000,-0.6701,-1.1991
1456,58.2400,0.2527,0.0000,0.0777,0.3645,-0.0003,0.0257,0.0005,-0.0061,0.0742,-0.4889,-1.3409,0.2231,-0.03242,-0.02184,0.0182,-0.1082,-0.1026,0.0087,0.00000,0.00000,-0.6648,-1.1918
1457,58.2800,0.2523,0.0000,0.0741,0.3667,-0.0007,0.0260,0.0028,-0.0232,0.0602,-0.4813,-1.3285,0.2232,-0.03304,-0.02182,0.0216,-0.1037,-0.0991,0.0148,0.00000,0.00000,-0.6594,-1.1845
1458,58.3200,0.2519,0.0000,0.0707,0.3673,-0.0005,0.0261,0.0018,-0.0134,0.0658,-0.4736,-1.3160,0.2232,-0.03375,-0.02158,0.0201,-0.1070,-0.1015,0.0082,0.00000,0.00000,-0.6540,-1.1771
1459,58.3600,0.2514,0.0000,0.0677,0.3673,-0.0001,0.0251,-0.0003,0.0006,0.0520,-0.4661,-1.3034,0.2232,-0.03393,-0.02157,0.0199,-0.1055,-0.1008,0.0135,0.00000,0.00000,-0.6486,-1.1696
1460,58.4000,0.2509,0.0000,0.0648,0.3681,0.0011,0.0236,-0.0068,0.0010,0.0609,-0.4585,-1.2908,0.2232,-0.03391,-0.02191,0.0201,-0.1062,-0.0978,0.0080,0.00000,0.00000,-0.6432,-1.1621
1461,58.4400,0.2504,0.0000,0.0623,0.3700,0.0010,0.0211,-0.0064,-0.0264,0.0589,-0.4510,-1.2781,0.2231,-0.03444,-0.02252,0.0204,-0.1034,-0.1007,0.0073,0.00000,0.00000,-0.6377,-1.1545
1462,58.4800,0.2498,0.0000,0.0599,0.3713,0.0003,0.0252,-0.0025,-0.0358,0.0492,-0.4435,-1.2654,0.2231,-0.03571,-0.02290,0.0234,-0.1042,-0.1011,0.0135,0.00000,0.00000,-0.6323,-1.1468
1463,58.5200,0.2493,0.0000,0.0577,0.3708,-0.0007,0.0254,0.0024,-0.0168,0.0445,-0.4360,-1.2527,0.2232,-0.03665,-0.02281,0.0210,-0.1046,-0.1015,0.0056,0.00000,0.00000,-0.6269,-1.1390
1464,58.5600,0.2487,0.0000,0.0558,0.3703,0.0010,0.0226,-0.0063,-0.0135,0.0503,-0.4285,-1.2399,0.2232,-0.03729,-0.02296,0.0215,-0.1054,-0.0985,0.0060,0.00000,0.00000,-0.6214,-1.1311
1465,58.6000,0.2481,0.0000,0.0540,0.3698,0.0002,0.0216,-0.0019,-0.0097,0.0514,-0.4211,-1.2272,0.2231,-0.03764,-0.02335,0.0213,-0.1024,-0.1010,0.0127,0.00000,0.00000,-0.6159,-1.1232
1466,58.6400,0.2475,0.0000,0.0523,0.3693,0.0008,0.0251,-0.0050,0.0022,0.0327,-0.4137,-1.2144,0.2231,-0.03773,-0.02360,0.0227,-0.1063,-0.1027,0.0091,0.00000,0.00000,-0.6105,-1.1152
1467,58.6800,0.2469,0.0000,0.0508,0.3693,-0.0003,0.0256,0.0003,-0.0007,0.0593,-0.4064,-1.2016,0.2232,-0.03766,-0.02385,0.0205,-0.1076,-0.1027,0.0067,0.00000,0.00000,-0.6050,-1.1072
1468,58.7200,0.2463,0.0000,0.0494,0.3692,-0.0005,0.0243,0.0015,-0.0053,0.0479,-0.3990,-1.1889,0.2233,-0.03777,-0.02374,0.0266,-0.1040,-0.1021,0.0143,0.00000,0.00000,-0.5995,-1.0990
1469,58.7600,0.2457,0.0000,0.0481,0.3693,-0.0004,0.0227,0.0010,-0.0131,0.0402,-0.3917,-1.1761,0.2233,-0.03811,-0.02369,0.0221,-0.1040,-0.1029,0.0070,0.00000,0.00000,-0.5940,-1.0908
1470,58.8000,0.2451,0.0000,0.0469,0.3687,0.0003,0.0233,-0.0025,-0.0124,0.0471,-0.3844,-1.1633,0.2233,-0.03861,-0.02375,0.0215,-0.1079,-0.1060,0.0075,0.00000,0.00000,-0.5885,-1.0826
1471,58.8400,0.2445,0.0000,0.0457,0.3675,0.0001,0.0249,-0.0014,0.0020,0.0458,-0.3772,-1.1505,0.2233,-0.03871,-0.02394,0.0232,-0.1066,-0.1052,0.0124,0.00000,0.00000,-0.5829,-1.0742
1472,58.8800,0.2439,0.0000,0.0446,0.3674,0.0006,0.0235,-0.0044,-0.0104,0.0495,-0.3701,-1.1377,0.2234,-0.03885,-0.02423,0.0237,-0.1074,-0.1073,0.0034,0.00000,0.00000,-0.5774,-1.0658
1473,58.9200,0.2433,0.0000,0.0435,0.3669,-0.0034,0.0280,0.0170,-0.0094,0.0360,-0.3629,-1.1250,0.2235,-0.03907,-0.02369,0.0240,-0.1075,-0.1185,0.0227,0.00000,0.00000,-0.5719,-1.0573
1474,58.9600,0.2428,0.0000,0.0424,0.3672,-0.0035,0.0264,0.0171,-0.0251,0.0231,-0.3556,-1.1123,0.2237,-0.03984,-0.02211,0.0208,-0.1092,-0.1142,0.0025,0.00000,0.00000,-0.5663,-1.0488
1475,59.0000,0.2422,0.0000,0.0415,0.3655,-0.0003,0.0222,0.0007,-0.0208,0.0154,-0.3484,-1.0995,0.2237,-0.04082,-0.02126,0.0237,-0.1068,-0.1093,0.0125,0.00000,0.00000,-0.5607,-1.0402
1476,59.0400,0.2417,0.0000,0.0408,0.3634,0.0020,0.0222,-0.0115,-0.0083,0.0188,-0.3415,-1.0868,0.2237,-0.04128,-0.02173,0.0232,-0.1097,-0.1140,0.0120,0.00000,0.00000,-0.5552,-1.0315
1477,59.0800,0.2411,0.0000,0.0402,0.3621,-0.0009,0.0219,0.0033,-0.0081,0.0270,-0.3345,-1.0741,0.2237,-0.04149,-0.02200,0.0210,-0.1070,-0.1145,0.0147,0.00000,0.00000,-0.5496,-1.0228
1478,59.1200,0.2406,0.0000,0.0397,0.3610,-0.0019,0.0213,0.0087,-0.0133,0.0307,-0.3275,-1.0616,0.2237,-0.04192,-0.02129,0.0206,-0.1074,-0.1143,0.0093,0.00000,0.00000,-0.5440,-1.0139
1479,59.1600,0.2401,0.0000,0.0393,0.3592,-0.0000,0.0266,-0.0008,-0.0070,0.0260,-0.3206,-1.0490,0.2238,-0.04226,-0.02092,0.0237,-0.1128,-0.1215,0.0132,0.00000,0.00000,-0.5384,-1.0051
1480,59.2000,0.2397,0.0000,0.0388,0.3574,0.0003,0.0220,-0.0028,-0.0061,0.0243,-0.3137,-1.0365,0.2239,-0.04249,-0.02102,0.0196,-0.1100,-0.1154,0.0039,0.00000,0.00000,-0.5328,-0.9961
1481,59.2400,0.2392,0.0000,0.0385,0.3551,0.0005,0.0218,-0.0038,0.0038,0.0031,-0.3070,-1.0240,0.2239,-0.04250,-0.02112,0.0217,-0.1108,-0.1173,0.0167,0.00000,0.00000,-0.5272,-0.9871
1482,59.2800,0.2388,0.0000,0.0382,0.3537,0.0008,0.0236,-0.0052,-0.0005,0.0178,-0.3002,-1.0115,0.2239,-0.04242,-0.02141,0.0210,-0.1129,-0.1162,0.0082,0.00000,0.00000,-0.5216,-0.9781
1483,59.3200,0.2385,0.0000,0.0380,0.3513,0.0004,0.0219,-0.0031,0.0105,0.0265,-0.2935,-0.9991,0.2239,-0.04214,-0.02158,0.0198,-0.1134,-0.1189,0.0068,0.00000,0.00000,-0.5159,-0.9689
1484,59.3600,0.2381,0.0000,0.0379,0.3489,-0.0006,0.0237,0.0020,0.0263,0.0305,-0.2869,-0.9869,0.2239,-0.04127,-0.02155,0.0196,-0.1133,-0.1210,0.0132,0.00000,0.00000,-0.5103,-0.9597
1485,59.4000,0.2378,0.0000,0.0377,0.3492,-0.0007,0.0225,0.0026,-0.0048,0.0243,-0.2803,-0.9746,0.2239,-0.04095,-0.02131,0.0205,-0.1111,-0.1166,0.0085,0.00000,0.00000,-0.5047,-0.9505
1486,59.4400,0.2376,0.0000,0.0376,0.3480,0.0002,0.0234,-0.0023,-0.0094,0.0201,-0.2737,-0.9624,0.2239,-0.04124,-0.02116,0.0226,-0.1119,-0.1195,0.0086,0.00000,0.00000,-0.4990,-0.9412
1487,59.4800,0.2373,0.0000,0.0374,0.3461,0.0004,0.0243,-0.0033,-0.0033,0.0163,-0.2672,-0.9502,0.2240,-0.04141,-0.02132,0.0236,-0.1106,-0.1186,0.0107,0.00000,0.00000,-0.4933,-0.9318
1488,59.5200,0.2371,0.0000,0.0373,0.3448,-0.0005,0.0231,0.0015,-0.0088,0.0192,-0.2607,-0.9380,0.2240,-0.04160,-0.02127,0.0216,-0.1115,-0.1208,0.0092,0.00000,0.00000,-0.4877,-0.9224
1489,59.5600,0.2370,0.0000,0.0372,0.3427,0.0005,0.0249,-0.0039,-0.0006,0.0156,-0.2542,-0.9259,0.2241,-0.04178,-0.02121,0.0221,-0.1160,-0.1227,0.0089,0.00000,0.00000,-0.4820,-0.9129
1490,59.6000,0.2369,0.0000,0.0371,0.3403,0.0007,0.0253,-0.0046,0.0125,0.0169,-0.2479,-0.9139,0.2242,-0.04143,-0.02149,0.0207,-0.1162,-0.1228,0.0085,0.00000,0.00000,-0.4763,-0.9033
1491,59.6400,0.2368,0.0000,0.0371,0.3394,-0.0004,0.0210,0.0014,-0.0031,0.0190,-0.2416,-0.9019,0.2241,-0.04132,-0.02162,0.0192,-0.1132,-0.1181,0.0099,0.00000,0.00000,-0.4706,-0.8937
1492,59.6800,0.2368,0.0000,0.0371,0.3365,0.0013,0.0224,-0.0075,0.0194,0.0356,-0.2353,-0.8900,0.2241,-0.04091,-0.02190,0.0195,-0.1177,-0.1228,0.0032,0.00000,0.00000,-0.4649,-0.8840
1493,59.7200,0.2368,0.0000,0.0370,0.3347,0.0018,0.0254,-0.0098,0.0289,0.0213,-0.2291,-0.8781,0.2241,-0.03987,-0.02293,0.0201,-0.1177,-0.1222,0.0126,0.00000,0.00000,-0.4592,-0.8743
1494,59.7600,0.2369,0.0000,0.0368,0.3346,-0.0001,0.0257,-0.0001,0.0116,0.0267,-0.2230,-0.8662,0.2242,-0.03906,-0.02348,0.0194,-0.1186,-0.1237,0.0050,0.00000,0.00000,-0.4535,-0.8645
1495,59.8000,0.2370,0.0000,0.0366,0.3339,-0.0012,0.0252,0.0053,0.0060,0.0381,-0.2167,-0.8544,0.2242,-0.03878,-0.02332,0.0213,-0.1176,-0.1207,0.0100,0.00000,0.00000,-0.4478,-0.8547
1496,59.8400,0.2371,0.0000,0.0364,0.3321,-0.0014,0.0264,0.0065,0.0212,0.0414,-0.2106,-0.8426,0.2243,-0.03812,-0.02292,0.0222,-0.1164,-0.1230,0.0128,0.00000,0.00000,-0.4420,-0.8448
1497,59.8800,0.2373,0.0000,0.0360,0.3320,-0.0008,0.0241,0.0036,0.0061,0.0335,-0.2044,-0.8309,0.2243,-0.03761,-0.02269,0.0213,-0.1142,-0.1203,0.0096,0.00000,0.00000,-0.4363,-0.8349
1498,59.9200,0.2376,0.0000,0.0356,0.3303,0.0002,0.0242,-0.0020,0.0225,0.0472,-0.1983,-0.8191,0.2243,-0.03700,-0.02275,0.0196,-0.1178,-0.1225,0.0062,0.00000,0.00000,-0.4305,-0.8249
1499,59.9600,0.2378,0.0000,0.0350,0.3303,0.0004,0.0225,-0.0026,0.0106,0.0305,-0.1923,-0.8074,0.2242,-0.03638,-0.02319,0.0174,-0.1152,-0.1195,0.0097,0.00000,0.00000,-0.4248,-0.8148
1500,60.0000,0.2382,0.0000,0.0344,0.3302,0.0009,0.0277,-0.0055,0.0103,0.0329,-0.1864,-0.7956,0.2242,-0.03597,-0.02370,0.0234,-0.1182,-0.1211,0.0119,0.00000,0.00000,-0.4190,-0.8047
1501,60.0400,0.2385,0.0000,0.0338,0.3298,0.0004,0.0275,-0.0025,0.0170,0.0149,-0.1804,-0.7838,0.2243,-0.03540,-0.02411,0.0207,-0.1181,-0.1195,0.0102,0.00000,0.00000,-0.4133,-0.7946
1502,60.0800,0.2389,0.0000,0.0331,0.3295,0.0001,0.0245,-0.0014,0.0174,0.0346,-0.1745,-0.7721,0.2243,-0.03473,-0.02434,0.0201,-0.1179,-0.1175,0.0070,0.00000,0.00000,-0.4075,-0.7844
1503,60.1200,0.2393,0.0000,0.0325,0.3300,0.0002,0.0240,-0.0018,0.0077,0.0332,-0.1685,-0.7603,0.2242,-0.03425,-0.02468,0.0229,-0.1148,-0.1174,0.0145,0.00000,0.00000,-0.4017,-0.7741
1504,60.1600,0.2397,0.0000,0.0318,0.3298,-0.0009,0.0258,0.0039,0.0162,0.0533,-0.1626,-0.7485,0.2242,-0.03370,-0.02473,0.0197,-0.1162,-0.1210,0.0072,0.00000,0.00000,-0.3959,-0.7638
1505,60.2000,0.2402,0.0000,0.0310,0.3314,0.0005,0.0237,-0.0032,-0.0111,0.0302,-0.1567,-0.7367,0.2241,-0.03374,-0.02491,0.0229,-0.1127,-0.1156,0.0074,0.00000,0.00000,-0.3902,-0.7534
1506,60.2400,0.2407,0.0000,0.0301,0.3315,-0.0013,0.0278,0.0060,-0.0046,0.0446,-0.1508,-0.7249,0.2241,-0.03397,-0.02498,0.0217,-0.1151,-0.1215,0.0147,0.00000,0.00000,-0.3844,-0.7430
1507,60.2800,0.2412,0.0000,0.0292,0.3309,-0.0013,0.0253,0.0057,0.0103,0.0542,-0.1448,-0.7131,0.2242,-0.03386,-0.02454,0.0196,-0.1146,-0.1166,0.0042,0.00000,0.00000,-0.3786,-0.7326
1508,60.3200,0.2417,0.0000,0.0282,0.3305,-0.0001,0.0255,-0.0002,0.0176,0.0531,-0.1390,-0.7012,0.2241,-0.03323,-0.02459,0.0214,-0.1144,-0.1201,0.0130,0.00000,0.00000,-0.3727,-0.7221
1509,60.3600,0.2423,0.0000,0.0270,0.3318,0.0020,0.0260,-0.0109,0.0039,0.0287,-0.1332,-0.6893,0.2241,-0.03295,-0.02537,0.0232,-0.1148,-0.1131,0.0101,0.00000,0.00000,-0.3669,-0.7116
1510,60.4000,0.2428,0.0000,0.0257,0.3321,0.0005,0.0276,-0.0033,0.0096,0.0367,-0.1275,-0.6773,0.2241,-0.03260,-0.02621,0.0225,-0.1161,-0.1182,0.0111,0.00000,0.00000,-0.3611,-0.7010
1511,60.4400,0.2434,0.0000,0.0245,0.3328,-0.0013,0.0265,0.0062,0.0068,0.0476,-0.1217,-0.6654,0.2242,-0.03226,-0.02619,0.0213,-0.1157,-0.1189,0.0085,0.00000,0.00000,-0.3553,-0.6903
1512,60.4800,0.2440,0.0000,0.0232,0.3342,-0.0010,0.0253,0.0047,-0.0068,0.0374,-0.1159,-0.6534,0.2241,-0.03238,-0.02584,0.0226,-0.1135,-0.1141,0.0130,0.00000,0.00000,-0.3494,-0.6797
1513,60.5200,0.2446,0.0000,0.0219,0.3348,0.0008,0.0144,-0.0047,-0.0051,-0.0080,-0.1101,-0.6414,0.2238,-0.03293,-0.02584,0.0149,-0.1034,-0.0876,0.0100,0.00000,0.00000,-0.3436,-0.6689
1514,60.5600,0.2452,0.0000,0.0207,0.3339,0.0025,0.0171,-0.0136,0.0295,-0.0130,-0.1044,-0.6293,0.2234,-0.03233,-0.02664,0.0125,-0.1072,-0.0969,0.0150,0.00000,0.00000,-0.3378,-0.6582
1515,60.6000,0.2457,0.0000,0.0198,0.3363,0.0008,0.0258,-0.0046,0.0208,0.0033,-0.0986,-0.6172,0.2232,-0.03131,-0.02771,0.0154,-0.1093,-0.0982,0.0175,0.00000,0.00000,-0.3319,-0.6474
1516,60.6400,0.2463,0.0000,0.0190,0.3391,-0.0016,0.0263,0.0079,0.0077,0.0002,-0.0928,-0.6050,0.2232,-0.03088,-0.02742,0.0170,-0.1065,-0.0933,0.0124,0.00000,0.00000,-0.3261,-0.6365
1517,60.6800,0.2468,0.0000,0.0183,0.3407,-0.0006,0.0262,0.0017,0.0113,0.0043,-0.0869,-0.5928,0.2232,-0.03055,-0.02675,0.0167,-0.1083,-0.0972,0.0096,0.00000,0.00000,-0.3202,-0.6256
1518,60.7200,0.2473,0.0000,0.0177,0.3425,0.0015,0.0256,-0.0091,0.0131,0.0068,-0.0810,-0.5805,0.2231,-0.03012,-0.02700,0.0180,-0.1077,-0.0949,0.0103,0.00000,0.00000,-0.3143,-0.6147
1519,60.7600,0.2478,0.0000,0.0172,0.3454,-0.0001,0.0256,-0.0007,-0.0036,0.0061,-0.0751,-0.5681,0.2231,-0.02993,-0.02736,0.0182,-0.1046,-0.0983,0.0148,0.00000,0.00000,-0.3085,-0.6038
1520,60.8000,0.2483,0.0000,0.0167,0.3484,-0.0010,0.0297,0.0040,-0.0140,0.0058,-0.0692,-0.5556,0.2231,-0.03041,-0.02696,0.0221,-0.1068,-0.0973,0.0165,0.00000,0.00000,-0.3026,-0.5928
1521,60.8400,0.2488,0.0000,0.0163,0.3495,-0.0012,0.0279,0.0052,0.0011,0.0003,-0.0631,-0.5431,0.2232,-0.03060,-0.02624,0.0176,-0.1068,-0.1006,0.0086,0.00000,0.00000,-0.2967,-0.5817
1522,60.8800,0.2492,0.0000,0.0158,0.3510,0.0006,0.0252,-0.0042,0.0044,-0.0019,-0.0571,-0.5304,0.2232,-0.03058,-0.02601,0.0183,-0.1069,-0.0970,0.0109,0.00000,0.00000,-0.2908,-0.5706
1523,60.9200,0.2496,0.0000,0.0155,0.3526,0.0013,0.0254,-0.0080,0.0063,0.0037,-0.0511,-0.5177,0.2232,-0.03036,-0.02644,0.0201,-0.1052,-0.0977,0.0133,0.00000,0.00000,-0.2849,-0.5595
1524,60.9600,0.2500,0.0000,0.0152,0.3554,0.0006,0.0265,-0.0042,-0.0105,0.0010,-0.0451,-0.5049,0.2231,-0.03049,-0.02685,0.0200,-0.1062,-0.1011,0.0110,0.00000,0.00000,-0.2791,-0.5484
1525,61.0000,0.2503,0.0000,0.0149,0.3579,-0.0009,0.0271,0.0035,-0.0226,0.0092,-0.0390,-0.4921,0.2232,-0.03124,-0.02665,0.0212,-0.1046,-0.0982,0.0126,0.00000,0.00000,-0.2732,-0.5372
1526,61.0400,0.2506,0.0000,0.0146,0.3591,-0.0012,0.0271,0.0050,-0.0158,-0.0163,-0.0329,-0.4792,0.2232,-0.03198,-0.02591,0.0227,-0.1022,-0.0995,0.0161,0.00000,0.00000,-0.2673,-0.5260
1527,61.0800,0.2509,0.0000,0.0143,0.3603,0.0016,0.0244,-0.0097,-0.0185,0.0076,-0.0268,-0.4662,0.2232,-0.03277,-0.02594,0.0200,-0.1066,-0.0974,0.0012,0.00000,0.00000,-0.2613,-0.5147
1528,61.1200,0.2512,0.0000,0.0141,0.3609,0.0008,0.0241,-0.0053,-0.0141,0.0034,-0.0207,-0.4532,0.2232,-0.03335,-0.02655,0.0223,-0.1026,-0.0999,0.0205,0.00000,0.00000,-0.2554,-0.5034
1529,61.1600,0.2514,0.0000,0.0139,0.3614,-0.0009,0.0252,0.0034,0.0003,0.0168,-0.0146,-0.4402,0.2232,-0.03358,-0.02636,0.0176,-0.1053,-0.1003,0.0088,0.00000,0.00000,-0.2495,-0.4921
1530,61.2000,0.2516,0.0000,0.0137,0.3625,0.0011,0.0254,-0.0070,-0.0028,-0.0058,-0.0084,-0.4271,0.2231,-0.03369,-0.02634,0.0240,-0.1034,-0.0972,0.0122,0.00000,0.00000,-0.2436,-0.4807
1531,61.2400,0.2517,0.0000,0.0134,0.3641,0.0019,0.0264,-0.0109,-0.0171,-0.0029,-0.0023,-0.4140,0.2232,-0.03414,-0.02710,0.0229,-0.1061,-0.0997,0.0107,0.00000,0.00000,-0.2377,-0.4694
1532,61.2800,0.2519,0.0000,0.0131,0.3642,0.0006,0.0245,-0.0045,-0.0056,0.0003,0.0038,-0.4008,0.2232,-0.03455,-0.02749,0.0225,-0.1048,-0.1002,0.0091,0.00000,0.00000,-0.2318,-0.4579
1533,61.3200,0.2520,0.0000,0.0129,0.3648,0.0006,0.0238,-0.0044,-0.0055,-0.0035,0.0099,-0.3876,0.2232,-0.03479,-0.02769,0.0219,-0.1049,-0.0995,0.0104,0.00000,0.00000,-0.2258,-0.4465
1534,61.3600,0.2520,0.0000,0.0127,0.3655,-0.0006,0.0273,0.0018,-0.0052,0.0066,0.0161,-0.3745,0.2233,-0.03496,-0.02762,0.0226,-0.1071,-0.1049,0.0146,0.00000,0.00000,-0.2199,-0.4350
1535,61.4000,0.2521,0.0000,0.0124,0.3655,0.0007,0.0260,-0.0048,0.0044,0.0072,0.0223,-0.3613,0.2234,-0.03501,-0.02751,0.0238,-0.1074,-0.1003,0.0057,0.00000,0.00000,-0.2140,-0.4235
1536,61.4400,0.2521,0.0000,0.0121,0.3664,0.0013,0.0242,-0.0080,-0.0103,-0.0015,0.0284,-0.3480,0.2234,-0.03511,-0.02804,0.0251,-0.1054,-0.1039,0.0125,0.00000,0.00000,-0.2080,-0.4120
1537,61.4800,0.2522,0.0000,0.0118,0.3670,-0.0003,0.0233,0.0005,-0.0121,0.0108,0.0346,-0.3348,0.2234,-0.03556,-0.02817,0.0213,-0.1060,-0.1041,0.0072,0.00000,0.00000,-0.2021,-0.4005
1538,61.5200,0.2522,0.0000,0.0115,0.3672,0.0015,0.0238,-0.0092,-0.0143,0.0009,0.0407,-0.3215,0.2233,-0.03617,-0.02836,0.0259,-0.1063,-0.1013,0.0085,0.00000,0.00000,-0.1961,-0.3889
1539,61.5600,0.2521,0.0000,0.0112,0.3665,0.0002,0.0264,-0.0025,0.0030,0.0074,0.0469,-0.3082,0.2234,-0.03627,-0.02880,0.0242,-0.1068,-0.1045,0.0145,0.00000,0.00000,-0.1902,-0.3773
1540,61.6000,0.2521,0.0000,0.0108,0.3668,0.0002,0.0254,-0.0022,-0.0004,0.0126,0.0530,-0.2949,0.2235,-0.03624,-0.02880,0.0279,-0.1063,-0.1023,0.0092,0.00000,0.00000,-0.1842,-0.3656
1541,61.6400,0.2520,0.0000,0.0104,0.3666,0.0001,0.0236,-0.0015,-0.0014,0.0226,0.0592,-0.2817,0.2235,-0.03621,-0.02886,0.0243,-0.1073,-0.1081,0.0069,0.00000,0.00000,-0.1783,-0.3540
1542,61.6800,0.2520,0.0000,0.0098,0.3677,-0.0024,0.0266,0.0117,-0.0185,-0.0069,0.0654,-0.2684,0.2235,-0.03660,-0.02823,0.0240,-0.1071,-0.1144,0.0190,0.00000,0.00000,-0.1723,-0.3423
1543,61.7200,0.2519,0.0000,0.0092,0.3688,-0.0037,0.0287,0.0184,-0.0361,0.0045,0.0717,-0.2551,0.2237,-0.03774,-0.02648,0.0234,-0.1097,-0.1156,0.0074,0.00000,0.00000,-0.1663,-0.3306
1544,61.7600,0.2518,0.0000,0.0087,0.3671,-0.0020,0.0253,0.0092,-0.0197,-0.0126,0.0779,-0.2419,0.2239,-0.03884,-0.02480,0.0244,-0.1085,-0.1147,0.0125,0.00000,0.00000,-0.1604,-0.3189
1545,61.8000,0.2517,0.0000,0.0082,0.3656,0.0025,0.0212,-0.0144,-0.0154,-0.0122,0.0840,-0.2286,0.2239,-0.03956,-0.02491,0.0235,-0.1096,-0.1111,0.0052,0.00000,0.00000,-0.1544,-0.3072
1546,61.8400,0.2515,0.0000,0.0078,0.3642,-0.0003,0.0231,0.0004,-0.0073,-0.0005,0.0900,-0.2154,0.2238,-0.03985,-0.02544,0.0228,-0.1086,-0.1176,0.0234,0.00000,0.00000,-0.1484,-0.2954
1547,61.8800,0.2514,0.0000,0.0073,0.3634,0.0000,0.0242,-0.0013,-0.0068,-0.0085,0.0961,-0.2023,0.2239,-0.04014,-0.02508,0.0248,-0.1107,-0.1159,0.0046,0.00000,0.00000,-0.1425,-0.2836
1548,61.9200,0.2512,0.0000,0.0069,0.3624,-0.0004,0.0221,0.0011,-0.0131,-0.0153,0.1022,-0.1891,0.2239,-0.04053,-0.02485,0.0201,-0.1100,-0.1173,0.0106,0.00000,0.00000,-0.1365,-0.2719
1549,61.9600,0.2511,0.0000,0.0066,0.3603,0.0007,0.0228,-0.0049,0.0038,-0.0003,0.1082,-0.1760,0.2239,-0.04075,-0.02472,0.0213,-0.1138,-0.1142,0.0093,0.00000,0.00000,-0.1305,-0.2600
1550,62.0000,0.2509,0.0000,0.0063,0.3591,0.0006,0.0217,-0.0041,0.0007,-0.0064,0.1142,-0.1630,0.2239,-0.04054,-0.02498,0.0212,-0.1101,-0.1178,0.0106,0.00000,0.00000,-0.1245,-0.2482
1551,62.0400,0.2508,0.0000,0.0059,0.3582,0.0004,0.0245,-0.0031,-0.0015,-0.0151,0.1201,-0.1500,0.2239,-0.04060,-0.02503,0.0239,-0.1122,-0.1163,0.0133,0.00000,0.00000,-0.1186,-0.2364
1552,62.0800,0.2506,0.0000,0.0056,0.3568,-0.0007,0.0240,0.0025,0.0040,-0.0159,0.1261,-0.1371,0.2240,-0.04046,-0.02472,0.0217,-0.1109,-0.1179,0.0088,0.00000,0.00000,-0.1126,-0.2245
1553,62.1200,0.2504,0.0000,0.0054,0.3562,-0.0001,0.0247,-0.0006,-0.0094,-0.0077,0.1321,-0.1242,0.2240,-0.04066,-0.02433,0.0224,-0.1154,-0.1210,0.0107,0.00000,0.00000,-0.1066,-0.2126
1554,62.1600,0.2503,0.0000,0.0052,0.3542,0.0002,0.0214,-0.0022,0.0016,-0.0120,0.1380,-0.1113,0.2240,-0.04077,-0.02414,0.0221,-0.1097,-0.1144,0.0092,0.00000,0.00000,-0.1006,-0.2008
1555,62.2000,0.2501,0.0000,0.0050,0.3524,0.0012,0.0221,-0.0075,0.0058,-0.0069,0.1439,-0.0985,0.2240,-0.04058,-0.02435,0.0230,-0.1124,-0.1188,0.0103,0.00000,0.00000,-0.0946,-0.1889
1556,62.2400,0.2500,0.0000,0.0047,0.3513,0.0003,0.0263,-0.0025,0.0067,0.0036,0.1497,-0.0857,0.2241,-0.04026,-0.02468,0.0232,-0.1148,-0.1224,0.0135,0.00000,0.00000,-0.0886,-0.1769
1557,62.2800,0.2498,0.0000,0.0044,0.3505,-0.0013,0.0229,0.0059,-0.0021,-0.0101,0.1556,-0.0730,0.2241,-0.04019,-0.02415,0.0209,-0.1115,-0.1190,0.0078,0.00000,0.00000,-0.0826,-0.1650
1558,62.3200,0.2497,0.0000,0.0042,0.3491,0.0003,0.0231,-0.0028,-0.0020,-0.0098,0.1614,-0.0603,0.2241,-0.04035,-0.02370,0.0222,-0.1140,-0.1178,0.0106,0.00000,0.00000,-0.0766,-0.1531
1559,62.3600,0.2496,0.0000,0.0039,0.3467,0.0017,0.0249,-0.0100,0.0181,-0.0095,0.1672,-0.0477,0.2241,-0.03991,-0.02407,0.0214,-0.1164,-0.1228,0.0082,0.00000,0.00000,-0.0707,-0.1411
1560,62.4000,0.2495,0.0000,0.0035,0.3460,0.0010,0.0229,-0.0066,0.0102,-0.0093,0.1729,-0.0352,0.2242,-0.03937,-0.02465,0.0209,-0.1138,-0.1174,0.0096,0.00000,0.00000,-0.0647,-0.1292
1561,62.4400,0.2494,0.0000,0.0033,0.3445,0.0010,0.0248,-0.0062,0.0203,-0.0055,0.1786,-0.0226,0.2242,-0.03873,-0.02495,0.0223,-0.1173,-0.1213,0.0097,0.00000,0.00000,-0.0587,-0.1172
1562,62.4800,0.2493,0.0000,0.0029,0.3443,0.0002,0.0264,-0.0025,0.0084,0.0011,0.1843,-0.0101,0.2242,-0.03816,-0.02519,0.0224,-0.1170,-0.1220,0.0106,0.00000,0.00000,-0.0527,-0.1053
1563,62.5200,0.2492,0.0000,0.0025,0.3428,-0.0009,0.0241,0.0035,0.0232,0.0010,0.1901,0.0023,0.2243,-0.03752,-0.02478,0.0217,-0.1138,-0.1167,0.0111,0.00000,0.00000,-0.0467,-0.0933
1564,62.5600,0.2491,0.0000,0.0021,0.3417,0.0010,0.0242,-0.0060,0.0305,0.0041,0.1958,0.0148,0.2242,-0.03643,-0.02468,0.0220,-0.1162,-0.1201,0.0084,0.00000,0.00000,-0.0407,-0.0813
1565,62.6000,0.2490,0.0000,0.0016,0.3430,0.0012,0.0248,-0.0072,-0.0016,0.0028,0.2014,0.0272,0.2242,-0.03597,-0.02531,0.0225,-0.1156,-0.1188,0.0126,0.00000,0.00000,-0.0347,-0.0693
1566,62.6400,0.2490,0.0000,0.0011,0.3435,-0.0010,0.0247,0.0043,-0.0128,-0.0005,0.2071,0.0397,0.2242,-0.03626,-0.02513,0.0237,-0.1119,-0.1190,0.0125,0.00000,0.00000,-0.0287,-0.0573
1567,62.6800,0.2489,0.0000,0.0005,0.3421,0.0005,0.0249,-0.0038,0.0073,-0.0061,0.2129,0.0521,0.2242,-0.03638,-0.02474,0.0226,-0.1149,-0.1175,0.0066,0.00000,0.00000,-0.0227,-0.0453
1568,62.7200,0.2489,0.0000,-0.0002,0.3414,0.0021,0.0250,-0.0119,0.0127,-0.0150,0.2185,0.0645,0.2242,-0.03595,-0.02536,0.0234,-0.1146,-0.1176,0.0122,0.00000,0.00000,-0.0167,-0.0333
1569,62.7600,0.2488,0.0000,-0.0008,0.3409,0.0016,0.0265,-0.0094,0.0203,0.0105,0.2241,0.0770,0.2243,-0.03528,-0.02617,0.0235,-0.1182,-0.1190,0.0101,0.00000,0.00000,-0.0107,-0.0213
1570,62.8000,0.2488,0.0000,-0.0014,0.3407,-0.0002,0.0244,-0.0001,0.0203,0.0072,0.2297,0.0894,0.2243,-0.03440,-0.02636,0.0226,-0.1141,-0.1206,0.0093,0.00000,0.00000,-0.0047,-0.0093
1571,62.8400,0.2487,0.0000,-0.0021,0.3420,0.0009,0.0255,-0.0061,0.0006,0.0047,0.2353,0.1018,0.2242,-0.03419,-0.02650,0.0237,-0.1174,-0.1168,0.0094,0.00000,0.00000,0.0013,0.0027
1572,62.8800,0.2487,0.0000,-0.0029,0.3420,0.0011,0.0240,-0.0071,0.0050,-0.0046,0.2409,0.1142,0.2242,-0.03409,-0.02694,0.0228,-0.1138,-0.1127,0.0103,0.00000,0.00000,0.0073,0.0147
1573,62.9200,0.2486,0.0000,-0.0037,0.3420,0.0002,0.0255,-0.0024,0.0089,0.0032,0.2466,0.1267,0.2242,-0.03373,-0.02718,0.0246,-0.1135,-0.1171,0.0124,0.00000,0.00000,0.0133,0.0266
1574,62.9600,0.2485,0.0000,-0.0046,0.3431,0.0004,0.0268,-0.0032,-0.0014,-0.0003,0.2522,0.1391,0.2242,-0.03367,-0.02723,0.0250,-0.1157,-0.1169,0.0104,0.00000,0.00000,0.0193,0.0387
1575,63.0000,0.2484,0.0000,-0.0055,0.3434,0.0004,0.0247,-0.0032,-0.0044,0.0094,0.2579,0.1516,0.2242,-0.03379,-0.02733,0.0236,-0.1142,-0.1162,0.0056,0.00000,0.00000,0.0253,0.0506
1576,63.0400,0.2483,0.0000,-0.0064,0.3433,0.0004,0.0243,-0.0033,0.0009,0.0129,0.2635,0.1641,0.2242,-0.03384,-0.02750,0.0229,-0.1153,-0.1185,0.0097,0.00000,0.00000,0.0313,0.0626
1577,63.0800,0.2482,0.0000,-0.0075,0.3437,0.0002,0.0249,-0.0020,0.0020,0.0049,0.2691,0.1766,0.2241,-0.03382,-0.02760,0.0249,-0.1118,-0.1119,0.0137,0.00000,0.00000,0.0373,0.0746
1578,63.1200,0.2481,0.0000,-0.0085,0.3438,0.0015,0.0261,-0.0091,0.0079,-0.0110,0.2747,0.1891,0.2241,-0.03362,-0.02790,0.0275,-0.1130,-0.1127,0.0101,0.00000,0.00000,0.0433,0.0866
1579,63.1600,0.2479,0.0000,-0.0096,0.3449,-0.0015,0.0140,0.0065,-0.0019,-0.0406,0.2804,0.2016,0.2239,-0.03376,-0.02767,0.0143,-0.1004,-0.0883,0.0165,0.00000,0.00000,0.0493,0.0986
1580,63.2000,0.2477,0.0000,-0.0105,0.3459,0.0009,0.0179,-0.0057,-0.0089,-0.0344,0.2861,0.2142,0.2234,-0.03407,-0.02714,0.0196,-0.1057,-0.0977,0.0142,0.00000,0.00000,0.0553,0.1106
1581,63.2400,0.2475,0.0000,-0.0112,0.3459,0.0012,0.0235,-0.0075,0.0136,-0.0185,0.2918,0.2267,0.2233,-0.03387,-0.02759,0.0155,-0.1072,-0.0996,0.0095,0.00000,0.00000,0.0613,0.1225
1582,63.2800,0.2473,0.0000,-0.0119,0.3470,0.0005,0.0257,-0.0036,0.0189,-0.0375,0.2975,0.2394,0.2232,-0.03330,-0.02775,0.0203,-0.1056,-0.0943,0.0193,0.00000,0.00000,0.0673,0.1345
1583,63.3200,0.2470,0.0000,-0.0125,0.3481,0.0001,0.0251,-0.0016,0.0228,-0.0337,0.3032,0.2520,0.2232,-0.03245,-0.02755,0.0175,-0.1065,-0.0984,0.0074,0.00000,0.00000,0.0733,0.1464
1584,63.3600,0.2467,0.0000,-0.0129,0.3508,-0.0005,0.0267,0.0012,0.0014,-0.0286,0.3090,0.2647,0.2232,-0.03213,-0.02729,0.0210,-0.1062,-0.0970,0.0210,0.00000,0.00000,0.0793,0.1584
1585,63.4000,0.2463,0.0000,-0.0133,0.3527,0.0005,0.0252,-0.0041,-0.0066,-0.0353,0.3149,0.2774,0.2232,-0.03230,-0.02700,0.0221,-0.1041,-0.0963,0.0086,0.00000,0.00000,0.0853,0.1703
1586,63.4400,0.2460,0.0000,-0.0137,0.3537,0.0015,0.0268,-0.0090,0.0014,-0.0311,0.3207,0.2903,0.2232,-0.03239,-0.02732,0.0225,-0.1071,-0.1013,0.0131,0.00000,0.00000,0.0913,0.1822
1587,63.4800,0.2455,0.0000,-0.0139,0.3556,0.0005,0.0256,-0.0039,-0.0073,-0.0228,0.3266,0.3031,0.2233,-0.03259,-0.02765,0.0229,-0.1042,-0.0953,0.0155,0.00000,0.00000,0.0973,0.1941
1588,63.5200,0.2451,0.0000,-0.0142,0.3569,-0.0007,0.0243,0.0026,-0.0097,-0.0309,0.3326,0.3160,0.2232,-0.03290,-0.02724,0.0235,-0.1016,-0.0994,0.0140,0.00000,0.00000,0.1032,0.2060
1589,63.5600,0.2445,0.0000,-0.0145,0.3584,0.0002,0.0256,-0.0024,-0.0146,-0.0264,0.3385,0.3289,0.2232,-0.03350,-0.02689,0.0217,-0.1057,-0.0994,0.0103,0.00000,0.00000,0.1092,0.2179
1590,63.6000,0.2440,0.0000,-0.0147,0.3595,0.0014,0.0237,-0.0084,-0.0206,-0.0341,0.3445,0.3419,0.2232,-0.03426,-0.02707,0.0236,-0.1023,-0.0962,0.0105,0.00000,0.00000,0.1152,0.2298
1591,63.6400,0.2434,0.0000,-0.0149,0.3609,0.0015,0.0248,-0.0093,-0.0327,-0.0353,0.3505,0.3550,0.2232,-0.03540,-0.02761,0.0257,-0.1034,-0.0974,0.0156,0.00000,0.00000,0.1212,0.2416
1592,63.6800,0.2427,0.0000,-0.0151,0.3601,0.0007,0.0253,-0.0051,-0.0082,-0.0313,0.3565,0.3680,0.2232,-0.03607,-0.02779,0.0245,-0.1042,-0.1021,0.0071,0.00000,0.00000,0.1272,0.2534
1593,63.7200,0.2420,0.0000,-0.0153,0.3597,0.0005,0.0243,-0.0037,0.0035,-0.0340,0.3626,0.3810,0.2232,-0.03621,-0.02781,0.0237,-0.1037,-0.0966,0.0141,0.00000,0.00000,0.1332,0.2653
1594,63.7600,0.2413,0.0000,-0.0154,0.3599,-0.0000,0.0233,-0.0013,0.0038,-0.0281,0.3686,0.3940,0.2232,-0.03603,-0.02766,0.0211,-0.1049,-0.1015,0.0084,0.00000,0.00000,0.1391,0.2771
1595,63.8000,0.2405,0.0000,-0.0156,0.3601,0.0002,0.0257,-0.0025,0.0079,-0.0173,0.3747,0.4070,0.2232,-0.03587,-0.02754,0.0233,-0.1061,-0.0979,0.0155,0.00000,0.00000,0.1451,0.2888
1596,63.8400,0.2397,0.0000,-0.0158,0.3612,0.0002,0.0241,-0.0024,-0.0067,-0.0330,0.3808,0.4200,0.2232,-0.03581,-0.02744,0.0260,-0.1007,-0.0997,0.0106,0.00000,0.00000,0.1511,0.3006
1597,63.8800,0.2389,0.0000,-0.0160,0.3617,0.0009,0.0266,-0.0061,-0.0100,-0.0296,0.3869,0.4331,0.2233,-0.03623,-0.02750,0.0267,-0.1064,-0.1023,0.0114,0.00000,0.00000,0.1570,0.3124
1598,63.9200,0.2380,0.0000,-0.0163,0.3624,-0.0010,0.0227,0.0038,-0.0225,-0.0240,0.3931,0.4461,0.2233,-0.03690,-0.02725,0.0230,-0.1007,-0.0992,0.0118,0.00000,0.00000,0.1630,0.3241
1599,63.9600,0.2370,0.0000,-0.0166,0.3612,0.0010,0.0228,-0.0064,-0.0068,-0.0299,0.3993,0.4591,0.2233,-0.03743,-0.02686,0.0272,-0.1023,-0.1044,0.0055,0.00000,0.00000,0.1690,0.3358
1600,64.0000,0.2361,0.0000,-0.0169,0.3621,0.0014,0.0242,-0.0087,-0.0282,-0.0193,0.4054,0.4722,0.2233,-0.03821,-0.02747,0.0245,-0.1040,-0.1032,0.0112,0.00000,0.00000,0.1749,0.3475
1601,64.0400,0.2351,0.0000,-0.0172,0.3609,0.0003,0.0257,-0.0028,-0.0149,-0.0220,0.4115,0.4852,0.2233,-0.03900,-0.02756,0.0297,-0.1030,-0.1042,0.0128,0.00000,0.00000,0.1809,0.3591
1602,64.0800,0.2341,0.0000,-0.0176,0.3594,-0.0006,0.0243,0.0017,0.0026,-0.0288,0.4177,0.4982,0.2234,-0.03915,-0.02721,0.0251,-0.1030,-0.1044,0.0101,0.00000,0.00000,0.1868,0.3708
1603,64.1200,0.2330,0.0000,-0.0181,0.3587,0.0010,0.0245,-0.0064,-0.0019,-0.0220,0.4238,0.5111,0.2235,-0.03920,-0.02710,0.0279,-0.1058,-0.1050,0.0102,0.00000,0.00000,0.1928,0.3824
1604,64.1600,0.2319,0.0000,-0.0185,0.3577,0.0010,0.0239,-0.0064,0.0018,-0.0275,0.4299,0.5240,0.2235,-0.03916,-0.02739,0.0272,-0.1047,-0.1064,0.0115,0.00000,0.00000,0.1987,0.3940
1605,64.2000,0.2308,0.0000,-0.0190,0.3567,0.0003,0.0240,-0.0026,0.0062,-0.0224,0.4360,0.5369,0.2235,-0.03900,-0.02743,0.0262,-0.1058,-0.1062,0.0106,0.00000,0.00000,0.2047,0.4056
1606,64.2400,0.2297,0.0000,-0.0196,0.3572,0.0010,0.0230,-0.0063,-0.0211,-0.0265,0.4421,0.5498,0.2235,-0.03940,-0.02758,0.0274,-0.1062,-0.1073,0.0077,0.00000,0.00000,0.2106,0.4171
1607,64.2800,0.2285,0.0000,-0.0201,0.3557,-0.0006,0.0252,0.0018,-0.0077,-0.0232,0.4482,0.5626,0.2236,-0.03988,-0.02741,0.0268,-0.1065,-0.1109,0.0131,0.00000,0.00000,0.2166,0.4286
1608,64.3200,0.2274,0.0000,-0.0208,0.3548,-0.0022,0.0270,0.0102,-0.0066,-0.0411,0.4544,0.5753,0.2237,-0.04005,-0.02642,0.0243,-0.1090,-0.1198,0.0108,0.00000,0.00000,0.2225,0.4401
1609,64.3600,0.2262,0.0000,-0.0214,0.3548,-0.0010,0.0255,0.0039,-0.0272,-0.0370,0.4606,0.5880,0.2239,-0.04094,-0.02538,0.0257,-0.1102,-0.1109,0.0096,0.00000,0.00000,0.2284,0.4516
1610,64.4000,0.2249,0.0000,-0.0219,0.3534,-0.0001,0.0197,-0.0008,-0.0375,-0.0486,0.4667,0.6007,0.2238,-0.04221,-0.02477,0.0269,-0.1028,-0.1117,0.0105,0.00000,0.00000,0.2344,0.4630
1611,64.4400,0.2237,0.0000,-0.0224,0.3501,0.0012,0.0251,-0.0072,-0.0069,-0.0404,0.4728,0.6133,0.2238,-0.04295,-0.02469,0.0279,-0.1102,-0.1201,0.0132,0.00000,0.00000,0.2403,0.4744
1612,64.4800,0.2224,0.0000,-0.0229,0.3489,0.0001,0.0241,-0.0016,-0.0172,-0.0432,0.4788,0.6258,0.2240,-0.04345,-0.02475,0.0256,-0.1089,-0.1153,0.0122,0.00000,0.00000,0.2462,0.4858
1613,64.5200,0.2212,0.0000,-0.0233,0.3460,-0.0008,0.0225,0.0031,-0.0024,-0.0375,0.4849,0.6382,0.2240,-0.04377,-0.02407,0.0269,-0.1079,-0.1171,0.0118,0.00000,0.00000,0.2521,0.4971
1614,64.5600,0.2199,0.0000,-0.0237,0.3440,0.0002,0.0238,-0.0019,-0.0049,-0.0443,0.4909,0.6506,0.2240,-0.04391,-0.02363,0.0260,-0.1109,-0.1202,0.0136,0.00000,0.00000,0.2580,0.5084
1615,64.6000,0.2186,0.0000,-0.0241,0.3420,0.0010,0.0221,-0.0066,-0.0108,-0.0334,0.4969,0.6628,0.2241,-0.04425,-0.02361,0.0249,-0.1111,-0.1183,0.0053,0.00000,0.00000,0.2640,0.5197
1616,64.6400,0.2172,0.0000,-0.0245,0.3398,-0.0000,0.0185,-0.0010,-0.0176,-0.0462,0.5028,0.6750,0.2240,-0.04479,-0.02348,0.0260,-0.1037,-0.1155,0.0140,0.00000,0.00000,0.2699,0.5309
1617,64.6800,0.2159,0.0000,-0.0249,0.3369,-0.0004,0.0242,0.0006,-0.0033,-0.0504,0.5088,0.6871,0.2239,-0.04512,-0.02293,0.0264,-0.1089,-0.1219,0.0143,0.00000,0.00000,0.2758,0.5421
1618,64.7200,0.2146,0.0000,-0.0253,0.3346,0.0007,0.0237,-0.0053,-0.0075,-0.0409,0.5147,0.6991,0.2240,-0.04536,-0.02269,0.0231,-0.1125,-0.1203,0.0032,0.00000,0.00000,0.2817,0.5533
1619,64.7600,0.2133,0.0000,-0.0257,0.3308,0.0009,0.0220,-0.0062,0.0082,-0.0369,0.5206,0.7110,0.2241,-0.04522,-0.02269,0.0243,-0.1108,-0.1233,0.0094,0.00000,0.00000,0.2875,0.5644
1620,64.8000,0.2120,0.0000,-0.0261,0.3291,0.0006,0.0203,-0.0046,-0.0096,-0.0506,0.5264,0.7228,0.2240,-0.04530,-0.02275,0.0245,-0.1072,-0.1176,0.0119,0.00000,0.00000,0.2934,0.5755
1621,64.8400,0.2107,0.0000,-0.0264,0.3257,0.0019,0.0246,-0.0112,0.0081,-0.0657,0.5322,0.7344,0.2240,-0.04527,-0.02285,0.0252,-0.1135,-0.1228,0.0080,0.00000,0.00000,0.2993,0.5866
1622,64.8800,0.2094,0.0000,-0.0268,0.3236,0.0006,0.0255,-0.0034,0.0004,-0.0531,0.5379,0.7460,0.2241,-0.04504,-0.02316,0.0231,-0.1142,-0.1245,0.0089,0.00000,0.00000,0.3052,0.5976
1623,64.9200,0.2080,0.0000,-0.0270,0.3207,0.0000,0.0227,-0.0007,0.0036,-0.0479,0.5437,0.7575,0.2242,-0.04501,-0.02292,0.0243,-0.1135,-0.1206,0.0089,0.00000,0.00000,0.3111,0.6086
1624,64.9600,0.2068,0.0000,-0.0273,0.3173,0.0011,0.0228,-0.0064,0.0160,-0.0434,0.5494,0.7688,0.2242,-0.04454,-0.02294,0.0222,-0.1147,-0.1238,0.0090,0.00000,0.00000,0.3169,0.6196
1625,65.0000,0.2055,0.0000,-0.0275,0.3156,0.0012,0.0221,-0.0069,0.0002,-0.0521,0.5551,0.7801,0.2241,-0.04423,-0.02329,0.0231,-0.1123,-0.1222,0.0081,0.00000,0.00000,0.3228,0.6305
1626,65.0400,0.2042,0.0000,-0.0278,0.3128,-0.0010,0.0249,0.0046,0.0133,-0.0475,0.5608,0.7912,0.2242,-0.04389,-0.02306,0.0237,-0.1127,-0.1231,0.0150,0.00000,0.00000,0.3287,0.6413
1627,65.0800,0.2029,0.0000,-0.0281,0.3109,-0.0002,0.0251,0.0007,0.0046,-0.0430,0.5665,0.8023,0.2242,-0.04357,-0.02253,0.0239,-0.1139,-0.1222,0.0070,0.00000,0.00000,0.3345,0.6522
1628,65.1200,0.2017,0.0000,-0.0285,0.3088,0.0004,0.0237,-0.0026,-0.0026,-0.0392,0.5721,0.8133,0.2242,-0.04352,-0.02241,0.0242,-0.1133,-0.1242,0.0094,0.00000,0.00000,0.3404,0.6629
1629,65.1600,0.2004,0.0000,-0.0289,0.3052,0.0015,0.0264,-0.0084,0.0245,-0.0424,0.5777,0.8242,0.2243,-0.04298,-0.02264,0.0252,-0.1166,-0.1263,0.0102,0.00000,0.00000,0.3462,0.6737
1630,65.2000,0.1992,0.0000,-0.0293,0.3036,0.0014,0.0236,-0.0079,0.0136,-0.0494,0.5832,0.8350,0.2243,-0.04227,-0.02316,0.0237,-0.1137,-0.1197,0.0087,0.00000,0.00000,0.3520,0.6844
1631,65.2400,0.1980,0.0000,-0.0298,0.3015,0.0003,0.0243,-0.0021,0.0166,-0.0466,0.5887,0.8457,0.2243,-0.04162,-0.02326,0.0220,-0.1168,-0.1266,0.0095,0.00000,0.00000,0.3579,0.6951
1632,65.2800,0.1968,0.0000,-0.0303,0.3011,0.0003,0.0256,-0.0018,-0.0103,-0.0374,0.5942,0.8563,0.2243,-0.04164,-0.02325,0.0239,-0.1164,-0.1225,0.0097,0.00000,0.00000,0.3637,0.7057
1633,65.3200,0.1956,0.0000,-0.0309,0.2990,-0.0003,0.0248,0.0010,-0.0064,-0.0460,0.5997,0.8669,0.2243,-0.04191,-0.02297,0.0271,-0.1109,-0.1209,0.0123,0.00000,0.00000,0.3695,0.7162
1634,65.3600,0.1944,0.0000,-0.0315,0.2964,0.0000,0.0247,-0.0004,0.0063,-0.0448,0.6052,0.8774,0.2243,-0.04184,-0.02267,0.0246,-0.1131,-0.1233,0.0097,0.00000,0.00000,0.3753,0.7268
1635,65.4000,0.1932,0.0000,-0.0322,0.2940,0.0006,0.0270,-0.0034,0.0182,-0.0437,0.6107,0.8878,0.2244,-0.04132,-0.02261,0.0248,-0.1157,-0.1237,0.0139,0.00000,0.00000,0.3811,0.7372
1636,65.4400,0.1920,0.0000,-0.0329,0.2917,0.0009,0.0245,-0.0050,0.0312,-0.0422,0.6161,0.8982,0.2244,-0.04031,-0.02273,0.0237,-0.1141,-0.1185,0.0097,0.00000,0.00000,0.3869,0.7477
1637,65.4800,0.1909,0.0000,-0.0336,0.2910,0.0007,0.0250,-0.0040,0.0170,-0.0559,0.6216,0.9084,0.2243,-0.03936,-0.02291,0.0260,-0.1128,-0.1221,0.0164,0.00000,0.00000,0.3927,0.7580
1638,65.5200,0.1897,0.0000,-0.0344,0.2903,0.0013,0.0266,-0.0070,0.0087,-0.0391,0.6270,0.9187,0.2244,-0.03892,-0.02311,0.0241,-0.1175,-0.1228,0.0042,0.00000,0.00000,0.3985,0.7684
1639,65.5600,0.1885,0.0000,-0.0352,0.2885,0.0005,0.0272,-0.0029,0.0209,-0.0351,0.6323,0.9289,0.2244,-0.03830,-0.02330,0.0269,-0.1148,-0.1211,0.0165,0.00000,0.00000,0.4043,0.7786
1640,65.6000,0.1874,0.0000,-0.0361,0.2881,-0.0000,0.0251,-0.0001,0.0094,-0.0420,0.6378,0.9390,0.2244,-0.03769,-0.02322,0.0248,-0.1128,-0.1217,0.0090,0.00000,0.00000,0.4101,0.7889
1641,65.6400,0.1862,0.0000,-0.0371,0.2876,0.0001,0.0292,-0.0010,0.0058,-0.0361,0.6432,0.9492,0.2244,-0.03743,-0.02307,0.0267,-0.1177,-0.1255,0.0149,0.00000,0.00000,0.4158,0.7991
1642,65.6800,0.1851,0.0000,-0.0382,0.2874,-0.0006,0.0249,0.0026,-0.0084,-0.0269,0.6486,0.9592,0.2245,-0.03752,-0.02285,0.0237,-0.1126,-0.1203,0.0064,0.00000,0.00000,0.4216,0.8092
1643,65.7200,0.1839,0.0000,-0.0393,0.2861,0.0011,0.0267,-0.0058,-0.0009,-0.0516,0.6540,0.9693,0.2244,-0.03777,-0.02274,0.0301,-0.1132,-0.1198,0.0194,0.00000,0.00000,0.4273,0.8193
1644,65.7600,0.1827,0.0000,-0.0406,0.2836,0.0011,0.0279,-0.0060,0.0330,-0.0327,0.6594,0.9793,0.2245,-0.03693,-0.02304,0.0253,-0.1150,-0.1214,0.0077,0.00000,0.00000,0.4331,0.8293
1645,65.8000,0.1815,0.0000,-0.0418,0.2848,-0.0002,0.0235,0.0006,-0.0072,-0.0293,0.6648,0.9893,0.2244,-0.03656,-0.02318,0.0270,-0.1103,-0.1181,0.0153,0.00000,0.00000,0.4388,0.8393
1646,65.8400,0.1803,0.0000,-0.0432,0.2846,0.0010,0.0240,-0.0054,-0.0165,-0.0559,0.6702,0.9993,0.2243,-0.03709,-0.02308,0.0282,-0.1102,-0.1201,0.0077,0.00000,0.00000,0.4446,0.8492
1647,65.8800,0.1791,0.0000,-0.0446,0.2834,0.0004,0.0313,-0.0026,-0.0027,-0.0369,0.6755,1.0092,0.2243,-0.03740,-0.02331,0.0282,-0.1157,-0.1235,0.0166,0.00000,0.00000,0.4503,0.8591
1648,65.9200,0.1779,0.0000,-0.0461,0.2826,-0.0002,0.0257,0.0006,-0.0077,-0.0420,0.6809,1.0191,0.2244,-0.03759,-0.02309,0.0271,-0.1115,-0.1214,0.0034,0.00000,0.00000,0.4560,0.8689
1649,65.9600,0.1766,0.0000,-0.0476,0.2812,0.0016,0.0246,-0.0089,-0.0032,-0.0428,0.6863,1.0290,0.2243,-0.03792,-0.02324,0.0290,-0.1125,-0.1169,0.0137,0.00000,0.00000,0.4617,0.8786
1650,66.0000,0.1754,0.0000,-0.0491,0.2798,0.0003,0.0265,-0.0017,0.0047,-0.0512,0.6916,1.0388,0.2243,-0.03773,-0.02351,0.0282,-0.1096,-0.1213,0.0159,0.00000,0.00000,0.4674,0.8883
1651,66.0400,0.1741,0.0000,-0.0507,0.2790,-0.0011,0.0175,0.0052,0.0089,-0.0693,0.6971,1.0485,0.2241,-0.03779,-0.02290,0.0186,-0.1037,-0.0941,0.0136,0.00000,0.00000,0.4731,0.8980
1652,66.0800,0.1728,0.0000,-0.0522,0.2786,0.0008,0.0175,-0.0047,0.0013,-0.0861,0.7025,1.0582,0.2237,-0.03762,-0.02253,0.0217,-0.1008,-0.0983,0.0203,0.00000,0.00000,0.4788,0.9075
1653,66.1200,0.1715,0.0000,-0.0535,0.2777,0.0030,0.0245,-0.0161,0.0225,-0.0814,0.7078,1.0679,0.2235,-0.03718,-0.02307,0.0206,-0.1070,-0.0982,0.0125,0.00000,0.00000,0.4845,0.9171
1654,66.1600,0.1701,0.0000,-0.0548,0.2787,0.0010,0.0267,-0.0059,0.0049,-0.0758,0.7131,1.0776,0.2234,-0.03658,-0.02373,0.0210,-0.1062,-0.1055,0.0137,0.00000,0.00000,0.4902,0.9265
1655,66.2000,0.1687,0.0000,-0.0560,0.2794,-0.0014,0.0273,0.0068,0.0004,-0.0660,0.7186,1.0873,0.2234,-0.03661,-0.02320,0.0224,-0.1055,-0.1007,0.0159,0.00000,0.00000,0.4958,0.9359
1656,66.2400,0.1673,0.0000,-0.0571,0.2803,-0.0001,0.0264,-0.0000,-0.0159,-0.0908,0.7242,1.0969,0.2234,-0.03701,-0.02254,0.0249,-0.1024,-0.1010,0.0153,0.00000,0.00000,0.5015,0.9453
1657,66.2800,0.1659,0.0000,-0.0582,0.2793,-0.0001,0.0279,0.0000,0.0046,-0.0722,0.7297,1.1066,0.2234,-0.03717,-0.02218,0.0230,-0.1044,-0.1045,0.0140,0.00000,0.00000,0.5072,0.9546
1658,66.3200,0.1644,0.0000,-0.0593,0.2799,0.0014,0.0253,-0.0077,-0.0083,-0.0847,0.7353,1.1162,0.2234,-0.03737,-0.02218,0.0261,-0.1016,-0.0983,0.0156,0.00000,0.00000,0.5128,0.9638
1659,66.3600,0.1629,0.0000,-0.0603,0.2793,0.0014,0.0272,-0.0082,0.0007,-0.0675,0.7408,1.1259,0.2234,-0.03748,-0.02251,0.0252,-0.1053,-0.1040,0.0148,0.00000,0.00000,0.5184,0.9730
1660,66.4000,0.1613,0.0000,-0.0613,0.2800,0.0013,0.0244,-0.0075,-0.0159,-0.0723,0.7463,1.1355,0.2234,-0.03790,-0.02287,0.0247,-0.1025,-0.0992,0.0111,0.00000,0.00000,0.5241,0.9821
1661,66.4400,0.1597,0.0000,-0.0624,0.2798,-0.0005,0.0254,0.0021,-0.0166,-0.0744,0.7520,1.1451,0.2233,-0.03851,-0.02273,0.0228,-0.1031,-0.1054,0.0148,0.00000,0.00000,0.5297,0.9911
1662,66.4800,0.1581,0.0000,-0.0636,0.2796,-0.0007,0.0286,0.0029,-0.0157,-0.0815,0.7577,1.1546,0.2233,-0.03918,-0.02216,0.0253,-0.1033,-0.1043,0.0146,0.00000,0.00000,0.5353,1.0001
1663,66.5200,0.1565,0.0000,-0.0647,0.2782,0.0010,0.0271,-0.0061,-0.0038,-0.0776,0.7633,1.1642,0.2234,-0.03961,-0.02195,0.0273,-0.1030,-0.0991,0.0107,0.00000,0.00000,0.5409,1.0090
1664,66.5600,0.1548,0.0000,-0.0658,0.2771,0.0013,0.0252,-0.0075,-0.0004,-0.0852,0.7689,1.1737,0.2234,-0.03965,-0.02222,0.0267,-0.1018,-0.1024,0.0172,0.00000,0.00000,0.5465,1.0178
1665,66.6000,0.1530,0.0000,-0.0670,0.2770,0.0010,0.0271,-0.0059,-0.0080,-0.0818,0.7746,1.1831,0.2234,-0.03986,-0.02241,0.0279,-0.1035,-0.1026,0.0145,0.00000,0.00000,0.5521,1.0266
1666,66.6400,0.1513,0.0000,-0.0682,0.2765,0.0005,0.0265,-0.0035,-0.0134,-0.0855,0.7802,1.1926,0.2234,-0.04033,-0.02235,0.0276,-0.1029,-0.1022,0.0130,0.00000,0.00000,0.5576,1.0353
1667,66.6800,0.1495,0.0000,-0.0694,0.2754,0.0006,0.0241,-0.0039,-0.0119,-0.0859,0.7859,1.2019,0.2234,-0.04089,-0.02223,0.0253,-0.1021,-0.1004,0.0107,0.00000,0.00000,0.5632,1.0440
1668,66.7200,0.1477,0.0000,-0.0706,0.2742,0.0026,0.0267,-0.0146,-0.0103,-0.0974,0.7916,1.2113,0.2234,-0.04138,-0.02259,0.0304,-0.1041,-0.1018,0.0146,0.00000,0.00000,0.5688,1.0526
1669,66.7600,0.1458,0.0000,-0.0718,0.2736,0.0007,0.0251,-0.0047,-0.0206,-0.0951,0.7972,1.2205,0.2234,-0.04198,-0.02295,0.0285,-0.0997,-0.1002,0.0121,0.00000,0.00000,0.5743,1.0611
1670,66.8000,0.1439,0.0000,-0.0729,0.2712,-0.0004,0.0264,0.0015,0.0006,-0.0963,0.8030,1.2297,0.2234,-0.04233,-0.02247,0.0290,-0.1022,-0.1033,0.0154,0.00000,0.00000,0.5798,1.0695
1671,66.8400,0.1420,0.0000,-0.0741,0.2700,0.0004,0.0271,-0.0030,-0.0027,-0.1039,0.8087,1.2388,0.2234,-0.04242,-0.02213,0.0278,-0.1030,-0.1019,0.0140,0.00000,0.00000,0.5854,1.0779
1672,66.8800,0.1401,0.0000,-0.0753,0.2686,-0.0006,0.0259,0.0022,-0.0053,-0.0858,0.8144,1.2478,0.2235,-0.04255,-0.02174,0.0281,-0.1015,-0.1038,0.0137,0.00000,0.00000,0.5909,1.0862
1673,66.9200,0.1381,0.0000,-0.0765,0.2669,-0.0004,0.0262,0.0012,-0.0030,-0.0867,0.8202,1.2568,0.2235,-0.04273,-0.02120,0.0287,-0.1019,-0.1041,0.0171,0.00000,0.00000,0.5964,1.0945
1674,66.9600,0.1361,0.0000,-0.0778,0.2654,0.0015,0.0256,-0.0089,-0.0052,-0.0931,0.8259,1.2657,0.2235,-0.04297,-0.02115,0.0282,-0.1026,-0.1005,0.0129,0.00000,0.00000,0.6019,1.1026
1675,67.0000,0.1341,0.0000,-0.0791,0.2637,0.0013,0.0257,-0.0074,-0.0066,-0.0961,0.8315,1.2745,0.2235,-0.04311,-0.02137,0.0283,-0.1021,-0.1077,0.0127,0.00000,0.00000,0.6074,1.1107
1676,67.0400,0.1321,0.0000,-0.0805,0.2627,0.0014,0.0249,-0.0083,-0.0173,-0.1042,0.8372,1.2833,0.2234,-0.04376,-0.02149,0.0300,-0.1009,-0.0984,0.0139,0.00000,0.00000,0.6129,1.1188
1677,67.0800,0.1300,0.0000,-0.0820,0.2601,-0.0006,0.0267,0.0024,-0.0044,-0.0934,0.8429,1.2920,0.2234,-0.04399,-0.02124,0.0276,-0.1019,-0.1110,0.0129,0.00000,0.00000,0.6184,1.1267
1678,67.1200,0.1280,0.0000,-0.0835,0.2586,0.0005,0.0270,-0.0034,-0.0109,-0.0971,0.8486,1.3005,0.2235,-0.04443,-0.02084,0.0288,-0.1039,-0.1054,0.0100,0.00000,0.00000,0.6238,1.1346
1679,67.1600,0.1259,0.0000,-0.0850,0.2571,0.0018,0.0257,-0.0104,-0.0267,-0.1048,0.8542,1.3091,0.2235,-0.04525,-0.02099,0.0311,-0.1015,-0.1041,0.0129,0.00000,0.00000,0.6293,1.1424
1680,67.2000,0.1238,0.0000,-0.0866,0.2535,0.0004,0.0245,-0.0027,-0.0059,-0.0950,0.8598,1.3175,0.2235,-0.04574,-0.02098,0.0270,-0.1018,-0.1097,0.0088,0.00000,0.00000,0.6347,1.1502
1681,67.2400,0.1217,0.0000,-0.0883,0.2511,0.0019,0.0272,-0.0105,-0.0043,-0.1093,0.8654,1.3258,0.2235,-0.04604,-0.02103,0.0317,-0.1037,-0.1057,0.0151,0.00000,0.00000,0.6401,1.1578
1682,67.2800,0.1196,0.0000,-0.0900,0.2482,-0.0006,0.0284,0.0024,0.0047,-0.0980,0.8710,1.3340,0.2236,-0.04588,-0.02086,0.0304,-0.1014,-0.1089,0.0162,0.00000,0.00000,0.6456,1.1654
1683,67.3200,0.1175,0.0000,-0.0918,0.2464,0.0000,0.0260,-0.0010,-0.0114,-0.0906,0.8766,1.3421,0.2236,-0.04619,-0.02037,0.0311,-0.1035,-0.1052,0.0116,0.00000,0.00000,0.6510,1.1729
1684,67.3600,0.1153,0.0000,-0.0937,0.2434,0.0011,0.0253,-0.0062,-0.0076,-0.1057,0.8821,1.3501,0.2236,-0.04650,-0.02021,0.0307,-0.1014,-0.1090,0.0142,0.00000,0.00000,0.6564,1.1804
1685,67.4000,0.1132,0.0000,-0.0957,0.2416,-0.0000,0.0263,-0.0004,-0.0201,-0.1433,0.8876,1.3580,0.2236,-0.04703,-0.01997,0.0277,-0.1017,-0.1143,0.0141,0.00000,0.00000,0.6618,1.1878
1686,67.4400,0.1111,0.0000,-0.0977,0.2405,-0.0016,0.0295,0.0075,-0.0497,-0.1362,0.8931,1.3657,0.2237,-0.04854,-0.01915,0.0290,-0.1046,-0.1158,0.0133,0.00000,0.00000,0.6671,1.1950
1687,67.4800,0.1089,0.0000,-0.0996,0.2352,-0.0012,0.0280,0.0056,-0.0148,-0.1418,0.8987,1.3733,0.2238,-0.04972,-0.01791,0.0293,-0.1031,-0.1159,0.0112,0.00000,0.00000,0.6725,1.2023
1688,67.5200,0.1068,0.0000,-0.1014,0.2308,0.0008,0.0246,-0.0052,-0.0059,-0.1369,0.9041,1.3808,0.2239,-0.05012,-0.01737,0.0270,-0.1029,-0.1147,0.0124,0.00000,0.00000,0.6779,1.2094
1689,67.5600,0.1047,0.0000,-0.1032,0.2264,0.0019,0.0261,-0.0107,0.0044,-0.1293,0.9094,1.3881,0.2238,-0.05007,-0.01737,0.0290,-0.1045,-0.1172,0.0157,0.00000,0.00000,0.6832,1.2165
1690,67.6000,0.1026,0.0000,-0.1050,0.2232,-0.0000,0.0252,-0.0005,-0.0015,-0.1438,0.9146,1.3953,0.2238,-0.04996,-0.01717,0.0251,-0.1019,-0.1181,0.0132,0.00000,0.00000,0.6885,1.2234
1691,67.6400,0.1004,0.0000,-0.1069,0.2204,0.0002,0.0267,-0.0014,-0.0166,-0.1411,0.9199,1.4023,0.2238,-0.05050,-0.01659,0.0257,-0.1055,-0.1153,0.0128,0.00000,0.00000,0.6939,1.2303
1692,67.6800,0.0984,0.0000,-0.1087,0.2163,0.0010,0.0255,-0.0060,-0.0135,-0.1479,0.9251,1.4092,0.2238,-0.05105,-0.01619,0.0254,-0.1028,-0.1155,0.0112,0.00000,0.00000,0.6992,1.2372
1693,67.7200,0.0963,0.0000,-0.1105,0.2108,0.0016,0.0275,-0.0089,0.0166,-0.1469,0.9301,1.4160,0.2238,-0.05089,-0.01606,0.0262,-0.1047,-0.1169,0.0153,0.00000,0.00000,0.7045,1.2439
1694,67.7600,0.0942,0.0000,-0.1124,0.2077,0.0014,0.0279,-0.0081,0.0062,-0.1608,0.9351,1.4226,0.2239,-0.05048,-0.01607,0.0266,-0.1042,-0.1160,0.0159,0.00000,0.00000,0.7098,1.2506
1695,67.8000,0.0922,0.0000,-0.1142,0.2034,-0.0004,0.0290,0.0013,0.0191,-0.1477,0.9402,1.4290,0.2239,-0.04988,-0.01557,0.0254,-0.1058,-0.1211,0.0135,0.00000,0.00000,0.7151,1.2572
1696,67.8400,0.0902,0.0000,-0.1161,0.2004,0.0016,0.0260,-0.0088,0.0037,-0.1489,0.9451,1.4353,0.2239,-0.04958,-0.01527,0.0241,-0.1061,-0.1154,0.0083,0.00000,0.00000,0.7203,1.2637
1697,67.8800,0.0882,0.0000,-0.1181,0.1980,0.0014,0.0281,-0.0080,-0.0182,-0.1542,0.9499,1.4415,0.2239,-0.04996,-0.01532,0.0292,-0.1036,-0.1149,0.0252,0.00000,0.00000,0.7256,1.2701
1698,67.9200,0.0862,0.0000,-0.1201,0.1941,0.0005,0.0275,-0.0029,-0.0121,-0.1556,0.9548,1.4476,0.2239,-0.05047,-0.01499,0.0247,-0.1041,-0.1201,0.0068,0.00000,0.00000,0.7308,1.2764
1699,67.9600,0.0843,0.0000,-0.1222,0.1892,0.0011,0.0294,-0.0063,0.0093,-0.1591,0.9596,1.4535,0.2240,-0.05050,-0.01468,0.0251,-0.1079,-0.1219,0.0151,0.00000,0.00000,0.7361,1.2827
1700,68.0000,0.0824,0.0000,-0.1244,0.1849,0.0012,0.0291,-0.0068,0.0207,-0.1546,0.9642,1.4592,0.2240,-0.04985,-0.01450,0.0236,-0.1072,-0.1188,0.0135,0.00000,0.00000,0.7413,1.2889
1701,68.0400,0.0805,0.0000,-0.1267,0.1817,0.0013,0.0259,-0.0070,0.0121,-0.1749,0.9689,1.4648,0.2240,-0.04924,-0.01427,0.0266,-0.1011,-0.1130,0.0176,0.00000,0.00000,0.7465,1.2950
1702,68.0800,0.0787,0.0000,-0.1290,0.1781,-0.0007,0.0293,0.0034,0.0185,-0.1627,0.9735,1.4702,0.2240,-0.04853,-0.01375,0.0220,-0.1053,-0.1233,0.0177,0.00000,0.00000,0.7517,1.3010
1703,68.1200,0.0768,0.0000,-0.1315,0.1758,0.0018,0.0304,-0.0098,0.0031,-0.1707,0.9780,1.4755,0.2240,-0.04830,-0.01333,0.0271,-0.1064,-0.1154,0.0124,0.00000,0.00000,0.7569,1.3069
1704,68.1600,0.0751,0.0000,-0.1340,0.1730,0.0013,0.0275,-0.0071,-0.0117,-0.1660,0.9825,1.4807,0.2240,-0.04844,-0.01329,0.0235,-0.1036,-0.1211,0.0123,0.00000,0.00000,0.7621,1.3128
1705,68.2000,0.0733,0.0000,-0.1366,0.1685,0.0024,0.0305,-0.0130,0.0147,-0.1740,0.9869,1.4858,0.2240,-0.04841,-0.01323,0.0271,-0.1072,-0.1189,0.0167,0.00000,0.00000,0.7672,1.3185
1706,68.2400,0.0716,0.0000,-0.1393,0.1653,-0.0003,0.0301,0.0016,0.0140,-0.1694,0.9912,1.4908,0.2241,-0.04769,-0.01304,0.0215,-0.1044,-0.1230,0.0159,0.00000,0.00000,0.7724,1.3242
1707,68.2800,0.0699,0.0000,-0.1422,0.1631,0.0021,0.0307,-0.0109,-0.0017,-0.1870,0.9956,1.4956,0.2241,-0.04769,-0.01268,0.0281,-0.1078,-0.1186,0.0124,0.00000,0.00000,0.7775,1.3298
1708,68.3200,0.0683,0.0000,-0.1451,0.1596,0.0005,0.0313,-0.0024,0.0021,-0.1715,0.9998,1.5003,0.2242,-0.04753,-0.01255,0.0214,-0.1077,-0.1280,0.0144,0.00000,0.00000,0.7826,1.3353
1709,68.3600,0.0667,0.0000,-0.1482,0.1570,0.0011,0.0266,-0.0059,-0.0095,-0.1820,1.0040,1.5049,0.2241,-0.04789,-0.01213,0.0245,-0.1034,-0.1149,0.0114,0.00000,0.00000,0.7878,1.3408
1710,68.4000,0.0651,0.0000,-0.1514,0.1528,0.0030,0.0302,-0.0156,0.0056,-0.1858,1.0082,1.5094,0.2240,-0.04789,-0.01219,0.0277,-0.1044,-0.1200,0.0190,0.00000,0.00000,0.7929,1.3461
1711,68.4400,0.0635,0.0000,-0.1548,0.1493,0.0019,0.0296,-0.0100,0.0148,-0.1869,1.0122,1.5138,0.2241,-0.04742,-0.01236,0.0234,-0.1038,-0.1192,0.0113,0.00000,0.00000,0.7979,1.3513
1712,68.4800,0.0620,0.0000,-0.1583,0.1467,0.0008,0.0323,-0.0040,0.0098,-0.1990,1.0162,1.5180,0.2241,-0.04699,-0.01213,0.0271,-0.1056,-0.1204,0.0222,0.00000,0.00000,0.8030,1.3565
1713,68.5200,0.0605,0.0000,-0.1619,0.1440,0.0012,0.0327,-0.0065,0.0072,-0.1985,1.0202,1.5221,0.2242,-0.04668,-0.01180,0.0270,-0.1056,-0.1193,0.0121,0.00000,0.00000,0.8081,1.3616
1714,68.5600,0.0591,0.0000,-0.1656,0.1409,0.0013,0.0297,-0.0070,0.0065,-0.1982,1.0241,1.5262,0.2242,-0.04646,-0.01159,0.0244,-0.1056,-0.1196,0.0152,0.00000,0.00000,0.8131,1.3666
1715,68.6000,0.0576,0.0000,-0.1695,0.1376,0.0025,0.0306,-0.0130,0.0129,-0.1973,1.0280,1.5301,0.2242,-0.04609,-0.01157,0.0275,-0.1053,-0.1184,0.0177,0.00000,0.00000,0.8182,1.3715
1716,68.6400,0.0562,0.0000,-0.1735,0.1350,0.0015,0.0318,-0.0079,0.0123,-0.1982,1.0317,1.5339,0.2242,-0.04554,-0.01163,0.0264,-0.1047,-0.1209,0.0182,0.00000,0.00000,0.8232,1.3763
1717,68.6800,0.0549,0.0000,-0.1777,0.1324,0.0002,0.0311,-0.0008,0.0147,-0.2075,1.0355,1.5376,0.2242,-0.04506,-0.01120,0.0253,-0.1034,-0.1185,0.0171,0.00000,0.00000,0.8282,1.3810
1718,68.7200,0.0536,0.0000,-0.1821,0.1295,0.0017,0.0325,-0.0087,0.0231,-0.2144,1.0393,1.5411,0.2242,-0.04434,-0.01086,0.0241,-0.1082,-0.1226,0.0134,0.00000,0.00000,0.8332,1.3857
1719,68.7600,0.0523,0.0000,-0.1867,0.1288,0.0020,0.0319,-0.0136,-0.0035,-0.2096,1.0429,1.5447,0.2242,-0.04397,-0.01082,0.0258,-0.1053,-0.1199,0.0175,0.00000,0.00000,0.8382,1.3902
1720,68.8000,0.0510,0.0000,-0.1914,0.1294,0.0050,0.0280,-0.0312,-0.0173,-0.2409,1.0466,1.5482,0.2242,-0.04452,-0.01125,0.0269,-0.1045,-0.1207,0.0157,0.00000,0.00000,0.8431,1.3947
1721,68.8400,0.0498,0.0000,-0.1963,0.1283,0.0059,0.0297,-0.0360,0.0082,-0.2404,1.0501,1.5518,0.2241,-0.04462,-0.01229,0.0272,-0.1060,-0.1241,0.0206,0.00000,0.00000,0.8481,1.3990
1722,68.8800,0.0485,0.0000,-0.2012,0.1301,0.0028,0.0289,-0.0198,-0.0178,-0.2420,1.0538,1.5553,0.2240,-0.04489,-0.01301,0.0272,-0.1024,-0.1235,0.0249,0.00000,0.00000,0.8530,1.4033
1723,68.9200,0.0473,0.0000,-0.2063,0.1295,0.0026,0.0276,-0.0186,-0.0035,-0.2516,1.0576,1.5587,0.2238,-0.04536,-0.01308,0.0272,-0.1016,-0.1236,0.0144,0.00000,0.00000,0.8580,1.4075
1724,68.9600,0.0461,0.0000,-0.2114,0.1296,0.0049,0.0295,-0.0309,-0.0074,-0.2502,1.0613,1.5621,0.2237,-0.04573,-0.01361,0.0270,-0.1051,-0.1230,0.0219,0.00000,0.00000,0.8629,1.4116
1725,69.0000,0.0450,0.0000,-0.2167,0.1300,0.0045,0.0304,-0.0290,-0.0154,-0.2660,1.0651,1.5655,0.2237,-0.04622,-0.01437,0.0310,-0.1021,-0.1246,0.0251,0.00000,0.00000,0.8678,1.4156
1726,69.0400,0.0438,0.0000,-0.2221,0.1297,0.0022,0.0283,-0.0167,-0.0158,-0.2494,1.0689,1.5688,0.2236,-0.04689,-0.01462,0.0252,-0.1028,-0.1268,0.0176,0.00000,0.00000,0.8727,1.4196
1727,69.0800,0.0426,0.0000,-0.2277,0.1281,0.0037,0.0299,-0.0246,0.0049,-0.2614,1.0728,1.5721,0.2235,-0.04720,-0.01477,0.0299,-0.1038,-0.1246,0.0268,0.00000,0.00000,0.8775,1.4234
1728,69.1200,0.0414,0.0000,-0.2335,0.1280,0.0049,0.0295,-0.0311,-0.0041,-0.2728,1.0766,1.5753,0.2234,-0.04723,-0.01539,0.0279,-0.1030,-0.1261,0.0204,0.00000,0.00000,0.8824,1.4271
1729,69.1600,0.0403,0.0000,-0.2395,0.1269,0.0055,0.0291,-0.0345,0.0078,-0.2937,1.0805,1.5786,0.2234,-0.04732,-0.01613,0.0290,-0.1048,-0.1222,0.0252,0.00000,0.00000,0.8872,1.4308
1730,69.2000,0.0391,0.0000,-0.2456,0.1265,0.0033,0.0280,-0.0228,0.0008,-0.2710,1.0843,1.5817,0.2233,-0.04714,-0.01668,0.0268,-0.1024,-0.1271,0.0220,0.00000,0.00000,0.8921,1.4343
1731,69.2400,0.0379,0.0000,-0.2518,0.1262,0.0030,0.0288,-0.0214,-0.0019,-0.2863,1.0882,1.5848,0.2231,-0.04736,-0.01683,0.0314,-0.1003,-0.1226,0.0300,0.00000,0.00000,0.8969,1.4378
1732,69.2800,0.0368,0.0000,-0.2583,0.1255,0.0036,0.0280,-0.0248,-0.0021,-0.2977,1.0921,1.5878,0.2230,-0.04751,-0.01708,0.0281,-0.0991,-0.1248,0.0203,0.00000,0.00000,0.9017,1.4412
1733,69.3200,0.0356,0.0000,-0.2650,0.1250,0.0047,0.0280,-0.0307,-0.0094,-0.3045,1.0960,1.5907,0.2229,-0.04795,-0.01753,0.0288,-0.1012,-0.1248,0.0235,0.00000,0.00000,0.9065,1.4445
1734,69.3600,0.0345,0.0000,-0.2718,0.1234,0.0061,0.0291,-0.0378,0.0029,-0.3043,1.0999,1.5937,0.2228,-0.04822,-0.01828,0.0276,-0.1047,-0.1242,0.0209,0.00000,0.00000,0.9113,1.4477
1735,69.4000,0.0333,0.0000,-0.2788,0.1225,0.0038,0.0303,-0.0258,0.0064,-0.3224,1.1038,1.5966,0.2227,-0.04809,-0.01888,0.0285,-0.1013,-0.1257,0.0322,0.00000,0.00000,0.9160,1.4507
1736,69.4400,0.0322,0.0000,-0.2861,0.1216,0.0017,0.0294,-0.0150,0.0079,-0.3170,1.1077,1.5993,0.2226,-0.04791,-0.01884,0.0289,-0.0989,-0.1245,0.0228,0.00000,0.00000,0.9208,1.4538
1737,69.4800,0.0311,0.0000,-0.2934,0.1208,0.0032,0.0288,-0.0229,0.0025,-0.3357,1.1117,1.6019,0.2225,-0.04796,-0.01876,0.0304,-0.0982,-0.1230,0.0286,0.00000,0.00000,0.9255,1.4567
1738,69.5200,0.0300,0.0000,-0.3010,0.1196,0.0045,0.0300,-0.0298,0.0038,-0.3180,1.1156,1.6045,0.2225,-0.04798,-0.01908,0.0289,-0.1013,-0.1265,0.0233,0.00000,0.00000,0.9302,1.4595
1739,69.5600,0.0289,0.0000,-0.3089,0.1178,0.0057,0.0302,-0.0360,0.0164,-0.3498,1.1195,1.6071,0.2224,-0.04775,-0.01965,0.0330,-0.0991,-0.1233,0.0304,0.00000,0.00000,0.9349,1.4622
1740,69.6000,0.0279,0.0000,-0.3169,0.1175,0.0038,0.0279,-0.0261,0.0037,-0.3559,1.1233,1.6096,0.2223,-0.04752,-0.02012,0.0285,-0.0967,-0.1226,0.0259,0.00000,0.00000,0.9396,1.4648
1741,69.6400,0.0269,0.0000,-0.3251,0.1161,0.0028,0.0318,-0.0206,0.0136,-0.3540,1.1272,1.6119,0.2222,-0.04738,-0.02016,0.0324,-0.0993,-0.1251,0.0337,0.00000,0.00000,0.9443,1.4674
1742,69.6800,0.0259,0.0000,-0.3335,0.1152,0.0030,0.0314,-0.0215,0.0114,-0.3594,1.1312,1.6142,0.2222,-0.04705,-0.02013,0.0302,-0.0990,-0.1272,0.0246,0.00000,0.00000,0.9489,1.4698
1743,69.7200,0.0249,0.0000,-0.3420,0.1143,0.0036,0.0318,-0.0251,0.0084,-0.3647,1.1351,1.6165,0.2222,-0.04699,-0.02022,0.0304,-0.1018,-0.1257,0.0329,0.00000,0.00000,0.9536,1.4722
1744,69.7600,0.0239,0.0000,-0.3509,0.1116,0.0006,0.0312,-0.0059,0.0125,-0.3650,1.1390,1.6185,0.2221,-0.04672,-0.01999,0.0312,-0.0960,-0.1256,0.0291,0.00000,0.00000,0.9582,1.4744
1745,69.8000,0.0230,0.0000,-0.3599,0.1092,0.0010,0.0325,-0.0077,0.0047,-0.3740,1.1428,1.6205,0.2221,-0.04674,-0.01933,0.0329,-0.0968,-0.1201,0.0312,0.00000,0.00000,0.9628,1.4766
1746,69.8400,0.0222,0.0000,-0.3692,0.1053,0.0032,0.0302,-0.0194,0.0187,-0.3664,1.1465,1.6223,0.2221,-0.04646,-0.01906,0.0299,-0.0966,-0.1192,0.0212,0.00000,0.00000,0.9674,1.4786
1747,69.8800,0.0213,0.0000,-0.3787,0.1023,0.0036,0.0313,-0.0207,0.0187,-0.3882,1.1502,1.6242,0.2220,-0.04587,-0.01912,0.0304,-0.0969,-0.1231,0.0344,0.00000,0.00000,0.9720,1.4806
1748,69.9200,0.0206,0.0000,-0.3886,0.0998,0.0028,0.0336,-0.0165,0.0235,-0.3893,1.1537,1.6259,0.2220,-0.04529,-0.01908,0.0313,-0.0969,-0.1166,0.0290,0.00000,0.00000,0.9765,1.4825
1749,69.9600,0.0198,0.0000,-0.3986,0.0976,0.0010,0.0328,-0.0071,0.0175,-0.4036,1.1572,1.6275,0.2220,-0.04465,-0.01870,0.0312,-0.0941,-0.1201,0.0327,0.00000,0.00000,0.9811,1.4843
1750,70.0000,0.0192,0.0000,-0.4088,0.0952,0.0010,0.0340,-0.0048,0.0237,-0.4183,1.1607,1.6289,0.2220,-0.04410,-0.01809,0.0308,-0.0955,-0.1194,0.0308,0.00000,0.00000,0.9856,1.4860
1751,70.0400,0.0186,0.0000,-0.4192,0.0940,0.0021,0.0340,-0.0098,0.0061,-0.4148,1.1641,1.6303,0.2221,-0.04386,-0.01769,0.0326,-0.0966,-0.1149,0.0299,0.00000,0.00000,0.9901,1.4875
1752,70.0800,0.0181,0.0000,-0.4289,0.0914,0.0019,0.0338,-0.0093,0.0153,-0.4352,1.1674,1.6316,0.2221,-0.04358,-0.01738,0.0338,-0.0946,-0.1183,0.0318,0.00000,0.00000,0.9946,1.4890
1753,70.1200,0.0177,0.0000,-0.4374,0.0900,-0.0036,0.0357,0.0207,0.0155,-0.4151,1.1708,1.6327,0.2221,-0.04311,-0.01654,0.0297,-0.0970,-0.1195,0.0342,0.00000,0.00000,0.9991,1.4904
1754,70.1600,0.0173,0.0000,-0.4449,0.0900,-0.0033,0.0373,0.0165,-0.0018,-0.4330,1.1741,1.6336,0.2223,-0.04311,-0.01485,0.0350,-0.0975,-0.1148,0.0297,0.00000,0.00000,1.0036,1.4917
1755,70.2000,0.0170,0.0000,-0.4515,0.0868,-0.0002,0.0363,0.0005,0.0194,-0.4436,1.1774,1.6345,0.2224,-0.04266,-0.01383,0.0252,-0.0970,-0.1237,0.0317,0.00000,0.00000,1.0080,1.4930
1756,70.2400,0.0168,0.0000,-0.4573,0.0852,0.0058,0.0321,-0.0315,0.0170,-0.4625,1.1806,1.6356,0.2224,-0.04230,-0.01371,0.0331,-0.0954,-0.1110,0.0338,0.00000,0.00000,1.0125,1.4941
1757,70.2800,0.0167,0.0000,-0.4625,0.0836,0.0046,0.0301,-0.0260,0.0141,-0.4581,1.1837,1.6367,0.2223,-0.04161,-0.01412,0.0282,-0.0910,-0.1202,0.0407,0.00000,0.00000,1.0169,1.4951
1758,70.3200,0.0166,0.0000,-0.4670,0.0822,0.0037,0.0313,-0.0210,0.0204,-0.4609,1.1867,1.6377,0.2222,-0.04119,-0.01421,0.0256,-0.0948,-0.1188,0.0332,0.00000,0.00000,1.0213,1.4960
1759,70.3600,0.0167,0.0000,-0.4709,0.0813,0.0031,0.0349,-0.0183,0.0212,-0.4845,1.1898,1.6385,0.2221,-0.04061,-0.01418,0.0246,-0.0960,-0.1195,0.0408,0.00000,0.00000,1.0257,1.4968
1760,70.4000,0.0168,0.0000,-0.4744,0.0802,0.0023,0.0372,-0.0144,0.0273,-0.4607,1.1928,1.6393,0.2222,-0.03986,-0.01400,0.0287,-0.0952,-0.1167,0.0389,0.00000,0.00000,1.0300,1.4976
1761,70.4400,0.0170,0.0000,-0.4775,0.0791,0.0024,0.0331,-0.0152,0.0282,-0.4777,1.1958,1.6400,0.2223,-0.03898,-0.01375,0.0279,-0.0922,-0.1181,0.0397,0.00000,0.00000,1.0344,1.4982
1762,70.4800,0.0174,0.0000,-0.4802,0.0788,0.0042,0.0330,-0.0247,0.0242,-0.4871,1.1988,1.6407,0.2222,-0.03832,-0.01377,0.0274,-0.0939,-0.1145,0.0401,0.00000,0.00000,1.0387,1.4987
1763,70.5200,0.0178,0.0000,-0.4826,0.0793,0.0043,0.0319,-0.0247,0.0030,-0.4782,1.2018,1.6414,0.2221,-0.03810,-0.01403,0.0269,-0.0926,-0.1141,0.0378,0.00000,0.00000,1.0430,1.4992
1764,70.5600,0.0182,0.0000,-0.4847,0.0784,0.0032,0.0358,-0.0190,0.0176,-0.4716,1.2048,1.6420,0.2221,-0.03789,-0.01412,0.0293,-0.0946,-0.1182,0.0435,0.00000,0.00000,1.0473,1.4995
1765,70.6000,0.0188,0.0000,-0.4865,0.0785,0.0019,0.0349,-0.0125,0.0098,-0.4668,1.2077,1.6425,0.2222,-0.03757,-0.01401,0.0262,-0.0936,-0.1197,0.0352,0.00000,0.00000,1.0516,1.4998
1766,70.6400,0.0195,0.0000,-0.4881,0.0779,0.0022,0.0355,-0.0141,0.0173,-0.4819,1.2107,1.6429,0.2222,-0.03732,-0.01375,0.0272,-0.0953,-0.1201,0.0409,0.00000,0.00000,1.0559,1.4999
1767,70.6800,0.0202,0.0000,-0.4895,0.0778,0.0033,0.0356,-0.0195,0.0142,-0.4758,1.2137,1.6432,0.2222,-0.03697,-0.01373,0.0263,-0.0961,-0.1192,0.0367,0.00000,0.00000,1.0602,1.5000
1768,70.7200,0.0210,0.0000,-0.4908,0.0777,0.0035,0.0332,-0.0207,0.0122,-0.4893,1.2167,1.6436,0.2222,-0.03679,-0.01377,0.0271,-0.0936,-0.1134,0.0430,0.00000,0.00000,1.0644,1.5000
1769,70.7600,0.0219,0.0000,-0.4919,0.0779,0.0022,0.0317,-0.0140,0.0057,-0.4785,1.2197,1.6438,0.2221,-0.03664,-0.01374,0.0236,-0.0920,-0.1181,0.0373,0.00000,0.00000,1.0686,1.4998
1770,70.8000,0.0229,0.0000,-0.4929,0.0777,0.0034,0.0347,-0.0199,0.0121,-0.4825,1.2227,1.6440,0.2221,-0.03662,-0.01368,0.0248,-0.0967,-0.1188,0.0382,0.00000,0.00000,1.0728,1.4996
1771,70.8400,0.0240,0.0000,-0.4937,0.0779,0.0041,0.0352,-0.0236,0.0101,-0.4787,1.2257,1.6442,0.2221,-0.03649,-0.01388,0.0264,-0.0949,-0.1133,0.0383,0.00000,0.00000,1.0770,1.4993
1772,70.8800,0.0252,0.0000,-0.4945,0.0772,0.0018,0.0344,-0.0120,0.0251,-0.4857,1.2287,1.6443,0.2221,-0.03591,-0.01386,0.0244,-0.0935,-0.1195,0.0421,0.00000,0.00000,1.0812,1.4989
1773,70.9200,0.0264,0.0000,-0.4951,0.0786,0.0014,0.0352,-0.0097,0.0046,-0.4723,1.2317,1.6443,0.2221,-0.03571,-0.01361,0.0240,-0.0948,-0.1177,0.0398,0.00000,0.00000,1.0853,1.4983
1774,70.9600,0.0277,0.0000,-0.4957,0.0777,0.0041,0.0338,-0.0242,0.0251,-0.4893,1.2347,1.6443,0.2221,-0.03542,-0.01357,0.0274,-0.0935,-0.1122,0.0367,0.00000,0.00000,1.0894,1.4977
1775,71.0000,0.0291,0.0000,-0.4962,0.0774,0.0029,0.0338,-0.0177,0.0380,-0.4803,1.2377,1.6442,0.2221,-0.03427,-0.01380,0.0231,-0.0927,-0.1161,0.0442,0.00000,0.00000,1.0936,1.4970
1776,71.0400,0.0306,0.0000,-0.4967,0.0797,0.0024,0.0318,-0.0149,0.0099,-0.4788,1.2408,1.6441,0.2220,-0.03380,-0.01380,0.0231,-0.0929,-0.1101,0.0390,0.00000,0.00000,1.0977,1.4962
1777,71.0800,0.0321,0.0000,-0.4971,0.0803,0.0028,0.0350,-0.0170,0.0155,-0.4913,1.2439,1.6439,0.2220,-0.03357,-0.01380,0.0247,-0.0938,-0.1135,0.0432,0.00000,0.00000,1.1017,1.4953
1778,71.1200,0.0338,0.0000,-0.4974,0.0812,0.0029,0.0376,-0.0176,0.0226,-0.4921,1.2470,1.6436,0.2220,-0.03304,-0.01388,0.0264,-0.0942,-0.1130,0.0415,0.00000,0.00000,1.1058,1.4943
1779,71.1600,0.0355,0.0000,-0.4977,0.0829,0.0016,0.0353,-0.0110,0.0111,-0.4928,1.2502,1.6432,0.2221,-0.03271,-0.01383,0.0253,-0.0930,-0.1133,0.0443,0.00000,0.00000,1.1099,1.4932
1780,71.2000,0.0373,0.0000,-0.4980,0.0841,0.0024,0.0340,-0.0147,0.0071,-0.4759,1.2534,1.6428,0.2221,-0.03269,-0.01374,0.0263,-0.0936,-0.1136,0.0388,0.00000,0.00000,1.1139,1.4920
1781,71.2400,0.0391,0.0000,-0.4983,0.0854,0.0036,0.0326,-0.0205,0.0017,-0.4884,1.2566,1.6423,0.2220,-0.03286,-0.01391,0.0239,-0.0940,-0.1130,0.0407,0.00000,0.00000,1.1179,1.4908
1782,71.2800,0.0411,0.0000,-0.4985,0.0856,0.0026,0.0366,-0.0155,0.0244,-0.4743,1.2599,1.6418,0.2221,-0.03250,-0.01410,0.0243,-0.0968,-0.1159,0.0434,0.00000,0.00000,1.1219,1.4894
1783,71.3200,0.0431,0.0000,-0.4986,0.0869,0.0014,0.0357,-0.0096,0.0280,-0.4849,1.2632,1.6411,0.2221,-0.03174,-0.01403,0.0253,-0.0934,-0.1113,0.0449,0.00000,0.00000,1.1259,1.4879
1784,71.3600,0.0451,0.0000,-0.4988,0.0891,0.0010,0.0327,-0.0067,0.0129,-0.4737,1.2665,1.6403,0.2221,-0.03126,-0.01382,0.0212,-0.0941,-0.1147,0.0380,0.00000,0.00000,1.1298,1.4863
1785,71.4000,0.0473,0.0000,-0.4990,0.0909,0.0044,0.0334,-0.0231,0.0054,-0.4939,1.2699,1.6396,0.2220,-0.03129,-0.01394,0.0253,-0.0958,-0.1124,0.0386,0.00000,0.00000,1.1337,1.4847
1786,71.4400,0.0495,0.0000,-0.4991,0.0907,0.0043,0.0340,-0.0225,0.0433,-0.4891,1.2734,1.6388,0.2220,-0.03042,-0.01443,0.0221,-0.0947,-0.1110,0.0388,0.00000,0.00000,1.1377,1.4829
1787,71.4800,0.0517,0.0000,-0.4992,0.0935,0.0010,0.0338,-0.0046,0.0289,-0.4901,1.2769,1.6378,0.2220,-0.02927,-0.01457,0.0229,-0.0924,-0.1116,0.0485,0.00000,0.00000,1.1416,1.4811
1788,71.5200,0.0540,0.0000,-0.4993,0.0963,0.0011,0.0352,-0.0032,0.0225,-0.4917,1.2804,1.6367,0.2220,-0.02860,-0.01429,0.0240,-0.0941,-0.1105,0.0380,0.00000,0.00000,1.1455,1.4791
1789,71.5600,0.0564,0.0000,-0.4994,0.0991,0.0024,0.0348,-0.0114,0.0113,-0.4890,1.2840,1.6355,0.2220,-0.02831,-0.01428,0.0230,-0.0963,-0.1109,0.0378,0.00000,0.00000,1.1493,1.4771
1790,71.6000,0.0589,0.0000,-0.4994,0.1016,0.0012,0.0364,-0.0034,0.0131,-0.4745,1.2877,1.6341,0.2221,-0.02813,-0.01433,0.0239,-0.0973,-0.1129,0.0445,0.00000,0.00000,1.1532,1.4749
1791,71.6400,0.0614,0.0000,-0.4995,0.1049,0.0026,0.0371,-0.0101,0.0003,-0.4873,1.2915,1.6327,0.2222,-0.02818,-0.01433,0.0303,-0.0949,-0.1083,0.0414,0.00000,0.00000,1.1570,1.4727
1792,71.6800,0.0639,0.0000,-0.4996,0.1071,0.0012,0.0336,-0.0036,0.0031,-0.4840,1.2953,1.6312,0.2222,-0.02823,-0.01431,0.0236,-0.0936,-0.1137,0.0386,0.00000,0.00000,1.1608,1.4704
1793,71.7200,0.0665,0.0000,-0.4996,0.1091,0.0035,0.0343,-0.0179,0.0108,-0.4921,1.2992,1.6295,0.2222,-0.02835,-0.01437,0.0269,-0.0965,-0.1104,0.0417,0.00000,0.00000,1.1646,1.4680
1794,71.7600,0.0691,0.0000,-0.4997,0.1105,0.0043,0.0325,-0.0212,0.0296,-0.4805,1.3032,1.6279,0.2222,-0.02772,-0.01489,0.0227,-0.0948,-0.1105,0.0381,0.00000,0.00000,1.1684,1.4654
1795,71.8000,0.0718,0.0000,-0.4997,0.1140,0.0028,0.0320,-0.0148,0.0110,-0.4798,1.3072,1.6260,0.2221,-0.02725,-0.01531,0.0231,-0.0952,-0.1135,0.0434,0.00000,0.00000,1.1721,1.4628
1796,71.8400,0.0745,0.0000,-0.4997,0.1163,0.0038,0.0349,-0.0199,0.0243,-0.4980,1.3113,1.6241,0.2220,-0.02688,-0.01569,0.0231,-0.0974,-0.1112,0.0389,0.00000,0.00000,1.1759,1.4601
1797,71.8800,0.0773,0.0000,-0.4998,0.1201,0.0044,0.0322,-0.0237,0.0033,-0.4987,1.3154,1.6221,0.2220,-0.02675,-0.01636,0.0236,-0.0949,-0.1070,0.0360,0.00000,0.00000,1.1796,1.4573
1798,71.9200,0.0801,0.0000,-0.4998,0.1222,0.0041,0.0342,-0.0220,0.0158,-0.5003,1.3196,1.6199,0.2220,-0.02667,-0.01701,0.0248,-0.0981,-0.1129,0.0416,0.00000,0.00000,1.1833,1.4545
1799,71.9600,0.0830,0.0000,-0.4998,0.1253,0.0021,0.0333,-0.0120,0.0125,-0.4879,1.3239,1.6175,0.2220,-0.02641,-0.01745,0.0222,-0.0951,-0.1109,0.0370,0.00000,0.00000,1.1869,1.4515
1800,72.0000,0.0859,0.0000,-0.4998,0.1273,0.0022,0.0341,-0.0127,0.0325,-0.4977,1.3282,1.6150,0.2220,-0.02588,-0.01762,0.0232,-0.0975,-0.1105,0.0416,0.00000,0.00000,1.1906,1.4484
1801,72.0400,0.0888,0.0000,-0.4999,0.1313,0.0011,0.0342,-0.0065,0.0161,-0.4960,1.3325,1.6123,0.2220,-0.02523,-0.01777,0.0186,-0.0974,-0.1158,0.0385,0.00000,0.00000,1.1942,1.4452
1802,72.0800,0.0917,0.0000,-0.4999,0.1341,0.0036,0.0359,-0.0200,0.0258,-0.4983,1.3369,1.6094,0.2220,-0.02489,-0.01804,0.0267,-0.0989,-0.1086,0.0385,0.00000,0.00000,1.1979,1.4420
1803,72.1200,0.0947,0.0000,-0.4999,0.1374,0.0035,0.0334,-0.0193,0.0221,-0.4913,1.3413,1.6065,0.2220,-0.02421,-0.01878,0.0235,-0.0969,-0.1117,0.0385,0.00000,0.00000,1.2015,1.4386
1804,72.1600,0.0977,0.0000,-0.4999,0.1413,0.0024,0.0322,-0.0137,0.0125,-0.4842,1.3458,1.6034,0.2220,-0.02393,-0.01930,0.0221,-0.0983,-0.1136,0.0370,0.00000,0.00000,1.2051,1.4352
1805,72.2000,0.1008,0.0000,-0.4999,0.1447,0.0030,0.0362,-0.0163,0.0195,-0.5048,1.3504,1.6000,0.2220,-0.02371,-0.01980,0.0244,-0.1005,-0.1125,0.0422,0.00000,0.00000,1.2086,1.4316
1806,72.2400,0.1038,0.0000,-0.4999,0.1486,0.0014,0.0357,-0.0085,0.0140,-0.4796,1.3549,1.5965,0.2221,-0.02333,-0.02021,0.0218,-0.1005,-0.1148,0.0354,0.00000,0.00000,1.2122,1.4280
1807,72.2800,0.1069,0.0000,-0.4999,0.1550,0.0026,0.0338,-0.0134,-0.0466,-0.5447,1.3596,1.5928,0.2221,-0.02451,-0.02053,0.0280,-0.0981,-0.1239,0.0347,0.00000,0.00000,1.2157,1.4243
1808,72.3200,0.1100,0.0000,-0.4999,0.1582,0.0048,0.0398,-0.0256,-0.0438,-0.5289,1.3643,1.5889,0.2223,-0.02682,-0.02131,0.0284,-0.1079,-0.1220,0.0271,0.00000,0.00000,1.2192,1.4205
1809,72.3600,0.1131,0.0000,-0.5000,0.1594,0.0025,0.0334,-0.0139,-0.0289,-0.5285,1.3690,1.5849,0.2224,-0.02847,-0.02203,0.0272,-0.0996,-0.1219,0.0340,0.00000,0.00000,1.2227,1.4166
1810,72.4000,0.1163,0.0000,-0.5000,0.1605,0.0037,0.0294,-0.0203,-0.0185,-0.5394,1.3736,1.5807,0.2223,-0.02982,-0.02253,0.0268,-0.1004,-0.1196,0.0290,0.00000,0.00000,1.2261,1.4126
1811,72.4400,0.1194,0.0000,-0.5000,0.1617,0.0030,0.0317,-0.0163,-0.0135,-0.5157,1.3782,1.5764,0.2223,-0.03070,-0.02325,0.0232,-0.1027,-0.1257,0.0320,0.00000,0.00000,1.2296,1.4085
1812,72.4800,0.1226,0.0000,-0.4982,0.1622,0.0029,0.0340,-0.0162,0.0090,-0.5240,1.3827,1.5719,0.2223,-0.03114,-0.02379,0.0263,-0.1034,-0.1217,0.0327,0.00000,0.00000,1.2330,1.4043
1813,72.5200,0.1259,0.0000,-0.4946,0.1633,0.0026,0.0323,-0.0146,0.0129,-0.5243,1.3872,1.5673,0.2223,-0.03103,-0.02434,0.0237,-0.1021,-0.1204,0.0302,0.00000,0.00000,1.2364,1.4001
1814,72.5600,0.1291,0.0000,-0.4895,0.1653,0.0019,0.0306,-0.0111,-0.0041,-0.5169,1.3916,1.5626,0.2223,-0.03128,-0.02474,0.0237,-0.1016,-0.1222,0.0318,0.00000,0.00000,1.2398,1.3957
1815,72.6000,0.1324,0.0000,-0.4829,0.1656,0.0032,0.0308,-0.0179,0.0149,-0.5130,1.3959,1.5577,0.2222,-0.03142,-0.02523,0.0232,-0.1019,-0.1197,0.0282,0.00000,0.00000,1.2432,1.3913
1816,72.6400,0.1357,0.0000,-0.4751,0.1663,0.0041,0.0313,-0.0223,0.0231,-0.4991,1.4002,1.5528,0.2222,-0.03100,-0.02624,0.0224,-0.1038,-0.1192,0.0311,0.00000,0.00000,1.2465,1.3868
1817,72.6800,0.1390,0.0000,-0.4663,0.1676,0.0029,0.0319,-0.0159,0.0271,-0.5048,1.4044,1.5477,0.2221,-0.03031,-0.02723,0.0216,-0.1035,-0.1217,0.0322,0.00000,0.00000,1.2499,1.3821
1818,72.7200,0.1423,0.0000,-0.4565,0.1693,0.0024,0.0320,-0.0136,0.0280,-0.4831,1.4085,1.5425,0.2221,-0.02961,-0.02797,0.0207,-0.1048,-0.1183,0.0266,0.00000,0.00000,1.2532,1.3774
1819,72.7600,0.1456,0.0000,-0.4460,0.1714,0.0025,0.0315,-0.0140,0.0182,-0.4671,1.4126,1.5371,0.2221,-0.02909,-0.02874,0.0201,-0.1059,-0.1214,0.0295,0.00000,0.00000,1.2564,1.3726
1820,72.8000,0.1489,0.0000,-0.4348,0.1725,0.0033,0.0311,-0.0178,0.0342,-0.4668,1.4166,1.5316,0.2221,-0.02837,-0.02971,0.0187,-0.1057,-0.1198,0.0250,0.00000,0.00000,1.2597,1.3678
1821,72.8400,0.1521,0.0000,-0.4232,0.1749,0.0023,0.0326,-0.0128,0.0300,-0.4473,1.4205,1.5260,0.2221,-0.02747,-0.03082,0.0174,-0.1077,-0.1198,0.0316,0.00000,0.00000,1.2630,1.3628
1822,72.8800,0.1554,0.0000,-0.4111,0.1773,0.0027,0.0314,-0.0144,0.0269,-0.4395,1.4244,1.5202,0.2220,-0.02668,-0.03175,0.0199,-0.1051,-0.1194,0.0221,0.00000,0.00000,1.2662,1.3577
1823,72.9200,0.1586,0.0000,-0.3987,0.1800,0.0037,0.0335,-0.0200,0.0254,-0.4260,1.4283,1.5143,0.2220,-0.02608,-0.03319,0.0214,-0.1082,-0.1172,0.0307,0.00000,0.00000,1.2694,1.3526
1824,72.9600,0.1618,0.0000,-0.3862,0.1828,0.0029,0.0326,-0.0159,0.0226,-0.4188,1.4321,1.5082,0.2221,-0.02543,-0.03479,0.0213,-0.1055,-0.1156,0.0288,0.00000,0.00000,1.2726,1.3474
1825,73.0000,0.1650,0.0000,-0.3734,0.1856,0.0022,0.0317,-0.0121,0.0220,-0.4036,1.4359,1.5020,0.2220,-0.02484,-0.03606,0.0186,-0.1081,-0.1223,0.0219,0.00000,0.00000,1.2757,1.3420
1826,73.0400,0.1682,0.0000,-0.3607,0.1892,0.0041,0.0320,-0.0217,0.0079,-0.3874,1.4396,1.4955,0.2220,-0.02478,-0.03781,0.0188,-0.1116,-0.1174,0.0214,0.00000,0.00000,1.2789,1.3366
1827,73.0800,0.1712,0.0000,-0.3479,0.1917,0.0036,0.0325,-0.0192,0.0154,-0.3809,1.4433,1.4890,0.2220,-0.02458,-0.03993,0.0198,-0.1100,-0.1195,0.0248,0.00000,0.00000,1.2820,1.3311
1828,73.1200,0.1743,0.0000,-0.3351,0.1954,0.0022,0.0340,-0.0120,0.0033,-0.3634,1.4470,1.4823,0.2220,-0.02454,-0.04180,0.0208,-0.1109,-0.1207,0.0243,0.00000,0.00000,1.2851,1.3256
1829,73.1600,0.1772,0.0000,-0.3225,0.1976,-0.0000,0.0320,-0.0004,0.0182,-0.3436,1.4505,1.4753,0.2220,-0.02433,-0.04268,0.0171,-0.1093,-0.1223,0.0205,0.00000,0.00000,1.2882,1.3199
1830,73.2000,0.1801,0.0000,-0.3101,0.2003,0.0031,0.0326,-0.0164,0.0212,-0.3344,1.4540,1.4682,0.2220,-0.02397,-0.04391,0.0204,-0.1124,-0.1185,0.0209,0.00000,0.00000,1.2913,1.3142
1831,73.2400,0.1830,0.0000,-0.2979,0.2029,0.0021,0.0339,-0.0116,0.0299,-0.3111,1.4575,1.4610,0.2221,-0.02315,-0.04593,0.0182,-0.1130,-0.1218,0.0267,0.00000,0.00000,1.2943,1.3083
1832,73.2800,0.1857,0.0000,-0.2860,0.2070,0.0023,0.0314,-0.0124,0.0174,-0.3180,1.4609,1.4536,0.2221,-0.02262,-0.04772,0.0198,-0.1112,-0.1162,0.0206,0.00000,0.00000,1.2973,1.3024
1833,73.3200,0.1884,0.0000,-0.2744,0.2099,0.0022,0.0330,-0.0121,0.0268,-0.2979,1.4643,1.4460,0.2220,-0.02203,-0.04967,0.0191,-0.1136,-0.1176,0.0240,0.00000,0.00000,1.3003,1.2964
1834,73.3600,0.1910,0.0000,-0.2631,0.2136,0.0017,0.0305,-0.0091,0.0239,-0.2891,1.4677,1.4383,0.2220,-0.02124,-0.05148,0.0175,-0.1111,-0.1193,0.0168,0.00000,0.00000,1.3033,1.2904
1835,73.4000,0.1936,0.0000,-0.2521,0.2183,0.0035,0.0308,-0.0189,0.0044,-0.2660,1.4710,1.4304,0.2219,-0.02115,-0.05390,0.0178,-0.1156,-0.1171,0.0155,0.00000,0.00000,1.3063,1.2842
1836,73.4400,0.1960,0.0000,-0.2414,0.2213,0.0018,0.0333,-0.0097,0.0206,-0.2482,1.4744,1.4223,0.2219,-0.02077,-0.05637,0.0192,-0.1127,-0.1191,0.0244,0.00000,0.00000,1.3092,1.2779
1837,73.4800,0.1984,0.0000,-0.2312,0.2259,0.0009,0.0333,-0.0052,0.0087,-0.2466,1.4776,1.4140,0.2219,-0.02051,-0.05814,0.0193,-0.1134,-0.1180,0.0186,0.00000,0.00000,1.3121,1.2716
1838,73.5200,0.2007,0.0000,-0.2215,0.2295,0.0002,0.0354,-0.0017,0.0171,-0.2265,1.4808,1.4055,0.2220,-0.02025,-0.05948,0.0221,-0.1135,-0.1160,0.0267,0.00000,0.00000,1.3150,1.2652
1839,73.5600,0.2029,0.0000,-0.2121,0.2330,0.0005,0.0305,-0.0031,0.0242,-0.2201,1.4840,1.3968,0.2220,-0.01962,-0.06066,0.0168,-0.1121,-0.1170,0.0153,0.00000,0.00000,1.3179,1.2587
1840,73.6000,0.2050,0.0000,-0.2032,0.2385,0.0029,0.0314,-0.0158,-0.0034,-0.2199,1.4872,1.3880,0.2219,-0.01962,-0.06300,0.0209,-0.1149,-0.1173,0.0209,0.00000,0.00000,1.3208,1.2522
1841,73.6400,0.2070,0.0000,-0.1947,0.2426,0.0019,0.0323,-0.0104,-0.0014,-0.2028,1.4904,1.3790,0.2219,-0.01990,-0.06579,0.0185,-0.1141,-0.1166,0.0181,0.00000,0.00000,1.3236,1.2455
1842,73.6800,0.2089,0.0000,-0.1866,0.2468,0.0018,0.0315,-0.0099,-0.0035,-0.1991,1.4936,1.3698,0.2219,-0.02026,-0.06817,0.0220,-0.1125,-0.1135,0.0195,0.00000,0.00000,1.3264,1.2388
1843,73.7200,0.2108,0.0000,-0.1789,0.2509,0.0009,0.0319,-0.0054,-0.0085,-0.1796,1.4967,1.3604,0.2219,-0.02063,-0.07032,0.0203,-0.1129,-0.1195,0.0173,0.00000,0.00000,1.3292,1.2320
1844,73.7600,0.2125,0.0000,-0.1717,0.2542,0.0005,0.0340,-0.0031,0.0043,-0.1844,1.4998,1.3508,0.2219,-0.02089,-0.07196,0.0231,-0.1133,-0.1184,0.0221,0.00000,0.00000,1.3320,1.2251
1845,73.8000,0.2142,0.0000,-0.1648,0.2574,0.0006,0.0341,-0.0040,0.0168,-0.1665,1.5028,1.3411,0.2220,-0.02065,-0.07364,0.0219,-0.1148,-0.1157,0.0195,0.00000,0.00000,1.3347,1.2181
1846,73.8400,0.2158,0.0000,-0.1583,0.2619,0.0014,0.0285,-0.0082,0.0005,-0.1749,1.5059,1.3313,0.2220,-0.02057,-0.07581,0.0215,-0.1112,-0.1132,0.0179,0.00000,0.00000,1.3374,1.2111
1847,73.8800,0.2172,0.0000,-0.1521,0.2651,0.0012,0.0319,-0.0071,0.0133,-0.1661,1.5089,1.3212,0.2219,-0.02042,-0.07821,0.0210,-0.1147,-0.1191,0.0220,0.00000,0.00000,1.3402,1.2040
1848,73.9200,0.2186,0.0000,-0.1463,0.2699,0.0001,0.0319,-0.0018,-0.0010,-0.1419,1.5120,1.3110,0.2219,-0.02041,-0.08022,0.0199,-0.1140,-0.1157,0.0166,0.00000,0.00000,1.3428,1.1968
1849,73.9600,0.2200,0.0000,-0.1408,0.2736,0.0011,0.0322,-0.0066,0.0002,-0.1388,1.5149,1.3006,0.2219,-0.02064,-0.08192,0.0256,-0.1128,-0.1142,0.0223,0.00000,0.00000,1.3455,1.1895
1850,74.0000,0.2212,0.0000,-0.1358,0.2771,-0.0000,0.0302,-0.0007,0.0031,-0.1334,1.5179,1.2900,0.2219,-0.02062,-0.08375,0.0204,-0.1109,-0.1187,0.0167,0.00000,0.00000,1.3481,1.1822
1851,74.0400,0.2224,0.0000,-0.1311,0.2817,0.0011,0.0305,-0.0068,-0.0137,-0.1305,1.5209,1.2793,0.2218,-0.02114,-0.08559,0.0227,-0.1137,-0.1162,0.0164,0.00000,0.00000,1.3508,1.1747
1852,74.0800,0.2234,0.0000,-0.1267,0.2854,0.0012,0.0326,-0.0070,-0.0149,-0.1267,1.5238,1.2684,0.2219,-0.02187,-0.08805,0.0259,-0.1116,-0.1144,0.0235,0.00000,0.00000,1.3534,1.1672
1853,74.1200,0.2244,0.0000,-0.1226,0.2877,-0.0005,0.0318,0.0014,0.0062,-0.1133,1.5267,1.2573,0.2219,-0.02203,-0.08949,0.0218,-0.1131,-0.1200,0.0157,0.00000,0.00000,1.3559,1.1597
1854,74.1600,0.2253,0.0000,-0.1189,0.2911,0.0006,0.0299,-0.0044,0.0038,-0.1076,1.5296,1.2462,0.2219,-0.02209,-0.09084,0.0229,-0.1133,-0.1143,0.0176,0.00000,0.00000,1.3585,1.1520
1855,74.2000,0.2261,0.0000,-0.1155,0.2942,0.0006,0.0302,-0.0042,0.0062,-0.1064,1.5325,1.2349,0.2219,-0.02196,-0.09278,0.0248,-0.1104,-0.1163,0.0217,0.00000,0.00000,1.3610,1.1443
1856,74.2400,0.2269,0.0000,-0.1124,0.2988,-0.0009,0.0292,0.0038,-0.0179,-0.0989,1.5354,1.2234,0.2218,-0.02234,-0.09397,0.0230,-0.1091,-0.1180,0.0164,0.00000,0.00000,1.3635,1.1365
1857,74.2800,0.2276,0.0000,-0.1096,0.3020,-0.0013,0.0320,0.0055,-0.0150,-0.1108,1.5382,1.2118,0.2218,-0.02316,-0.09423,0.0270,-0.1087,-0.1163,0.0245,0.00000,0.00000,1.3660,1.1286
1858,74.3200,0.2282,0.0000,-0.1070,0.3051,0.0011,0.0313,-0.0068,-0.0216,-0.0925,1.5410,1.2000,0.2219,-0.02404,-0.09555,0.0263,-0.1118,-0.1174,0.0107,0.00000,0.00000,1.3685,1.1207
1859,74.3600,0.2287,0.0000,-0.1046,0.3075,0.0014,0.0269,-0.0084,-0.0204,-0.0973,1.5439,1.1882,0.2219,-0.02505,-0.09808,0.0262,-0.1073,-0.1118,0.0228,0.00000,0.00000,1.3709,1.1127
1860,74.4000,0.2292,0.0000,-0.1025,0.3102,-0.0006,0.0161,0.0016,-0.0223,-0.1377,1.5467,1.1762,0.2215,-0.02622,-0.10032,0.0179,-0.0941,-0.0896,0.0246,0.00000,0.00000,1.3734,1.1046
1861,74.4400,0.2296,0.0000,-0.1003,0.3093,-0.0007,0.0238,0.0031,0.0217,-0.1050,1.5494,1.1641,0.2211,-0.02653,-0.10153,0.0163,-0.1024,-0.1006,0.0212,0.00000,0.00000,1.3758,1.0964
1862,74.4800,0.2300,0.0000,-0.0982,0.3086,-0.0016,0.0325,0.0077,0.0240,-0.0864,1.5521,1.1521,0.2211,-0.02569,-0.10196,0.0188,-0.1030,-0.0885,0.0143,0.00000,0.00000,1.3781,1.0882
1863,74.5200,0.2304,0.0000,-0.0963,0.3082,-0.0046,0.0357,0.0240,0.0229,-0.0944,1.5546,1.1400,0.2213,-0.02480,-0.10000,0.0218,-0.1005,-0.0880,0.0149,0.00000,0.00000,1.3805,1.0799
1864,74.5600,0.2307,0.0000,-0.0945,0.3076,-0.0074,0.0381,0.0383,0.0287,-0.0860,1.5569,1.1280,0.2216,-0.02383,-0.09483,0.0184,-0.1047,-0.0927,0.0122,0.00000,0.00000,1.3828,1.0715
1865,74.6000,0.2309,0.0000,-0.0929,0.3124,-0.0006,0.0339,0.0010,-0.0234,-0.1250,1.5592,1.1159,0.2218,-0.02380,-0.09140,0.0239,-0.1053,-0.0862,0.0090,0.00000,0.00000,1.3852,1.0631
1866,74.6400,0.2311,0.0000,-0.0914,0.3156,0.0023,0.0295,-0.0147,-0.0118,-0.1117,1.5619,1.1037,0.2219,-0.02449,-0.09446,0.0216,-0.1049,-0.1013,0.0204,0.00000,0.00000,1.3874,1.0546
1867,74.6800,0.2314,0.0000,-0.0898,0.3200,0.0010,0.0266,-0.0079,-0.0152,-0.1048,1.5645,1.0913,0.2218,-0.02512,-0.09768,0.0221,-0.1022,-0.1014,0.0215,0.00000,0.00000,1.3897,1.0460
1868,74.7200,0.2315,0.0000,-0.0883,0.3241,0.0003,0.0273,-0.0040,-0.0115,-0.1010,1.5670,1.0787,0.2218,-0.02579,-0.09963,0.0219,-0.1021,-0.1002,0.0191,0.00000,0.00000,1.3920,1.0374
1869,74.7600,0.2317,0.0000,-0.0868,0.3283,0.0010,0.0291,-0.0078,-0.0134,-0.1057,1.5696,1.0660,0.2217,-0.02644,-0.10182,0.0240,-0.1022,-0.0993,0.0228,0.00000,0.00000,1.3942,1.0287
1870,74.8000,0.2318,0.0000,-0.0854,0.3325,0.0006,0.0261,-0.0059,-0.0239,-0.1055,1.5721,1.0531,0.2217,-0.02731,-0.10434,0.0206,-0.1013,-0.1014,0.0168,0.00000,0.00000,1.3964,1.0199
1871,74.8400,0.2319,0.0000,-0.0839,0.3362,0.0012,0.0263,-0.0089,-0.0275,-0.1058,1.5746,1.0400,0.2216,-0.02851,-0.10698,0.0244,-0.1006,-0.1012,0.0228,0.00000,0.00000,1.3986,1.0111
1872,74.8800,0.2319,0.0000,-0.0825,0.3390,0.0014,0.0256,-0.0098,-0.0216,-0.1047,1.5771,1.0268,0.2216,-0.02953,-0.11022,0.0224,-0.0998,-0.1028,0.0180,0.00000,0.00000,1.4007,1.0022
1873,74.9200,0.2319,0.0000,-0.0810,0.3416,0.0032,0.0290,-0.0197,-0.0132,-0.1162,1.5797,1.0135,0.2216,-0.03039,-0.11487,0.0280,-0.1035,-0.1027,0.0254,0.00000,0.00000,1.4029,0.9933
1874,74.9600,0.2318,0.0000,-0.0796,0.3451,0.0005,0.0228,-0.0052,-0.0343,-0.0884,1.5821,1.0001,0.2216,-0.03138,-0.11935,0.0212,-0.0980,-0.1026,0.0151,0.00000,0.00000,1.4050,0.9842
1875,75.0000,0.2317,0.0000,-0.0781,0.3468,0.0023,0.0212,-0.0148,-0.0246,-0.1064,1.5845,0.9865,0.2214,-0.03279,-0.12240,0.0270,-0.0976,-0.0975,0.0231,0.00000,0.00000,1.4071,0.9751
1876,75.0400,0.2315,0.0000,-0.0767,0.3481,0.0037,0.0244,-0.0221,-0.0109,-0.1021,1.5870,0.9729,0.2213,-0.03345,-0.12885,0.0233,-0.1002,-0.1031,0.0184,0.00000,0.00000,1.4091,0.9660
1877,75.0800,0.2313,0.0000,-0.0754,0.3476,-0.0021,0.0285,0.0084,0.0110,-0.0632,1.5894,0.9592,0.2213,-0.03386,-0.13323,0.0233,-0.1010,-0.1072,0.0205,0.00000,0.00000,1.4112,0.9568
1878,75.1200,0.2311,0.0000,-0.0740,0.3455,-0.0054,0.0304,0.0273,0.0049,-0.0709,1.5914,0.9455,0.2214,-0.03373,-0.12873,0.0276,-0.0973,-0.0848,0.0083,0.00000,0.00000,1.4132,0.9475
1879,75.1600,0.2308,0.0000,-0.0729,0.3420,-0.0057,0.0336,0.0293,0.0146,-0.0630,1.5933,0.9320,0.2217,-0.03327,-0.12214,0.0236,-0.1014,-0.0931,0.0063,0.00000,0.00000,1.4152,0.9382
1880,75.2000,0.2305,0.0000,-0.0719,0.3394,-0.0049,0.0352,0.0246,0.0115,-0.0533,1.5952,0.9185,0.2220,-0.03284,-0.11592,0.0280,-0.1018,-0.0879,0.0091,0.00000,0.00000,1.4172,0.9288
1881,75.2400,0.2302,0.0000,-0.0711,0.3366,-0.0049,0.0349,0.0251,0.0107,-0.0570,1.5970,0.9052,0.2224,-0.03237,-0.10987,0.0280,-0.1026,-0.0915,0.0076,0.00000,0.00000,1.4191,0.9193
1882,75.2800,0.2298,0.0000,-0.0705,0.3337,-0.0058,0.0338,0.0313,0.0132,-0.0547,1.5988,0.8919,0.2227,-0.03188,-0.10283,0.0256,-0.1024,-0.0913,0.0030,0.00000,0.00000,1.4211,0.9098
1883,75.3200,0.2295,0.0000,-0.0700,0.3302,-0.0041,0.0344,0.0208,0.0234,-0.0575,1.6006,0.8788,0.2230,-0.03090,-0.09505,0.0261,-0.1066,-0.0902,0.0021,0.00000,0.00000,1.4230,0.9002
1884,75.3600,0.2292,0.0000,-0.0698,0.3341,-0.0009,0.0290,0.0030,-0.0213,-0.0791,1.6024,0.8657,0.2232,-0.03110,-0.09303,0.0242,-0.1053,-0.0989,0.0105,0.00000,0.00000,1.4249,0.8906
1885,75.4000,0.2289,0.0000,-0.0695,0.3359,-0.0005,0.0315,0.0001,-0.0160,-0.0967,1.6044,0.8525,0.2233,-0.03179,-0.09289,0.0257,-0.1088,-0.1133,0.0198,0.00000,0.00000,1.4267,0.8809
1886,75.4400,0.2286,0.0000,-0.0692,0.3390,-0.0024,0.0307,0.0104,-0.0345,-0.0881,1.6062,0.8393,0.2235,-0.03285,-0.09206,0.0252,-0.1060,-0.1118,0.0154,0.00000,0.00000,1.4286,0.8712
1887,75.4800,0.2283,0.0000,-0.0688,0.3407,-0.0015,0.0258,0.0054,-0.0427,-0.0970,1.6080,0.8259,0.2236,-0.03457,-0.08966,0.0253,-0.1058,-0.1106,0.0152,0.00000,0.00000,1.4304,0.8614
1888,75.5200,0.2280,0.0000,-0.0683,0.3400,0.0010,0.0277,-0.0074,-0.0141,-0.0912,1.6098,0.8125,0.2237,-0.03558,-0.09036,0.0258,-0.1084,-0.1178,0.0179,0.00000,0.00000,1.4322,0.8515
1889,75.5600,0.2278,0.0000,-0.0677,0.3418,0.0013,0.0216,-0.0089,-0.0378,-0.0872,1.6117,0.7991,0.2236,-0.03674,-0.09372,0.0226,-0.1047,-0.1119,0.0118,0.00000,0.00000,1.4340,0.8416
1890,75.6000,0.2275,0.0000,-0.0670,0.3361,-0.0061,0.0299,0.0312,0.0183,-0.0523,1.6134,0.7857,0.2236,-0.03687,-0.09025,0.0240,-0.1052,-0.1160,0.0191,0.00000,0.00000,1.4357,0.8317
1891,75.6400,0.2272,0.0000,-0.0664,0.3398,-0.0005,0.0243,0.0007,-0.0480,-0.1244,1.6149,0.7723,0.2237,-0.03815,-0.08592,0.0254,-0.1040,-0.0980,0.0012,0.00000,0.00000,1.4374,0.8217
1892,75.6800,0.2270,0.0000,-0.0657,0.3369,0.0010,0.0273,-0.0068,-0.0122,-0.0978,1.6166,0.7590,0.2238,-0.03911,-0.08785,0.0248,-0.1092,-0.1168,0.0185,0.00000,0.00000,1.4391,0.8116
1893,75.7200,0.2268,0.0000,-0.0649,0.3356,0.0009,0.0238,-0.0062,-0.0050,-0.0791,1.6183,0.7457,0.2239,-0.03946,-0.09043,0.0243,-0.1075,-0.1108,0.0103,0.00000,0.00000,1.4408,0.8015
1894,75.7600,0.2265,0.0000,-0.0640,0.3345,0.0008,0.0217,-0.0056,-0.0038,-0.0857,1.6199,0.7325,0.2238,-0.03966,-0.09249,0.0227,-0.1071,-0.1122,0.0145,0.00000,0.00000,1.4425,0.7913
1895,75.8000,0.2263,0.0000,-0.0631,0.3340,0.0007,0.0253,-0.0055,-0.0047,-0.0962,1.6214,0.7192,0.2238,-0.03985,-0.09514,0.0230,-0.1090,-0.1135,0.0154,0.00000,0.00000,1.4441,0.7811
1896,75.8400,0.2262,0.0000,-0.0622,0.3325,-0.0002,0.0273,-0.0005,0.0104,-0.0859,1.6229,0.7060,0.2239,-0.03968,-0.09654,0.0228,-0.1106,-0.1149,0.0124,0.00000,0.00000,1.4457,0.7708
1897,75.8800,0.2260,0.0000,-0.0612,0.3319,-0.0002,0.0261,-0.0004,0.0030,-0.0776,1.6243,0.6929,0.2240,-0.03946,-0.09694,0.0230,-0.1120,-0.1169,0.0137,0.00000,0.00000,1.4473,0.7605
1898,75.9200,0.2258,0.0000,-0.0603,0.3313,0.0009,0.0232,-0.0062,-0.0038,-0.0852,1.6257,0.6797,0.2240,-0.03955,-0.09866,0.0219,-0.1108,-0.1153,0.0099,0.00000,0.00000,1.4489,0.7501
1899,75.9600,0.2257,0.0000,-0.0594,0.3304,0.0012,0.0246,-0.0078,-0.0029,-0.0796,1.6271,0.6666,0.2240,-0.03971,-0.10244,0.0229,-0.1113,-0.1146,0.0164,0.00000,0.00000,1.4504,0.7397
1900,76.0000,0.2256,0.0000,-0.0585,0.3299,-0.0003,0.0234,-0.0001,-0.0126,-0.0720,1.6284,0.6536,0.2240,-0.03998,-0.10437,0.0223,-0.1084,-0.1169,0.0111,0.00000,0.00000,1.4519,0.7293
1901,76.0400,0.2255,0.0000,-0.0576,0.3287,0.0010,0.0258,-0.0066,-0.0057,-0.0885,1.6297,0.6405,0.2240,-0.04043,-0.10596,0.0254,-0.1110,-0.1158,0.0155,0.00000,0.00000,1.4534,0.7187
1902,76.0800,0.2254,0.0000,-0.0567,0.3264,0.0010,0.0251,-0.0067,0.0165,-0.0767,1.6309,0.6275,0.2241,-0.04010,-0.10977,0.0214,-0.1113,-0.1165,0.0095,0.00000,0.00000,1.4549,0.7082
1903,76.1200,0.2254,0.0000,-0.0558,0.3255,0.0003,0.0223,-0.0033,0.0144,-0.0852,1.6321,0.6146,0.2240,-0.03957,-0.11282,0.0222,-0.1086,-0.1116,0.0180,0.00000,0.00000,1.4563,0.6976
1904,76.1600,0.2253,0.0000,-0.0549,0.3243,-0.0000,0.0265,-0.0012,0.0227,-0.0584,1.6333,0.6017,0.2240,-0.03872,-0.11421,0.0212,-0.1141,-0.1221,0.0117,0.00000,0.00000,1.4578,0.6869
1905,76.2000,0.2253,0.0000,-0.0541,0.3249,0.0011,0.0265,-0.0073,0.0003,-0.0726,1.6344,0.5888,0.2241,-0.03842,-0.11735,0.0245,-0.1126,-0.1157,0.0143,0.00000,0.00000,1.4592,0.6763
1906,76.2400,0.2253,0.0000,-0.0533,0.3249,0.0006,0.0261,-0.0045,-0.0139,-0.0645,1.6356,0.5759,0.2242,-0.03869,-0.12117,0.0236,-0.1132,-0.1212,0.0116,0.00000,0.00000,1.4606,0.6655
1907,76.2800,0.2253,0.0000,-0.0526,0.3232,0.0013,0.0241,-0.0082,0.0014,-0.0564,1.6366,0.5630,0.2242,-0.03893,-0.12463,0.0244,-0.1124,-0.1173,0.0088,0.00000,0.00000,1.4619,0.6547
1908,76.3200,0.2253,0.0000,-0.0520,0.3216,0.0028,0.0231,-0.0162,0.0116,-0.0719,1.6377,0.5502,0.2241,-0.03865,-0.13293,0.0247,-0.1111,-0.1155,0.0138,0.00000,0.00000,1.4632,0.6439
1909,76.3600,0.2254,0.0000,-0.0514,0.3215,0.0020,0.0236,-0.0120,0.0009,-0.0682,1.6389,0.5374,0.2241,-0.03841,-0.14312,0.0232,-0.1116,-0.1160,0.0112,0.00000,0.00000,1.4645,0.6331
1910,76.4000,0.2254,0.0000,-0.0508,0.3207,0.0010,0.0269,-0.0065,0.0052,-0.0558,1.6399,0.5247,0.2241,-0.03829,-0.14967,0.0257,-0.1148,-0.1186,0.0128,0.00000,0.00000,1.4658,0.6222
1911,76.4400,0.2255,0.0000,-0.0503,0.3197,0.0004,0.0261,-0.0034,0.0115,-0.0551,1.6408,0.5120,0.2242,-0.03791,-0.15435,0.0241,-0.1139,-0.1176,0.0094,0.00000,0.00000,1.4671,0.6112
1912,76.4800,0.2256,0.0000,-0.0499,0.3191,0.0012,0.0249,-0.0078,0.0091,-0.0634,1.6418,0.4993,0.2242,-0.03756,-0.16012,0.0253,-0.1137,-0.1161,0.0117,0.00000,0.00000,1.4683,0.6003
1913,76.5200,0.2257,0.0000,-0.0496,0.3179,0.0008,0.0254,-0.0054,0.0190,-0.0509,1.6427,0.4866,0.2242,-0.03689,-0.16653,0.0227,-0.1149,-0.1209,0.0082,0.00000,0.00000,1.4695,0.5892
1914,76.5600,0.2258,0.0000,-0.0493,0.3180,0.0007,0.0251,-0.0048,0.0081,-0.0447,1.6436,0.4739,0.2242,-0.03642,-0.17193,0.0239,-0.1147,-0.1184,0.0092,0.00000,0.00000,1.4707,0.5782
1915,76.6000,0.2260,0.0000,-0.0491,0.3177,-0.0004,0.0277,0.0010,0.0092,-0.0555,1.6444,0.4613,0.2242,-0.03605,-0.17570,0.0269,-0.1125,-0.1188,0.0177,0.00000,0.00000,1.4719,0.5671
1916,76.6400,0.2261,0.0000,-0.0490,0.3178,-0.0004,0.0265,0.0007,0.0034,-0.0480,1.6452,0.4487,0.2242,-0.03582,-0.17759,0.0223,-0.1154,-0.1210,0.0032,0.00000,0.00000,1.4730,0.5560
1917,76.6800,0.2263,0.0000,-0.0489,0.3172,0.0025,0.0263,-0.0144,0.0076,-0.0636,1.6460,0.4360,0.2242,-0.03576,-0.18587,0.0280,-0.1152,-0.1131,0.0151,0.00000,0.00000,1.4742,0.5448
1918,76.7200,0.2265,0.0000,-0.0489,0.3163,0.0010,0.0257,-0.0066,0.0180,-0.0397,1.6469,0.4234,0.2243,-0.03504,-0.19677,0.0229,-0.1152,-0.1212,0.0080,0.00000,0.00000,1.4753,0.5336
1919,76.7600,0.2266,0.0000,-0.0489,0.3155,0.0009,0.0265,-0.0061,0.0348,-0.0496,1.6476,0.4108,0.2242,-0.03405,-0.20298,0.0260,-0.1161,-0.1159,0.0134,0.00000,0.00000,1.4763,0.5224
1920,76.8000,0.2268,0.0000,-0.0490,0.3174,0.0001,0.0276,-0.0019,0.0046,-0.0391,1.6484,0.3982,0.2243,-0.03332,-0.21011,0.0254,-0.1149,-0.1170,0.0135,0.00000,0.00000,1.4774,0.5111
1921,76.8400,0.2270,0.0000,-0.0491,0.3178,-0.0006,0.0252,0.0017,0.0012,-0.0414,1.6491,0.3856,0.2243,-0.03327,-0.21238,0.0268,-0.1117,-0.1143,0.0096,0.00000,0.00000,1.4784,0.4998
1922,76.8800,0.2272,0.0000,-0.0494,0.3186,-0.0002,0.0251,-0.0001,-0.0106,-0.0357,1.6498,0.3729,0.2242,-0.03348,-0.21482,0.0252,-0.1117,-0.1168,0.0114,0.00000,0.00000,1.4794,0.4885
1923,76.9200,0.2274,0.0000,-0.0497,0.3179,0.0013,0.0287,-0.0078,0.0103,-0.0430,1.6505,0.3602,0.2242,-0.03349,-0.22065,0.0282,-0.1147,-0.1153,0.0149,0.00000,0.00000,1.4804,0.4771
1924,76.9600,0.2276,0.0000,-0.0501,0.3182,0.0007,0.0270,-0.0051,0.0111,-0.0496,1.6512,0.3475,0.2243,-0.03299,-0.23072,0.0255,-0.1127,-0.1158,0.0104,0.00000,0.00000,1.4814,0.4657
1925,77.0000,0.2278,0.0000,-0.0505,0.3199,-0.0004,0.0229,0.0009,-0.0193,-0.0326,1.6518,0.3349,0.2242,-0.03330,-0.23576,0.0238,-0.1115,-0.1149,0.0075,0.00000,0.00000,1.4823,0.4543
1926,77.0400,0.2279,0.0000,-0.0509,0.3194,0.0010,0.0291,-0.0061,0.0001,-0.0503,1.6524,0.3221,0.2241,-0.03371,-0.24058,0.0298,-0.1143,-0.1167,0.0190,0.00000,0.00000,1.4832,0.4428
1927,77.0800,0.2281,0.0000,-0.0514,0.3183,0.0003,0.0274,-0.0031,0.0272,-0.0403,1.6531,0.3094,0.2242,-0.03298,-0.24999,0.0217,-0.1144,-0.1170,0.0024,0.00000,0.00000,1.4841,0.4314
1928,77.1200,0.2283,0.0000,-0.0520,0.3199,0.0005,0.0269,-0.0038,0.0024,-0.0365,1.6537,0.2967,0.2242,-0.03257,-0.25798,0.0294,-0.1134,-0.1131,0.0203,0.00000,0.00000,1.4849,0.4199
1929,77.1600,0.2285,0.0000,-0.0525,0.3209,-0.0002,0.0269,-0.0000,-0.0079,-0.0383,1.6543,0.2839,0.2242,-0.03265,-0.26374,0.0273,-0.1119,-0.1167,0.0108,0.00000,0.00000,1.4858,0.4083
1930,77.2000,0.2286,0.0000,-0.0531,0.3209,0.0009,0.0258,-0.0060,0.0019,-0.0508,1.6549,0.2711,0.2242,-0.03284,-0.27272,0.0274,-0.1122,-0.1108,0.0109,0.00000,0.00000,1.4866,0.3968
1931,77.2400,0.2288,0.0000,-0.0537,0.3212,0.0008,0.0251,-0.0056,-0.0012,-0.0352,1.6555,0.2584,0.2242,-0.03275,-0.28485,0.0276,-0.1105,-0.1141,0.0103,0.00000,0.00000,1.4874,0.3852
1932,77.2800,0.2290,0.0000,-0.0543,0.3221,0.0009,0.0266,-0.0059,-0.0084,-0.0407,1.6560,0.2456,0.2241,-0.03301,-0.29508,0.0296,-0.1121,-0.1143,0.0129,0.00000,0.00000,1.4881,0.3736
1933,77.3200,0.2291,0.0000,-0.0550,0.3212,0.0005,0.0276,-0.0038,0.0177,-0.0462,1.6566,0.2328,0.2242,-0.03275,-0.30706,0.0267,-0.1130,-0.1131,0.0099,0.00000,0.00000,1.4889,0.3619
1934,77.3600,0.2292,0.0000,-0.0557,0.3224,0.0009,0.0266,-0.0059,0.0001,-0.0321,1.6571,0.2199,0.2242,-0.03248,-0.31933,0.0296,-0.1125,-0.1117,0.0102,0.00000,0.00000,1.4896,0.3503
1935,77.4000,0.2294,0.0000,-0.0563,0.3237,-0.0016,0.0144,0.0069,-0.0117,-0.0761,1.6576,0.2071,0.2239,-0.03299,-0.33452,0.0186,-0.0990,-0.0892,0.0169,0.00000,0.00000,1.4903,0.3386
1936,77.4400,0.2295,0.0000,-0.0569,0.3230,0.0010,0.0185,-0.0069,0.0158,-0.0723,1.6580,0.1942,0.2234,-0.03292,-0.35274,0.0198,-0.1045,-0.0938,0.0126,0.00000,0.00000,1.4910,0.3269
1937,77.4800,0.2296,0.0000,-0.0573,0.3240,0.0021,0.0254,-0.0125,0.0221,-0.0777,1.6585,0.1813,0.2233,-0.03211,-0.39055,0.0207,-0.1052,-0.0963,0.0147,0.00000,0.00000,1.4916,0.3152
1938,77.5200,0.2297,0.0000,-0.0576,0.3261,0.0003,0.0257,-0.0033,0.0144,-0.0785,1.6590,0.1683,0.2232,-0.03148,-0.43006,0.0196,-0.1060,-0.0956,0.0081,0.00000,0.00000,1.4922,0.3034
1939,77.5600,0.2298,0.0000,-0.0577,0.3284,-0.0005,0.0264,0.0010,0.0013,-0.0831,1.6594,0.1552,0.2232,-0.03131,-0.46729,0.0209,-0.1058,-0.0957,0.0130,0.00000,0.00000,1.4928,0.2917
1940,77.6000,0.2299,0.0000,-0.0577,0.3301,0.0001,0.0292,-0.0019,0.0014,-0.0723,1.6597,0.1421,0.2232,-0.03130,-0.50938,0.0237,-0.1068,-0.0977,0.0126,0.00000,0.00000,1.4934,0.2799
1941,77.6400,0.2300,0.0000,-0.0576,0.3316,-0.0011,0.0272,0.0042,0.0037,-0.0685,1.6599,0.1289,0.2233,-0.03118,-0.55384,0.0232,-0.1029,-0.0974,0.0148,0.00000,0.00000,1.4939,0.2681
1942,77.6800,0.2301,0.0000,-0.0574,0.3335,0.0006,0.0261,-0.0048,-0.0038,-0.0722,1.6602,0.1157,0.2233,-0.03133,-0.60630,0.0237,-0.1053,-0.0971,0.0109,0.00000,0.00000,1.4945,0.2563
1943,77.7200,0.2301,0.0000,-0.0571,0.3356,0.0019,0.0263,-0.0115,-0.0150,-0.0850,1.6605,0.1024,0.2232,-0.03178,-0.70131,0.0247,-0.1038,-0.0974,0.0129,0.00000,0.00000,1.4950,0.2444
1944,77.7600,0.2301,0.0000,-0.0568,0.3372,0.0011,0.0278,-0.0074,-0.0160,-0.0775,1.6607,0.0890,0.2233,-0.03245,-0.82040,0.0246,-0.1064,-0.0991,0.0127,0.00000,0.00000,1.4955,0.2326
1945,77.8000,0.2301,0.0000,-0.0564,0.3382,-0.0002,0.0269,-0.0008,-0.0100,-0.0762,1.6609,0.0755,0.2233,-0.03297,-0.95080,0.0240,-0.1054,-0.0997,0.0125,0.00000,0.00000,1.4959,0.2207
1946,77.8400,0.2301,0.0000,-0.0559,0.3392,0.0005,0.0253,-0.0042,-0.0104,-0.0738,1.6610,0.0620,0.2233,-0.03347,-1.11214,0.0250,-0.1043,-0.0957,0.0127,0.00000,0.00000,1.4963,0.2088
1947,77.8800,0.2300,0.0000,-0.0554,0.3400,0.0008,0.0208,-0.0061,-0.0107,-0.0737,1.6612,0.0485,0.2232,-0.03391,-1.30153,0.0208,-0.1014,-0.0956,0.0068,0.00000,0.00000,1.4967,0.1970
1948,77.9200,0.2299,0.0000,-0.0549,0.3403,0.0007,0.0258,-0.0050,0.0048,-0.0808,1.6612,0.0349,0.2231,-0.03399,-1.51005,0.0229,-0.1040,-0.1005,0.0174,0.00000,0.00000,1.4971,0.1851
1949,77.9600,0.2298,0.0000,-0.0543,0.3424,0.0009,0.0284,-0.0063,-0.0112,-0.0698,1.6613,0.0213,0.2232,-0.03424,-1.73148,0.0242,-0.1064,-0.0974,0.0090,0.00000,0.00000,1.4975,0.1731
1950,78.0000,0.2296,0.0000,-0.0537,0.3433,-0.0004,0.0245,0.0002,-0.0160,-0.0744,1.6613,0.0077,0.2232,-0.03481,-1.93205,0.0241,-0.1013,-0.0968,0.0136,0.00000,0.00000,1.4978,0.1612
1951,78.0400,0.2294,0.0000,-0.0530,0.3430,0.0010,0.0266,-0.0071,0.0010,-0.0622,1.6612,-0.0060,0.2232,-0.03509,-2.08764,0.0264,-0.1053,-0.1001,0.0119,0.00000,0.00000,1.4981,0.1493
1952,78.0800,0.2292,0.0000,-0.0524,0.3426,0.0010,0.0250,-0.0070,0.0184,-0.0741,1.6612,-0.0197,0.2232,-0.03463,-2.22463,0.0241,-0.1020,-0.0979,0.0128,0.00000,0.00000,1.4984,0.1373
1953,78.1200,0.2289,0.0000,-0.0519,0.3448,0.0016,0.0257,-0.0101,-0.0081,-0.0730,1.6612,-0.0334,0.2232,-0.03461,-2.33571,0.0257,-0.1062,-0.0992,0.0123,0.00000,0.00000,1.4987,0.1254
1954,78.1600,0.2287,0.0000,-0.0513,0.3458,-0.0024,0.0301,0.0113,-0.0078,-0.0878,1.6610,-0.0471,0.2234,-0.03481,-2.44968,0.0241,-0.1054,-0.1092,0.0224,0.00000,0.00000,1.4989,0.1134
1955,78.2000,0.2283,0.0000,-0.0506,0.3475,-0.0023,0.0278,0.0108,-0.0277,-0.0673,1.6607,-0.0609,0.2235,-0.03571,-2.56162,0.0216,-0.1094,-0.1070,0.0028,0.00000,0.00000,1.4991,0.1014
1956,78.2400,0.2280,0.0000,-0.0500,0.3476,-0.0003,0.0232,0.0005,-0.0350,-0.0797,1.6604,-0.0747,0.2235,-0.03707,-2.64146,0.0258,-0.1021,-0.1032,0.0183,0.00000,0.00000,1.4993,0.0895
1957,78.2800,0.2276,0.0000,-0.0493,0.3456,0.0014,0.0244,-0.0088,-0.0012,-0.0685,1.6601,-0.0885,0.2235,-0.03765,-2.69122,0.0244,-0.1046,-0.1072,0.0117,0.00000,0.00000,1.4995,0.0775
1958,78.3200,0.2272,0.0000,-0.0486,0.3462,0.0014,0.0231,-0.0089,-0.0182,-0.0767,1.6599,-0.1022,0.2235,-0.03811,-2.72454,0.0216,-0.1058,-0.1080,0.0128,0.00000,0.00000,1.4996,0.0655
1959,78.3600,0.2268,0.0000,-0.0479,0.3459,0.0008,0.0261,-0.0057,-0.0160,-0.0812,1.6596,-0.1160,0.2235,-0.03883,-2.76063,0.0247,-0.1072,-0.1080,0.0158,0.00000,0.00000,1.4998,0.0535
1960,78.4000,0.2264,0.0000,-0.0472,0.3461,-0.0008,0.0254,0.0027,-0.0293,-0.0690,1.6592,-0.1297,0.2236,-0.03975,-2.79557,0.0235,-0.1061,-0.1091,0.0127,0.00000,0.00000,1.4999,0.0415
1961,78.4400,0.2259,0.0000,-0.0465,0.3446,0.0001,0.0244,-0.0019,-0.0175,-0.0722,1.6588,-0.1435,0.2237,-0.04074,-2.82732,0.0251,-0.1068,-0.1079,0.0149,0.00000,0.00000,1.4999,0.0295
1962,78.4800,0.2254,0.0000,-0.0458,0.3433,0.0012,0.0220,-0.0075,-0.0180,-0.0785,1.6584,-0.1571,0.2237,-0.04142,-2.84976,0.0230,-0.1049,-0.1090,0.0117,0.00000,0.00000,1.5000,0.0175
1963,78.5200,0.2249,0.0000,-0.0451,0.3417,0.0002,0.0236,-0.0022,-0.0094,-0.0705,1.6579,-0.1708,0.2237,-0.04191,-2.86883,0.0234,-0.1066,-0.1131,0.0160,0.00000,0.00000,1.5000,0.0055
1964,78.5600,0.2244,0.0000,-0.0444,0.3401,0.0005,0.0216,-0.0040,-0.0068,-0.0645,1.6574,-0.1843,0.2237,-0.04224,-2.88660,0.0217,-0.1058,-0.1103,0.0060,0.00000,0.00000,1.5000,-0.0065
1965,78.6000,0.2239,0.0000,-0.0437,0.3374,0.0023,0.0239,-0.0132,0.0167,-0.0729,1.6570,-0.1978,0.2236,-0.04202,-2.89681,0.0227,-0.1097,-0.1117,0.0131,0.00000,0.00000,1.5000,-0.0185
1966,78.6400,0.2234,0.0000,-0.0431,0.3364,0.0011,0.0263,-0.0069,0.0162,-0.0774,1.6565,-0.2112,0.2237,-0.04131,-2.90553,0.0232,-0.1096,-0.1127,0.0161,0.00000,0.00000,1.4999,-0.0305
1967,78.6800,0.2228,0.0000,-0.0424,0.3366,-0.0006,0.0232,0.0018,-0.0105,-0.0680,1.6559,-0.2246,0.2238,-0.04136,-2.92072,0.0226,-0.1081,-0.1089,0.0103,0.00000,0.00000,1.4999,-0.0425
1968,78.7200,0.2223,0.0000,-0.0418,0.3347,0.0010,0.0237,-0.0063,-0.0007,-0.0723,1.6552,-0.2380,0.2238,-0.04162,-2.93386,0.0259,-0.1084,-0.1110,0.0137,0.00000,0.00000,1.4998,-0.0545
1969,78.7600,0.2217,0.0000,-0.0411,0.3330,0.0000,0.0257,-0.0013,0.0074,-0.0625,1.6546,-0.2512,0.2239,-0.04135,-2.94271,0.0221,-0.1101,-0.1175,0.0137,0.00000,0.00000,1.4996,-0.0665
1970,78.8000,0.2212,0.0000,-0.0405,0.3320,0.0003,0.0257,-0.0029,0.0048,-0.0651,1.6539,-0.2645,0.2239,-0.04121,-2.95289,0.0248,-0.1116,-0.1143,0.0126,0.00000,0.00000,1.4995,-0.0785
1971,78.8400,0.2206,0.0000,-0.0400,0.3318,0.0001,0.0214,-0.0019,-0.0196,-0.0705,1.6532,-0.2777,0.2239,-0.04158,-2.96217,0.0221,-0.1073,-0.1125,0.0106,0.00000,0.00000,1.4993,-0.0904
1972,78.8800,0.2201,0.0000,-0.0394,0.3293,0.0018,0.0225,-0.0105,0.0016,-0.0684,1.6525,-0.2908,0.2239,-0.04194,-2.96891,0.0237,-0.1105,-0.1137,0.0096,0.00000,0.00000,1.4991,-0.1024
1973,78.9200,0.2195,0.0000,-0.0389,0.3273,0.0008,0.0245,-0.0054,0.0106,-0.0519,1.6518,-0.3039,0.2239,-0.04154,-2.97183,0.0226,-0.1098,-0.1181,0.0117,0.00000,0.00000,1.4989,-0.1144
1974,78.9600,0.2190,0.0000,-0.0385,0.3256,0.0007,0.0250,-0.0039,0.0201,-0.0437,1.6510,-0.3168,0.2239,-0.04097,-2.97503,0.0233,-0.1125,-0.1160,0.0097,0.00000,0.00000,1.4987,-0.1263
1975,79.0000,0.2184,0.0000,-0.0382,0.3253,-0.0001,0.0239,-0.0008,-0.0007,-0.0612,1.6502,-0.3298,0.2239,-0.04065,-2.97997,0.0221,-0.1101,-0.1170,0.0139,0.00000,0.00000,1.4984,-0.1383
1976,79.0400,0.2178,0.0000,-0.0379,0.3229,0.0003,0.0254,-0.0018,0.0271,-0.0684,1.6494,-0.3427,0.2240,-0.04008,-2.98736,0.0228,-0.1112,-0.1159,0.0087,0.00000,0.00000,1.4981,-0.1502
1977,79.0800,0.2173,0.0000,-0.0377,0.3227,0.0016,0.0239,-0.0088,0.0060,-0.0391,1.6486,-0.3556,0.2240,-0.03955,-2.98866,0.0215,-0.1139,-0.1167,0.0058,0.00000,0.00000,1.4978,-0.1622
1978,79.1200,0.2167,0.0000,-0.0375,0.3212,-0.0002,0.0252,0.0009,0.0153,-0.0458,1.6477,-0.3684,0.2240,-0.03905,-2.99051,0.0241,-0.1103,-0.1192,0.0192,0.00000,0.00000,1.4975,-0.1741
1979,79.1600,0.2161,0.0000,-0.0375,0.3213,0.0005,0.0258,-0.0032,0.0003,-0.0487,1.6469,-0.3812,0.2240,-0.03888,-2.99440,0.0241,-0.1121,-0.1160,0.0063,0.00000,0.00000,1.4971,-0.1860
1980,79.2000,0.2155,0.0000,-0.0376,0.3209,0.0019,0.0230,-0.0103,-0.0122,-0.0550,1.6460,-0.3939,0.2240,-0.03928,-2.99526,0.0233,-0.1120,-0.1134,0.0081,0.00000,0.00000,1.4967,-0.1979
1981,79.2400,0.2150,0.0000,-0.0377,0.3184,0.0009,0.0275,-0.0053,0.0173,-0.0397,1.6452,-0.4066,0.2240,-0.03901,-2.99505,0.0264,-0.1133,-0.1204,0.0156,0.00000,0.00000,1.4963,-0.2098
1982,79.2800,0.2144,0.0000,-0.0379,0.3176,-0.0006,0.0248,0.0026,0.0152,-0.0362,1.6442,-0.4193,0.2241,-0.03838,-2.99764,0.0221,-0.1121,-0.1181,0.0068,0.00000,0.00000,1.4959,-0.2217
1983,79.3200,0.2138,0.0000,-0.0382,0.3176,0.0004,0.0244,-0.0026,-0.0003,-0.0509,1.6433,-0.4319,0.2240,-0.03825,-3.00126,0.0243,-0.1127,-0.1171,0.0119,0.00000,0.00000,1.4954,-0.2335
1984,79.3600,0.2132,0.0000,-0.0386,0.3167,0.0014,0.0253,-0.0075,0.0025,-0.0460,1.6423,-0.4445,0.2240,-0.03825,-3.00227,0.0245,-0.1128,-0.1155,0.0082,0.00000,0.00000,1.4949,-0.2454
1985,79.4000,0.2126,0.0000,-0.0390,0.3157,0.0009,0.0237,-0.0051,0.0023,-0.0412,1.6414,-0.4571,0.2240,-0.03815,-3.00230,0.0247,-0.1106,-0.1154,0.0102,0.00000,0.00000,1.4944,-0.2572
1986,79.4400,0.2120,0.0000,-0.0395,0.3138,0.0013,0.0281,-0.0073,0.0260,-0.0400,1.6404,-0.4696,0.2241,-0.03749,-3.00223,0.0267,-0.1157,-0.1218,0.0100,0.00000,0.00000,1.4939,-0.2690
1987,79.4800,0.2113,0.0000,-0.0401,0.3146,0.0003,0.0257,-0.0017,-0.0006,-0.0456,1.6395,-0.4821,0.2241,-0.03710,-3.00285,0.0252,-0.1119,-0.1166,0.0083,0.00000,0.00000,1.4934,-0.2808
1988,79.5200,0.2107,0.0000,-0.0407,0.3141,-0.0009,0.0247,0.0042,-0.0070,-0.0319,1.6384,-0.4945,0.2241,-0.03734,-3.00670,0.0275,-0.1106,-0.1161,0.0116,0.00000,0.00000,1.4928,-0.2926
1989,79.5600,0.2101,0.0000,-0.0414,0.3128,-0.0001,0.0237,-0.0001,0.0011,-0.0257,1.6373,-0.5070,0.2240,-0.03743,-3.00951,0.0253,-0.1094,-0.1171,0.0065,0.00000,0.00000,1.4922,-0.3044
1990,79.6000,0.2094,0.0000,-0.0422,0.3118,0.0027,0.0267,-0.0143,0.0030,-0.0337,1.6364,-0.5194,0.2240,-0.03739,-3.00747,0.0289,-0.1136,-0.1189,0.0085,0.00000,0.00000,1.4916,-0.3161
1991,79.6400,0.2088,0.0000,-0.0432,0.3105,0.0014,0.0283,-0.0078,0.0159,-0.0403,1.6354,-0.5318,0.2241,-0.03692,-3.00447,0.0278,-0.1131,-0.1197,0.0101,0.00000,0.00000,1.4909,-0.3278
1992,79.6800,0.2081,0.0000,-0.0442,0.3100,-0.0011,0.0269,0.0054,0.0136,-0.0391,1.6343,-0.5441,0.2242,-0.03640,-3.00702,0.0277,-0.1117,-0.1162,0.0128,0.00000,0.00000,1.4902,-0.3395
1993,79.7200,0.2074,0.0000,-0.0452,0.3107,0.0001,0.0249,-0.0007,-0.0147,-0.0532,1.6332,-0.5564,0.2242,-0.03659,-3.01099,0.0300,-0.1104,-0.1157,0.0078,0.00000,0.00000,1.4895,-0.3512
1994,79.7600,0.2067,0.0000,-0.0462,0.3090,0.0002,0.0265,-0.0011,0.0038,-0.0494,1.6321,-0.5687,0.2242,-0.03678,-3.01387,0.0270,-0.1125,-0.1187,0.0106,0.00000,0.00000,1.4888,-0.3629
1995,79.8000,0.2060,0.0000,-0.0473,0.3084,0.0010,0.0254,-0.0057,0.0002,-0.0400,1.6310,-0.5810,0.2242,-0.03681,-3.01511,0.0288,-0.1112,-0.1126,0.0100,0.00000,0.00000,1.4881,-0.3745
1996,79.8400,0.2053,0.0000,-0.0483,0.3077,-0.0001,0.0239,0.0003,-0.0063,-0.0301,1.6299,-0.5932,0.2241,-0.03687,-3.01593,0.0282,-0.1086,-0.1184,0.0100,0.00000,0.00000,1.4873,-0.3861
1997,79.8800,0.2046,0.0000,-0.0494,0.3074,0.0012,0.0255,-0.0065,-0.0140,-0.0415,1.6288,-0.6054,0.2241,-0.03744,-3.01681,0.0314,-0.1096,-0.1126,0.0112,0.00000,0.00000,1.4865,-0.3977
1998,79.9200,0.2038,0.0000,-0.0505,0.3054,0.0002,0.0286,-0.0014,0.0102,-0.0450,1.6277,-0.6175,0.2241,-0.03735,-3.01749,0.0296,-0.1109,-0.1199,0.0117,0.00000,0.00000,1.4857,-0.4092
1999,79.9600,0.2031,0.0000,-0.0517,0.3055,0.0012,0.0244,-0.0069,-0.0096,-0.0496,1.6265,-0.6297,0.2242,-0.03758,-3.01869,0.0296,-0.1102,-0.1092,0.0056,0.00000,0.00000,1.4849,-0.4208
