step,time_s,cmd_vx,cmd_vy,cmd_wz,act_vx,act_vy,act_vz,act_wx,act_wy,act_wz,pos_x,pos_y,pos_z,pitch_rad,roll_rad,action_0,action_1,action_2,action_3,lqr_left,lqr_right,ref_x,ref_y
0,0.0000,-0.0150,0.0000,0.0600,-0.0274,-0.0001,-0.2724,0.4372,1.9547,-0.2047,-0.4416,0.3561,0.4450,0.08172,2.42142,1.1963,0.6219,-1.1936,-0.1261,0.00000,0.00000,0.0000,0.0000
1,0.0400,-0.0291,0.0000,0.1128,0.1668,-0.0238,-0.7623,0.6895,0.4550,-1.9489,-0.4423,0.3524,0.4203,0.10027,2.76839,1.4134,1.6464,0.6045,1.5642,0.00000,0.00000,0.0060,0.0120
2,0.0800,-0.0461,0.0000,0.1593,0.1662,0.0077,-1.2040,-0.0499,0.6042,-2.3173,-0.4410,0.3505,0.3792,0.12424,3.04242,2.3728,1.4446,0.9680,1.8918,0.00000,0.00000,0.0120,0.0240
3,0.1200,-0.0661,0.0000,0.2002,0.2436,0.0031,-1.5761,-0.1662,-0.1131,-0.0509,-0.4404,0.3480,0.3214,0.12194,3.07742,1.4481,1.0211,0.6166,1.4161,0.00000,0.00000,0.0180,0.0360
4,0.1600,-0.0851,0.0000,0.2361,0.2689,0.0544,-2.0122,-0.8333,0.1085,1.8821,-0.4384,0.3477,0.2469,0.12650,-3.04921,0.4396,0.5114,0.4744,0.0395,0.00000,0.00000,0.0240,0.0480
5,0.2000,-0.0995,0.0000,0.2678,0.0736,-0.0028,0.0480,-0.0160,-0.7034,-0.0461,-0.4368,0.3460,0.2180,0.10685,-2.97662,-0.1336,-0.3339,-0.4524,0.1939,0.00000,0.00000,0.0300,0.0600
6,0.2400,-0.1108,0.0000,0.2957,0.0984,0.0102,0.1737,-0.3012,-0.9093,0.6756,-0.4373,0.3425,0.2249,0.07338,-2.95141,-0.3246,-0.9054,-0.5343,-0.9413,0.00000,0.00000,0.0360,0.0720
7,0.2800,-0.1210,0.0000,0.3202,0.0878,0.0599,0.1054,-0.3104,-0.5380,0.1697,-0.4355,0.3389,0.2275,0.03511,-2.68811,-0.3505,-0.8960,-0.4428,-0.0968,0.00000,0.00000,0.0420,0.0840
8,0.3200,-0.1299,0.0000,0.3418,0.0929,0.0291,0.0610,-0.1465,-0.6679,0.2838,-0.4332,0.3359,0.2293,0.01459,-2.56884,-0.0126,-0.2764,-0.0610,0.0489,0.00000,0.00000,0.0480,0.0959
9,0.3600,-0.1388,0.0000,0.3607,0.0807,-0.0807,-0.0337,0.3898,-0.3342,0.3495,-0.4349,0.3333,0.2278,0.00097,-2.54519,0.0401,-0.0353,-0.1923,0.0826,0.00000,0.00000,0.0540,0.1079
10,0.4000,-0.1469,0.0000,0.3775,0.0872,-0.0399,0.0143,0.1951,-0.3627,0.2070,-0.4380,0.3302,0.2259,-0.01551,-2.69044,0.0475,-0.1280,-0.1300,-0.0592,0.00000,0.00000,0.0600,0.1199
11,0.4400,-0.1544,0.0000,0.3922,0.0738,-0.0079,0.0727,0.0364,-0.1054,0.2166,-0.4389,0.3274,0.2266,-0.02232,-2.65920,0.0511,-0.1113,-0.1695,0.0556,0.00000,0.00000,0.0660,0.1318
12,0.4800,-0.1613,0.0000,0.4051,0.0766,-0.0181,0.0312,0.0853,-0.2056,0.2673,-0.4394,0.3246,0.2273,-0.02820,-2.30007,0.0374,-0.0923,-0.1607,0.0192,0.00000,0.00000,0.0720,0.1438
13,0.5200,-0.1679,0.0000,0.4165,0.0641,-0.0005,0.0284,-0.0007,-0.0458,0.2863,-0.4400,0.3219,0.2269,-0.03338,-0.46163,0.0542,-0.1276,-0.1509,0.0173,0.00000,0.00000,0.0780,0.1557
14,0.5600,-0.1739,0.0000,0.4265,0.0625,-0.0033,0.0279,0.0111,-0.1272,0.2462,-0.4399,0.3196,0.2267,-0.03624,-0.23496,0.0300,-0.0987,-0.1551,0.0532,0.00000,0.00000,0.0840,0.1676
15,0.6000,-0.1795,0.0000,0.4353,0.0749,-0.0226,0.0281,0.1081,-0.4971,0.2193,-0.4404,0.3173,0.2264,-0.04992,-0.07743,0.0300,-0.0985,-0.1696,0.0485,0.00000,0.00000,0.0899,0.1796
16,0.6400,-0.1847,0.0000,0.4431,0.0410,0.0075,0.0416,-0.0355,-0.0033,0.2946,-0.4409,0.3152,0.2265,-0.05855,-0.00690,0.0594,-0.1237,-0.1573,-0.0582,0.00000,0.00000,0.0959,0.1915
17,0.6800,-0.1895,0.0000,0.4499,0.0337,0.0196,0.0222,-0.0894,-0.1397,0.2634,-0.4400,0.3140,0.2263,-0.06099,-0.08830,0.0423,-0.1009,-0.1480,0.0477,0.00000,0.00000,0.1019,0.2034
18,0.7200,-0.1939,0.0000,0.4559,0.0122,-0.0092,0.0356,0.0426,0.0955,0.3445,-0.4398,0.3133,0.2260,-0.05999,-0.08530,0.0378,-0.1040,-0.1753,0.0332,0.00000,0.00000,0.1079,0.2153
19,0.7600,-0.1978,0.0000,0.4612,0.0104,-0.0053,0.0357,0.0254,-0.0951,0.2045,-0.4401,0.3129,0.2259,-0.06125,-0.06147,0.0463,-0.1051,-0.1316,0.0166,0.00000,0.00000,0.1139,0.2271
20,0.8000,-0.2013,0.0000,0.4659,-0.0062,-0.0131,0.0418,0.0615,-0.0119,0.3268,-0.4406,0.3130,0.2261,-0.06217,-0.03762,0.0214,-0.1136,-0.1831,0.0128,0.00000,0.00000,0.1199,0.2390
21,0.8400,-0.2043,0.0000,0.4700,-0.0155,-0.0002,0.0456,0.0018,-0.0730,0.2020,-0.4410,0.3136,0.2262,-0.06464,-0.02620,0.0645,-0.1066,-0.1372,0.0442,0.00000,0.00000,0.1259,0.2508
22,0.8800,-0.2071,0.0000,0.4736,-0.0469,-0.0105,0.0418,0.0480,0.3083,0.3750,-0.4414,0.3150,0.2266,-0.05695,-0.01720,0.0168,-0.1052,-0.1900,0.0032,0.00000,0.00000,0.1318,0.2626
23,0.9200,-0.2093,0.0000,0.4767,-0.0402,-0.0084,0.0219,0.0364,-0.0611,0.2576,-0.4420,0.3166,0.2261,-0.05406,-0.00935,0.0416,-0.0894,-0.1229,0.0586,0.00000,0.00000,0.1378,0.2744
24,0.9600,-0.2111,0.0000,0.4795,-0.0587,-0.0196,0.0559,0.0878,0.1299,0.3254,-0.4429,0.3187,0.2262,-0.05118,0.00806,0.0197,-0.1161,-0.1999,0.0342,0.00000,0.00000,0.1438,0.2862
25,1.0000,-0.2124,0.0000,0.4820,-0.0616,-0.0138,0.0568,0.0617,0.0137,0.3417,-0.4440,0.3210,0.2269,-0.04916,0.02473,0.0255,-0.1207,-0.1629,0.0285,0.00000,0.00000,0.1497,0.2980
26,1.0400,-0.2132,0.0000,0.4842,-0.0727,0.0023,0.0381,-0.0137,0.0269,0.2547,-0.4447,0.3238,0.2271,-0.04842,0.02608,0.0508,-0.0975,-0.1427,0.0391,0.00000,0.00000,0.1557,0.3098
27,1.0800,-0.2137,0.0000,0.4861,-0.0876,0.0127,0.0343,-0.0635,0.1488,0.3570,-0.4449,0.3271,0.2269,-0.04432,0.01124,0.0334,-0.1168,-0.1563,0.0204,0.00000,0.00000,0.1617,0.3215
28,1.1200,-0.2137,0.0000,0.4877,-0.0856,-0.0132,0.0209,0.0608,-0.0493,0.2367,-0.4455,0.3306,0.2263,-0.04210,0.00642,0.0169,-0.0715,-0.1671,0.0769,0.00000,0.00000,0.1676,0.3332
29,1.1600,-0.2133,0.0000,0.4892,-0.0984,-0.0060,0.0725,0.0245,0.1224,0.3853,-0.4468,0.3342,0.2267,-0.04089,0.01582,0.0353,-0.1547,-0.1779,0.0155,0.00000,0.00000,0.1736,0.3449
30,1.2000,-0.2124,0.0000,0.4905,-0.0993,-0.0045,0.0466,0.0199,-0.0194,0.2191,-0.4478,0.3382,0.2274,-0.03886,0.01533,0.0328,-0.0938,-0.1427,0.0701,0.00000,0.00000,0.1796,0.3566
31,1.2400,-0.2113,0.0000,0.4916,-0.1037,-0.0063,0.0346,0.0277,-0.0568,0.2780,-0.4490,0.3422,0.2273,-0.04071,0.01880,0.0283,-0.1126,-0.1564,0.0430,0.00000,0.00000,0.1855,0.3682
32,1.2800,-0.2099,0.0000,0.4926,-0.1107,0.0063,0.0484,-0.0320,-0.0499,0.2773,-0.4500,0.3465,0.2273,-0.04284,0.01546,0.0500,-0.1181,-0.1552,0.0586,0.00000,0.00000,0.1915,0.3798
33,1.3200,-0.2082,0.0000,0.4935,-0.1154,-0.0123,0.0416,0.0573,-0.0806,0.2909,-0.4512,0.3511,0.2275,-0.04489,0.01457,0.0038,-0.1118,-0.1772,0.0700,0.00000,0.00000,0.1974,0.3914
34,1.3600,-0.2061,0.0000,0.4943,-0.1386,0.0110,0.0552,-0.0549,0.2657,0.3351,-0.4526,0.3560,0.2277,-0.04041,0.01510,0.0518,-0.1429,-0.1648,-0.0007,0.00000,0.00000,0.2034,0.4030
35,1.4000,-0.2037,0.0000,0.4950,-0.1436,0.0141,0.0183,-0.0703,0.2284,0.3151,-0.4534,0.3616,0.2275,-0.03011,0.00075,0.0231,-0.0965,-0.1318,0.0479,0.00000,0.00000,0.2093,0.4145
36,1.4400,-0.2009,0.0000,0.4956,-0.1403,-0.0088,0.0236,0.0373,0.1124,0.3543,-0.4549,0.3670,0.2266,-0.02344,-0.00221,0.0145,-0.1096,-0.1705,0.0634,0.00000,0.00000,0.2153,0.4261
37,1.4800,-0.1976,0.0000,0.4961,-0.1220,-0.0168,0.0386,0.0772,-0.2666,0.2331,-0.4569,0.3720,0.2262,-0.02872,0.00496,0.0122,-0.1089,-0.1350,0.0524,0.00000,0.00000,0.2212,0.4375
38,1.5200,-0.1941,0.0000,0.4966,-0.1546,0.0133,0.0793,-0.0676,0.3319,0.2326,-0.4589,0.3773,0.2271,-0.02470,0.00779,0.0786,-0.1303,-0.1754,-0.0131,0.00000,0.00000,0.2271,0.4490
39,1.5600,-0.1905,0.0000,0.4970,-0.1449,0.0078,0.0197,-0.0415,0.0693,0.2843,-0.4600,0.3832,0.2275,-0.01744,-0.00358,0.0005,-0.1077,-0.1368,0.0433,0.00000,0.00000,0.2331,0.4604
40,1.6000,-0.1867,0.0000,0.4974,-0.1319,-0.0207,0.0194,0.0944,-0.2148,0.3556,-0.4621,0.3885,0.2264,-0.02154,0.00037,0.0241,-0.0995,-0.1558,0.0964,0.00000,0.00000,0.2390,0.4718
41,1.6400,-0.1825,0.0000,0.4977,-0.1344,-0.0165,0.0639,0.0740,-0.1710,0.3094,-0.4649,0.3935,0.2266,-0.02910,0.01097,0.0284,-0.1254,-0.1788,0.0303,0.00000,0.00000,0.2449,0.4832
42,1.6800,-0.1779,0.0000,0.4980,-0.1577,0.0165,0.0738,-0.0828,0.2448,0.3130,-0.4670,0.3990,0.2279,-0.02621,0.00979,0.0403,-0.1558,-0.1742,-0.0062,0.00000,0.00000,0.2508,0.4946
43,1.7200,-0.1731,0.0000,0.4982,-0.1500,0.0081,0.0049,-0.0427,0.0019,0.3340,-0.4685,0.4051,0.2277,-0.02181,-0.00051,0.0104,-0.0942,-0.1236,0.0611,0.00000,0.00000,0.2567,0.5059
44,1.7600,-0.1680,0.0000,0.4984,-0.1545,-0.0042,0.0224,0.0145,0.0765,0.3385,-0.4708,0.4107,0.2264,-0.01987,-0.00105,0.0330,-0.1093,-0.1629,0.0591,0.00000,0.00000,0.2626,0.5172
45,1.8000,-0.1625,0.0000,0.4986,-0.1617,0.0115,0.0660,-0.0593,0.2472,0.1745,-0.4730,0.4166,0.2267,-0.01296,-0.00381,0.0625,-0.1217,-0.1376,0.0370,0.00000,0.00000,0.2685,0.5284
46,1.8400,-0.1569,0.0000,0.4988,-0.1368,-0.0196,0.0380,0.0915,-0.2346,0.1550,-0.4753,0.4221,0.2273,-0.01399,-0.00384,0.0217,-0.0857,-0.1335,0.0953,0.00000,0.00000,0.2744,0.5396
47,1.8800,-0.1516,0.0000,0.4989,-0.1541,-0.0107,0.0542,0.0458,0.1312,0.3259,-0.4786,0.4272,0.2276,-0.01534,0.00674,0.0552,-0.1387,-0.1677,0.0090,0.00000,0.00000,0.2803,0.5508
48,1.9200,-0.1461,0.0000,0.4990,-0.1494,0.0145,0.0160,-0.0727,0.0030,0.2336,-0.4808,0.4328,0.2274,-0.01349,0.00289,0.0182,-0.1064,-0.1091,0.0410,0.00000,0.00000,0.2862,0.5620
49,1.9600,-0.1406,0.0000,0.4992,-0.1609,0.0119,0.0439,-0.0615,0.2752,0.2662,-0.4828,0.4387,0.2270,-0.00627,-0.00352,0.0538,-0.1220,-0.1584,0.0782,0.00000,0.00000,0.2921,0.5731
50,2.0000,-0.1348,0.0000,0.4993,-0.1423,-0.0061,0.0395,0.0257,0.0055,0.2340,-0.4851,0.4442,0.2272,-0.00212,-0.00588,0.0140,-0.1235,-0.1199,0.0751,0.00000,0.00000,0.2980,0.5841
51,2.0400,-0.1289,0.0000,0.4994,-0.1466,-0.0136,0.0397,0.0593,0.1875,0.3225,-0.4882,0.4491,0.2273,0.00249,0.00029,0.0225,-0.1314,-0.1533,0.0338,0.00000,0.00000,0.3039,0.5952
52,2.0800,-0.1228,0.0000,0.4994,-0.1337,-0.0030,0.0339,0.0090,0.0310,0.2804,-0.4909,0.4539,0.2273,0.00585,0.00285,0.0264,-0.1195,-0.1261,0.0752,0.00000,0.00000,0.3098,0.6062
53,2.1200,-0.1166,0.0000,0.4995,-0.1283,-0.0065,0.0361,0.0241,0.0511,0.3570,-0.4935,0.4585,0.2273,0.00800,0.00472,0.0177,-0.1200,-0.1602,0.0526,0.00000,0.00000,0.3156,0.6171
54,2.1600,-0.1100,0.0000,0.4996,-0.1209,0.0120,0.0241,-0.0640,0.0413,0.3106,-0.4958,0.4630,0.2270,0.00879,0.00331,0.0168,-0.1353,-0.1255,0.0119,0.00000,0.00000,0.3215,0.6280
55,2.2000,-0.1031,0.0000,0.4996,-0.1142,-0.0060,0.0285,0.0192,0.0540,0.4746,-0.4979,0.4672,0.2267,0.01156,0.00125,-0.0212,-0.1333,-0.1719,0.0720,0.00000,0.00000,0.3273,0.6389
56,2.2400,-0.0958,0.0000,0.4997,-0.1023,-0.0033,0.0389,0.0081,0.0068,0.3223,-0.5003,0.4708,0.2265,0.01166,0.00346,0.0113,-0.1389,-0.1334,0.0510,0.00000,0.00000,0.3332,0.6497
57,2.2800,-0.0880,0.0000,0.4997,-0.0845,0.0004,0.0422,-0.0088,-0.1875,0.2443,-0.5022,0.4742,0.2267,0.00741,0.00284,0.0196,-0.1213,-0.1242,0.0500,0.00000,0.00000,0.3390,0.6605
58,2.3200,-0.0804,0.0000,0.4997,-0.0924,-0.0138,0.0586,0.0581,0.1425,0.3400,-0.5045,0.4771,0.2274,0.00843,0.00625,0.0218,-0.1298,-0.1761,0.0689,0.00000,0.00000,0.3449,0.6713
59,2.3600,-0.0726,0.0000,0.4998,-0.0747,-0.0005,0.0216,-0.0083,-0.0803,0.3800,-0.5065,0.4797,0.2275,0.00805,0.00789,0.0076,-0.1284,-0.1260,0.0069,0.00000,0.00000,0.3507,0.6820
60,2.4000,-0.0647,0.0000,0.4998,-0.0656,0.0013,0.0315,-0.0172,-0.1227,0.3133,-0.5081,0.4822,0.2269,0.00379,0.00747,0.0047,-0.1337,-0.1602,0.0906,0.00000,0.00000,0.3566,0.6927
61,2.4400,-0.0565,0.0000,0.4998,-0.0536,0.0039,0.0360,-0.0231,-0.2285,0.3329,-0.5093,0.4845,0.2269,-0.00388,0.00637,0.0018,-0.1238,-0.1327,0.0395,0.00000,0.00000,0.3624,0.7033
62,2.4800,-0.0484,0.0000,0.4998,-0.0627,-0.0034,0.0378,0.0085,0.0501,0.3535,-0.5108,0.4865,0.2269,-0.00598,0.00628,0.0055,-0.1270,-0.1703,0.0407,0.00000,0.00000,0.3682,0.7139
63,2.5200,-0.0401,0.0000,0.4999,-0.0619,0.0110,0.0317,-0.0592,0.1344,0.3037,-0.5121,0.4886,0.2267,-0.00261,0.00425,0.0155,-0.1314,-0.1235,0.0132,0.00000,0.00000,0.3740,0.7244
64,2.5600,-0.0317,0.0000,0.4999,-0.0377,-0.0138,0.0213,0.0605,-0.2606,0.3067,-0.5132,0.4904,0.2262,-0.00619,0.00345,-0.0008,-0.0876,-0.1281,0.1148,0.00000,0.00000,0.3798,0.7349
65,2.6000,-0.0235,0.0000,0.4999,-0.0529,-0.0058,0.0682,0.0203,0.1726,0.3031,-0.5149,0.4915,0.2266,-0.00686,0.00783,0.0416,-0.1421,-0.1566,0.0304,0.00000,0.00000,0.3856,0.7453
66,2.6400,-0.0151,0.0000,0.4999,-0.0484,0.0049,0.0249,-0.0296,0.1531,0.3374,-0.5160,0.4931,0.2271,-0.00042,0.00658,-0.0072,-0.1121,-0.1166,0.0127,0.00000,0.00000,0.3914,0.7557
67,2.6800,-0.0068,0.0000,0.4999,-0.0294,-0.0042,0.0095,0.0145,-0.1344,0.3564,-0.5170,0.4944,0.2260,-0.00180,0.00596,-0.0048,-0.1113,-0.1233,0.1012,0.00000,0.00000,0.3972,0.7661
68,2.7200,0.0018,0.0000,0.4999,-0.0241,0.0069,0.0447,-0.0375,-0.1134,0.3349,-0.5178,0.4954,0.2257,-0.00705,0.00555,0.0221,-0.1220,-0.1256,0.0362,0.00000,0.00000,0.4030,0.7763
69,2.7600,0.0105,0.0000,0.4999,-0.0279,0.0072,0.0535,-0.0377,0.0643,0.3440,-0.5183,0.4964,0.2263,-0.00698,0.00295,0.0056,-0.1342,-0.1483,0.0448,0.00000,0.00000,0.4088,0.7866
70,2.8000,0.0193,0.0000,0.4999,-0.0263,0.0019,0.0313,-0.0120,0.1242,0.3418,-0.5188,0.4974,0.2264,-0.00297,0.00161,0.0031,-0.1242,-0.1355,0.0367,0.00000,0.00000,0.4145,0.7968
71,2.8400,0.0282,0.0000,0.4999,-0.0117,0.0032,0.0123,-0.0197,-0.0741,0.3209,-0.5193,0.4981,0.2257,-0.00335,0.00051,-0.0018,-0.1131,-0.1053,0.0404,0.00000,0.00000,0.4203,0.8069
72,2.8800,0.0371,0.0000,0.5000,-0.0148,-0.0065,0.0522,0.0263,0.1200,0.3754,-0.5198,0.4984,0.2256,-0.00109,0.00120,-0.0007,-0.1347,-0.1681,0.0721,0.00000,0.00000,0.4261,0.8170
73,2.9200,0.0462,0.0000,0.5000,-0.0122,0.0015,0.0424,-0.0140,0.2133,0.3374,-0.5202,0.4986,0.2261,0.00537,0.00189,-0.0018,-0.1328,-0.1226,0.0038,0.00000,0.00000,0.4318,0.8270
74,2.9600,0.0554,0.0000,0.5000,0.0018,0.0037,0.0140,-0.0307,0.0540,0.3682,-0.5202,0.4989,0.2256,0.00989,0.00053,-0.0183,-0.1251,-0.1265,0.0317,0.00000,0.00000,0.4375,0.8370
75,3.0000,0.0647,0.0000,0.5000,0.0248,0.0009,0.0359,-0.0076,-0.2331,0.2576,-0.5197,0.4987,0.2250,0.00480,-0.00041,0.0302,-0.1008,-0.1066,0.0956,0.00000,0.00000,0.4433,0.8470
76,3.0400,0.0739,0.0000,0.5000,0.0241,0.0009,0.0557,-0.0093,-0.0528,0.2520,-0.5192,0.4981,0.2255,-0.00003,-0.00018,0.0217,-0.1192,-0.1344,0.0063,0.00000,0.00000,0.4490,0.8568
77,3.0800,0.0829,0.0000,0.5000,0.0310,0.0040,0.0396,-0.0206,-0.0802,0.2716,-0.5184,0.4975,0.2259,-0.00332,-0.00121,0.0089,-0.1280,-0.1121,0.0525,0.00000,0.00000,0.4547,0.8667
78,3.1200,0.0916,0.0000,0.5000,0.0298,-0.0021,0.0234,0.0052,0.0395,0.3784,-0.5176,0.4967,0.2257,-0.00324,-0.00128,-0.0114,-0.1255,-0.1375,0.0266,0.00000,0.00000,0.4604,0.8764
79,3.1600,0.1004,0.0000,0.5000,0.0307,-0.0007,0.0424,0.0004,0.1550,0.3677,-0.5167,0.4958,0.2255,0.00072,-0.00088,-0.0034,-0.1409,-0.1327,0.0713,0.00000,0.00000,0.4662,0.8861
80,3.2000,0.1094,0.0000,0.5000,0.0553,-0.0067,0.0299,0.0310,-0.2084,0.3170,-0.5155,0.4947,0.2254,-0.00174,-0.00025,-0.0119,-0.1142,-0.1118,0.0452,0.00000,0.00000,0.4719,0.8958
81,3.2400,0.1185,0.0000,0.5000,0.0595,0.0055,0.0493,-0.0306,-0.1580,0.2073,-0.5140,0.4932,0.2255,-0.00964,0.00066,0.0319,-0.1312,-0.1148,0.0437,0.00000,0.00000,0.4775,0.9054
82,3.2800,0.1273,0.0000,0.5000,0.0367,0.0126,0.0462,-0.0656,0.3992,0.3349,-0.5124,0.4922,0.2262,-0.00186,-0.00132,0.0008,-0.1360,-0.1438,-0.0068,0.00000,0.00000,0.4832,0.9149
83,3.3200,0.1359,0.0000,0.5000,0.0581,-0.0064,0.0000,0.0257,0.0772,0.4097,-0.5106,0.4911,0.2254,0.00657,-0.00258,-0.0291,-0.1070,-0.1175,0.0629,0.00000,0.00000,0.4889,0.9244
84,3.3600,0.1448,0.0000,0.5000,0.0756,0.0128,0.0313,-0.0643,-0.1027,0.3092,-0.5085,0.4895,0.2243,0.00371,-0.00272,0.0207,-0.1405,-0.0943,0.0195,0.00000,0.00000,0.4946,0.9338
85,3.4000,0.1539,0.0000,0.5000,0.0818,0.0101,0.0457,-0.0555,-0.0643,0.2732,-0.5058,0.4881,0.2246,0.00122,-0.00562,-0.0003,-0.1199,-0.1085,0.0188,0.00000,0.00000,0.5002,0.9432
86,3.4400,0.1627,0.0000,0.5000,0.0819,-0.0006,0.0437,0.0018,0.0850,0.3750,-0.5031,0.4863,0.2249,0.00211,-0.00546,-0.0027,-0.1417,-0.1246,0.0165,0.00000,0.00000,0.5059,0.9525
87,3.4800,0.1716,0.0000,0.5000,0.0982,0.0040,0.0266,-0.0276,-0.1044,0.3475,-0.5002,0.4843,0.2247,0.00047,-0.00574,-0.0079,-0.1350,-0.0989,0.0185,0.00000,0.00000,0.5115,0.9617
88,3.5200,0.1806,0.0000,0.5000,0.0884,-0.0027,0.0420,0.0145,0.2500,0.3786,-0.4972,0.4821,0.2246,0.00530,-0.00474,-0.0206,-0.1426,-0.1421,0.0282,0.00000,0.00000,0.5172,0.9709
89,3.5600,0.1898,0.0000,0.5000,0.0959,0.0086,0.0312,-0.0424,0.2882,0.2590,-0.4939,0.4799,0.2245,0.01562,-0.00536,-0.0055,-0.1265,-0.0874,0.0048,0.00000,0.00000,0.5228,0.9800
90,3.6000,0.1988,0.0000,0.5000,0.1241,0.0016,0.0218,-0.0380,-0.0692,0.2841,-0.4900,0.4777,0.2240,0.01852,-0.00704,-0.0023,-0.1083,-0.0879,0.0434,0.00000,0.00000,0.5284,0.9891
91,3.6400,0.2074,0.0000,0.5000,0.1309,-0.0181,0.0534,0.0845,0.0461,0.3822,-0.4861,0.4746,0.2240,0.01877,-0.00421,-0.0304,-0.1462,-0.1578,0.0388,0.00000,0.00000,0.5340,0.9981
92,3.6800,0.2163,0.0000,0.5000,0.1425,0.0088,0.0467,-0.0521,0.0511,0.3410,-0.4815,0.4714,0.2245,0.01953,-0.00276,-0.0042,-0.1467,-0.0881,-0.0219,0.00000,0.00000,0.5396,1.0070
93,3.7200,0.2251,0.0000,0.5000,0.1555,0.0102,0.0278,-0.0399,-0.0037,0.3399,-0.4762,0.4687,0.2243,0.02069,-0.00537,-0.0186,-0.1271,-0.1119,0.0448,0.00000,0.00000,0.5452,1.0159
94,3.7600,0.2339,0.0000,0.5000,0.1807,0.0025,0.0366,-0.0246,-0.2600,0.2828,-0.4704,0.4656,0.2238,0.01409,-0.00683,0.0062,-0.1210,-0.0970,0.0444,0.00000,0.00000,0.5508,1.0247
95,3.8000,0.2425,0.0000,0.5000,0.1830,-0.0039,0.0504,0.0350,-0.0867,0.3064,-0.4644,0.4619,0.2241,0.00813,-0.00601,-0.0106,-0.1341,-0.1292,0.0018,0.00000,0.00000,0.5564,1.0334
96,3.8400,0.2509,0.0000,0.5000,0.1841,0.0045,0.0424,-0.0127,0.0647,0.3918,-0.4580,0.4583,0.2245,0.00800,-0.00579,-0.0125,-0.1464,-0.1173,-0.0003,0.00000,0.00000,0.5619,1.0420
97,3.8800,0.2593,0.0000,0.5000,0.1955,-0.0024,0.0220,0.0025,-0.0039,0.4073,-0.4514,0.4548,0.2242,0.00929,-0.00621,-0.0317,-0.1280,-0.1228,0.0283,0.00000,0.00000,0.5675,1.0506
98,3.9200,0.2679,0.0000,0.5000,0.1881,0.0187,0.0443,-0.0997,0.3625,0.3032,-0.4444,0.4513,0.2239,0.01700,-0.00752,0.0023,-0.1559,-0.0973,-0.0099,0.00000,0.00000,0.5731,1.0592
99,3.9600,0.2765,0.0000,0.5000,0.2280,0.0020,0.0334,-0.0138,-0.2306,0.3062,-0.4366,0.4483,0.2238,0.01848,-0.01119,0.0014,-0.1005,-0.0980,0.0553,0.00000,0.00000,0.5786,1.0676
100,4.0000,0.2847,0.0000,0.5000,0.2246,-0.0167,0.0446,0.0973,0.1024,0.3334,-0.4288,0.4437,0.2237,0.01629,-0.00774,-0.0248,-0.1473,-0.1209,-0.0023,0.00000,0.00000,0.5841,1.0760
101,4.0400,0.2929,0.0000,0.5000,0.2461,-0.0063,0.0476,0.0241,-0.1322,0.2854,-0.4205,0.4393,0.2240,0.01497,-0.00564,-0.0112,-0.1267,-0.1088,0.0353,0.00000,0.00000,0.5896,1.0844
102,4.0800,0.3008,0.0000,0.5000,0.2388,-0.0042,0.0596,0.0109,0.2328,0.4223,-0.4119,0.4349,0.2246,0.01854,-0.00389,-0.0085,-0.1478,-0.1420,0.0134,0.00000,0.00000,0.5952,1.0926
103,4.1200,0.3087,0.0000,0.5000,0.2583,0.0041,0.0331,-0.0322,0.0467,0.4059,-0.4027,0.4310,0.2247,0.02337,-0.00424,-0.0073,-0.1260,-0.1159,0.0176,0.00000,0.00000,0.6007,1.1008
104,4.1600,0.3167,0.0000,0.5000,0.2753,-0.0125,0.0359,0.0505,-0.0472,0.3730,-0.3929,0.4267,0.2242,0.02308,-0.00321,-0.0214,-0.1182,-0.1330,0.0583,0.00000,0.00000,0.6062,1.1089
105,4.2000,0.3248,0.0000,0.5000,0.2843,-0.0024,0.0525,0.0009,0.0322,0.3786,-0.3827,0.4222,0.2244,0.02237,-0.00112,-0.0101,-0.1385,-0.1178,-0.0050,0.00000,0.00000,0.6116,1.1170
106,4.2400,0.3328,0.0000,0.5000,0.2844,0.0338,0.0657,-0.1743,0.2513,0.2338,-0.3717,0.4188,0.2249,0.02844,-0.00467,0.0590,-0.1336,-0.0921,0.0178,0.00000,0.00000,0.6171,1.1249
107,4.2800,0.3404,0.0000,0.5000,0.2887,-0.0039,0.0433,0.0036,0.4390,0.2936,-0.3605,0.4154,0.2253,0.04496,-0.00785,-0.0101,-0.1044,-0.1592,0.0347,0.00000,0.00000,0.6226,1.1328
108,4.3200,0.3476,0.0000,0.5000,0.3252,-0.0193,0.0514,0.0832,0.0551,0.2908,-0.3488,0.4106,0.2249,0.05211,-0.00476,0.0309,-0.1154,-0.1196,0.0570,0.00000,0.00000,0.6280,1.1407
109,4.3600,0.3544,0.0000,0.5000,0.3501,-0.0143,0.0610,0.0581,-0.1013,0.3172,-0.3363,0.4055,0.2251,0.04985,-0.00084,-0.0059,-0.1308,-0.1281,0.0123,0.00000,0.00000,0.6335,1.1484
110,4.4000,0.3609,0.0000,0.5000,0.3608,0.0055,0.0610,-0.0371,0.0143,0.2946,-0.3228,0.4008,0.2254,0.04773,0.00037,0.0173,-0.1275,-0.1051,0.0383,0.00000,0.00000,0.6389,1.1561
111,4.4400,0.3671,0.0000,0.5000,0.3696,0.0274,0.0390,-0.1479,0.1570,0.3380,-0.3085,0.3971,0.2251,0.05157,-0.00299,0.0143,-0.1266,-0.1023,-0.0223,0.00000,0.00000,0.6443,1.1637
112,4.4800,0.3730,0.0000,0.5000,0.4175,-0.0055,0.0234,0.0070,-0.4695,0.5066,-0.2934,0.3933,0.2240,0.04319,-0.00573,-0.0186,-0.1010,-0.1121,0.0771,0.00000,0.00000,0.6497,1.1712
113,4.5200,0.3791,0.0000,0.5000,0.4189,-0.0010,0.0558,-0.0058,-0.1704,0.3842,-0.2777,0.3884,0.2234,0.03051,-0.00324,0.0225,-0.1188,-0.1039,-0.0220,0.00000,0.00000,0.6551,1.1787
114,4.5600,0.3852,0.0000,0.5000,0.4178,0.0130,0.0642,-0.0767,0.1045,0.4210,-0.2614,0.3846,0.2241,0.03058,-0.00469,-0.0149,-0.1379,-0.1157,-0.0037,0.00000,0.00000,0.6605,1.1861
115,4.6000,0.3913,0.0000,0.5000,0.4425,-0.0013,0.0268,-0.0071,-0.1426,0.4328,-0.2447,0.3809,0.2238,0.02901,-0.00601,-0.0097,-0.1016,-0.0959,0.0297,0.00000,0.00000,0.6659,1.1934
116,4.6400,0.3973,0.0000,0.5000,0.4512,-0.0095,0.0451,0.0357,-0.0599,0.4258,-0.2275,0.3766,0.2231,0.02507,-0.00404,-0.0031,-0.1110,-0.1171,0.0229,0.00000,0.00000,0.6713,1.2006
117,4.6800,0.4033,0.0000,0.5000,0.4606,0.0103,0.0601,-0.0605,-0.0067,0.3556,-0.2096,0.3730,0.2234,0.02341,-0.00404,0.0131,-0.1200,-0.0881,-0.0027,0.00000,0.00000,0.6767,1.2078
118,4.7200,0.4089,0.0000,0.5000,0.4954,-0.0026,0.0474,0.0022,-0.5032,0.4163,-0.1910,0.3698,0.2238,0.01179,-0.00549,0.0174,-0.1003,-0.1055,0.0616,0.00000,0.00000,0.6820,1.2149
119,4.7600,0.4138,0.0000,0.5000,0.4796,-0.0019,0.0422,0.0024,-0.0222,0.4021,-0.1721,0.3661,0.2239,0.00302,-0.00366,0.0226,-0.1083,-0.1243,-0.0410,0.00000,0.00000,0.6873,1.2219
120,4.8000,0.4182,0.0000,0.5000,0.4776,-0.0005,0.0284,-0.0098,0.1219,0.5616,-0.1533,0.3632,0.2238,0.00600,-0.00387,-0.0354,-0.1232,-0.1341,-0.0018,0.00000,0.00000,0.6927,1.2288
121,4.8400,0.4220,0.0000,0.5000,0.4978,0.0053,0.0301,-0.0377,-0.1536,0.5022,-0.1340,0.3608,0.2232,0.00361,-0.00467,0.0048,-0.1222,-0.0984,0.0299,0.00000,0.00000,0.6980,1.2356
122,4.8800,0.4253,0.0000,0.5000,0.5043,0.0105,0.0431,-0.0587,-0.1538,0.3086,-0.1143,0.3589,0.2232,-0.00241,-0.00635,0.0275,-0.1001,-0.0905,0.0063,0.00000,0.00000,0.7033,1.2424
123,4.9200,0.4283,0.0000,0.5000,0.5019,0.0025,0.0435,-0.0216,-0.0031,0.4575,-0.0943,0.3572,0.2237,-0.00462,-0.00763,-0.0055,-0.1330,-0.1246,-0.0247,0.00000,0.00000,0.7086,1.2491
124,4.9600,0.4309,0.0000,0.5000,0.5190,-0.0047,0.0197,0.0157,-0.2887,0.4957,-0.0742,0.3556,0.2235,-0.01175,-0.00779,0.0102,-0.1067,-0.0883,0.0312,0.00000,0.00000,0.7139,1.2557
125,5.0000,0.4332,0.0000,0.5000,0.5110,-0.0005,0.0202,-0.0038,-0.1052,0.5208,-0.0540,0.3541,0.2231,-0.01842,-0.00702,0.0240,-0.0944,-0.1092,-0.0286,0.00000,0.00000,0.7191,1.2622
126,5.0400,0.4352,0.0000,0.5000,0.5069,-0.0124,0.0477,0.0544,-0.0093,0.4653,-0.0339,0.3531,0.2234,-0.01927,-0.00627,0.0126,-0.1022,-0.1592,0.0507,0.00000,0.00000,0.7244,1.2687
127,5.0800,0.4370,0.0000,0.5000,0.5057,0.0133,0.0389,-0.0710,0.0482,0.4143,-0.0136,0.3527,0.2242,-0.01988,-0.00647,0.0143,-0.1501,-0.0874,-0.0599,0.00000,0.00000,0.7296,1.2750
128,5.1200,0.4385,0.0000,0.5000,0.5055,-0.0039,0.0092,0.0123,0.0185,0.4577,0.0064,0.3529,0.2239,-0.01738,-0.00821,-0.0130,-0.0996,-0.1121,0.0478,0.00000,0.00000,0.7349,1.2813
129,5.1600,0.4399,0.0000,0.5000,0.5149,0.0117,0.0214,-0.0629,-0.1374,0.3847,0.0268,0.3534,0.2233,-0.02150,-0.00906,0.0329,-0.1306,-0.0759,-0.0122,0.00000,0.00000,0.7401,1.2875
130,5.2000,0.4411,0.0000,0.5000,0.5080,-0.0041,0.0338,0.0145,0.0112,0.4604,0.0470,0.3542,0.2235,-0.02210,-0.01031,-0.0090,-0.1212,-0.1306,0.0077,0.00000,0.00000,0.7453,1.2936
131,5.2400,0.4422,0.0000,0.5000,0.5106,-0.0344,0.0268,0.1656,-0.0161,0.4833,0.0672,0.3543,0.2237,-0.02190,-0.00638,-0.0276,-0.1117,-0.1360,0.0401,0.00000,0.00000,0.7505,1.2996
132,5.2800,0.4431,0.0000,0.5000,0.5026,0.0075,0.0407,-0.0397,0.1577,0.3704,0.0875,0.3550,0.2240,-0.01977,-0.00349,0.0264,-0.1400,-0.0906,-0.0298,0.00000,0.00000,0.7557,1.3056
133,5.3200,0.4440,0.0000,0.5000,0.5128,0.0121,0.0165,-0.0661,-0.0549,0.4479,0.1076,0.3575,0.2241,-0.01769,-0.00692,-0.0004,-0.1060,-0.0863,0.0369,0.00000,0.00000,0.7609,1.3115
134,5.3600,0.4447,0.0000,0.5000,0.5047,0.0097,0.0062,-0.0533,0.1541,0.4298,0.1278,0.3599,0.2232,-0.01524,-0.00867,0.0087,-0.1141,-0.0828,-0.0212,0.00000,0.00000,0.7661,1.3172
135,5.4000,0.4453,0.0000,0.5000,0.5221,0.0016,0.0216,-0.0133,-0.1299,0.3924,0.1480,0.3628,0.2225,-0.01563,-0.01070,-0.0040,-0.1103,-0.0779,0.0449,0.00000,0.00000,0.7712,1.3229
136,5.4400,0.4459,0.0000,0.5000,0.5207,-0.0212,0.0315,0.1013,-0.0241,0.4712,0.1686,0.3650,0.2226,-0.01772,-0.00827,-0.0162,-0.1084,-0.1100,-0.0074,0.00000,0.00000,0.7763,1.3286
137,5.4800,0.4464,0.0000,0.5000,0.5222,-0.0141,0.0392,0.0675,-0.0165,0.4363,0.1892,0.3674,0.2229,-0.01883,-0.00472,-0.0040,-0.1169,-0.1024,0.0268,0.00000,0.00000,0.7815,1.3341
138,5.5200,0.4468,0.0000,0.5000,0.5277,0.0210,0.0375,-0.1073,-0.1165,0.3879,0.2097,0.3713,0.2234,-0.02230,-0.00606,0.0446,-0.1204,-0.0745,-0.0118,0.00000,0.00000,0.7866,1.3395
139,5.5600,0.4472,0.0000,0.5000,0.5261,0.0064,0.0089,-0.0360,-0.0956,0.4543,0.2300,0.3759,0.2233,-0.02537,-0.00949,0.0088,-0.0920,-0.0987,0.0150,0.00000,0.00000,0.7917,1.3449
140,5.6000,0.4475,0.0000,0.5000,0.5201,-0.0175,0.0066,0.0838,0.0338,0.5241,0.2504,0.3798,0.2226,-0.02582,-0.00810,-0.0189,-0.1009,-0.1134,0.0071,0.00000,0.00000,0.7968,1.3502
141,5.6400,0.4478,0.0000,0.5000,0.5210,-0.0218,0.0350,0.1059,0.0388,0.3932,0.2708,0.3836,0.2225,-0.02430,-0.00423,-0.0259,-0.1120,-0.1228,0.0399,0.00000,0.00000,0.8019,1.3553
142,5.6800,0.4481,0.0000,0.5000,0.5272,0.0087,0.0491,-0.0464,-0.0694,0.4162,0.2911,0.3885,0.2234,-0.02616,-0.00342,0.0162,-0.1409,-0.0902,-0.0220,0.00000,0.00000,0.8069,1.3604
143,5.7200,0.4483,0.0000,0.5000,0.5133,0.0051,0.0181,-0.0297,0.1713,0.4935,0.3110,0.3942,0.2237,-0.02218,-0.00524,-0.0052,-0.1068,-0.1161,0.0060,0.00000,0.00000,0.8120,1.3654
144,5.7600,0.4485,0.0000,0.5000,0.5211,0.0062,0.0128,-0.0364,0.0352,0.4665,0.3307,0.4003,0.2231,-0.01903,-0.00691,-0.0021,-0.1221,-0.0956,0.0180,0.00000,0.00000,0.8170,1.3704
145,5.8000,0.4487,0.0000,0.5000,0.5267,-0.0274,0.0356,0.1290,-0.0204,0.5685,0.3507,0.4061,0.2231,-0.01789,-0.00500,-0.0392,-0.1171,-0.1484,0.0510,0.00000,0.00000,0.8220,1.3752
146,5.8400,0.4489,0.0000,0.4978,0.5256,-0.0011,0.0400,0.0025,0.0507,0.4413,0.3709,0.4120,0.2235,-0.01837,-0.00159,0.0217,-0.1182,-0.0771,-0.0193,0.00000,0.00000,0.8270,1.3800
147,5.8800,0.4490,0.0000,0.4909,0.5321,0.0092,0.0227,-0.0513,-0.0919,0.4545,0.3905,0.4195,0.2237,-0.01889,-0.00361,-0.0047,-0.1094,-0.1175,0.0159,0.00000,0.00000,0.8320,1.3846
148,5.9200,0.4491,0.0000,0.4802,0.5209,-0.0027,0.0198,0.0078,0.1830,0.4291,0.4101,0.4270,0.2233,-0.01598,-0.00403,-0.0154,-0.1099,-0.1179,0.0088,0.00000,0.00000,0.8370,1.3892
149,5.9600,0.4492,0.0000,0.4660,0.5357,0.0109,0.0268,-0.0605,-0.0709,0.4342,0.4296,0.4351,0.2231,-0.01525,-0.00566,0.0028,-0.1268,-0.0888,-0.0036,0.00000,0.00000,0.8420,1.3937
150,6.0000,0.4493,0.0000,0.4489,0.5295,0.0039,0.0340,-0.0259,0.1003,0.4122,0.4490,0.4436,0.2232,-0.01338,-0.00734,0.0094,-0.1082,-0.1111,0.0083,0.00000,0.00000,0.8470,1.3981
151,6.0400,0.4494,0.0000,0.4291,0.5447,-0.0142,0.0386,0.0634,-0.1456,0.4165,0.4686,0.4520,0.2235,-0.01485,-0.00671,-0.0007,-0.1127,-0.1295,0.0387,0.00000,0.00000,0.8519,1.4024
152,6.0800,0.4495,0.0000,0.4069,0.5326,-0.0090,0.0294,0.0391,0.1384,0.4152,0.4884,0.4604,0.2237,-0.01418,-0.00350,0.0046,-0.1051,-0.1127,-0.0410,0.00000,0.00000,0.8568,1.4066
153,6.1200,0.4495,0.0000,0.3828,0.5373,0.0241,0.0161,-0.1251,0.0525,0.3320,0.5075,0.4701,0.2233,-0.01145,-0.00616,0.0162,-0.1123,-0.0699,-0.0022,0.00000,0.00000,0.8618,1.4107
154,6.1600,0.4496,0.0000,0.3571,0.5420,0.0033,0.0342,-0.0245,0.0198,0.3599,0.5264,0.4803,0.2230,-0.00884,-0.00987,0.0126,-0.1001,-0.1248,0.0420,0.00000,0.00000,0.8667,1.4147
155,6.2000,0.4496,0.0000,0.3299,0.5481,-0.0129,0.0368,0.0579,-0.0049,0.3151,0.5458,0.4901,0.2232,-0.00887,-0.00840,0.0079,-0.1048,-0.1083,-0.0142,0.00000,0.00000,0.8716,1.4187
156,6.2400,0.4497,0.0000,0.3017,0.5610,-0.0074,0.0375,0.0311,-0.2270,0.3363,0.5655,0.5001,0.2235,-0.01474,-0.00646,0.0163,-0.1137,-0.1046,0.0154,0.00000,0.00000,0.8764,1.4225
157,6.2800,0.4497,0.0000,0.2725,0.5574,0.0100,0.0310,-0.0545,-0.1603,0.3618,0.5848,0.5108,0.2238,-0.02224,-0.00698,0.0381,-0.1125,-0.1070,-0.0229,0.00000,0.00000,0.8813,1.4263
158,6.3200,0.4498,0.0000,0.2422,0.5483,0.0013,0.0086,-0.0106,-0.0062,0.3220,0.6037,0.5219,0.2235,-0.02426,-0.00875,0.0075,-0.0849,-0.1067,0.0164,0.00000,0.00000,0.8861,1.4300
159,6.3600,0.4498,0.0000,0.2110,0.5495,0.0175,0.0226,-0.0905,-0.0451,0.2289,0.6223,0.5334,0.2231,-0.02605,-0.01126,0.0409,-0.1179,-0.0878,-0.0145,0.00000,0.00000,0.8910,1.4335
160,6.4000,0.4498,0.0000,0.1792,0.5419,-0.0005,0.0308,-0.0009,0.0923,0.1936,0.6407,0.5449,0.2233,-0.02340,-0.01362,0.0207,-0.0921,-0.1144,0.0162,0.00000,0.00000,0.8958,1.4370
161,6.4400,0.4498,0.0000,0.1475,0.5548,-0.0044,0.0250,0.0183,-0.1748,0.2224,0.6594,0.5563,0.2235,-0.02686,-0.01325,0.0301,-0.1164,-0.0838,0.0022,0.00000,0.00000,0.9006,1.4404
162,6.4800,0.4499,0.0000,0.1156,0.5411,0.0030,0.0133,-0.0167,0.0438,0.1335,0.6780,0.5677,0.2233,-0.02838,-0.01282,0.0324,-0.0911,-0.0869,-0.0207,0.00000,0.00000,0.9054,1.4437
163,6.5200,0.4499,0.0000,0.0839,0.5360,0.0180,0.0284,-0.0934,0.1011,0.1853,0.6959,0.5798,0.2233,-0.02527,-0.01598,0.0312,-0.1306,-0.1031,-0.0180,0.00000,0.00000,0.9102,1.4469
164,6.5600,0.4499,0.0000,0.0521,0.5476,-0.0147,0.0098,0.0705,-0.1486,0.1491,0.7139,0.5916,0.2230,-0.02625,-0.01698,0.0044,-0.0821,-0.1011,0.0374,0.00000,0.00000,0.9149,1.4501
165,6.6000,0.4499,0.0000,0.0205,0.5566,-0.0151,0.0180,0.0742,-0.3577,0.0663,0.7326,0.6029,0.2227,-0.03776,-0.01280,0.0542,-0.0808,-0.0805,0.0023,0.00000,0.00000,0.9197,1.4531
166,6.6400,0.4499,0.0000,-0.0109,0.5345,-0.0106,0.0248,0.0518,-0.0195,0.1374,0.7510,0.6142,0.2232,-0.04330,-0.00951,0.0119,-0.0955,-0.1333,-0.0243,0.00000,0.00000,0.9244,1.4560
167,6.6800,0.4492,0.0000,-0.0421,0.5218,0.0088,0.0109,-0.0449,0.1095,0.0819,0.7686,0.6259,0.2232,-0.04155,-0.00965,0.0137,-0.1087,-0.0906,-0.0022,0.00000,0.00000,0.9291,1.4588
168,6.7200,0.4477,0.0000,-0.0732,0.5138,0.0214,0.0075,-0.1081,0.1558,-0.0330,0.7854,0.6381,0.2228,-0.03570,-0.01368,0.0396,-0.0871,-0.0775,-0.0050,0.00000,0.00000,0.9338,1.4616
169,6.7600,0.4452,0.0000,-0.1036,0.5101,-0.0018,0.0194,0.0089,0.2046,-0.0935,0.8023,0.6499,0.2225,-0.02791,-0.01591,0.0041,-0.0943,-0.1028,0.0235,0.00000,0.00000,0.9385,1.4642
170,6.8000,0.4418,0.0000,-0.1331,0.5329,-0.0185,0.0386,0.0910,-0.2478,-0.0198,0.8198,0.6610,0.2229,-0.03078,-0.01339,0.0222,-0.1135,-0.1085,0.0252,0.00000,0.00000,0.9432,1.4668
171,6.8400,0.4377,0.0000,-0.1619,0.5177,-0.0024,0.0422,0.0111,0.0046,-0.0991,0.8376,0.6721,0.2238,-0.03523,-0.00980,0.0499,-0.1113,-0.1000,-0.0195,0.00000,0.00000,0.9478,1.4693
172,6.8800,0.4328,0.0000,-0.1901,0.5109,0.0178,-0.0004,-0.0900,0.0345,-0.1792,0.8545,0.6838,0.2238,-0.03467,-0.01206,0.0236,-0.0865,-0.0454,0.0097,0.00000,0.00000,0.9525,1.4716
173,6.9200,0.4272,0.0000,-0.2170,0.5091,0.0193,-0.0045,-0.0980,-0.0083,-0.1383,0.8712,0.6956,0.2227,-0.03399,-0.01647,0.0372,-0.0921,-0.0728,0.0048,0.00000,0.00000,0.9571,1.4739
174,6.9600,0.4210,0.0000,-0.2432,0.5126,-0.0000,0.0120,0.0000,-0.0889,-0.2465,0.8881,0.7070,0.2220,-0.03607,-0.01840,0.0240,-0.0820,-0.0766,0.0277,0.00000,0.00000,0.9617,1.4761
175,7.0000,0.4141,0.0000,-0.2685,0.5015,0.0041,0.0295,-0.0224,0.1164,-0.2716,0.9054,0.7178,0.2222,-0.03544,-0.01772,0.0263,-0.1122,-0.0653,-0.0429,0.00000,0.00000,0.9663,1.4782
176,7.0400,0.4066,0.0000,-0.2925,0.4958,-0.0019,0.0269,0.0088,0.1684,-0.2188,0.9224,0.7283,0.2226,-0.02900,-0.01784,0.0176,-0.0987,-0.0886,0.0183,0.00000,0.00000,0.9709,1.4802
177,7.0800,0.3986,0.0000,-0.3157,0.5072,-0.0061,0.0383,0.0302,-0.0552,-0.2325,0.9397,0.7386,0.2229,-0.02814,-0.01661,0.0358,-0.1185,-0.0896,0.0402,0.00000,0.00000,0.9755,1.4821
178,7.1200,0.3901,0.0000,-0.3378,0.4930,0.0074,0.0246,-0.0381,0.2168,-0.2986,0.9570,0.7487,0.2233,-0.02426,-0.01581,0.0323,-0.1033,-0.0651,-0.0473,0.00000,0.00000,0.9800,1.4839
179,7.1600,0.3812,0.0000,-0.3573,0.5017,0.0070,0.0312,-0.0329,0.0314,-0.3586,0.9741,0.7591,0.2232,-0.01981,-0.01782,0.0447,-0.1005,-0.0882,0.0657,0.00000,0.00000,0.9846,1.4856
180,7.2000,0.3718,0.0000,-0.3744,0.5134,-0.0070,0.0314,0.0359,-0.1473,-0.3906,0.9919,0.7690,0.2235,-0.02293,-0.01710,0.0497,-0.0878,-0.0820,0.0090,0.00000,0.00000,0.9891,1.4872
181,7.2400,0.3619,0.0000,-0.3895,0.5186,-0.0222,0.0423,0.1098,-0.2376,-0.3230,1.0103,0.7781,0.2241,-0.03106,-0.01296,0.0414,-0.1027,-0.1197,0.0562,0.00000,0.00000,0.9936,1.4887
182,7.2800,0.3516,0.0000,-0.4027,0.5083,0.0037,0.0299,-0.0210,-0.0930,-0.3722,1.0286,0.7871,0.2248,-0.03784,-0.00990,0.0710,-0.0982,-0.0822,-0.0099,0.00000,0.00000,0.9981,1.4901
183,7.3200,0.3409,0.0000,-0.4144,0.5067,0.0193,0.0121,-0.0965,-0.2014,-0.4417,1.0464,0.7967,0.2249,-0.04370,-0.01256,0.0723,-0.0867,-0.0980,0.0457,0.00000,0.00000,1.0025,1.4915
184,7.3600,0.3298,0.0000,-0.4247,0.4929,0.0041,0.0104,-0.0225,-0.0234,-0.4333,1.0641,0.8057,0.2247,-0.04699,-0.01394,0.0627,-0.0794,-0.1154,0.0219,0.00000,0.00000,1.0070,1.4927
185,7.4000,0.3183,0.0000,-0.4337,0.4935,-0.0049,0.0060,0.0214,-0.1611,-0.3611,1.0820,0.8140,0.2245,-0.05169,-0.01303,0.0422,-0.0955,-0.0983,0.0271,0.00000,0.00000,1.0114,1.4938
186,7.4400,0.3066,0.0000,-0.4417,0.4793,0.0085,0.0052,-0.0465,-0.0488,-0.3770,1.0998,0.8218,0.2242,-0.05598,-0.01231,0.0607,-0.0960,-0.0787,0.0041,0.00000,0.00000,1.0159,1.4949
187,7.4800,0.2947,0.0000,-0.4487,0.4669,0.0124,0.0078,-0.0644,0.0084,-0.4835,1.1170,0.8297,0.2240,-0.05588,-0.01392,0.0590,-0.0794,-0.1034,0.0288,0.00000,0.00000,1.0203,1.4958
188,7.5200,0.2826,0.0000,-0.4548,0.4721,0.0151,0.0161,-0.0775,-0.2805,-0.4866,1.1341,0.8373,0.2242,-0.06263,-0.01603,0.0795,-0.1028,-0.1117,-0.0034,0.00000,0.00000,1.0247,1.4967
189,7.5600,0.2702,0.0000,-0.4603,0.4444,-0.0139,0.0080,0.0651,0.0799,-0.3950,1.1511,0.8437,0.2244,-0.06468,-0.01430,0.0333,-0.0822,-0.1316,0.0135,0.00000,0.00000,1.0290,1.4974
190,7.6000,0.2577,0.0000,-0.4650,0.4262,0.0101,0.0099,-0.0549,0.2195,-0.4168,1.1678,0.8496,0.2243,-0.05943,-0.01268,0.0476,-0.1195,-0.0899,-0.0141,0.00000,0.00000,1.0334,1.4981
191,7.6400,0.2452,0.0000,-0.4692,0.4295,0.0023,0.0060,-0.0114,-0.0606,-0.4894,1.1838,0.8557,0.2241,-0.05636,-0.01377,0.0363,-0.0806,-0.1141,0.0540,0.00000,0.00000,1.0377,1.4986
192,7.6800,0.2326,0.0000,-0.4729,0.4166,-0.0079,0.0103,0.0358,0.0506,-0.3895,1.2001,0.8606,0.2239,-0.05661,-0.01145,0.0354,-0.0961,-0.1109,-0.0253,0.00000,0.00000,1.0420,1.4991
193,7.7200,0.2200,0.0000,-0.4762,0.4057,0.0164,0.0153,-0.0844,0.0657,-0.5632,1.2158,0.8657,0.2238,-0.05489,-0.01143,0.0628,-0.0912,-0.0803,0.0121,0.00000,0.00000,1.0464,1.4995
194,7.7600,0.2073,0.0000,-0.4790,0.4090,0.0086,0.0300,-0.0428,-0.1860,-0.4790,1.2312,0.8708,0.2242,-0.05745,-0.01353,0.0616,-0.0991,-0.1332,0.0294,0.00000,0.00000,1.0506,1.4997
195,7.8000,0.1946,0.0000,-0.4815,0.4020,0.0006,0.0152,-0.0063,-0.2462,-0.4171,1.2467,0.8750,0.2246,-0.06693,-0.01288,0.0640,-0.1039,-0.1139,-0.0152,0.00000,0.00000,1.0549,1.4999
196,7.8400,0.1819,0.0000,-0.4838,0.3860,-0.0088,0.0195,0.0410,-0.1949,-0.4165,1.2619,0.8785,0.2249,-0.07483,-0.01079,0.0680,-0.0868,-0.1475,0.0569,0.00000,0.00000,1.0592,1.5000
197,7.8800,0.1694,0.0000,-0.4857,0.3681,-0.0013,-0.0007,0.0007,-0.1364,-0.3805,1.2765,0.8815,0.2250,-0.08152,-0.00835,0.0444,-0.0922,-0.1195,-0.0277,0.00000,0.00000,1.0634,1.5000
198,7.9200,0.1570,0.0000,-0.4874,0.3449,0.0219,-0.0142,-0.1142,-0.0442,-0.3721,1.2904,0.8850,0.2243,-0.08500,-0.00948,0.0514,-0.0956,-0.1036,-0.0114,0.00000,0.00000,1.0676,1.4999
199,7.9600,0.1449,0.0000,-0.4889,0.3296,0.0120,0.0018,-0.0647,-0.0640,-0.4832,1.3034,0.8884,0.2236,-0.08637,-0.01199,0.0548,-0.0726,-0.1196,0.0546,0.00000,0.00000,1.0718,1.4997
200,8.0000,0.1330,0.0000,-0.4903,0.3029,-0.0054,0.0196,0.0221,0.1916,-0.3951,1.3159,0.8906,0.2238,-0.08243,-0.01064,0.0302,-0.0956,-0.1469,-0.0400,0.00000,0.00000,1.0760,1.4994
201,8.0400,0.1213,0.0000,-0.4914,0.2900,0.0200,0.0324,-0.1046,0.1229,-0.5325,1.3277,0.8929,0.2242,-0.07747,-0.01091,0.0860,-0.1071,-0.0924,0.0149,0.00000,0.00000,1.0802,1.4990
202,8.0800,0.1097,0.0000,-0.4925,0.2686,0.0211,0.0139,-0.1096,0.2342,-0.5280,1.3387,0.8954,0.2245,-0.06944,-0.01381,0.0634,-0.0825,-0.0910,-0.0117,0.00000,0.00000,1.0844,1.4985
203,8.1200,0.0983,0.0000,-0.4934,0.2802,0.0111,0.0043,-0.0581,-0.2939,-0.5567,1.3496,0.8976,0.2240,-0.07294,-0.01610,0.0788,-0.0861,-0.0983,0.0373,0.00000,0.00000,1.0885,1.4979
204,8.1600,0.0870,0.0000,-0.4942,0.2517,-0.0077,0.0269,0.0330,0.0403,-0.5176,1.3601,0.8984,0.2240,-0.07659,-0.01409,0.0564,-0.0918,-0.1307,-0.0091,0.00000,0.00000,1.0926,1.4972
205,8.2000,0.0759,0.0000,-0.4949,0.2383,0.0103,0.0313,-0.0565,-0.0044,-0.5217,1.3698,0.8993,0.2245,-0.07656,-0.01310,0.0690,-0.1101,-0.1117,-0.0124,0.00000,0.00000,1.0967,1.4964
206,8.2400,0.0650,0.0000,-0.4955,0.2268,0.0011,0.0037,-0.0100,-0.1149,-0.4613,1.3790,0.9001,0.2244,-0.07879,-0.01310,0.0440,-0.0806,-0.1202,0.0047,0.00000,0.00000,1.1008,1.4955
207,8.2800,0.0544,0.0000,-0.4960,0.2134,-0.0017,0.0005,0.0056,-0.1716,-0.4269,1.3878,0.9004,0.2236,-0.08507,-0.01146,0.0429,-0.0880,-0.1178,-0.0048,0.00000,0.00000,1.1049,1.4946
208,8.3200,0.0442,0.0000,-0.4965,0.1900,0.0038,0.0322,-0.0224,-0.0266,-0.4332,1.3957,0.9006,0.2235,-0.08831,-0.01033,0.0533,-0.0965,-0.1301,0.0156,0.00000,0.00000,1.1089,1.4935
209,8.3600,0.0343,0.0000,-0.4969,0.1690,0.0016,0.0296,-0.0111,0.0474,-0.4146,1.4028,0.9008,0.2240,-0.08712,-0.00958,0.0436,-0.0879,-0.1294,-0.0070,0.00000,0.00000,1.1130,1.4923
210,8.4000,0.0249,0.0000,-0.4973,0.1399,0.0127,0.0300,-0.0664,0.2869,-0.6137,1.4092,0.9009,0.2241,-0.07975,-0.00911,0.0801,-0.0720,-0.0979,0.0236,0.00000,0.00000,1.1170,1.4911
211,8.4400,0.0158,0.0000,-0.4976,0.1304,0.0090,0.0207,-0.0461,0.1598,-0.5790,1.4148,0.9014,0.2241,-0.07106,-0.01032,0.0493,-0.0737,-0.0979,0.0020,0.00000,0.00000,1.1210,1.4897
212,8.4800,0.0068,0.0000,-0.4979,0.1203,-0.0023,0.0471,0.0116,0.1264,-0.5782,1.4199,0.9012,0.2243,-0.06578,-0.00923,0.0701,-0.0964,-0.1255,0.0579,0.00000,0.00000,1.1249,1.4883
213,8.5200,-0.0018,0.0000,-0.4982,0.1095,0.0041,0.0462,-0.0218,0.1007,-0.6456,1.4246,0.9008,0.2250,-0.06143,-0.00782,0.0775,-0.0815,-0.1045,0.0009,0.00000,0.00000,1.1289,1.4867
214,8.5600,-0.0102,0.0000,-0.4984,0.0891,-0.0062,0.0332,0.0321,0.2715,-0.5560,1.4287,0.9003,0.2254,-0.05269,-0.00611,0.0513,-0.0754,-0.1421,0.0332,0.00000,0.00000,1.1328,1.4851
215,8.6000,-0.0183,0.0000,-0.4986,0.0746,0.0035,0.0321,-0.0141,0.3790,-0.5987,1.4323,0.8997,0.2253,-0.03979,-0.00450,0.0687,-0.0755,-0.1061,0.0317,0.00000,0.00000,1.1368,1.4833
216,8.6400,-0.0261,0.0000,-0.4987,0.0876,-0.0153,0.0233,0.0820,-0.0207,-0.5009,1.4356,0.8991,0.2251,-0.03347,-0.00296,0.0385,-0.0516,-0.1336,0.0639,0.00000,0.00000,1.1407,1.4815
217,8.6800,-0.0335,0.0000,-0.4989,0.0889,0.0030,0.0605,-0.0104,-0.1367,-0.6270,1.4391,0.8981,0.2253,-0.03872,-0.00024,0.0860,-0.1111,-0.1196,0.0461,0.00000,0.00000,1.1446,1.4796
218,8.7200,-0.0405,0.0000,-0.4990,0.0690,0.0072,0.0467,-0.0320,0.1168,-0.6094,1.4422,0.8977,0.2264,-0.03713,-0.00024,0.0466,-0.0823,-0.1356,0.0046,0.00000,0.00000,1.1484,1.4776
219,8.7600,-0.0474,0.0000,-0.4991,0.0637,0.0171,0.0251,-0.0797,0.0704,-0.6413,1.4451,0.8977,0.2262,-0.03407,-0.00177,0.0770,-0.0839,-0.1051,0.0531,0.00000,0.00000,1.1523,1.4754
220,8.8000,-0.0539,0.0000,-0.4992,0.0604,-0.0086,0.0376,0.0476,0.0469,-0.5076,1.4476,0.8973,0.2261,-0.03069,-0.00176,0.0515,-0.0718,-0.1554,0.0823,0.00000,0.00000,1.1561,1.4732
221,8.8400,-0.0601,0.0000,-0.4993,0.0416,-0.0016,0.0749,0.0171,0.3684,-0.7955,1.4498,0.8963,0.2269,-0.02111,0.00117,0.1374,-0.0577,-0.1352,0.0788,0.00000,0.00000,1.1599,1.4709
222,8.8800,-0.0661,0.0000,-0.4994,0.0509,-0.0032,0.0216,0.0228,0.1116,-0.6477,1.4519,0.8957,0.2276,-0.01243,0.00197,0.0425,-0.0550,-0.1169,0.0044,0.00000,0.00000,1.1637,1.4685
223,8.9200,-0.0719,0.0000,-0.4995,0.0461,0.0074,0.0507,-0.0240,0.1500,-0.7493,1.4539,0.8950,0.2272,-0.00766,0.00263,0.1321,-0.0796,-0.1417,0.1349,0.00000,0.00000,1.1675,1.4660
224,8.9600,-0.0775,0.0000,-0.4995,0.0592,0.0003,0.0213,-0.0051,-0.1136,-0.5899,1.4562,0.8945,0.2275,-0.00761,0.00194,0.0374,-0.0659,-0.1237,-0.0044,0.00000,0.00000,1.1713,1.4634
225,9.0000,-0.0828,0.0000,-0.4996,0.0401,0.0098,0.0401,-0.0377,0.2441,-0.6498,1.4582,0.8938,0.2270,-0.00409,0.00227,0.1074,-0.0823,-0.1364,0.0852,0.00000,0.00000,1.1750,1.4608
226,9.0400,-0.0878,0.0000,-0.4996,0.0234,0.0103,0.0790,-0.0303,0.6126,-0.8207,1.4600,0.8936,0.2281,0.01591,0.00043,0.1218,-0.0649,-0.1577,0.0941,0.00000,0.00000,1.1787,1.4580
227,9.0800,-0.0925,0.0000,-0.4997,0.0620,-0.0259,0.0089,0.1221,-0.0125,-0.6630,1.4619,0.8925,0.2284,0.02479,0.00164,0.0380,-0.0439,-0.1042,0.0703,0.00000,0.00000,1.1824,1.4551
228,9.1200,-0.0972,0.0000,-0.4997,0.0666,-0.0163,0.0553,0.0988,-0.0061,-0.7597,1.4639,0.8902,0.2278,0.02380,0.00755,0.1410,-0.0697,-0.1606,0.1269,0.00000,0.00000,1.1861,1.4522
229,9.1600,-0.1015,0.0000,-0.4998,0.0874,0.0180,0.0412,-0.0758,-0.3321,-0.6069,1.4668,0.8889,0.2286,0.01476,0.00642,0.0647,-0.0984,-0.1095,-0.0197,0.00000,0.00000,1.1898,1.4491
230,9.2000,-0.1057,0.0000,-0.4998,0.0907,-0.0025,-0.0008,0.0188,-0.3458,-0.3948,1.4699,0.8876,0.2276,0.00187,0.00505,0.0374,-0.0746,-0.1515,0.0818,0.00000,0.00000,1.1934,1.4460
231,9.2400,-0.1096,0.0000,-0.4998,0.0725,0.0239,0.0428,-0.1051,0.0453,-0.6598,1.4729,0.8862,0.2268,-0.00318,0.00384,0.1073,-0.0904,-0.1274,0.0443,0.00000,0.00000,1.1970,1.4427
232,9.2800,-0.1132,0.0000,-0.4998,0.0779,0.0040,0.0321,-0.0079,-0.0237,-0.6032,1.4759,0.8853,0.2271,-0.00152,0.00041,0.0352,-0.0608,-0.1383,0.0416,0.00000,0.00000,1.2006,1.4394
233,9.3200,-0.1165,0.0000,-0.4999,0.0978,0.0019,0.0274,0.0010,-0.4222,-0.6257,1.4789,0.8834,0.2266,-0.01313,0.00078,0.0917,-0.0840,-0.1190,0.0530,0.00000,0.00000,1.2042,1.4360
234,9.3600,-0.1197,0.0000,-0.4999,0.0939,-0.0032,0.0314,0.0201,-0.3900,-0.5208,1.4818,0.8813,0.2265,-0.02884,0.00208,0.0446,-0.0819,-0.1460,0.0249,0.00000,0.00000,1.2078,1.4325
235,9.4000,-0.1226,0.0000,-0.4999,0.0740,0.0075,0.0296,-0.0321,-0.1081,-0.4741,1.4844,0.8795,0.2263,-0.03771,0.00305,0.0473,-0.0979,-0.1495,0.0085,0.00000,0.00000,1.2113,1.4289
236,9.4400,-0.1252,0.0000,-0.4999,0.0551,0.0191,0.0268,-0.0905,0.1279,-0.4726,1.4869,0.8784,0.2260,-0.03619,0.00072,0.0586,-0.0798,-0.1146,0.0325,0.00000,0.00000,1.2149,1.4252
237,9.4800,-0.1275,0.0000,-0.4999,0.0598,0.0067,0.0265,-0.0248,-0.0957,-0.6222,1.4892,0.8776,0.2256,-0.03554,-0.00179,0.0713,-0.0518,-0.1290,0.0735,0.00000,0.00000,1.2184,1.4214
238,9.5200,-0.1295,0.0000,-0.4999,0.0639,-0.0022,0.0556,0.0146,-0.2614,-0.6020,1.4911,0.8761,0.2259,-0.04394,-0.00058,0.0768,-0.0904,-0.1290,0.0510,0.00000,0.00000,1.2219,1.4175
239,9.5600,-0.1312,0.0000,-0.4986,0.0492,-0.0017,0.0379,0.0082,-0.1475,-0.4841,1.4926,0.8746,0.2265,-0.05156,0.00188,0.0481,-0.0905,-0.1376,0.0087,0.00000,0.00000,1.2253,1.4135
240,9.6000,-0.1327,0.0000,-0.4958,0.0229,0.0155,0.0264,-0.0748,0.1501,-0.5844,1.4938,0.8738,0.2262,-0.05005,0.00189,0.0777,-0.0688,-0.1224,0.0481,0.00000,0.00000,1.2288,1.4095
241,9.6400,-0.1339,0.0000,-0.4915,0.0261,0.0075,-0.0001,-0.0355,-0.1272,-0.4761,1.4951,0.8736,0.2253,-0.04998,-0.00049,0.0329,-0.0462,-0.1116,0.0236,0.00000,0.00000,1.2322,1.4053
242,9.6800,-0.1347,0.0000,-0.4859,0.0061,0.0034,0.0344,-0.0144,0.1077,-0.5240,1.4956,0.8731,0.2244,-0.04970,0.00044,0.0600,-0.0723,-0.1306,0.0542,0.00000,0.00000,1.2356,1.4011
243,9.7200,-0.1352,0.0000,-0.4796,0.0108,-0.0027,0.0425,0.0164,-0.1520,-0.5534,1.4960,0.8730,0.2247,-0.05117,0.00139,0.0272,-0.0700,-0.1273,0.0310,0.00000,0.00000,1.2390,1.3967
244,9.7600,-0.1353,0.0000,-0.4721,-0.0132,0.0020,0.0494,-0.0088,0.1527,-0.4864,1.4958,0.8729,0.2250,-0.05042,0.00427,0.0364,-0.1016,-0.1357,0.0129,0.00000,0.00000,1.2424,1.3923
245,9.8000,-0.1352,0.0000,-0.4639,-0.0239,0.0042,0.0301,-0.0187,0.1694,-0.4397,1.4956,0.8735,0.2251,-0.04335,0.00439,0.0251,-0.0712,-0.1183,0.0489,0.00000,0.00000,1.2457,1.3878
246,9.8400,-0.1346,0.0000,-0.4551,-0.0416,0.0042,0.0303,-0.0315,0.4026,-0.4967,1.4950,0.8744,0.2247,-0.03096,0.00504,0.0390,-0.0655,-0.1099,0.0486,0.00000,0.00000,1.2491,1.3832
247,9.8800,-0.1337,0.0000,-0.4459,-0.0256,-0.0005,0.0246,0.0083,0.0202,-0.5980,1.4945,0.8754,0.2242,-0.02402,0.00502,0.0375,-0.0398,-0.0811,0.0713,0.00000,0.00000,1.2524,1.3785
248,9.9200,-0.1324,0.0000,-0.4357,-0.0189,-0.0242,0.0567,0.1241,-0.1289,-0.3549,1.4935,0.8757,0.2245,-0.02633,0.01069,0.0102,-0.0904,-0.1740,0.0628,0.00000,0.00000,1.2557,1.3738
249,9.9600,-0.1309,0.0000,-0.4254,-0.0317,0.0095,0.0464,-0.0446,0.0605,-0.4669,1.4926,0.8762,0.2251,-0.02826,0.01542,0.0493,-0.0806,-0.0915,-0.0036,0.00000,0.00000,1.2590,1.3689
250,10.0000,-0.1290,0.0000,-0.4148,-0.0285,0.0138,0.0322,-0.0640,-0.1230,-0.4819,1.4924,0.8776,0.2251,-0.02902,0.01142,0.0354,-0.0604,-0.1278,0.0911,0.00000,0.00000,1.2622,1.3639
251,10.0400,-0.1269,0.0000,-0.4040,-0.0330,0.0031,0.0354,-0.0127,-0.0721,-0.4447,1.4920,0.8788,0.2249,-0.03287,0.01094,0.0354,-0.0730,-0.1198,0.0402,0.00000,0.00000,1.2654,1.3589
252,10.0800,-0.1245,0.0000,-0.3928,-0.0399,0.0076,0.0362,-0.0358,-0.0313,-0.4403,1.4913,0.8801,0.2248,-0.03466,0.01085,0.0427,-0.0638,-0.1073,0.0439,0.00000,0.00000,1.2687,1.3538
253,10.1200,-0.1218,0.0000,-0.3815,-0.0470,0.0012,0.0306,-0.0037,0.0202,-0.3437,1.4905,0.8816,0.2246,-0.03436,0.01078,0.0062,-0.0782,-0.1301,0.0407,0.00000,0.00000,1.2718,1.3486
254,10.1600,-0.1188,0.0000,-0.3704,-0.0427,0.0148,0.0352,-0.0716,-0.1702,-0.4878,1.4899,0.8834,0.2242,-0.03861,0.00925,0.0530,-0.0689,-0.0882,0.0525,0.00000,0.00000,1.2750,1.3433
255,10.2000,-0.1156,0.0000,-0.3591,-0.0571,0.0017,0.0435,-0.0069,0.0290,-0.3829,1.4891,0.8853,0.2244,-0.03979,0.00825,0.0097,-0.0795,-0.1359,0.0320,0.00000,0.00000,1.2782,1.3379
256,10.2400,-0.1121,0.0000,-0.3478,-0.0617,-0.0070,0.0479,0.0231,0.0295,-0.3277,1.4878,0.8872,0.2246,-0.03869,0.01145,0.0204,-0.0864,-0.1279,0.0666,0.00000,0.00000,1.2813,1.3324
257,10.2800,-0.1084,0.0000,-0.3367,-0.0704,0.0070,0.0370,-0.0467,0.0979,-0.3919,1.4865,0.8894,0.2247,-0.03611,0.01349,0.0327,-0.0739,-0.1012,0.0172,0.00000,0.00000,1.2844,1.3269
258,10.3200,-0.1044,0.0000,-0.3257,-0.0660,-0.0068,0.0356,0.0232,-0.0760,-0.2601,1.4853,0.8919,0.2246,-0.03580,0.01448,0.0044,-0.0737,-0.1270,0.0913,0.00000,0.00000,1.2875,1.3212
259,10.3600,-0.1002,0.0000,-0.3151,-0.0751,0.0030,0.0499,-0.0277,0.0418,-0.3594,1.4838,0.8942,0.2246,-0.03660,0.01785,0.0329,-0.0887,-0.1190,0.0357,0.00000,0.00000,1.2906,1.3155
260,10.4000,-0.0958,0.0000,-0.3049,-0.0864,0.0137,0.0516,-0.0660,0.1913,-0.3564,1.4827,0.8972,0.2252,-0.03110,0.01551,0.0275,-0.0881,-0.1091,0.0531,0.00000,0.00000,1.2936,1.3097
261,10.4400,-0.0911,0.0000,-0.2946,-0.0864,0.0118,0.0223,-0.0574,0.1257,-0.3929,1.4817,0.9004,0.2249,-0.02498,0.01153,0.0399,-0.0574,-0.0777,0.0627,0.00000,0.00000,1.2966,1.3038
262,10.4800,-0.0862,0.0000,-0.2842,-0.0825,-0.0070,0.0170,0.0301,0.0299,-0.2844,1.4803,0.9034,0.2241,-0.02168,0.01209,0.0023,-0.0607,-0.1190,0.0549,0.00000,0.00000,1.2996,1.2978
263,10.5200,-0.0811,0.0000,-0.2740,-0.0790,-0.0037,0.0571,0.0121,-0.0146,-0.2920,1.4787,0.9061,0.2241,-0.02218,0.01628,0.0233,-0.0975,-0.1211,0.0717,0.00000,0.00000,1.3026,1.2918
264,10.5600,-0.0759,0.0000,-0.2643,-0.0787,-0.0019,0.0498,0.0056,-0.0197,-0.3222,1.4773,0.9089,0.2248,-0.02270,0.01881,0.0142,-0.0777,-0.1035,0.0464,0.00000,0.00000,1.3056,1.2856
265,10.6000,-0.0704,0.0000,-0.2547,-0.0923,0.0067,0.0377,-0.0335,0.2356,-0.2299,1.4760,0.9120,0.2250,-0.01733,0.01981,0.0245,-0.0849,-0.1134,0.0450,0.00000,0.00000,1.3085,1.2794
266,10.6400,-0.0649,0.0000,-0.2455,-0.0877,0.0104,0.0100,-0.0490,0.1446,-0.3133,1.4751,0.9152,0.2242,-0.01000,0.01601,0.0162,-0.0492,-0.0807,0.0577,0.00000,0.00000,1.3115,1.2731
267,10.6800,-0.0591,0.0000,-0.2364,-0.0728,-0.0025,0.0291,0.0159,-0.0789,-0.3144,1.4741,0.9182,0.2234,-0.00939,0.01502,0.0212,-0.0540,-0.1015,0.0839,0.00000,0.00000,1.3144,1.2667
268,10.7200,-0.0533,0.0000,-0.2275,-0.0676,-0.0190,0.0465,0.0858,-0.0968,-0.1808,1.4725,0.9206,0.2236,-0.01280,0.02382,-0.0191,-0.0837,-0.1371,0.0262,0.00000,0.00000,1.3172,1.2603
269,10.7600,-0.0473,0.0000,-0.2191,-0.0838,0.0216,0.0593,-0.1040,0.2502,-0.2377,1.4714,0.9233,0.2243,-0.00939,0.02557,0.0320,-0.1152,-0.1110,-0.0006,0.00000,0.00000,1.3201,1.2537
270,10.8000,-0.0412,0.0000,-0.2111,-0.0722,0.0144,0.0191,-0.0700,0.0488,-0.2200,1.4713,0.9265,0.2243,-0.00350,0.01451,0.0133,-0.0489,-0.0730,0.0902,0.00000,0.00000,1.3229,1.2471
271,10.8400,-0.0351,0.0000,-0.2033,-0.0582,-0.0091,0.0275,0.0439,-0.1165,-0.2918,1.4704,0.9289,0.2235,-0.00571,0.01600,0.0215,-0.0619,-0.1045,0.0889,0.00000,0.00000,1.3258,1.2404
272,10.8800,-0.0289,0.0000,-0.1959,-0.0638,-0.0045,0.0563,0.0201,0.1143,-0.2858,1.4692,0.9309,0.2239,-0.00513,0.02317,0.0030,-0.0928,-0.1086,0.0182,0.00000,0.00000,1.3286,1.2336
273,10.9200,-0.0226,0.0000,-0.1883,-0.0572,-0.0075,0.0309,0.0363,0.0544,-0.1894,1.4682,0.9330,0.2242,-0.00176,0.02712,-0.0197,-0.0771,-0.1091,0.0600,0.00000,0.00000,1.3313,1.2267
274,10.9600,-0.0163,0.0000,-0.1809,-0.0512,0.0059,0.0349,-0.0274,0.0219,-0.1913,1.4675,0.9350,0.2239,-0.00081,0.02914,0.0310,-0.0714,-0.0963,0.0662,0.00000,0.00000,1.3341,1.2198
275,11.0000,-0.0100,0.0000,-0.1740,-0.0475,0.0143,0.0368,-0.0734,0.0524,-0.2309,1.4674,0.9369,0.2238,0.00060,0.02365,0.0094,-0.0811,-0.0913,0.0445,0.00000,0.00000,1.3368,1.2127
276,11.0400,-0.0036,0.0000,-0.1674,-0.0464,0.0039,0.0401,-0.0176,0.1594,-0.0945,1.4672,0.9387,0.2240,0.00563,0.01937,0.0036,-0.0896,-0.1214,0.0489,0.00000,0.00000,1.3395,1.2056
277,11.0800,0.0027,0.0000,-0.1613,-0.0195,-0.0034,0.0282,0.0196,-0.2394,-0.2470,1.4669,0.9400,0.2237,0.00168,0.01975,0.0109,-0.0691,-0.0826,0.0809,0.00000,0.00000,1.3422,1.1985
278,11.1200,0.0091,0.0000,-0.1554,-0.0341,0.0017,0.0671,-0.0105,0.2002,-0.1745,1.4664,0.9409,0.2243,0.00271,0.02391,0.0213,-0.1086,-0.1304,0.0339,0.00000,0.00000,1.3449,1.1912
279,11.1600,0.0154,0.0000,-0.1498,-0.0279,0.0047,0.0194,-0.0206,0.2004,-0.1621,1.4663,0.9419,0.2246,0.01054,0.02150,-0.0159,-0.0797,-0.0810,0.0373,0.00000,0.00000,1.3475,1.1839
280,11.2000,0.0217,0.0000,-0.1444,-0.0124,0.0032,0.0160,-0.0200,0.0435,-0.1912,1.4663,0.9426,0.2235,0.01470,0.01997,0.0261,-0.0580,-0.0814,0.0901,0.00000,0.00000,1.3502,1.1765
281,11.2400,0.0280,0.0000,-0.1392,0.0047,0.0023,0.0449,-0.0108,-0.0859,-0.2636,1.4664,0.9427,0.2233,0.01311,0.01814,0.0198,-0.0733,-0.0882,0.0650,0.00000,0.00000,1.3528,1.1690
282,11.2800,0.0342,0.0000,-0.1339,0.0199,-0.0064,0.0583,0.0318,-0.2039,-0.1572,1.4665,0.9423,0.2241,0.00685,0.02009,0.0211,-0.0898,-0.1159,0.0510,0.00000,0.00000,1.3553,1.1614
283,11.3200,0.0403,0.0000,-0.1287,0.0241,0.0015,0.0403,-0.0070,-0.1603,-0.1913,1.4666,0.9415,0.2245,-0.00091,0.02378,0.0107,-0.1023,-0.1086,0.0223,0.00000,0.00000,1.3579,1.1538
284,11.3600,0.0464,0.0000,-0.1237,0.0180,0.0108,0.0345,-0.0560,0.0524,-0.1253,1.4671,0.9407,0.2245,-0.00197,0.02005,0.0045,-0.1023,-0.1178,0.0311,0.00000,0.00000,1.3604,1.1461
285,11.4000,0.0523,0.0000,-0.1189,0.0197,0.0101,0.0245,-0.0548,0.1334,-0.2005,1.4678,0.9400,0.2241,0.00200,0.01243,0.0115,-0.0808,-0.0831,0.0596,0.00000,0.00000,1.3629,1.1383
286,11.4400,0.0582,0.0000,-0.1142,0.0347,-0.0132,0.0319,0.0649,-0.0202,-0.0513,1.4680,0.9389,0.2238,0.00414,0.01377,-0.0147,-0.0864,-0.1282,0.0590,0.00000,0.00000,1.3654,1.1305
287,11.4800,0.0640,0.0000,-0.1101,0.0472,-0.0014,0.0385,0.0083,-0.1265,-0.2183,1.4680,0.9372,0.2236,-0.00037,0.02234,0.0186,-0.0869,-0.0912,0.0225,0.00000,0.00000,1.3679,1.1226
288,11.5200,0.0697,0.0000,-0.1061,0.0478,0.0027,0.0591,-0.0135,-0.0277,-0.1143,1.4686,0.9354,0.2243,-0.00270,0.02187,0.0049,-0.1063,-0.1278,0.0550,0.00000,0.00000,1.3704,1.1146
289,11.5600,0.0754,0.0000,-0.1022,0.0457,0.0101,0.0273,-0.0505,0.1083,-0.1015,1.4693,0.9336,0.2245,-0.00099,0.01804,0.0033,-0.0983,-0.0978,0.0051,0.00000,0.00000,1.3728,1.1065
290,11.6000,0.0809,0.0000,-0.0986,0.0596,0.0115,0.0208,-0.0578,-0.0812,-0.1097,1.4703,0.9316,0.2238,-0.00115,0.00766,0.0190,-0.0819,-0.0911,0.0635,0.00000,0.00000,1.3752,1.0984
291,11.6400,0.0864,0.0000,-0.0954,0.0602,0.0078,0.0360,-0.0383,0.0364,-0.1459,1.4713,0.9294,0.2235,-0.00159,0.00103,0.0104,-0.0939,-0.1076,0.0115,0.00000,0.00000,1.3776,1.0901
292,11.6800,0.0917,0.0000,-0.0923,0.0716,-0.0007,0.0474,0.0038,-0.0756,-0.1437,1.4721,0.9268,0.2237,-0.00276,-0.00239,0.0168,-0.0927,-0.1068,0.0520,0.00000,0.00000,1.3800,1.0819
293,11.7200,0.0970,0.0000,-0.0893,0.0788,0.0047,0.0311,-0.0234,-0.1322,-0.1569,1.4728,0.9239,0.2238,-0.00774,-0.00264,0.0248,-0.0862,-0.0796,0.0022,0.00000,0.00000,1.3823,1.0735
294,11.7600,0.1022,0.0000,-0.0861,0.0657,0.0105,0.0318,-0.0544,0.1907,-0.0469,1.4737,0.9211,0.2236,-0.00521,-0.00851,-0.0015,-0.1106,-0.1135,0.0093,0.00000,0.00000,1.3846,1.0651
295,11.8000,0.1073,0.0000,-0.0834,0.0878,-0.0027,0.0240,0.0132,-0.1629,-0.0887,1.4747,0.9182,0.2231,-0.00580,-0.01494,-0.0019,-0.0832,-0.0992,0.0598,0.00000,0.00000,1.3869,1.0566
296,11.8400,0.1124,0.0000,-0.0811,0.0879,-0.0019,0.0479,0.0102,-0.0448,-0.1703,1.4751,0.9147,0.2231,-0.01026,-0.00940,0.0153,-0.1057,-0.0948,0.0156,0.00000,0.00000,1.3892,1.0481
297,11.8800,0.1173,0.0000,-0.0787,0.0832,0.0008,0.0574,-0.0047,0.1177,-0.0487,1.4759,0.9114,0.2240,-0.00773,-0.00894,0.0099,-0.1109,-0.1155,0.0284,0.00000,0.00000,1.3914,1.0395
298,11.9200,0.1222,0.0000,-0.0765,0.0910,0.0013,0.0196,-0.0063,0.0228,-0.1261,1.4766,0.9079,0.2239,-0.00550,-0.00994,0.0177,-0.0758,-0.0818,0.0301,0.00000,0.00000,1.3937,1.0308
299,11.9600,0.1270,0.0000,-0.0744,0.1049,-0.0063,0.0322,0.0309,-0.1728,-0.0645,1.4773,0.9041,0.2234,-0.00921,-0.00770,0.0079,-0.0911,-0.1175,0.0534,0.00000,0.00000,1.3959,1.0220
300,12.0000,0.1317,0.0000,-0.0726,0.1038,-0.0015,0.0407,0.0067,-0.0716,-0.0093,1.4779,0.9000,0.2235,-0.01415,-0.00155,-0.0041,-0.1110,-0.1137,-0.0106,0.00000,0.00000,1.3981,1.0132
301,12.0400,0.1363,0.0000,-0.0712,0.1028,0.0182,0.0406,-0.0906,-0.0156,-0.1824,1.4791,0.8961,0.2237,-0.01643,-0.01132,0.0149,-0.1154,-0.0790,0.0414,0.00000,0.00000,1.4002,1.0043
302,12.0800,0.1409,0.0000,-0.0699,0.1162,-0.0072,0.0309,0.0343,-0.2416,-0.0385,1.4802,0.8920,0.2238,-0.02137,-0.01885,-0.0118,-0.0965,-0.1158,0.0478,0.00000,0.00000,1.4024,0.9954
303,12.1200,0.1454,0.0000,-0.0685,0.1003,0.0111,0.0357,-0.0565,0.1030,-0.0739,1.4809,0.8877,0.2236,-0.02382,-0.01512,0.0373,-0.1095,-0.0848,-0.0215,0.00000,0.00000,1.4045,0.9864
304,12.1600,0.1499,0.0000,-0.0675,0.0862,0.0147,0.0349,-0.0761,0.3991,-0.0994,1.4823,0.8840,0.2237,-0.01189,-0.03216,-0.0076,-0.1084,-0.1006,0.0373,0.00000,0.00000,1.4066,0.9773
305,12.2000,0.1543,0.0000,-0.0664,0.1040,-0.0052,0.0088,0.0260,0.1413,-0.1304,1.4833,0.8801,0.2229,-0.00203,-0.03872,0.0061,-0.0649,-0.0572,0.0337,0.00000,0.00000,1.4086,0.9682
306,12.2400,0.1587,0.0000,-0.0651,0.1211,-0.0155,0.0442,0.0779,-0.0547,-0.0978,1.4836,0.8755,0.2225,-0.00162,-0.02521,0.0066,-0.1014,-0.1022,0.0567,0.00000,0.00000,1.4107,0.9590
307,12.2800,0.1630,0.0000,-0.0639,0.1366,-0.0011,0.0518,0.0054,-0.2458,-0.1419,1.4841,0.8704,0.2231,-0.00901,-0.01599,0.0099,-0.1091,-0.0878,-0.0104,0.00000,0.00000,1.4127,0.9497
308,12.3200,0.1673,0.0000,-0.0626,0.1151,0.0071,0.0547,-0.0367,0.2535,-0.0077,1.4850,0.8655,0.2239,-0.00658,-0.01692,0.0065,-0.1274,-0.1301,0.0076,0.00000,0.00000,1.4147,0.9404
309,12.3600,0.1714,0.0000,-0.0614,0.1241,0.0139,0.0082,-0.0700,0.1475,-0.1072,1.4864,0.8607,0.2235,0.00077,-0.03310,-0.0005,-0.0890,-0.0671,0.0100,0.00000,0.00000,1.4167,0.9310
310,12.4000,0.1756,0.0000,-0.0604,0.1455,-0.0015,0.0195,0.0074,-0.1439,-0.1055,1.4876,0.8554,0.2224,-0.00046,-0.04273,0.0035,-0.0880,-0.0823,0.0574,0.00000,0.00000,1.4187,0.9216
311,12.4400,0.1796,0.0000,-0.0593,0.1427,-0.0108,0.0597,0.0537,0.0825,-0.0405,1.4882,0.8496,0.2227,-0.00077,-0.03102,-0.0096,-0.1240,-0.1268,-0.0053,0.00000,0.00000,1.4206,0.9121
312,12.4800,0.1836,0.0000,-0.0584,0.1548,0.0033,0.0376,-0.0182,-0.0564,0.0120,1.4890,0.8437,0.2233,-0.00143,-0.02778,-0.0088,-0.1193,-0.0884,-0.0214,0.00000,0.00000,1.4225,0.9025
313,12.5200,0.1875,0.0000,-0.0579,0.1586,0.0103,0.0394,-0.0518,-0.0394,-0.0911,1.4903,0.8376,0.2231,-0.00335,-0.03743,0.0294,-0.1019,-0.0937,0.0538,0.00000,0.00000,1.4244,0.8929
314,12.5600,0.1913,0.0000,-0.0577,0.1661,-0.0061,0.0435,0.0298,-0.0493,-0.0803,1.4915,0.8312,0.2234,-0.00484,-0.04129,0.0005,-0.1001,-0.1000,0.0363,0.00000,0.00000,1.4263,0.8832
315,12.6000,0.1950,0.0000,-0.0573,0.1623,0.0008,0.0388,-0.0049,0.1307,-0.0394,1.4922,0.8246,0.2236,-0.00302,-0.03434,0.0085,-0.1192,-0.1003,-0.0178,0.00000,0.00000,1.4281,0.8735
316,12.6400,0.1987,0.0000,-0.0571,0.1660,-0.0004,0.0419,0.0022,0.1748,-0.0855,1.4933,0.8180,0.2237,0.00333,-0.03729,-0.0026,-0.1146,-0.1052,0.0643,0.00000,0.00000,1.4300,0.8637
317,12.6800,0.2022,0.0000,-0.0569,0.1873,0.0008,0.0285,-0.0042,-0.1024,-0.1119,1.4945,0.8109,0.2236,0.00327,-0.03933,0.0165,-0.0953,-0.0726,0.0071,0.00000,0.00000,1.4318,0.8539
318,12.7200,0.2057,0.0000,-0.0564,0.1989,-0.0129,0.0321,0.0628,-0.2026,0.0329,1.4953,0.8034,0.2233,-0.00322,-0.03018,-0.0113,-0.1049,-0.1119,0.0402,0.00000,0.00000,1.4335,0.8440
319,12.7600,0.2090,0.0000,-0.0563,0.1974,0.0120,0.0428,-0.0600,-0.0699,-0.1358,1.4963,0.7956,0.2233,-0.00893,-0.02750,0.0360,-0.1036,-0.0783,0.0007,0.00000,0.00000,1.4353,0.8340
320,12.8000,0.2122,0.0000,-0.0563,0.2068,0.0210,0.0326,-0.1049,-0.2041,-0.1610,1.4983,0.7878,0.2235,-0.01459,-0.05781,0.0188,-0.1046,-0.0877,0.0044,0.00000,0.00000,1.4370,0.8240
321,12.8400,0.2154,0.0000,-0.0557,0.1962,0.0155,0.0281,-0.0796,0.0655,-0.0766,1.5001,0.7800,0.2233,-0.01648,-0.08317,0.0267,-0.1123,-0.0830,-0.0096,0.00000,0.00000,1.4387,0.8140
322,12.8800,0.2184,0.0000,-0.0549,0.1936,-0.0055,0.0261,0.0260,0.1704,-0.0069,1.5014,0.7722,0.2230,-0.01060,-0.09099,-0.0067,-0.1034,-0.1096,0.0222,0.00000,0.00000,1.4404,0.8039
323,12.9200,0.2214,0.0000,-0.0545,0.2096,-0.0009,0.0275,0.0042,-0.0599,-0.0738,1.5023,0.7641,0.2226,-0.01031,-0.08657,0.0093,-0.1135,-0.0708,-0.0097,0.00000,0.00000,1.4421,0.7937
324,12.9600,0.2243,0.0000,-0.0542,0.2070,-0.0052,0.0423,0.0255,0.0715,-0.0448,1.5033,0.7559,0.2226,-0.00921,-0.08193,-0.0009,-0.1112,-0.1038,0.0080,0.00000,0.00000,1.4437,0.7835
325,13.0000,0.2271,0.0000,-0.0539,0.2063,0.0086,0.0497,-0.0434,0.1847,-0.1011,1.5044,0.7475,0.2231,-0.00437,-0.08580,0.0243,-0.1250,-0.0743,0.0059,0.00000,0.00000,1.4453,0.7733
326,13.0400,0.2299,0.0000,-0.0537,0.2141,-0.0049,0.0317,0.0234,0.1288,-0.0222,1.5056,0.7391,0.2233,0.00239,-0.09265,0.0031,-0.0977,-0.0917,0.0225,0.00000,0.00000,1.4469,0.7630
327,13.0800,0.2325,0.0000,-0.0534,0.2224,-0.0040,0.0325,0.0204,0.1137,-0.0954,1.5065,0.7303,0.2229,0.00641,-0.08326,0.0109,-0.1138,-0.0914,0.0034,0.00000,0.00000,1.4485,0.7526
328,13.1200,0.2351,0.0000,-0.0532,0.2449,0.0061,0.0451,-0.0293,-0.1955,-0.1314,1.5078,0.7210,0.2230,0.00340,-0.09256,0.0238,-0.1137,-0.0951,-0.0046,0.00000,0.00000,1.4500,0.7422
329,13.1600,0.2376,0.0000,-0.0528,0.2400,0.0041,0.0490,-0.0207,0.0484,-0.1049,1.5091,0.7114,0.2234,0.00105,-0.10152,0.0147,-0.1274,-0.1002,-0.0109,0.00000,0.00000,1.4516,0.7317
330,13.2000,0.2400,0.0000,-0.0521,0.2510,0.0000,0.0391,0.0009,-0.0641,-0.1429,1.5103,0.7016,0.2236,0.00055,-0.11214,0.0271,-0.1044,-0.0967,0.0265,0.00000,0.00000,1.4531,0.7212
331,13.2400,0.2423,0.0000,-0.0511,0.2620,-0.0065,0.0356,0.0311,-0.1668,-0.0286,1.5112,0.6915,0.2237,-0.00483,-0.10726,0.0134,-0.1198,-0.1039,-0.0041,0.00000,0.00000,1.4545,0.7107
332,13.2800,0.2445,0.0000,-0.0501,0.2601,0.0032,0.0305,-0.0167,-0.0611,-0.0457,1.5122,0.6812,0.2235,-0.00917,-0.10312,0.0206,-0.1138,-0.1009,-0.0173,0.00000,0.00000,1.4560,0.7001
333,13.3200,0.2465,0.0000,-0.0494,0.2677,0.0121,0.0409,-0.0597,-0.1561,-0.1425,1.5138,0.6708,0.2235,-0.01393,-0.12602,0.0450,-0.1083,-0.0919,0.0274,0.00000,0.00000,1.4574,0.6895
334,13.3600,0.2485,0.0000,-0.0486,0.2611,-0.0117,0.0292,0.0561,0.0330,0.0414,1.5148,0.6604,0.2238,-0.01491,-0.12394,-0.0204,-0.1235,-0.1397,-0.0375,0.00000,0.00000,1.4588,0.6788
335,13.4000,0.2504,0.0000,-0.0480,0.2667,-0.0112,0.0287,0.0560,-0.0365,-0.0680,1.5153,0.6498,0.2234,-0.01619,-0.09965,0.0046,-0.1187,-0.0961,0.0411,0.00000,0.00000,1.4602,0.6681
336,13.4400,0.2522,0.0000,-0.0478,0.2710,0.0053,0.0367,-0.0269,-0.0850,-0.0670,1.5163,0.6392,0.2235,-0.01889,-0.09711,0.0073,-0.1275,-0.1025,-0.0309,0.00000,0.00000,1.4616,0.6573
337,13.4800,0.2539,0.0000,-0.0475,0.2662,0.0016,0.0401,-0.0091,0.0367,-0.0380,1.5175,0.6285,0.2238,-0.01908,-0.10641,0.0186,-0.1154,-0.1099,0.0315,0.00000,0.00000,1.4629,0.6465
338,13.5200,0.2555,0.0000,-0.0472,0.2577,0.0052,0.0173,-0.0273,0.2386,-0.0209,1.5186,0.6180,0.2236,-0.01291,-0.11127,-0.0027,-0.1147,-0.0955,-0.0476,0.00000,0.00000,1.4642,0.6357
339,13.5600,0.2571,0.0000,-0.0472,0.2733,-0.0003,0.0147,0.0015,-0.0232,-0.0727,1.5198,0.6073,0.2227,-0.00978,-0.12386,0.0010,-0.0976,-0.0832,0.0418,0.00000,0.00000,1.4655,0.6248
340,13.6000,0.2586,0.0000,-0.0472,0.2701,0.0037,0.0464,-0.0200,0.1492,-0.0157,1.5208,0.5964,0.2226,-0.00699,-0.12345,0.0080,-0.1347,-0.1018,-0.0374,0.00000,0.00000,1.4668,0.6138
341,13.6400,0.2601,0.0000,-0.0473,0.2798,-0.0049,0.0546,0.0257,0.0536,-0.1374,1.5219,0.5854,0.2233,-0.00300,-0.13032,0.0101,-0.1165,-0.1094,0.0486,0.00000,0.00000,1.4680,0.6029
342,13.6800,0.2615,0.0000,-0.0473,0.2916,-0.0001,0.0498,0.0007,-0.0672,-0.1238,1.5227,0.5739,0.2239,-0.00444,-0.12923,0.0343,-0.1268,-0.0920,-0.0199,0.00000,0.00000,1.4693,0.5919
343,13.7200,0.2628,0.0000,-0.0469,0.2932,-0.0127,0.0292,0.0608,-0.0348,0.0683,1.5234,0.5624,0.2241,-0.00577,-0.11436,0.0035,-0.1057,-0.1205,0.0162,0.00000,0.00000,1.4705,0.5808
344,13.7600,0.2640,0.0000,-0.0467,0.3082,-0.0139,0.0328,0.0680,-0.2669,0.0302,1.5238,0.5505,0.2238,-0.01299,-0.07998,0.0217,-0.1056,-0.1231,0.0458,0.00000,0.00000,1.4716,0.5697
345,13.8000,0.2652,0.0000,-0.0472,0.3039,-0.0009,0.0485,0.0051,-0.1265,-0.0747,1.5245,0.5384,0.2243,-0.02044,-0.06017,0.0261,-0.1137,-0.1237,-0.0040,0.00000,0.00000,1.4728,0.5586
346,13.8400,0.2662,0.0000,-0.0479,0.3026,0.0017,0.0208,-0.0088,-0.1156,-0.0351,1.5256,0.5264,0.2245,-0.02508,-0.06500,0.0032,-0.1019,-0.1081,0.0010,0.00000,0.00000,1.4739,0.5475
347,13.8800,0.2672,0.0000,-0.0484,0.2907,0.0142,0.0060,-0.0708,0.0913,-0.0218,1.5268,0.5147,0.2237,-0.02516,-0.08058,0.0027,-0.1163,-0.1026,-0.0253,0.00000,0.00000,1.4750,0.5363
348,13.9200,0.2682,0.0000,-0.0491,0.2932,0.0213,0.0173,-0.1065,0.0313,-0.0811,1.5287,0.5031,0.2229,-0.02286,-0.13277,0.0131,-0.1084,-0.0855,0.0061,0.00000,0.00000,1.4761,0.5250
349,13.9600,0.2691,0.0000,-0.0497,0.2955,-0.0118,0.0368,0.0595,0.0286,-0.0357,1.5299,0.4914,0.2228,-0.02076,-0.14468,-0.0016,-0.1026,-0.1284,0.0242,0.00000,0.00000,1.4771,0.5138
350,14.0000,0.2699,0.0000,-0.0503,0.3019,-0.0085,0.0534,0.0431,-0.0583,-0.0802,1.5303,0.4794,0.2235,-0.02261,-0.11496,0.0229,-0.1320,-0.1107,-0.0104,0.00000,0.00000,1.4782,0.5025
351,14.0400,0.2707,0.0000,-0.0509,0.2812,0.0102,0.0386,-0.0513,0.3475,-0.0152,1.5311,0.4677,0.2242,-0.01543,-0.11602,0.0043,-0.1345,-0.1063,-0.0439,0.00000,0.00000,1.4792,0.4912
352,14.0800,0.2715,0.0000,-0.0514,0.2917,0.0124,0.0141,-0.0622,0.1523,-0.0277,1.5327,0.4561,0.2237,-0.00602,-0.15663,0.0070,-0.1147,-0.0944,0.0246,0.00000,0.00000,1.4802,0.4798
353,14.1200,0.2723,0.0000,-0.0520,0.3002,0.0123,0.0398,-0.0581,0.1044,-0.1952,1.5341,0.4442,0.2232,-0.00169,-0.19809,0.0423,-0.1182,-0.0779,0.0175,0.00000,0.00000,1.4811,0.4684
354,14.1600,0.2730,0.0000,-0.0523,0.3115,0.0000,0.0530,0.0024,0.0067,-0.1528,1.5353,0.4319,0.2237,0.00046,-0.23739,0.0220,-0.1259,-0.1036,-0.0130,0.00000,0.00000,1.4821,0.4570
355,14.2000,0.2737,0.0000,-0.0518,0.3208,-0.0172,0.0456,0.0849,-0.0683,-0.0521,1.5356,0.4193,0.2242,-0.00114,-0.21573,0.0176,-0.1267,-0.1238,0.0089,0.00000,0.00000,1.4830,0.4456
356,14.2400,0.2744,0.0000,-0.0512,0.3293,0.0015,0.0398,-0.0069,-0.1580,-0.1282,1.5360,0.4063,0.2244,-0.00680,-0.19951,0.0494,-0.1187,-0.0908,-0.0029,0.00000,0.00000,1.4839,0.4341
357,14.2800,0.2749,0.0000,-0.0505,0.3392,0.0087,0.0220,-0.0448,-0.3348,-0.0342,1.5371,0.3932,0.2244,-0.01703,-0.23688,0.0400,-0.1022,-0.0950,-0.0088,0.00000,0.00000,1.4847,0.4226
358,14.3200,0.2754,0.0000,-0.0496,0.3154,0.0036,0.0247,-0.0182,0.1544,-0.0649,1.5379,0.3802,0.2239,-0.01817,-0.24898,0.0399,-0.0981,-0.1277,-0.0154,0.00000,0.00000,1.4856,0.4111
359,14.3600,0.2758,0.0000,-0.0490,0.3334,0.0026,0.0199,-0.0143,-0.1978,-0.0123,1.5389,0.3673,0.2237,-0.02085,-0.27904,0.0062,-0.1215,-0.0977,-0.0085,0.00000,0.00000,1.4864,0.3995
360,14.4000,0.2762,0.0000,-0.0486,0.3209,-0.0086,0.0343,0.0424,0.0573,0.0188,1.5393,0.3543,0.2235,-0.02245,-0.25178,0.0263,-0.1119,-0.1172,0.0018,0.00000,0.00000,1.4872,0.3879
361,14.4400,0.2765,0.0000,-0.0486,0.3191,0.0068,0.0316,-0.0345,0.0784,-0.0203,1.5400,0.3415,0.2237,-0.01989,-0.25027,0.0246,-0.1194,-0.0986,-0.0360,0.00000,0.00000,1.4880,0.3763
362,14.4800,0.2767,0.0000,-0.0490,0.3308,-0.0035,0.0199,0.0167,-0.1708,-0.0439,1.5409,0.3286,0.2234,-0.02250,-0.26839,0.0122,-0.1041,-0.1029,0.0238,0.00000,0.00000,1.4887,0.3647
363,14.5200,0.2769,0.0000,-0.0494,0.3176,0.0017,0.0310,-0.0095,0.0981,0.0035,1.5413,0.3156,0.2233,-0.02323,-0.25275,0.0248,-0.1216,-0.1070,-0.0524,0.00000,0.00000,1.4894,0.3531
364,14.5600,0.2771,0.0000,-0.0500,0.3105,0.0063,0.0408,-0.0315,0.2306,-0.0410,1.5422,0.3030,0.2235,-0.01594,-0.27471,0.0142,-0.1265,-0.1130,0.0129,0.00000,0.00000,1.4901,0.3414
365,14.6000,0.2773,0.0000,-0.0508,0.3264,-0.0080,0.0237,0.0398,-0.0505,-0.0934,1.5429,0.2902,0.2234,-0.01332,-0.29209,0.0136,-0.0983,-0.0912,0.0059,0.00000,0.00000,1.4908,0.3297
366,14.6400,0.2774,0.0000,-0.0513,0.3223,-0.0095,0.0434,0.0489,0.0900,-0.1019,1.5430,0.2772,0.2235,-0.01250,-0.26075,0.0298,-0.1156,-0.1030,0.0107,0.00000,0.00000,1.4915,0.3180
367,14.6800,0.2776,0.0000,-0.0516,0.3222,0.0109,0.0396,-0.0547,0.1229,-0.0552,1.5437,0.2642,0.2239,-0.00829,-0.28554,0.0282,-0.1236,-0.0954,-0.0405,0.00000,0.00000,1.4921,0.3062
368,14.7200,0.2777,0.0000,-0.0516,0.3342,-0.0001,0.0236,-0.0005,-0.0770,-0.0158,1.5446,0.2511,0.2237,-0.00789,-0.32434,0.0186,-0.1056,-0.1051,0.0296,0.00000,0.00000,1.4927,0.2945
369,14.7600,0.2777,0.0000,-0.0519,0.3440,-0.0046,0.0292,0.0229,-0.2021,-0.0707,1.5450,0.2376,0.2233,-0.01437,-0.31728,0.0420,-0.0953,-0.0845,0.0057,0.00000,0.00000,1.4933,0.2827
370,14.8000,0.2777,0.0000,-0.0521,0.3442,-0.0083,0.0394,0.0401,-0.1851,0.0108,1.5452,0.2241,0.2236,-0.02171,-0.28356,0.0158,-0.1151,-0.1283,-0.0123,0.00000,0.00000,1.4938,0.2709
371,14.8400,0.2777,0.0000,-0.0526,0.3412,0.0069,0.0159,-0.0351,-0.1449,-0.0896,1.5457,0.2105,0.2234,-0.02913,-0.29362,0.0281,-0.0990,-0.0562,-0.0077,0.00000,0.00000,1.4944,0.2591
372,14.8800,0.2776,0.0000,-0.0530,0.3355,0.0030,0.0148,-0.0162,-0.0886,-0.0403,1.5465,0.1971,0.2229,-0.03271,-0.33722,0.0217,-0.0879,-0.0940,0.0224,0.00000,0.00000,1.4949,0.2473
373,14.9200,0.2774,0.0000,-0.0533,0.3244,-0.0038,0.0252,0.0177,0.1179,-0.0217,1.5468,0.1840,0.2227,-0.03135,-0.32680,0.0047,-0.1078,-0.1017,-0.0077,0.00000,0.00000,1.4953,0.2354
374,14.9600,0.2773,0.0000,-0.0539,0.3335,-0.0015,0.0235,0.0062,-0.1020,-0.0511,1.5472,0.1708,0.2226,-0.03206,-0.33202,0.0073,-0.1061,-0.0844,0.0060,0.00000,0.00000,1.4958,0.2236
375,15.0000,0.2771,0.0000,-0.0544,0.3295,-0.0031,0.0335,0.0143,-0.0631,-0.0064,1.5475,0.1577,0.2227,-0.03498,-0.31689,0.0288,-0.1015,-0.1000,0.0042,0.00000,0.00000,1.4962,0.2117
376,15.0400,0.2769,0.0000,-0.0551,0.3175,0.0121,0.0352,-0.0613,0.1336,-0.0919,1.5481,0.1447,0.2231,-0.03347,-0.35516,0.0279,-0.1180,-0.0743,-0.0028,0.00000,0.00000,1.4967,0.1998
377,15.0800,0.2768,0.0000,-0.0557,0.3213,0.0034,0.0213,-0.0180,-0.0013,0.0251,1.5490,0.1320,0.2232,-0.03052,-0.41965,0.0008,-0.1169,-0.1087,-0.0023,0.00000,0.00000,1.4970,0.1879
378,15.1200,0.2766,0.0000,-0.0565,0.3203,-0.0103,0.0197,0.0511,0.0033,0.0280,1.5491,0.1192,0.2228,-0.03072,-0.37095,0.0076,-0.1074,-0.0941,0.0149,0.00000,0.00000,1.4974,0.1760
379,15.1600,0.2764,0.0000,-0.0576,0.3153,-0.0028,0.0325,0.0142,0.0906,-0.0462,1.5492,0.1065,0.2228,-0.02861,-0.32726,0.0027,-0.1175,-0.0989,-0.0097,0.00000,0.00000,1.4977,0.1641
380,15.2000,0.2762,0.0000,-0.0589,0.3170,0.0133,0.0189,-0.0674,0.0336,-0.0960,1.5499,0.0938,0.2226,-0.02682,-0.40657,0.0206,-0.0989,-0.0469,-0.0168,0.00000,0.00000,1.4981,0.1521
381,15.2400,0.2760,0.0000,-0.0599,0.3280,-0.0097,0.0130,0.0478,-0.2071,-0.0600,1.5505,0.0810,0.2221,-0.03030,-0.45326,0.0063,-0.0781,-0.0950,0.0434,0.00000,0.00000,1.4984,0.1402
382,15.2800,0.2759,0.0000,-0.0606,0.3251,0.0020,0.0509,-0.0113,-0.1317,-0.1331,1.5505,0.0681,0.2223,-0.03784,-0.45095,0.0474,-0.1202,-0.0807,-0.0025,0.00000,0.00000,1.4986,0.1283
383,15.3200,0.2757,0.0000,-0.0612,0.3218,-0.0010,0.0370,0.0030,-0.1437,-0.1235,1.5509,0.0554,0.2233,-0.04260,-0.56760,0.0106,-0.1073,-0.1038,0.0041,0.00000,0.00000,1.4989,0.1163
384,15.3600,0.2755,0.0000,-0.0612,0.3061,-0.0046,0.0212,0.0224,0.0824,-0.0128,1.5509,0.0429,0.2234,-0.04313,-0.57544,0.0149,-0.1137,-0.0990,0.0058,0.00000,0.00000,1.4991,0.1043
385,15.4000,0.2754,0.0000,-0.0612,0.3016,0.0094,-0.0037,-0.0476,0.0594,-0.0860,1.5512,0.0307,0.2227,-0.04039,-0.67046,0.0064,-0.0904,-0.0697,-0.0202,0.00000,0.00000,1.4993,0.0923
386,15.4400,0.2753,0.0000,-0.0612,0.2913,0.0169,0.0137,-0.0857,0.2137,-0.1048,1.5520,0.0187,0.2218,-0.03454,-0.91618,0.0074,-0.1064,-0.0686,-0.0097,0.00000,0.00000,1.4995,0.0804
387,15.4800,0.2752,0.0000,-0.0611,0.2902,-0.0022,0.0483,0.0106,0.2562,-0.0372,1.5525,0.0070,0.2220,-0.02450,-1.05981,0.0025,-0.1226,-0.0974,0.0356,0.00000,0.00000,1.4996,0.0684
388,15.5200,0.2752,0.0000,-0.0609,0.3025,-0.0104,0.0324,0.0525,0.0451,-0.0790,1.5523,-0.0050,0.2224,-0.01965,-1.15748,0.0085,-0.1072,-0.0681,-0.0196,0.00000,0.00000,1.4997,0.0564
389,15.5600,0.2751,0.0000,-0.0607,0.3092,-0.0071,0.0335,0.0362,-0.0626,-0.1096,1.5519,-0.0172,0.2225,-0.02090,-1.34689,0.0172,-0.1055,-0.0711,0.0318,0.00000,0.00000,1.4998,0.0444
390,15.6000,0.2751,0.0000,-0.0603,0.3087,0.0016,0.0374,-0.0088,-0.0349,-0.0302,1.5518,-0.0295,0.2228,-0.02249,-1.52102,0.0178,-0.1126,-0.0960,-0.0190,0.00000,0.00000,1.4999,0.0324
391,15.6400,0.2751,0.0000,-0.0599,0.2995,0.0070,0.0393,-0.0354,0.1669,-0.0699,1.5521,-0.0417,0.2230,-0.01910,-1.65793,0.0272,-0.1110,-0.0912,0.0171,0.00000,0.00000,1.5000,0.0204
392,15.6800,0.2751,0.0000,-0.0597,0.3076,0.0099,0.0339,-0.0490,0.0424,-0.1418,1.5525,-0.0539,0.2232,-0.01548,-1.94540,0.0375,-0.1033,-0.0699,0.0153,0.00000,0.00000,1.5000,0.0084
393,15.7200,0.2751,0.0000,-0.0591,0.3102,-0.0083,0.0205,0.0404,0.0437,0.0272,1.5524,-0.0663,0.2230,-0.01362,-2.02484,-0.0129,-0.1180,-0.0992,-0.0189,0.00000,0.00000,1.5000,-0.0036
394,15.7600,0.2750,0.0000,-0.0587,0.3218,-0.0094,0.0283,0.0468,-0.1463,-0.0547,1.5519,-0.0789,0.2225,-0.01651,-2.09829,0.0307,-0.0908,-0.0890,0.0312,0.00000,0.00000,1.5000,-0.0156
395,15.8000,0.2750,0.0000,-0.0586,0.3221,-0.0096,0.0398,0.0478,-0.0928,-0.1257,1.5514,-0.0916,0.2228,-0.02110,-2.38102,0.0094,-0.0972,-0.0975,-0.0007,0.00000,0.00000,1.4999,-0.0276
396,15.8400,0.2749,0.0000,-0.0583,0.3153,0.0096,0.0360,-0.0490,0.0464,-0.0192,1.5512,-0.1043,0.2232,-0.02203,-2.49530,0.0159,-0.1254,-0.0895,-0.0347,0.00000,0.00000,1.4999,-0.0396
397,15.8800,0.2747,0.0000,-0.0581,0.3178,0.0173,0.0242,-0.0872,-0.0198,-0.0759,1.5518,-0.1170,0.2230,-0.02168,-2.42109,0.0355,-0.1022,-0.0706,0.0346,0.00000,0.00000,1.4998,-0.0516
398,15.9200,0.2746,0.0000,-0.0578,0.3158,-0.0024,0.0282,0.0108,0.0595,-0.0605,1.5519,-0.1296,0.2228,-0.02002,-2.43722,0.0106,-0.1040,-0.1021,0.0049,0.00000,0.00000,1.4997,-0.0636
399,15.9600,0.2744,0.0000,-0.0577,0.3265,0.0068,0.0390,-0.0345,-0.1196,-0.1773,1.5518,-0.1425,0.2229,-0.02285,-2.54689,0.0444,-0.1167,-0.0674,0.0025,0.00000,0.00000,1.4995,-0.0756
400,16.0000,0.2742,0.0000,-0.0572,0.3148,0.0031,0.0318,-0.0172,0.1186,-0.0805,1.5517,-0.1553,0.2233,-0.02150,-2.62111,0.0200,-0.1079,-0.0868,-0.0249,0.00000,0.00000,1.4994,-0.0875
401,16.0400,0.2739,0.0000,-0.0563,0.3291,-0.0199,0.0235,0.0975,-0.1706,0.1057,1.5511,-0.1681,0.2231,-0.02316,-2.63049,-0.0006,-0.1108,-0.1236,0.0412,0.00000,0.00000,1.4992,-0.0995
402,16.0800,0.2737,0.0000,-0.0561,0.3194,-0.0050,0.0323,0.0256,0.0398,-0.0746,1.5500,-0.1810,0.2230,-0.02570,-2.72870,0.0329,-0.1038,-0.0894,-0.0237,0.00000,0.00000,1.4990,-0.1115
403,16.1200,0.2733,0.0000,-0.0563,0.3214,0.0054,0.0274,-0.0279,-0.0240,-0.1195,1.5499,-0.1938,0.2231,-0.02533,-2.76513,0.0070,-0.0991,-0.0882,0.0072,0.00000,0.00000,1.4987,-0.1235
404,16.1600,0.2730,0.0000,-0.0563,0.3227,-0.0095,0.0201,0.0462,-0.0535,-0.0254,1.5494,-0.2066,0.2229,-0.02676,-2.81000,-0.0025,-0.1025,-0.1091,0.0073,0.00000,0.00000,1.4985,-0.1354
405,16.2000,0.2726,0.0000,-0.0562,0.3233,-0.0010,0.0255,0.0037,-0.0807,-0.0088,1.5488,-0.2194,0.2227,-0.03007,-2.85039,0.0058,-0.1157,-0.0961,-0.0141,0.00000,0.00000,1.4982,-0.1474
406,16.2400,0.2722,0.0000,-0.0564,0.3125,0.0117,0.0371,-0.0587,0.1063,-0.0682,1.5487,-0.2321,0.2228,-0.02872,-2.82765,0.0136,-0.1189,-0.1035,-0.0066,0.00000,0.00000,1.4979,-0.1593
407,16.2800,0.2717,0.0000,-0.0568,0.3028,-0.0030,0.0198,0.0127,0.2906,0.1151,1.5485,-0.2445,0.2229,-0.01943,-2.78670,-0.0351,-0.1199,-0.1189,-0.0331,0.00000,0.00000,1.4975,-0.1712
408,16.3200,0.2713,0.0000,-0.0576,0.3116,0.0089,0.0236,-0.0440,0.1524,-0.0713,1.5483,-0.2570,0.2222,-0.01219,-2.75323,0.0126,-0.1191,-0.0722,0.0137,0.00000,0.00000,1.4972,-0.1831
409,16.3600,0.2708,0.0000,-0.0588,0.3213,-0.0057,0.0436,0.0288,0.0504,-0.0334,1.5481,-0.2697,0.2224,-0.00778,-2.75721,-0.0055,-0.1076,-0.1017,0.0092,0.00000,0.00000,1.4968,-0.1950
410,16.4000,0.2703,0.0000,-0.0599,0.3348,-0.0085,0.0481,0.0431,-0.1231,-0.1198,1.5473,-0.2828,0.2228,-0.01043,-2.83733,0.0361,-0.1007,-0.0870,0.0159,0.00000,0.00000,1.4964,-0.2069
411,16.4400,0.2698,0.0000,-0.0608,0.3430,0.0066,0.0486,-0.0329,-0.2424,-0.1776,1.5469,-0.2962,0.2235,-0.01852,-2.88732,0.0598,-0.0982,-0.0796,0.0067,0.00000,0.00000,1.4960,-0.2188
412,16.4800,0.2692,0.0000,-0.0610,0.3313,-0.0017,0.0387,0.0075,-0.0009,-0.0721,1.5464,-0.3095,0.2241,-0.02179,-2.90636,0.0261,-0.1064,-0.1276,0.0073,0.00000,0.00000,1.4955,-0.2307
413,16.5200,0.2686,0.0000,-0.0610,0.3275,0.0078,0.0138,-0.0397,0.0566,-0.0797,1.5460,-0.3228,0.2238,-0.02079,-2.91289,0.0231,-0.1072,-0.1007,-0.0346,0.00000,0.00000,1.4951,-0.2425
414,16.5600,0.2679,0.0000,-0.0609,0.3282,0.0160,0.0238,-0.0798,0.0339,-0.1218,1.5460,-0.3359,0.2233,-0.01930,-2.87937,0.0303,-0.1144,-0.0946,0.0055,0.00000,0.00000,1.4946,-0.2544
415,16.6000,0.2672,0.0000,-0.0606,0.3263,-0.0070,0.0393,0.0329,0.1092,0.0398,1.5455,-0.3490,0.2234,-0.01559,-2.86801,-0.0031,-0.1286,-0.1310,-0.0058,0.00000,0.00000,1.4940,-0.2662
416,16.6400,0.2664,0.0000,-0.0606,0.3408,-0.0082,0.0420,0.0407,-0.1555,-0.0506,1.5445,-0.3623,0.2237,-0.01800,-2.89962,0.0453,-0.1115,-0.1043,0.0156,0.00000,0.00000,1.4935,-0.2780
417,16.6800,0.2656,0.0000,-0.0609,0.3455,-0.0050,0.0348,0.0240,-0.2533,-0.0355,1.5435,-0.3758,0.2241,-0.02675,-2.93280,0.0280,-0.1141,-0.1077,-0.0112,0.00000,0.00000,1.4929,-0.2898
418,16.7200,0.2648,0.0000,-0.0613,0.3278,-0.0104,0.0137,0.0516,0.0589,-0.0588,1.5424,-0.3891,0.2239,-0.02906,-2.97712,0.0044,-0.0893,-0.1112,0.0034,0.00000,0.00000,1.4923,-0.3015
419,16.7600,0.2639,0.0000,-0.0617,0.3333,-0.0034,0.0387,0.0159,-0.0917,-0.0035,1.5415,-0.4022,0.2239,-0.03027,-2.99760,0.0276,-0.1192,-0.1309,0.0386,0.00000,0.00000,1.4917,-0.3133
420,16.8000,0.2629,0.0000,-0.0623,0.3307,-0.0032,0.0166,0.0148,-0.0874,-0.0497,1.5406,-0.4154,0.2240,-0.03378,-3.01796,0.0112,-0.0915,-0.1040,-0.0286,0.00000,0.00000,1.4911,-0.3250
421,16.8400,0.2620,0.0000,-0.0631,0.3118,0.0148,0.0285,-0.0744,0.2205,0.0146,1.5401,-0.4282,0.2238,-0.03029,-3.00035,0.0182,-0.1324,-0.1231,-0.0202,0.00000,0.00000,1.4904,-0.3367
422,16.8800,0.2610,0.0000,-0.0641,0.3267,0.0025,0.0144,-0.0137,-0.1330,-0.0278,1.5400,-0.4410,0.2235,-0.02938,-2.95727,0.0063,-0.0926,-0.0989,0.0367,0.00000,0.00000,1.4897,-0.3484
423,16.9200,0.2600,0.0000,-0.0653,0.3195,-0.0041,0.0180,0.0200,-0.0159,-0.0031,1.5391,-0.4538,0.2230,-0.03218,-2.97434,0.0127,-0.1061,-0.1110,-0.0451,0.00000,0.00000,1.4890,-0.3600
424,16.9600,0.2590,0.0000,-0.0667,0.3039,0.0204,0.0321,-0.1032,0.2434,-0.0008,1.5388,-0.4664,0.2229,-0.02727,-2.94264,0.0085,-0.1368,-0.0935,-0.0380,0.00000,0.00000,1.4883,-0.3717
425,17.0000,0.2580,0.0000,-0.0684,0.3131,0.0074,0.0292,-0.0365,0.0387,-0.0785,1.5389,-0.4788,0.2229,-0.02169,-2.88824,0.0099,-0.1095,-0.0994,0.0366,0.00000,0.00000,1.4875,-0.3833
426,17.0400,0.2570,0.0000,-0.0700,0.3181,-0.0165,0.0461,0.0835,-0.0139,-0.0728,1.5379,-0.4914,0.2232,-0.02129,-2.92241,0.0199,-0.1175,-0.1248,0.0056,0.00000,0.00000,1.4867,-0.3949
427,17.0800,0.2560,0.0000,-0.0714,0.3145,-0.0013,0.0451,0.0069,0.0624,-0.0857,1.5367,-0.5040,0.2239,-0.02070,-2.96799,0.0281,-0.1277,-0.1049,-0.0394,0.00000,0.00000,1.4859,-0.4064
428,17.1200,0.2550,0.0000,-0.0726,0.3152,0.0085,0.0231,-0.0424,0.0192,-0.0615,1.5362,-0.5166,0.2240,-0.01923,-2.95969,0.0272,-0.1073,-0.0879,0.0120,0.00000,0.00000,1.4851,-0.4180
429,17.1600,0.2539,0.0000,-0.0736,0.3280,0.0022,0.0297,-0.0117,-0.2456,-0.0305,1.5357,-0.5293,0.2238,-0.02443,-2.94278,0.0401,-0.1143,-0.1220,0.0208,0.00000,0.00000,1.4842,-0.4295
430,17.2000,0.2529,0.0000,-0.0748,0.3154,0.0004,0.0199,-0.0020,-0.0035,-0.1634,1.5348,-0.5421,0.2236,-0.02852,-2.96313,0.0398,-0.0804,-0.0880,-0.0387,0.00000,0.00000,1.4833,-0.4410
431,17.2400,0.2518,0.0000,-0.0755,0.3198,0.0006,0.0367,-0.0037,-0.1374,-0.0982,1.5340,-0.5547,0.2237,-0.03204,-2.96801,0.0232,-0.1264,-0.1161,0.0316,0.00000,0.00000,1.4824,-0.4524
432,17.2800,0.2508,0.0000,-0.0760,0.3070,-0.0167,0.0227,0.0825,0.0733,0.0169,1.5326,-0.5671,0.2239,-0.03188,-2.99950,-0.0043,-0.1049,-0.1261,-0.0238,0.00000,0.00000,1.4815,-0.4639
433,17.3200,0.2497,0.0000,-0.0765,0.2933,0.0072,0.0187,-0.0348,0.2967,-0.1135,1.5315,-0.5792,0.2234,-0.02460,-3.01906,0.0143,-0.1163,-0.0857,-0.0107,0.00000,0.00000,1.4806,-0.4753
434,17.3600,0.2486,0.0000,-0.0772,0.3062,0.0133,0.0338,-0.0658,0.0258,-0.1059,1.5312,-0.5913,0.2233,-0.01864,-2.98958,0.0238,-0.1118,-0.1002,0.0201,0.00000,0.00000,1.4796,-0.4866
435,17.4000,0.2475,0.0000,-0.0776,0.3159,-0.0072,0.0467,0.0352,-0.1310,-0.0789,1.5303,-0.6036,0.2237,-0.02120,-2.99144,0.0434,-0.1079,-0.1167,0.0243,0.00000,0.00000,1.4786,-0.4980
436,17.4400,0.2464,0.0000,-0.0779,0.3092,0.0097,0.0358,-0.0488,-0.0016,-0.1650,1.5292,-0.6161,0.2242,-0.02439,-3.00368,0.0389,-0.1292,-0.0900,-0.0532,0.00000,0.00000,1.4776,-0.5093
437,17.4800,0.2453,0.0000,-0.0778,0.3098,-0.0051,0.0240,0.0243,-0.0662,-0.0353,1.5283,-0.6283,0.2242,-0.02475,-3.00058,0.0197,-0.0971,-0.1260,0.0358,0.00000,0.00000,1.4765,-0.5205
438,17.5200,0.2442,0.0000,-0.0777,0.3117,-0.0038,0.0292,0.0185,-0.1148,-0.0785,1.5269,-0.6406,0.2240,-0.02935,-3.01747,0.0390,-0.1176,-0.1070,0.0005,0.00000,0.00000,1.4754,-0.5318
439,17.5600,0.2431,0.0000,-0.0778,0.3068,0.0009,0.0328,-0.0045,-0.0676,-0.0550,1.5257,-0.6528,0.2242,-0.03257,-3.02313,0.0230,-0.1165,-0.1156,-0.0060,0.00000,0.00000,1.4743,-0.5430
440,17.6000,0.2420,0.0000,-0.0779,0.2924,0.0130,0.0297,-0.0652,0.1584,-0.0526,1.5249,-0.6648,0.2243,-0.03012,-3.01346,0.0329,-0.1298,-0.1092,-0.0218,0.00000,0.00000,1.4732,-0.5541
441,17.6400,0.2408,0.0000,-0.0782,0.3007,0.0050,0.0212,-0.0246,-0.0655,-0.0762,1.5242,-0.6766,0.2242,-0.02866,-2.99403,0.0327,-0.1049,-0.1017,0.0308,0.00000,0.00000,1.4721,-0.5653
442,17.6800,0.2397,0.0000,-0.0785,0.2997,-0.0106,0.0199,0.0529,-0.0650,-0.0191,1.5228,-0.6885,0.2238,-0.03143,-3.00603,0.0078,-0.1201,-0.1156,-0.0197,0.00000,0.00000,1.4709,-0.5764
443,17.7200,0.2385,0.0000,-0.0791,0.2973,-0.0040,0.0238,0.0206,-0.0701,-0.0829,1.5213,-0.7002,0.2236,-0.03454,-3.02422,0.0184,-0.1125,-0.0920,0.0058,0.00000,0.00000,1.4697,-0.5874
444,17.7600,0.2374,0.0000,-0.0797,0.2994,0.0087,0.0220,-0.0442,-0.1988,-0.0395,1.5202,-0.7120,0.2235,-0.04028,-3.02037,0.0360,-0.1082,-0.0908,-0.0192,0.00000,0.00000,1.4685,-0.5984
445,17.8000,0.2362,0.0000,-0.0804,0.2875,-0.0036,0.0236,0.0181,-0.0529,-0.0426,1.5191,-0.7235,0.2234,-0.04410,-3.01821,0.0221,-0.1010,-0.1212,0.0193,0.00000,0.00000,1.4673,-0.6094
446,17.8400,0.2350,0.0000,-0.0813,0.2668,0.0094,0.0232,-0.0474,0.2874,-0.1844,1.5179,-0.7346,0.2233,-0.03886,-3.02440,0.0367,-0.0975,-0.0565,-0.0164,0.00000,0.00000,1.4660,-0.6204
447,17.8800,0.2339,0.0000,-0.0818,0.2629,0.0095,0.0110,-0.0474,0.2875,-0.1822,1.5172,-0.7454,0.2228,-0.02693,-3.01300,0.0077,-0.0943,-0.0705,-0.0013,0.00000,0.00000,1.4648,-0.6313
448,17.9200,0.2328,0.0000,-0.0816,0.2757,-0.0138,0.0162,0.0698,0.0326,-0.0547,1.5158,-0.7562,0.2221,-0.02112,-3.02099,0.0041,-0.0917,-0.1014,0.0047,0.00000,0.00000,1.4635,-0.6422
449,17.9600,0.2318,0.0000,-0.0814,0.2853,-0.0035,0.0471,0.0179,-0.1247,-0.0731,1.5140,-0.7673,0.2222,-0.02492,-3.03901,0.0312,-0.1239,-0.0730,0.0024,0.00000,0.00000,1.4621,-0.6530
450,18.0000,0.2308,0.0000,-0.0814,0.2815,-0.0012,0.0380,0.0062,-0.0733,-0.1002,1.5126,-0.7784,0.2228,-0.02810,-3.04519,0.0159,-0.0996,-0.0914,-0.0096,0.00000,0.00000,1.4608,-0.6638
451,18.0400,0.2297,0.0000,-0.0814,0.2792,0.0174,0.0254,-0.0875,-0.0746,-0.1451,1.5115,-0.7896,0.2228,-0.03173,-3.03718,0.0446,-0.1111,-0.0678,-0.0201,0.00000,0.00000,1.4594,-0.6745
452,18.0800,0.2287,0.0000,-0.0812,0.2618,-0.0049,0.0262,0.0240,0.2489,0.0002,1.5104,-0.8003,0.2227,-0.02601,-3.03016,-0.0166,-0.1140,-0.1177,0.0095,0.00000,0.00000,1.4580,-0.6852
453,18.1200,0.2276,0.0000,-0.0812,0.2648,-0.0088,0.0280,0.0451,0.2194,-0.0810,1.5086,-0.8109,0.2225,-0.01728,-3.04351,0.0135,-0.1023,-0.0696,0.0178,0.00000,0.00000,1.4566,-0.6958
454,18.1600,0.2266,0.0000,-0.0814,0.2680,-0.0011,0.0372,0.0065,0.2057,-0.1104,1.5069,-0.8216,0.2225,-0.00885,-3.05310,0.0113,-0.1087,-0.0861,-0.0166,0.00000,0.00000,1.4551,-0.7065
455,18.2000,0.2256,0.0000,-0.0816,0.2943,-0.0024,0.0378,0.0124,-0.2499,-0.1625,1.5054,-0.8328,0.2226,-0.01178,-3.05545,0.0330,-0.0941,-0.0744,0.0370,0.00000,0.00000,1.4537,-0.7170
456,18.2400,0.2245,0.0000,-0.0815,0.2874,-0.0173,0.0405,0.0863,-0.0419,-0.0410,1.5032,-0.8441,0.2229,-0.01657,-3.07589,0.0062,-0.1025,-0.1154,-0.0125,0.00000,0.00000,1.4522,-0.7275
457,18.2800,0.2234,0.0000,-0.0815,0.2901,0.0138,0.0342,-0.0682,-0.0927,-0.1691,1.5014,-0.8555,0.2231,-0.02046,-3.07964,0.0478,-0.1035,-0.0615,0.0034,0.00000,0.00000,1.4507,-0.7380
458,18.3200,0.2223,0.0000,-0.0813,0.2969,0.0158,0.0330,-0.0802,-0.2435,-0.1433,1.5005,-0.8671,0.2232,-0.02716,-3.06003,0.0420,-0.1011,-0.0899,0.0199,0.00000,0.00000,1.4491,-0.7484
459,18.3600,0.2211,0.0000,-0.0809,0.2765,0.0136,0.0238,-0.0690,0.1579,-0.1231,1.4991,-0.8785,0.2231,-0.02762,-3.04971,0.0406,-0.1039,-0.0718,-0.0347,0.00000,0.00000,1.4476,-0.7588
460,18.4000,0.2199,0.0000,-0.0803,0.2847,0.0029,0.0309,-0.0146,-0.0294,-0.0954,1.4978,-0.8896,0.2230,-0.02540,-3.03867,0.0264,-0.1135,-0.0954,0.0445,0.00000,0.00000,1.4460,-0.7691
461,18.4400,0.2186,0.0000,-0.0798,0.2845,-0.0096,0.0359,0.0482,-0.0049,-0.0893,1.4957,-0.9008,0.2232,-0.02603,-3.04787,0.0276,-0.1135,-0.0977,-0.0182,0.00000,0.00000,1.4444,-0.7794
462,18.4800,0.2174,0.0000,-0.0795,0.2863,-0.0223,0.0195,0.1112,-0.0630,0.0006,1.4930,-0.9119,0.2232,-0.02743,-3.06804,-0.0116,-0.1026,-0.1053,0.0016,0.00000,0.00000,1.4427,-0.7896
463,18.5200,0.2160,0.0000,-0.0795,0.2784,-0.0014,0.0228,0.0074,0.0707,-0.0903,1.4905,-0.9229,0.2227,-0.02758,-3.08472,0.0117,-0.1113,-0.0805,-0.0077,0.00000,0.00000,1.4411,-0.7998
464,18.5600,0.2147,0.0000,-0.0799,0.2831,0.0079,0.0461,-0.0391,-0.0331,-0.1343,1.4889,-0.9340,0.2230,-0.02672,-3.07876,0.0278,-0.1109,-0.1001,0.0398,0.00000,0.00000,1.4394,-0.8099
465,18.6000,0.2133,0.0000,-0.0802,0.2726,0.0084,0.0271,-0.0419,0.1814,-0.1507,1.4872,-0.9451,0.2233,-0.02313,-3.07507,0.0291,-0.0975,-0.0704,-0.0373,0.00000,0.00000,1.4377,-0.8200
466,18.6400,0.2119,0.0000,-0.0801,0.2828,-0.0075,0.0160,0.0381,-0.0312,-0.0832,1.4853,-0.9560,0.2228,-0.02064,-3.07452,-0.0004,-0.0988,-0.0996,0.0405,0.00000,0.00000,1.4360,-0.8300
467,18.6800,0.2105,0.0000,-0.0801,0.2942,-0.0004,0.0325,0.0023,-0.2309,-0.1243,1.4829,-0.9673,0.2226,-0.02744,-3.08177,0.0407,-0.1022,-0.0695,-0.0002,0.00000,0.00000,1.4342,-0.8400
468,18.7200,0.2090,0.0000,-0.0802,0.2827,0.0026,0.0316,-0.0136,-0.0346,-0.0284,1.4808,-0.9784,0.2228,-0.03149,-3.08240,0.0072,-0.1106,-0.1102,-0.0374,0.00000,0.00000,1.4325,-0.8499
469,18.7600,0.2075,0.0000,-0.0805,0.2681,0.0143,0.0233,-0.0721,0.2180,-0.1522,1.4790,-0.9894,0.2226,-0.02732,-3.07576,0.0334,-0.0954,-0.0592,0.0105,0.00000,0.00000,1.4307,-0.8598
470,18.8000,0.2060,0.0000,-0.0807,0.2794,-0.0026,0.0313,0.0135,-0.0123,-0.0808,1.4772,-1.0002,0.2226,-0.02320,-3.06874,0.0158,-0.0975,-0.1020,0.0313,0.00000,0.00000,1.4289,-0.8696
471,18.8400,0.2044,0.0000,-0.0811,0.2873,-0.0064,0.0304,0.0326,-0.1465,-0.1349,1.4747,-1.0113,0.2226,-0.02772,-3.07758,0.0313,-0.1007,-0.0728,-0.0144,0.00000,0.00000,1.4270,-0.8793
472,18.8800,0.2029,0.0000,-0.0814,0.2751,-0.0099,0.0441,0.0492,0.0758,-0.0468,1.4720,-1.0221,0.2230,-0.02791,-3.08781,0.0162,-0.1061,-0.1081,0.0214,0.00000,0.00000,1.4252,-0.8890
473,18.9200,0.2012,0.0000,-0.0819,0.2733,-0.0070,0.0256,0.0348,0.0841,-0.0463,1.4694,-1.0328,0.2232,-0.02460,-3.09655,0.0050,-0.0999,-0.1003,-0.0045,0.00000,0.00000,1.4233,-0.8987
474,18.9600,0.1996,0.0000,-0.0827,0.2835,0.0176,0.0314,-0.0873,-0.1389,-0.2364,1.4674,-1.0437,0.2230,-0.02758,-3.09157,0.0572,-0.1007,-0.0537,0.0336,0.00000,0.00000,1.4214,-0.9082
475,19.0000,0.1979,0.0000,-0.0833,0.2786,-0.0020,0.0369,0.0093,-0.0498,-0.0592,1.4654,-1.0547,0.2234,-0.02993,-3.08580,0.0078,-0.1096,-0.1181,0.0033,0.00000,0.00000,1.4195,-0.9178
476,19.0400,0.1962,0.0000,-0.0838,0.2806,-0.0055,0.0145,0.0276,-0.1390,-0.1014,1.4627,-1.0654,0.2231,-0.03431,-3.09214,0.0270,-0.0907,-0.0920,-0.0100,0.00000,0.00000,1.4175,-0.9272
477,19.0800,0.1945,0.0000,-0.0844,0.2733,-0.0015,0.0252,0.0068,-0.0584,-0.0040,1.4601,-1.0761,0.2229,-0.03791,-3.09595,0.0022,-0.1163,-0.1186,-0.0111,0.00000,0.00000,1.4155,-0.9366
478,19.1200,0.1928,0.0000,-0.0855,0.2638,0.0005,0.0324,-0.0021,0.0648,-0.1185,1.4578,-1.0865,0.2229,-0.03698,-3.09743,0.0251,-0.0919,-0.1039,0.0178,0.00000,0.00000,1.4135,-0.9460
479,19.1600,0.1910,0.0000,-0.0868,0.2562,0.0083,0.0300,-0.0417,0.1560,-0.0733,1.4556,-1.0968,0.2231,-0.03239,-3.09490,0.0077,-0.1204,-0.1062,-0.0426,0.00000,0.00000,1.4115,-0.9553
480,19.2000,0.1892,0.0000,-0.0882,0.2614,0.0046,0.0296,-0.0233,0.0477,-0.1487,1.4535,-1.1070,0.2231,-0.02864,-3.08963,0.0159,-0.1097,-0.1050,0.0464,0.00000,0.00000,1.4095,-0.9645
481,19.2400,0.1874,0.0000,-0.0895,0.2683,-0.0009,0.0245,0.0040,-0.0561,-0.1037,1.4511,-1.1173,0.2230,-0.02912,-3.09019,0.0179,-0.1008,-0.1093,-0.0155,0.00000,0.00000,1.4074,-0.9736
482,19.2800,0.1857,0.0000,-0.0908,0.2639,0.0022,0.0286,-0.0117,0.0520,-0.0318,1.4486,-1.1277,0.2229,-0.02929,-3.09121,0.0063,-0.1235,-0.1165,0.0064,0.00000,0.00000,1.4053,-0.9827
483,19.3200,0.1839,0.0000,-0.0923,0.2615,-0.0007,0.0280,0.0033,0.1304,-0.0680,1.4462,-1.1379,0.2228,-0.02486,-3.09100,0.0016,-0.1052,-0.1261,0.0192,0.00000,0.00000,1.4032,-0.9918
484,19.3600,0.1820,0.0000,-0.0942,0.2663,0.0054,0.0195,-0.0270,0.0847,-0.1633,1.4437,-1.1483,0.2225,-0.02111,-3.09065,0.0171,-0.0926,-0.0969,-0.0053,0.00000,0.00000,1.4011,-1.0007
485,19.4000,0.1802,0.0000,-0.0959,0.2792,0.0146,0.0236,-0.0733,-0.1250,-0.1738,1.4415,-1.1590,0.2221,-0.02318,-3.08293,0.0287,-0.1007,-0.0923,0.0125,0.00000,0.00000,1.3989,-1.0096
486,19.4400,0.1783,0.0000,-0.0973,0.2877,-0.0063,0.0403,0.0289,-0.2339,-0.1229,1.4390,-1.1698,0.2222,-0.03019,-3.08132,0.0167,-0.1069,-0.1485,0.0478,0.00000,0.00000,1.3968,-1.0185
487,19.4800,0.1764,0.0000,-0.0987,0.2761,0.0026,0.0596,-0.0142,0.0327,-0.1351,1.4359,-1.1806,0.2232,-0.03366,-3.08698,0.0647,-0.1151,-0.1297,0.0070,0.00000,0.00000,1.3946,-1.0273
488,19.5200,0.1744,0.0000,-0.1000,0.2603,0.0270,0.0093,-0.1357,0.2996,-0.1606,1.4337,-1.1912,0.2234,-0.02647,-3.07727,0.0334,-0.0985,-0.0779,-0.0266,0.00000,0.00000,1.3923,-1.0360
489,19.5600,0.1724,0.0000,-0.1010,0.2815,0.0128,-0.0169,-0.0659,-0.1352,-0.2376,1.4318,-1.2020,0.2216,-0.02453,-3.06200,0.0207,-0.0719,-0.0930,0.0718,0.00000,0.00000,1.3901,-1.0446
490,19.6000,0.1703,0.0000,-0.1017,0.2759,-0.0010,0.0269,0.0046,0.0855,-0.1694,1.4288,-1.2128,0.2207,-0.02508,-3.06316,0.0233,-0.1009,-0.1112,-0.0157,0.00000,0.00000,1.3878,-1.0532
491,19.6400,0.1683,0.0000,-0.1022,0.2818,-0.0054,0.0382,0.0265,0.0041,-0.0293,1.4256,-1.2235,0.2210,-0.02347,-3.06570,-0.0071,-0.1235,-0.1406,-0.0107,0.00000,0.00000,1.3855,-1.0617
492,19.6800,0.1661,0.0000,-0.1030,0.2843,0.0109,0.0350,-0.0529,-0.0735,-0.2099,1.4225,-1.2344,0.2211,-0.02616,-3.06582,0.0623,-0.0979,-0.0721,0.0194,0.00000,0.00000,1.3832,-1.0702
493,19.7200,0.1639,0.0000,-0.1039,0.2835,0.0003,0.0211,-0.0021,-0.1059,-0.1463,1.4195,-1.2452,0.2211,-0.02893,-3.06355,0.0193,-0.0840,-0.1151,-0.0085,0.00000,0.00000,1.3809,-1.0785
494,19.7600,0.1617,0.0000,-0.1047,0.2803,0.0105,0.0293,-0.0519,-0.0932,-0.1530,1.4164,-1.2560,0.2209,-0.03378,-3.06260,0.0440,-0.1192,-0.1064,-0.0167,0.00000,0.00000,1.3785,-1.0868
495,19.8000,0.1594,0.0000,-0.1056,0.2814,-0.0137,0.0274,0.0673,-0.1963,0.0159,1.4131,-1.2665,0.2211,-0.03882,-3.06309,-0.0021,-0.1026,-0.1439,0.0174,0.00000,0.00000,1.3762,-1.0951
496,19.8400,0.1571,0.0000,-0.1070,0.2563,-0.0018,0.0268,0.0093,0.2198,-0.0725,1.4093,-1.2766,0.2210,-0.03735,-3.07197,0.0445,-0.0936,-0.1041,-0.0336,0.00000,0.00000,1.3738,-1.1032
497,19.8800,0.1547,0.0000,-0.1091,0.2704,0.0112,0.0301,-0.0538,-0.1726,-0.2273,1.4066,-1.2868,0.2210,-0.03788,-3.06687,0.0383,-0.0940,-0.0986,0.0478,0.00000,0.00000,1.3713,-1.1113
498,19.9200,0.1524,0.0000,-0.1111,0.2680,-0.0061,0.0419,0.0301,-0.2041,-0.0947,1.4034,-1.2968,0.2215,-0.04511,-3.06821,0.0496,-0.1028,-0.1352,-0.0022,0.00000,0.00000,1.3689,-1.1193
499,19.9600,0.1500,0.0000,-0.1130,0.2542,-0.0101,0.0224,0.0502,-0.0816,-0.1017,1.3997,-1.3064,0.2218,-0.05040,-3.07598,0.0367,-0.0876,-0.1219,-0.0016,0.00000,0.00000,1.3664,-1.1273
500,20.0000,0.1476,0.0000,-0.1152,0.2327,0.0042,0.0224,-0.0208,0.1778,-0.1100,1.3965,-1.3156,0.2216,-0.04753,-3.07939,0.0313,-0.1004,-0.1238,-0.0045,0.00000,0.00000,1.3640,-1.1352
501,20.0400,0.1453,0.0000,-0.1177,0.2229,0.0127,0.0098,-0.0624,0.2306,-0.1446,1.3939,-1.3246,0.2212,-0.03925,-3.07462,0.0073,-0.1003,-0.1018,-0.0186,0.00000,0.00000,1.3614,-1.1430
502,20.0800,0.1430,0.0000,-0.1202,0.2310,0.0151,0.0144,-0.0748,-0.0253,-0.1729,1.3916,-1.3335,0.2204,-0.03683,-3.06677,0.0286,-0.1046,-0.0717,0.0108,0.00000,0.00000,1.3589,-1.1507
503,20.1200,0.1407,0.0000,-0.1226,0.2251,0.0008,0.0368,-0.0019,0.0359,-0.2553,1.3889,-1.3422,0.2203,-0.03596,-3.06518,0.0402,-0.0898,-0.1018,0.0140,0.00000,0.00000,1.3564,-1.1584
504,20.1600,0.1385,0.0000,-0.1247,0.2260,-0.0158,0.0468,0.0792,-0.0447,-0.0578,1.3855,-1.3505,0.2210,-0.03612,-3.07157,0.0171,-0.1153,-0.1427,-0.0185,0.00000,0.00000,1.3538,-1.1660
505,20.2000,0.1364,0.0000,-0.1269,0.2172,0.0046,0.0363,-0.0224,0.0290,-0.1563,1.3822,-1.3587,0.2214,-0.03730,-3.07693,0.0563,-0.1085,-0.0875,-0.0030,0.00000,0.00000,1.3512,-1.1735
506,20.2400,0.1343,0.0000,-0.1294,0.1989,0.0129,0.0427,-0.0623,0.3017,-0.2261,1.3797,-1.3667,0.2218,-0.02901,-3.07311,0.0464,-0.1050,-0.1188,0.0211,0.00000,0.00000,1.3486,-1.1809
507,20.2800,0.1322,0.0000,-0.1318,0.2030,-0.0053,0.0285,0.0276,0.1938,-0.1110,1.3770,-1.3745,0.2220,-0.01939,-3.07206,0.0192,-0.1071,-0.1153,0.0078,0.00000,0.00000,1.3459,-1.1883
508,20.3200,0.1302,0.0000,-0.1341,0.2098,-0.0126,0.0215,0.0660,0.0583,-0.1810,1.3735,-1.3821,0.2215,-0.01542,-3.07911,0.0285,-0.0962,-0.1062,0.0153,0.00000,0.00000,1.3433,-1.1956
509,20.3600,0.1283,0.0000,-0.1366,0.2099,-0.0163,0.0470,0.0817,0.0835,-0.0417,1.3698,-1.3898,0.2217,-0.01234,-3.08782,0.0030,-0.1230,-0.1509,0.0046,0.00000,0.00000,1.3406,-1.2028
510,20.4000,0.1263,0.0000,-0.1396,0.2258,0.0014,0.0499,-0.0038,-0.2176,-0.2333,1.3664,-1.3978,0.2222,-0.01702,-3.09204,0.0721,-0.0921,-0.0900,0.0509,0.00000,0.00000,1.3379,-1.2099
511,20.4400,0.1244,0.0000,-0.1427,0.2126,0.0050,0.0248,-0.0239,0.0310,-0.1428,1.3632,-1.4058,0.2225,-0.01946,-3.09234,0.0273,-0.0930,-0.1211,-0.0407,0.00000,0.00000,1.3352,-1.2170
512,20.4800,0.1225,0.0000,-0.1457,0.2175,0.0153,0.0262,-0.0733,-0.1052,-0.2306,1.3604,-1.4140,0.2219,-0.02212,-3.08725,0.0598,-0.0985,-0.0984,0.0572,0.00000,0.00000,1.3324,-1.2239
513,20.5200,0.1206,0.0000,-0.1487,0.2111,-0.0051,0.0277,0.0255,0.0140,-0.0559,1.3573,-1.4219,0.2219,-0.02251,-3.08606,0.0090,-0.1024,-0.1482,-0.0297,0.00000,0.00000,1.3297,-1.2308
514,20.5600,0.1186,0.0000,-0.1520,0.2096,0.0038,0.0385,-0.0160,0.0226,-0.2224,1.3539,-1.4297,0.2218,-0.02284,-3.08805,0.0571,-0.1056,-0.1019,0.0327,0.00000,0.00000,1.3269,-1.2377
515,20.6000,0.1167,0.0000,-0.1557,0.2065,0.0015,0.0466,-0.0047,0.0669,-0.2256,1.3508,-1.4374,0.2223,-0.02046,-3.08782,0.0432,-0.0982,-0.1164,0.0183,0.00000,0.00000,1.3241,-1.2444
516,20.6400,0.1148,0.0000,-0.1590,0.2040,-0.0101,0.0317,0.0513,0.0983,-0.1150,1.3472,-1.4449,0.2226,-0.01694,-3.09156,0.0238,-0.1074,-0.1406,0.0012,0.00000,0.00000,1.3212,-1.2511
517,20.6800,0.1129,0.0000,-0.1626,0.2180,-0.0058,0.0183,0.0315,-0.2067,-0.1813,1.3434,-1.4524,0.2221,-0.02095,-3.09592,0.0341,-0.0905,-0.1064,0.0268,0.00000,0.00000,1.3184,-1.2576
518,20.7200,0.1110,0.0000,-0.1664,0.1980,0.0005,0.0435,-0.0012,0.1806,-0.1251,1.3398,-1.4599,0.2221,-0.01982,-3.09913,0.0308,-0.1109,-0.1445,-0.0064,0.00000,0.00000,1.3155,-1.2641
519,20.7600,0.1091,0.0000,-0.1706,0.2023,0.0091,0.0343,-0.0417,0.0815,-0.2387,1.3367,-1.4674,0.2223,-0.01540,-3.09673,0.0338,-0.1000,-0.0991,0.0314,0.00000,0.00000,1.3126,-1.2706
520,20.8000,0.1072,0.0000,-0.1747,0.2083,0.0093,0.0322,-0.0419,-0.0448,-0.2478,1.3335,-1.4751,0.2222,-0.01517,-3.09376,0.0517,-0.1014,-0.1177,0.0013,0.00000,0.00000,1.3097,-1.2769
521,20.8400,0.1053,0.0000,-0.1787,0.2219,0.0170,0.0329,-0.0814,-0.3282,-0.3367,1.3304,-1.4830,0.2221,-0.02477,-3.08900,0.0782,-0.0968,-0.0748,0.0253,0.00000,0.00000,1.3068,-1.2831
522,20.8800,0.1034,0.0000,-0.1822,0.2196,-0.0046,0.0436,0.0243,-0.3359,-0.2568,1.3268,-1.4907,0.2225,-0.03718,-3.08836,0.0684,-0.0904,-0.1394,0.0394,0.00000,0.00000,1.3038,-1.2893
523,20.9200,0.1015,0.0000,-0.1856,0.2021,-0.0101,0.0309,0.0495,-0.0866,-0.1664,1.3226,-1.4978,0.2229,-0.04497,-3.09453,0.0511,-0.0992,-0.1285,-0.0123,0.00000,0.00000,1.3008,-1.2954
524,20.9600,0.0996,0.0000,-0.1891,0.1853,0.0007,0.0038,-0.0034,0.0766,-0.1195,1.3188,-1.5046,0.2224,-0.04461,-3.09733,0.0148,-0.0998,-0.1203,-0.0074,0.00000,0.00000,1.2978,-1.3014
525,21.0000,0.0977,0.0000,-0.1933,0.1715,0.0002,0.0152,-0.0000,0.2310,-0.1092,1.3154,-1.5110,0.2215,-0.03758,-3.09750,0.0002,-0.1085,-0.1377,0.0157,0.00000,0.00000,1.2948,-1.3073
526,21.0400,0.0959,0.0000,-0.1982,0.1771,0.0047,0.0286,-0.0212,0.0578,-0.2124,1.3123,-1.5173,0.2211,-0.03309,-3.09689,0.0240,-0.1031,-0.0908,0.0108,0.00000,0.00000,1.2918,-1.3132
527,21.0800,0.0940,0.0000,-0.2035,0.1793,-0.0027,0.0477,0.0162,-0.0431,-0.2416,1.3089,-1.5236,0.2215,-0.03300,-3.09770,0.0416,-0.1015,-0.1191,0.0333,0.00000,0.00000,1.2887,-1.3189
528,21.1200,0.0922,0.0000,-0.2088,0.1812,-0.0200,0.0304,0.1001,-0.1548,-0.1468,1.3050,-1.5295,0.2219,-0.03701,-3.10394,0.0110,-0.0913,-0.1414,-0.0054,0.00000,0.00000,1.2856,-1.3246
529,21.1600,0.0905,0.0000,-0.2144,0.1680,0.0122,0.0335,-0.0597,-0.0042,-0.2189,1.3013,-1.5355,0.2219,-0.04109,-3.10724,0.0586,-0.1085,-0.0917,0.0027,0.00000,0.00000,1.2825,-1.3302
530,21.2000,0.0888,0.0000,-0.2204,0.1429,0.0187,0.0281,-0.0931,0.3756,-0.1067,1.2989,-1.5413,0.2219,-0.03099,-3.10122,0.0162,-0.1027,-0.1328,-0.0140,0.00000,0.00000,1.2794,-1.3357
531,21.2400,0.0871,0.0000,-0.2268,0.1559,0.0093,0.0156,-0.0419,0.0675,-0.2869,1.2964,-1.5470,0.2212,-0.02382,-3.09589,0.0464,-0.0783,-0.0831,0.0495,0.00000,0.00000,1.2763,-1.3411
532,21.2800,0.0855,0.0000,-0.2334,0.1576,0.0022,0.0410,-0.0054,0.0414,-0.3584,1.2933,-1.5526,0.2211,-0.02216,-3.09591,0.0460,-0.0993,-0.1035,-0.0096,0.00000,0.00000,1.2731,-1.3465
533,21.3200,0.0840,0.0000,-0.2397,0.1593,-0.0079,0.0474,0.0432,-0.0048,-0.2914,1.2899,-1.5580,0.2216,-0.02182,-3.09862,0.0311,-0.1033,-0.1125,0.0150,0.00000,0.00000,1.2699,-1.3517
534,21.3600,0.0825,0.0000,-0.2456,0.1531,0.0017,0.0240,-0.0054,0.0793,-0.2637,1.2864,-1.5632,0.2217,-0.02064,-3.10166,0.0306,-0.1023,-0.1006,-0.0322,0.00000,0.00000,1.2667,-1.3569
535,21.4000,0.0812,0.0000,-0.2515,0.1537,0.0064,0.0295,-0.0290,0.0341,-0.2414,1.2832,-1.5686,0.2213,-0.01865,-3.10044,0.0378,-0.0963,-0.1021,0.0402,0.00000,0.00000,1.2635,-1.3619
536,21.4400,0.0798,0.0000,-0.2577,0.1506,0.0038,0.0417,-0.0143,0.1155,-0.3136,1.2800,-1.5739,0.2213,-0.01545,-3.09996,0.0490,-0.0923,-0.1009,0.0124,0.00000,0.00000,1.2603,-1.3669
537,21.4800,0.0785,0.0000,-0.2639,0.1607,-0.0030,0.0315,0.0191,-0.0770,-0.2733,1.2766,-1.5791,0.2215,-0.01559,-3.10064,0.0274,-0.0966,-0.1078,-0.0062,0.00000,0.00000,1.2570,-1.3718
538,21.5200,0.0772,0.0000,-0.2703,0.1597,0.0027,0.0447,-0.0096,-0.0518,-0.3091,1.2729,-1.5844,0.2216,-0.01893,-3.10222,0.0591,-0.1060,-0.0977,0.0290,0.00000,0.00000,1.2537,-1.3766
539,21.5600,0.0760,0.0000,-0.2768,0.1612,-0.0040,0.0293,0.0228,-0.1083,-0.2258,1.2692,-1.5896,0.2218,-0.02170,-3.10320,0.0221,-0.0920,-0.1272,-0.0182,0.00000,0.00000,1.2504,-1.3813
540,21.6000,0.0747,0.0000,-0.2836,0.1514,0.0018,0.0395,-0.0052,0.0719,-0.3208,1.2654,-1.5946,0.2217,-0.02264,-3.10523,0.0554,-0.0998,-0.1033,0.0361,0.00000,0.00000,1.2471,-1.3860
541,21.6400,0.0735,0.0000,-0.2908,0.1551,0.0067,0.0275,-0.0296,-0.0409,-0.3203,1.2620,-1.5997,0.2217,-0.02230,-3.10432,0.0337,-0.0888,-0.1006,-0.0161,0.00000,0.00000,1.2437,-1.3905
542,21.6800,0.0723,0.0000,-0.2979,0.1420,0.0016,0.0334,-0.0047,0.2011,-0.2522,1.2584,-1.6046,0.2215,-0.01842,-3.10456,0.0408,-0.0988,-0.1144,0.0150,0.00000,0.00000,1.2404,-1.3950
543,21.7200,0.0712,0.0000,-0.3054,0.1499,0.0007,0.0352,0.0018,0.0450,-0.3179,1.2549,-1.6094,0.2215,-0.01440,-3.10461,0.0348,-0.0977,-0.1044,0.0211,0.00000,0.00000,1.2370,-1.3993
544,21.7600,0.0700,0.0000,-0.3131,0.1527,-0.0027,0.0387,0.0169,0.0100,-0.2595,1.2510,-1.6142,0.2216,-0.01386,-3.10609,0.0422,-0.0974,-0.0998,0.0059,0.00000,0.00000,1.2336,-1.4036
545,21.8000,0.0689,0.0000,-0.3212,0.1618,0.0010,0.0351,0.0001,-0.1786,-0.3760,1.2471,-1.6190,0.2216,-0.01832,-3.10709,0.0604,-0.0815,-0.0946,0.0334,0.00000,0.00000,1.2302,-1.4078
546,21.8400,0.0679,0.0000,-0.3295,0.1532,-0.0075,0.0304,0.0407,-0.0094,-0.3071,1.2429,-1.6237,0.2217,-0.02123,-3.10963,0.0201,-0.0894,-0.1284,-0.0173,0.00000,0.00000,1.2267,-1.4119
547,21.8800,0.0668,0.0000,-0.3379,0.1534,-0.0074,0.0440,0.0404,-0.0241,-0.3213,1.2386,-1.6282,0.2218,-0.02268,-3.11273,0.0320,-0.1052,-0.1151,0.0622,0.00000,0.00000,1.2233,-1.4159
548,21.9200,0.0657,0.0000,-0.3467,0.1553,0.0085,0.0330,-0.0398,-0.1016,-0.3627,1.2346,-1.6329,0.2220,-0.02591,-3.11348,0.0500,-0.0904,-0.0884,-0.0137,0.00000,0.00000,1.2198,-1.4198
549,21.9600,0.0647,0.0000,-0.3555,0.1367,0.0010,0.0247,-0.0006,0.2250,-0.3543,1.2308,-1.6374,0.2218,-0.02168,-3.11338,0.0217,-0.0828,-0.1285,0.0205,0.00000,0.00000,1.2163,-1.4237
550,22.0000,0.0637,0.0000,-0.3645,0.1496,0.0016,0.0347,-0.0025,-0.0359,-0.3767,1.2269,-1.6417,0.2216,-0.01957,-3.11354,0.0376,-0.0961,-0.1043,0.0351,0.00000,0.00000,1.2128,-1.4274
551,22.0400,0.0628,0.0000,-0.3737,0.1595,-0.0157,0.0398,0.0807,-0.2406,-0.2625,1.2225,-1.6459,0.2218,-0.02559,-3.11648,0.0266,-0.0881,-0.1360,0.0250,0.00000,0.00000,1.2092,-1.4310
552,22.0800,0.0619,0.0000,-0.3833,0.1468,-0.0054,0.0432,0.0300,-0.0286,-0.4003,1.2178,-1.6498,0.2221,-0.03085,-3.12128,0.0497,-0.0856,-0.1184,0.0186,0.00000,0.00000,1.2057,-1.4346
553,22.1200,0.0610,0.0000,-0.3932,0.1359,0.0107,0.0311,-0.0504,0.1052,-0.3070,1.2139,-1.6540,0.2224,-0.02893,-3.12103,0.0142,-0.1044,-0.1209,-0.0083,0.00000,0.00000,1.2021,-1.4380
554,22.1600,0.0602,0.0000,-0.4034,0.1366,0.0225,0.0199,-0.1072,0.0056,-0.4574,1.2105,-1.6585,0.2218,-0.02759,-3.11700,0.0648,-0.0758,-0.0817,0.0427,0.00000,0.00000,1.1985,-1.4414
555,22.2000,0.0594,0.0000,-0.4137,0.1384,0.0020,0.0215,-0.0046,-0.0567,-0.4740,1.2068,-1.6627,0.2213,-0.02858,-3.11481,0.0229,-0.0736,-0.1092,0.0197,0.00000,0.00000,1.1949,-1.4447
556,22.2400,0.0587,0.0000,-0.4236,0.1354,-0.0078,0.0611,0.0418,-0.0119,-0.4083,1.2026,-1.6662,0.2217,-0.03033,-3.11734,0.0557,-0.1041,-0.1253,0.0516,0.00000,0.00000,1.1912,-1.4479
557,22.2800,0.0581,0.0000,-0.4328,0.1331,-0.0112,0.0352,0.0575,-0.0305,-0.3769,1.1983,-1.6694,0.2225,-0.03125,-3.12097,0.0166,-0.0893,-0.1228,-0.0048,0.00000,0.00000,1.1876,-1.4510
558,22.3200,0.0575,0.0000,-0.4409,0.1211,0.0176,0.0225,-0.0848,0.1091,-0.4407,1.1944,-1.6729,0.2221,-0.03033,-3.12131,0.0572,-0.0916,-0.0847,0.0111,0.00000,0.00000,1.1839,-1.4540
559,22.3600,0.0571,0.0000,-0.4480,0.1195,-0.0083,0.0169,0.0453,0.0863,-0.2996,1.1908,-1.6762,0.2216,-0.02503,-3.12026,-0.0161,-0.0779,-0.1509,0.0433,0.00000,0.00000,1.1802,-1.4569
560,22.4000,0.0567,0.0000,-0.4542,0.1315,0.0027,0.0401,-0.0089,-0.1594,-0.4503,1.1867,-1.6792,0.2213,-0.02921,-3.12229,0.0592,-0.0931,-0.0866,0.0301,0.00000,0.00000,1.1765,-1.4597
561,22.4400,0.0563,0.0000,-0.4597,0.1254,-0.0050,0.0508,0.0270,-0.0851,-0.3943,1.1827,-1.6823,0.2220,-0.03316,-3.12338,0.0269,-0.0825,-0.1269,0.0357,0.00000,0.00000,1.1728,-1.4624
562,22.4800,0.0560,0.0000,-0.4645,0.1125,0.0048,0.0297,-0.0210,0.0852,-0.3977,1.1788,-1.6851,0.2222,-0.03301,-3.12487,0.0319,-0.0938,-0.1229,-0.0144,0.00000,0.00000,1.1690,-1.4650
563,22.5200,0.0558,0.0000,-0.4688,0.1104,0.0095,0.0268,-0.0439,0.0422,-0.3490,1.1754,-1.6881,0.2219,-0.03090,-3.12339,0.0206,-0.0970,-0.1114,0.0461,0.00000,0.00000,1.1652,-1.4675
564,22.5600,0.0557,0.0000,-0.4725,0.1062,0.0016,0.0292,-0.0036,0.0877,-0.3961,1.1719,-1.6908,0.2216,-0.02812,-3.12304,0.0210,-0.0872,-0.1138,0.0291,0.00000,0.00000,1.1614,-1.4700
565,22.6000,0.0557,0.0000,-0.4758,0.1043,-0.0011,0.0485,0.0122,0.1212,-0.5226,1.1683,-1.6933,0.2218,-0.02430,-3.12389,0.0393,-0.0901,-0.1016,0.0571,0.00000,0.00000,1.1576,-1.4723
566,22.6400,0.0558,0.0000,-0.4787,0.1080,-0.0043,0.0380,0.0246,0.0383,-0.4129,1.1645,-1.6955,0.2223,-0.02145,-3.12545,0.0340,-0.0886,-0.1054,-0.0040,0.00000,0.00000,1.1538,-1.4746
567,22.6800,0.0559,0.0000,-0.4813,0.1035,0.0174,0.0159,-0.0801,0.0768,-0.5378,1.1610,-1.6981,0.2218,-0.02005,-3.12471,0.0450,-0.0801,-0.0781,0.0030,0.00000,0.00000,1.1500,-1.4767
568,22.7200,0.0562,0.0000,-0.4835,0.1139,0.0024,0.0251,-0.0064,-0.1368,-0.4599,1.1575,-1.7008,0.2212,-0.02151,-3.12259,0.0245,-0.0708,-0.1100,0.0587,0.00000,0.00000,1.1461,-1.4788
569,22.7600,0.0567,0.0000,-0.4855,0.1210,-0.0072,0.0532,0.0389,-0.2579,-0.4424,1.1535,-1.7030,0.2215,-0.03052,-3.12440,0.0437,-0.0991,-0.1244,0.0376,0.00000,0.00000,1.1422,-1.4807
570,22.8000,0.0571,0.0000,-0.4872,0.1080,0.0111,0.0419,-0.0544,-0.0723,-0.4607,1.1495,-1.7052,0.2222,-0.03703,-3.12520,0.0446,-0.0942,-0.0988,-0.0216,0.00000,0.00000,1.1383,-1.4826
571,22.8400,0.0577,0.0000,-0.4888,0.1020,0.0012,0.0261,-0.0034,-0.0725,-0.4324,1.1461,-1.7074,0.2221,-0.03912,-3.12428,0.0260,-0.0776,-0.1367,0.0651,0.00000,0.00000,1.1344,-1.4844
572,22.8800,0.0583,0.0000,-0.4901,0.0864,0.0102,0.0204,-0.0488,0.1615,-0.3961,1.1426,-1.7093,0.2216,-0.03738,-3.12445,0.0262,-0.0958,-0.0946,-0.0319,0.00000,0.00000,1.1305,-1.4861
573,22.9200,0.0590,0.0000,-0.4913,0.0778,0.0087,0.0243,-0.0383,0.2459,-0.4557,1.1397,-1.7113,0.2211,-0.02865,-3.12277,0.0071,-0.0896,-0.1131,0.0375,0.00000,0.00000,1.1265,-1.4876
574,22.9600,0.0598,0.0000,-0.4924,0.0989,0.0005,0.0208,0.0047,-0.2021,-0.5400,1.1365,-1.7131,0.2206,-0.03011,-3.12230,0.0245,-0.0704,-0.0841,0.0122,0.00000,0.00000,1.1226,-1.4891
575,23.0000,0.0608,0.0000,-0.4933,0.0909,-0.0089,0.0423,0.0481,-0.0760,-0.4186,1.1330,-1.7143,0.2206,-0.03536,-3.12476,0.0130,-0.0948,-0.1301,-0.0070,0.00000,0.00000,1.1186,-1.4905
576,23.0400,0.0619,0.0000,-0.4941,0.0804,0.0034,0.0496,-0.0125,0.0572,-0.4814,1.1298,-1.7156,0.2211,-0.03564,-3.12628,0.0187,-0.1030,-0.1192,0.0121,0.00000,0.00000,1.1146,-1.4918
577,23.0800,0.0630,0.0000,-0.4948,0.0750,0.0080,0.0300,-0.0355,0.0766,-0.4314,1.1269,-1.7170,0.2213,-0.03291,-3.12571,0.0192,-0.0847,-0.1012,0.0012,0.00000,0.00000,1.1105,-1.4930
578,23.1200,0.0643,0.0000,-0.4954,0.0715,0.0047,0.0277,-0.0173,0.0874,-0.5556,1.1242,-1.7184,0.2209,-0.02996,-3.12525,0.0276,-0.0761,-0.0957,0.0530,0.00000,0.00000,1.1065,-1.4941
579,23.1600,0.0658,0.0000,-0.4960,0.0755,-0.0052,0.0311,0.0313,-0.0277,-0.4116,1.1213,-1.7194,0.2208,-0.02897,-3.12611,-0.0007,-0.0856,-0.1271,-0.0150,0.00000,0.00000,1.1024,-1.4952
580,23.2000,0.0673,0.0000,-0.4964,0.0770,0.0136,0.0539,-0.0618,-0.1028,-0.5283,1.1185,-1.7206,0.2210,-0.03330,-3.12609,0.0510,-0.1132,-0.1021,0.0310,0.00000,0.00000,1.0984,-1.4961
581,23.2400,0.0690,0.0000,-0.4969,0.0624,-0.0014,0.0388,0.0113,0.1346,-0.5074,1.1159,-1.7217,0.2216,-0.03086,-3.12578,0.0050,-0.0786,-0.1171,0.0096,0.00000,0.00000,1.0943,-1.4969
582,23.2800,0.0708,0.0000,-0.4972,0.0641,-0.0061,0.0204,0.0351,0.0484,-0.4902,1.1132,-1.7223,0.2213,-0.02822,-3.12758,0.0092,-0.0820,-0.1037,0.0318,0.00000,0.00000,1.0902,-1.4976
583,23.3200,0.0728,0.0000,-0.4976,0.0644,-0.0021,0.0343,0.0149,0.0092,-0.4315,1.1106,-1.7228,0.2210,-0.02742,-3.12913,0.0077,-0.0892,-0.1181,0.0249,0.00000,0.00000,1.0860,-1.4982
584,23.3600,0.0748,0.0000,-0.4979,0.0553,0.0093,0.0359,-0.0415,0.1641,-0.4356,1.1082,-1.7236,0.2210,-0.02373,-3.12914,0.0110,-0.0922,-0.1074,-0.0082,0.00000,0.00000,1.0819,-1.4988
585,23.4000,0.0770,0.0000,-0.4981,0.0669,0.0155,0.0312,-0.0701,-0.0979,-0.5049,1.1059,-1.7248,0.2208,-0.02395,-3.12664,0.0247,-0.0885,-0.0880,0.0360,0.00000,0.00000,1.0777,-1.4992
586,23.4400,0.0792,0.0000,-0.4984,0.0575,-0.0044,0.0407,0.0270,0.1004,-0.4304,1.1035,-1.7255,0.2209,-0.02271,-3.12669,0.0117,-0.0832,-0.1253,0.0175,0.00000,0.00000,1.0735,-1.4995
587,23.4800,0.0816,0.0000,-0.4985,0.0597,-0.0070,0.0437,0.0409,0.0746,-0.5246,1.1010,-1.7257,0.2211,-0.02016,-3.12858,0.0056,-0.0950,-0.1039,0.0471,0.00000,0.00000,1.0693,-1.4998
588,23.5200,0.0841,0.0000,-0.4987,0.0580,0.0081,0.0361,-0.0347,0.1075,-0.5108,1.0985,-1.7262,0.2213,-0.01677,-3.12915,0.0235,-0.0871,-0.0921,-0.0099,0.00000,0.00000,1.0651,-1.4999
589,23.5600,0.0867,0.0000,-0.4989,0.0613,-0.0001,0.0296,0.0063,0.0534,-0.4174,1.0960,-1.7268,0.2211,-0.01360,-3.12856,0.0072,-0.0817,-0.1175,0.0520,0.00000,0.00000,1.0609,-1.5000
590,23.6000,0.0893,0.0000,-0.4990,0.0606,0.0016,0.0402,0.0001,0.1303,-0.5446,1.0934,-1.7271,0.2210,-0.01029,-3.12919,0.0248,-0.0840,-0.1008,0.0300,0.00000,0.00000,1.0566,-1.5000
591,23.6400,0.0921,0.0000,-0.4991,0.0745,0.0036,0.0454,-0.0088,-0.0999,-0.5378,1.0907,-1.7277,0.2213,-0.01063,-3.12875,0.0315,-0.0813,-0.1076,0.0253,0.00000,0.00000,1.0524,-1.4998
592,23.6800,0.0950,0.0000,-0.4992,0.0720,-0.0016,0.0438,0.0147,0.0013,-0.4740,1.0877,-1.7280,0.2217,-0.01276,-3.12940,0.0096,-0.1072,-0.1289,0.0161,0.00000,0.00000,1.0481,-1.4996
593,23.7200,0.0980,0.0000,-0.4993,0.0718,0.0113,0.0309,-0.0493,0.0206,-0.4683,1.0847,-1.7284,0.2217,-0.01283,-3.12885,0.0205,-0.0981,-0.1002,0.0024,0.00000,0.00000,1.0438,-1.4993
594,23.7600,0.1010,0.0000,-0.4994,0.0869,-0.0043,0.0400,0.0306,-0.2487,-0.4950,1.0816,-1.7289,0.2216,-0.01814,-3.12821,0.0234,-0.0852,-0.1301,0.0866,0.00000,0.00000,1.0395,-1.4988
595,23.8000,0.1040,0.0000,-0.4995,0.0832,-0.0026,0.0528,0.0177,-0.1245,-0.5769,1.0783,-1.7287,0.2221,-0.02607,-3.13017,0.0340,-0.1004,-0.1078,0.0079,0.00000,0.00000,1.0351,-1.4983
596,23.8400,0.1071,0.0000,-0.4995,0.0723,0.0045,0.0358,-0.0192,0.0487,-0.4462,1.0751,-1.7288,0.2226,-0.02687,-3.13055,0.0018,-0.1081,-0.1267,0.0083,0.00000,0.00000,1.0308,-1.4977
597,23.8800,0.1103,0.0000,-0.4996,0.0738,0.0130,0.0089,-0.0603,-0.0326,-0.4326,1.0721,-1.7292,0.2219,-0.02751,-3.12912,0.0103,-0.0939,-0.0891,0.0278,0.00000,0.00000,1.0264,-1.4970
598,23.9200,0.1136,0.0000,-0.4996,0.0593,-0.0029,0.0219,0.0194,0.2590,-0.3629,1.0694,-1.7293,0.2211,-0.02107,-3.12895,-0.0216,-0.0905,-0.1396,0.0222,0.00000,0.00000,1.0220,-1.4962
599,23.9600,0.1168,0.0000,-0.4997,0.0743,0.0006,0.0262,0.0044,0.0025,-0.5048,1.0664,-1.7293,0.2205,-0.01788,-3.12949,0.0001,-0.0811,-0.0756,0.0291,0.00000,0.00000,1.0176,-1.4953
600,24.0000,0.1201,0.0000,-0.4997,0.0751,0.0021,0.0453,-0.0046,0.0223,-0.4616,1.0634,-1.7292,0.2206,-0.01737,-3.12978,0.0163,-0.0867,-0.1033,0.0172,0.00000,0.00000,1.0132,-1.4942
601,24.0400,0.1235,0.0000,-0.4998,0.0839,-0.0079,0.0462,0.0435,-0.1123,-0.4019,1.0602,-1.7288,0.2211,-0.01981,-3.13064,0.0022,-0.0937,-0.1166,0.0509,0.00000,0.00000,1.0088,-1.4932
602,24.0800,0.1269,0.0000,-0.4998,0.0828,0.0116,0.0490,-0.0523,-0.0821,-0.6012,1.0569,-1.7286,0.2215,-0.02446,-3.13100,0.0498,-0.0926,-0.0916,0.0177,0.00000,0.00000,1.0043,-1.4920
603,24.1200,0.1303,0.0000,-0.4998,0.0710,0.0086,0.0447,-0.0388,0.1420,-0.4068,1.0537,-1.7288,0.2221,-0.02177,-3.12937,0.0070,-0.1043,-0.1342,0.0096,0.00000,0.00000,0.9999,-1.4907
604,24.1600,0.1339,0.0000,-0.4998,0.0825,0.0013,0.0116,-0.0009,-0.0948,-0.5226,1.0505,-1.7286,0.2215,-0.02265,-3.12877,0.0037,-0.0844,-0.0868,0.0537,0.00000,0.00000,0.9954,-1.4893
605,24.2000,0.1374,0.0000,-0.4999,0.0783,-0.0044,0.0200,0.0262,0.0043,-0.4714,1.0473,-1.7280,0.2208,-0.02398,-3.13002,-0.0096,-0.0794,-0.1097,0.0037,0.00000,0.00000,0.9909,-1.4878
606,24.2400,0.1411,0.0000,-0.4999,0.0786,0.0060,0.0434,-0.0249,0.0066,-0.4350,1.0441,-1.7275,0.2207,-0.02434,-3.13019,0.0046,-0.1044,-0.1089,0.0264,0.00000,0.00000,0.9864,-1.4862
607,24.2800,0.1448,0.0000,-0.4999,0.0644,0.0003,0.0558,0.0031,0.3225,-0.3705,1.0411,-1.7271,0.2214,-0.01628,-3.13017,-0.0116,-0.1186,-0.1357,0.0274,0.00000,0.00000,0.9818,-1.4846
608,24.3200,0.1485,0.0000,-0.4999,0.0851,-0.0076,0.0133,0.0452,-0.0537,-0.5386,1.0380,-1.7264,0.2211,-0.01283,-3.13101,-0.0072,-0.0622,-0.0751,0.0482,0.00000,0.00000,0.9773,-1.4828
609,24.3600,0.1523,0.0000,-0.4999,0.0857,0.0026,0.0454,-0.0053,0.0073,-0.5458,1.0346,-1.7254,0.2209,-0.01424,-3.13236,0.0188,-0.0987,-0.1069,0.0365,0.00000,0.00000,0.9727,-1.4809
610,24.4000,0.1561,0.0000,-0.4999,0.0832,0.0059,0.0535,-0.0236,0.1196,-0.4633,1.0311,-1.7248,0.2216,-0.01103,-3.13164,0.0115,-0.0968,-0.1109,0.0266,0.00000,0.00000,0.9682,-1.4790
611,24.4400,0.1600,0.0000,-0.4999,0.0911,0.0115,0.0152,-0.0497,0.0034,-0.5338,1.0275,-1.7243,0.2213,-0.00974,-3.13012,0.0102,-0.0829,-0.0790,0.0091,0.00000,0.00000,0.9636,-1.4769
612,24.4800,0.1640,0.0000,-0.4999,0.0925,0.0178,0.0405,-0.0798,0.0461,-0.5518,1.0236,-1.7239,0.2209,-0.00903,-3.12730,0.0303,-0.1041,-0.0977,0.0432,0.00000,0.00000,0.9590,-1.4748
613,24.5200,0.1680,0.0000,-0.4999,0.0977,-0.0013,0.0278,0.0134,0.0419,-0.4917,1.0198,-1.7231,0.2210,-0.00713,-3.12587,-0.0133,-0.0866,-0.0944,0.0052,0.00000,0.00000,0.9544,-1.4726
614,24.5600,0.1720,0.0000,-0.5000,0.1037,-0.0042,0.0433,0.0275,0.0149,-0.4993,1.0159,-1.7216,0.2208,-0.00682,-3.12696,0.0313,-0.0918,-0.0893,0.0595,0.00000,0.00000,0.9497,-1.4702
615,24.6000,0.1761,0.0000,-0.5000,0.1112,0.0064,0.0400,-0.0256,-0.0575,-0.4753,1.0117,-1.7202,0.2211,-0.00807,-3.12686,0.0233,-0.0895,-0.0993,-0.0176,0.00000,0.00000,0.9451,-1.4678
616,24.6400,0.1802,0.0000,-0.5000,0.1100,0.0068,0.0345,-0.0275,0.0264,-0.4082,1.0074,-1.7189,0.2211,-0.00879,-3.12565,0.0034,-0.1101,-0.1186,0.0150,0.00000,0.00000,0.9404,-1.4653
617,24.6800,0.1842,0.0000,-0.5000,0.1087,-0.0020,0.0267,0.0179,0.1401,-0.4288,1.0032,-1.7173,0.2208,-0.00514,-3.12540,-0.0100,-0.0932,-0.1014,0.0198,0.00000,0.00000,0.9357,-1.4627
618,24.7200,0.1882,0.0000,-0.5000,0.1210,-0.0065,0.0437,0.0426,0.0181,-0.5548,0.9989,-1.7153,0.2207,-0.00285,-3.12657,0.0223,-0.0857,-0.0894,0.0616,0.00000,0.00000,0.9310,-1.4600
619,24.7600,0.1921,0.0000,-0.5000,0.1244,0.0072,0.0592,-0.0239,-0.0106,-0.4549,0.9942,-1.7133,0.2215,-0.00393,-3.12675,0.0356,-0.1074,-0.0927,-0.0065,0.00000,0.00000,0.9263,-1.4572
620,24.8000,0.1961,0.0000,-0.5000,0.1247,0.0126,0.0357,-0.0482,-0.0408,-0.4645,0.9894,-1.7116,0.2218,-0.00547,-3.12483,0.0353,-0.0885,-0.0720,0.0222,0.00000,0.00000,0.9216,-1.4543
621,24.8400,0.2001,0.0000,-0.4995,0.1174,0.0053,0.0378,-0.0122,0.0947,-0.4119,0.9848,-1.7098,0.2218,-0.00379,-3.12354,0.0216,-0.1023,-0.0995,0.0140,0.00000,0.00000,0.9168,-1.4513
622,24.8800,0.2040,0.0000,-0.4976,0.1137,0.0011,0.0472,0.0152,0.1896,-0.4909,0.9804,-1.7077,0.2220,0.00189,-3.12339,0.0350,-0.0926,-0.0747,0.0321,0.00000,0.00000,0.9121,-1.4482
623,24.9200,0.2079,0.0000,-0.4940,0.1271,-0.0163,0.0463,0.0964,-0.0424,-0.4901,0.9762,-1.7051,0.2224,0.00415,-3.12553,0.0352,-0.0734,-0.0903,0.0351,0.00000,0.00000,0.9073,-1.4450
624,24.9600,0.2118,0.0000,-0.4889,0.1174,-0.0169,0.0571,0.0942,0.2041,-0.3306,0.9722,-1.7019,0.2231,0.00765,-3.13057,0.0132,-0.1192,-0.1171,-0.0080,0.00000,0.00000,0.9025,-1.4418
625,25.0000,0.2157,0.0000,-0.4830,0.1206,0.0037,0.0491,0.0079,0.1811,-0.5583,0.9679,-1.6992,0.2235,0.01466,-3.13205,0.0437,-0.0914,-0.0738,0.0517,0.00000,0.00000,0.8977,-1.4384
626,25.0400,0.2196,0.0000,-0.4758,0.1427,-0.0071,0.0541,0.0501,-0.1970,-0.4116,0.9633,-1.6965,0.2241,0.01330,-3.13230,0.0464,-0.0910,-0.1097,0.0330,0.00000,0.00000,0.8929,-1.4350
627,25.0800,0.2235,0.0000,-0.4675,0.1390,-0.0211,0.0546,0.1183,-0.0362,-0.4229,0.9589,-1.6928,0.2247,0.00867,-3.13696,0.0180,-0.1103,-0.1254,0.0245,0.00000,0.00000,0.8881,-1.4314
628,25.1200,0.2273,0.0000,-0.4587,0.1269,0.0138,0.0432,-0.0551,0.3169,-0.5479,0.9544,-1.6895,0.2252,0.01493,-3.13850,0.0361,-0.1169,-0.0760,-0.0217,0.00000,0.00000,0.8832,-1.4278
629,25.1600,0.2311,0.0000,-0.4487,0.1493,0.0125,0.0130,-0.0509,0.0067,-0.4764,0.9492,-1.6870,0.2246,0.02076,-3.13399,0.0275,-0.0775,-0.0777,0.0515,0.00000,0.00000,0.8784,-1.4241
630,25.2000,0.2349,0.0000,-0.4376,0.1621,-0.0146,0.0311,0.0792,-0.0171,-0.3378,0.9441,-1.6832,0.2238,0.02030,-3.13492,0.0130,-0.0983,-0.1234,0.0403,0.00000,0.00000,0.8735,-1.4202
631,25.2400,0.2386,0.0000,-0.4263,0.1646,-0.0011,0.0635,0.0168,0.1617,-0.5252,0.9389,-1.6789,0.2242,0.02308,-3.13727,0.0349,-0.1141,-0.1074,0.0159,0.00000,0.00000,0.8686,-1.4163
632,25.2800,0.2422,0.0000,-0.4146,0.1867,0.0066,0.0530,-0.0218,-0.0776,-0.5219,0.9329,-1.6747,0.2250,0.02364,-3.13555,0.0381,-0.1030,-0.0885,0.0274,0.00000,0.00000,0.8637,-1.4123
633,25.3200,0.2458,0.0000,-0.4018,0.1992,-0.0078,0.0221,0.0436,-0.1280,-0.3312,0.9269,-1.6698,0.2248,0.01911,-3.13595,0.0115,-0.0975,-0.1068,0.0175,0.00000,0.00000,0.8588,-1.4082
634,25.3600,0.2492,0.0000,-0.3888,0.1944,0.0189,0.0358,-0.0865,0.1449,-0.4180,0.9206,-1.6648,0.2241,0.01942,-3.13491,0.0422,-0.1174,-0.0877,0.0035,0.00000,0.00000,0.8539,-1.4041
635,25.4000,0.2524,0.0000,-0.3758,0.2122,-0.0014,0.0384,0.0118,-0.0045,-0.2652,0.9139,-1.6600,0.2241,0.02260,-3.13138,-0.0100,-0.1065,-0.1178,0.0447,0.00000,0.00000,0.8490,-1.3998
636,25.4400,0.2556,0.0000,-0.3631,0.2244,-0.0088,0.0412,0.0502,-0.0065,-0.3474,0.9075,-1.6539,0.2239,0.02137,-3.13361,0.0275,-0.1072,-0.0992,0.0147,0.00000,0.00000,0.8440,-1.3954
637,25.4800,0.2585,0.0000,-0.3508,0.2347,0.0193,0.0524,-0.0868,-0.0178,-0.4862,0.9003,-1.6479,0.2241,0.02002,-3.13164,0.0520,-0.1105,-0.0719,-0.0020,0.00000,0.00000,0.8390,-1.3910
638,25.5200,0.2613,0.0000,-0.3381,0.2431,-0.0003,0.0301,0.0043,-0.0010,-0.2006,0.8929,-1.6417,0.2242,0.02067,-3.12854,-0.0023,-0.1066,-0.1266,-0.0127,0.00000,0.00000,0.8341,-1.3865
639,25.5600,0.2639,0.0000,-0.3256,0.2564,-0.0069,0.0406,0.0397,-0.0605,-0.2694,0.8857,-1.6347,0.2237,0.01816,-3.13000,0.0385,-0.1057,-0.1024,0.0579,0.00000,0.00000,0.8291,-1.3818
640,25.6000,0.2662,0.0000,-0.3139,0.2770,0.0116,0.0667,-0.0494,-0.2827,-0.4465,0.8778,-1.6274,0.2243,0.00990,-3.12872,0.0708,-0.1071,-0.0851,0.0191,0.00000,0.00000,0.8241,-1.3771
641,25.6400,0.2685,0.0000,-0.3020,0.2714,0.0015,0.0404,-0.0044,-0.0312,-0.2823,0.8699,-1.6199,0.2251,0.00501,-3.12731,0.0234,-0.1096,-0.1197,-0.0332,0.00000,0.00000,0.8190,-1.3723
642,25.6800,0.2705,0.0000,-0.2900,0.2764,0.0044,0.0157,-0.0177,-0.0358,-0.3056,0.8621,-1.6122,0.2244,0.00290,-3.12655,0.0322,-0.1024,-0.0880,0.0279,0.00000,0.00000,0.8140,-1.3674
643,25.7200,0.2724,0.0000,-0.2783,0.2734,-0.0024,0.0310,0.0169,0.1631,-0.2767,0.8543,-1.6043,0.2238,0.00629,-3.12635,0.0100,-0.1046,-0.0982,0.0227,0.00000,0.00000,0.8090,-1.3625
644,25.7600,0.2741,0.0000,-0.2669,0.2853,0.0063,0.0442,-0.0256,0.0744,-0.3371,0.8464,-1.5961,0.2237,0.01009,-3.12543,0.0440,-0.1054,-0.0726,0.0179,0.00000,0.00000,0.8039,-1.3574
645,25.8000,0.2756,0.0000,-0.2556,0.3072,-0.0198,0.0171,0.1012,-0.2078,-0.2373,0.8386,-1.5872,0.2234,0.00664,-3.12704,-0.0149,-0.0808,-0.0914,0.0196,0.00000,0.00000,0.7988,-1.3522
646,25.8400,0.2770,0.0000,-0.2444,0.3037,-0.0124,0.0600,0.0649,0.0364,-0.2992,0.8311,-1.5775,0.2233,0.00290,-3.13320,0.0290,-0.1234,-0.0996,0.0585,0.00000,0.00000,0.7937,-1.3470
647,25.8800,0.2782,0.0000,-0.2338,0.3100,0.0090,0.0442,-0.0444,0.0234,-0.1979,0.8228,-1.5682,0.2242,0.00437,-3.13291,0.0086,-0.1122,-0.0915,-0.0372,0.00000,0.00000,0.7886,-1.3417
648,25.9200,0.2793,0.0000,-0.2233,0.3216,0.0015,0.0131,-0.0071,-0.0941,-0.1325,0.8143,-1.5589,0.2236,0.00206,-3.13104,-0.0005,-0.1023,-0.0859,0.0510,0.00000,0.00000,0.7835,-1.3363
649,25.9600,0.2802,0.0000,-0.2138,0.3356,0.0054,0.0293,-0.0259,-0.2482,-0.1766,0.8057,-1.5491,0.2229,-0.00550,-3.13016,0.0302,-0.0944,-0.0860,0.0128,0.00000,0.00000,0.7784,-1.3308
650,26.0000,0.2809,0.0000,-0.2050,0.3325,0.0092,0.0508,-0.0458,-0.0738,-0.2331,0.7969,-1.5392,0.2232,-0.01146,-3.12818,0.0300,-0.1089,-0.0894,0.0101,0.00000,0.00000,0.7733,-1.3252
651,26.0400,0.2814,0.0000,-0.1966,0.3295,0.0107,0.0290,-0.0541,0.0392,-0.2053,0.7880,-1.5293,0.2235,-0.01157,-3.12519,0.0289,-0.0945,-0.0746,-0.0146,0.00000,0.00000,0.7681,-1.3195
652,26.0800,0.2818,0.0000,-0.1884,0.3370,0.0113,0.0178,-0.0566,-0.0680,-0.2099,0.7791,-1.5193,0.2229,-0.01295,-3.12151,0.0280,-0.1031,-0.0725,0.0158,0.00000,0.00000,0.7630,-1.3138
653,26.1200,0.2821,0.0000,-0.1804,0.3449,-0.0134,0.0255,0.0664,-0.1558,-0.0989,0.7707,-1.5088,0.2226,-0.01715,-3.12205,0.0017,-0.0933,-0.1049,0.0178,0.00000,0.00000,0.7578,-1.3080
654,26.1600,0.2823,0.0000,-0.1731,0.3476,-0.0106,0.0346,0.0520,-0.1625,-0.0796,0.7626,-1.4976,0.2226,-0.02436,-3.12679,0.0139,-0.1097,-0.0838,-0.0020,0.00000,0.00000,0.7526,-1.3020
655,26.2000,0.2824,0.0000,-0.1667,0.3338,0.0046,0.0311,-0.0239,0.0956,-0.1374,0.7542,-1.4869,0.2228,-0.02439,-3.12803,0.0186,-0.0921,-0.0871,-0.0063,0.00000,0.00000,0.7474,-1.2961
656,26.2400,0.2823,0.0000,-0.1608,0.3460,0.0074,0.0283,-0.0371,-0.1570,-0.1632,0.7455,-1.4766,0.2228,-0.02652,-3.12528,0.0265,-0.0977,-0.0898,0.0320,0.00000,0.00000,0.7422,-1.2900
657,26.2800,0.2822,0.0000,-0.1552,0.3422,0.0041,0.0333,-0.0217,-0.0785,-0.2087,0.7369,-1.4659,0.2229,-0.03113,-3.12421,0.0375,-0.0977,-0.0853,0.0015,0.00000,0.00000,0.7370,-1.2838
658,26.3200,0.2820,0.0000,-0.1497,0.3388,-0.0059,0.0192,0.0280,-0.0473,-0.1610,0.7287,-1.4551,0.2230,-0.03329,-3.12485,0.0063,-0.0895,-0.0880,0.0086,0.00000,0.00000,0.7318,-1.2775
659,26.3600,0.2818,0.0000,-0.1442,0.3398,0.0143,0.0161,-0.0739,-0.1271,-0.2901,0.7204,-1.4444,0.2225,-0.03807,-3.12377,0.0446,-0.0939,-0.0453,0.0066,0.00000,0.00000,0.7265,-1.2712
660,26.4000,0.2815,0.0000,-0.1384,0.3203,0.0053,0.0280,-0.0287,0.2064,-0.1085,0.7123,-1.4341,0.2225,-0.03407,-3.12083,-0.0024,-0.1097,-0.1181,-0.0217,0.00000,0.00000,0.7213,-1.2648
661,26.4400,0.2813,0.0000,-0.1327,0.3319,0.0112,0.0216,-0.0580,-0.0640,-0.1807,0.7041,-1.4237,0.2224,-0.03324,-3.11767,0.0310,-0.1118,-0.0563,0.0115,0.00000,0.00000,0.7160,-1.2583
662,26.4800,0.2810,0.0000,-0.1273,0.3330,-0.0033,0.0351,0.0152,-0.1077,-0.1936,0.6963,-1.4131,0.2225,-0.03639,-3.11655,0.0286,-0.1002,-0.0869,0.0313,0.00000,0.00000,0.7107,-1.2517
663,26.5200,0.2807,0.0000,-0.1218,0.3298,-0.0246,0.0341,0.1213,-0.0761,-0.0594,0.6892,-1.4021,0.2230,-0.03947,-3.12239,0.0013,-0.1044,-0.1203,0.0036,0.00000,0.00000,0.7054,-1.2451
664,26.5600,0.2804,0.0000,-0.1168,0.3163,0.0080,0.0181,-0.0408,0.1068,-0.1102,0.6821,-1.3912,0.2230,-0.03946,-3.12614,0.0178,-0.1187,-0.0678,-0.0378,0.00000,0.00000,0.7001,-1.2384
665,26.6000,0.2802,0.0000,-0.1122,0.3118,0.0139,0.0099,-0.0714,0.1133,-0.1316,0.6744,-1.3813,0.2225,-0.03441,-3.12106,-0.0097,-0.1039,-0.0814,0.0273,0.00000,0.00000,0.6948,-1.2316
666,26.6400,0.2799,0.0000,-0.1079,0.3099,0.0064,0.0306,-0.0319,0.1675,-0.1824,0.6668,-1.3712,0.2222,-0.02869,-3.11791,0.0233,-0.1059,-0.0734,0.0152,0.00000,0.00000,0.6895,-1.2247
667,26.6800,0.2797,0.0000,-0.1035,0.3136,-0.0057,0.0475,0.0290,0.1181,-0.1259,0.6597,-1.3609,0.2227,-0.02279,-3.11786,0.0153,-0.1158,-0.1051,0.0047,0.00000,0.00000,0.6842,-1.2177
668,26.7200,0.2796,0.0000,-0.0992,0.3181,-0.0132,0.0308,0.0661,0.0514,-0.0751,0.6530,-1.3501,0.2231,-0.02009,-3.12172,0.0072,-0.1053,-0.0819,0.0060,0.00000,0.00000,0.6788,-1.2107
669,26.7600,0.2794,0.0000,-0.0952,0.3245,-0.0087,0.0140,0.0423,-0.0777,-0.0149,0.6462,-1.3392,0.2227,-0.02125,-3.12580,-0.0032,-0.0984,-0.0873,-0.0000,0.00000,0.00000,0.6735,-1.2035
670,26.8000,0.2793,0.0000,-0.0918,0.3154,0.0204,0.0357,-0.1031,0.1164,-0.1448,0.6389,-1.3287,0.2224,-0.02018,-3.12391,0.0417,-0.1058,-0.0755,-0.0097,0.00000,0.00000,0.6681,-1.1963
671,26.8400,0.2792,0.0000,-0.0887,0.3043,0.0041,0.0333,-0.0224,0.3810,0.0463,0.6314,-1.3186,0.2227,-0.00801,-3.11898,-0.0200,-0.1110,-0.1184,-0.0238,0.00000,0.00000,0.6627,-1.1890
672,26.8800,0.2791,0.0000,-0.0862,0.3316,-0.0131,0.0314,0.0677,-0.0697,-0.1526,0.6244,-1.3078,0.2223,-0.00398,-3.12051,0.0288,-0.0830,-0.0911,0.0634,0.00000,0.00000,0.6573,-1.1817
673,26.9200,0.2790,0.0000,-0.0839,0.3425,-0.0208,0.0476,0.1026,-0.1585,-0.0218,0.6176,-1.2962,0.2227,-0.00942,-3.12756,-0.0121,-0.1175,-0.1071,-0.0305,0.00000,0.00000,0.6519,-1.1743
674,26.9600,0.2789,0.0000,-0.0818,0.3363,0.0032,0.0563,-0.0168,0.0079,-0.0274,0.6105,-1.2847,0.2235,-0.01243,-3.13110,0.0281,-0.1276,-0.0994,0.0218,0.00000,0.00000,0.6465,-1.1668
675,27.0000,0.2787,0.0000,-0.0802,0.3474,0.0043,0.0146,-0.0221,-0.2053,-0.0638,0.6028,-1.2735,0.2235,-0.01628,-3.12867,0.0134,-0.0741,-0.0939,0.0036,0.00000,0.00000,0.6411,-1.1592
676,27.0400,0.2785,0.0000,-0.0787,0.3420,0.0188,0.0284,-0.0946,-0.0760,-0.0761,0.5949,-1.2623,0.2230,-0.02230,-3.12528,0.0480,-0.1119,-0.0893,-0.0065,0.00000,0.00000,0.6357,-1.1515
677,27.0800,0.2783,0.0000,-0.0775,0.3282,0.0096,0.0333,-0.0489,0.2139,-0.1112,0.5871,-1.2514,0.2231,-0.01752,-3.11997,0.0134,-0.0943,-0.1025,0.0023,0.00000,0.00000,0.6302,-1.1438
678,27.1200,0.2781,0.0000,-0.0762,0.3502,-0.0084,0.0398,0.0414,-0.1944,-0.0645,0.5796,-1.2401,0.2233,-0.01868,-3.11937,0.0316,-0.1089,-0.1185,0.0331,0.00000,0.00000,0.6248,-1.1360
679,27.1600,0.2779,0.0000,-0.0749,0.3545,-0.0156,0.0337,0.0761,-0.2715,-0.0080,0.5726,-1.2280,0.2237,-0.02865,-3.12494,0.0247,-0.1056,-0.1129,-0.0193,0.00000,0.00000,0.6193,-1.1281
680,27.2000,0.2777,0.0000,-0.0739,0.3362,-0.0026,0.0258,0.0124,0.0241,-0.0425,0.5656,-1.2163,0.2238,-0.03244,-3.12903,0.0269,-0.0933,-0.1086,0.0035,0.00000,0.00000,0.6138,-1.1202
681,27.2400,0.2775,0.0000,-0.0731,0.3285,0.0267,0.0233,-0.1345,0.1158,-0.1186,0.5579,-1.2054,0.2237,-0.03002,-3.12383,0.0275,-0.1221,-0.0730,-0.0041,0.00000,0.00000,0.6084,-1.1122
682,27.2800,0.2773,0.0000,-0.0723,0.3256,0.0132,0.0188,-0.0670,0.1470,-0.1222,0.5500,-1.1948,0.2233,-0.02388,-3.11585,0.0116,-0.1067,-0.0925,0.0182,0.00000,0.00000,0.6029,-1.1041
683,27.3200,0.2771,0.0000,-0.0712,0.3494,-0.0148,0.0227,0.0731,-0.3192,-0.0633,0.5429,-1.1834,0.2230,-0.02890,-3.11626,0.0183,-0.1023,-0.1097,0.0213,0.00000,0.00000,0.5974,-1.0959
684,27.3600,0.2769,0.0000,-0.0701,0.3179,-0.0073,0.0411,0.0365,0.3099,-0.0729,0.5365,-1.1717,0.2233,-0.02723,-3.12314,0.0226,-0.1142,-0.1080,-0.0538,0.00000,0.00000,0.5919,-1.0877
685,27.4000,0.2768,0.0000,-0.0690,0.3192,0.0082,0.0337,-0.0409,0.2438,-0.0435,0.5294,-1.1609,0.2236,-0.01618,-3.12125,-0.0022,-0.1264,-0.1108,0.0104,0.00000,0.00000,0.5864,-1.0794
686,27.4400,0.2767,0.0000,-0.0680,0.3408,-0.0028,0.0194,0.0132,-0.1597,-0.0454,0.5223,-1.1497,0.2233,-0.01627,-3.11971,0.0120,-0.1090,-0.0955,0.0173,0.00000,0.00000,0.5808,-1.0710
687,27.4800,0.2766,0.0000,-0.0672,0.3327,-0.0034,0.0323,0.0166,0.0452,-0.0610,0.5154,-1.1382,0.2231,-0.01801,-3.12232,0.0182,-0.1085,-0.1021,-0.0227,0.00000,0.00000,0.5753,-1.0626
688,27.5200,0.2766,0.0000,-0.0664,0.3474,-0.0121,0.0382,0.0602,-0.2347,-0.0499,0.5086,-1.1266,0.2233,-0.02245,-3.12447,0.0063,-0.1039,-0.1202,0.0433,0.00000,0.00000,0.5697,-1.0541
689,27.5600,0.2765,0.0000,-0.0658,0.3479,0.0027,0.0350,-0.0150,-0.2504,-0.0355,0.5016,-1.1147,0.2237,-0.03307,-3.12722,0.0399,-0.1161,-0.0914,-0.0271,0.00000,0.00000,0.5642,-1.0455
690,27.6000,0.2764,0.0000,-0.0652,0.3211,0.0224,0.0184,-0.1123,0.2021,-0.0601,0.4942,-1.1037,0.2237,-0.03196,-3.12266,0.0246,-0.1076,-0.0973,-0.0296,0.00000,0.00000,0.5586,-1.0369
691,27.6400,0.2764,0.0000,-0.0646,0.3214,0.0239,0.0226,-0.1203,0.1527,-0.0931,0.4865,-1.0932,0.2233,-0.02476,-3.11246,0.0432,-0.1066,-0.0864,0.0231,0.00000,0.00000,0.5531,-1.0282
692,27.6800,0.2764,0.0000,-0.0640,0.3315,-0.0117,0.0299,0.0585,-0.0196,-0.1062,0.4795,-1.0822,0.2232,-0.02220,-3.11037,0.0181,-0.1001,-0.1147,0.0198,0.00000,0.00000,0.5475,-1.0194
693,27.7200,0.2764,0.0000,-0.0632,0.3343,-0.0139,0.0419,0.0682,-0.0485,-0.0628,0.4732,-1.0704,0.2235,-0.02478,-3.11675,0.0208,-0.1319,-0.0957,-0.0226,0.00000,0.00000,0.5419,-1.0106
694,27.7600,0.2764,0.0000,-0.0623,0.3416,-0.0147,0.0389,0.0726,-0.2383,-0.0460,0.4668,-1.0586,0.2241,-0.03084,-3.12185,0.0229,-0.1090,-0.1136,0.0491,0.00000,0.00000,0.5363,-1.0017
695,27.8000,0.2765,0.0000,-0.0614,0.3272,0.0106,0.0298,-0.0539,-0.0113,-0.0297,0.4602,-1.0471,0.2244,-0.03532,-3.12369,0.0477,-0.1217,-0.1096,-0.0528,0.00000,0.00000,0.5307,-0.9927
696,27.8400,0.2766,0.0000,-0.0607,0.3255,0.0032,0.0035,-0.0175,-0.0831,0.0021,0.4532,-1.0363,0.2240,-0.03651,-3.11977,0.0055,-0.0929,-0.1205,0.0200,0.00000,0.00000,0.5251,-0.9837
697,27.8800,0.2767,0.0000,-0.0602,0.3205,-0.0067,0.0036,0.0331,-0.0395,0.0260,0.4468,-1.0251,0.2230,-0.03923,-3.12143,0.0039,-0.0990,-0.0967,-0.0086,0.00000,0.00000,0.5194,-0.9746
698,27.9200,0.2769,0.0000,-0.0602,0.3061,0.0086,0.0411,-0.0427,0.1909,-0.0936,0.4404,-1.0143,0.2229,-0.03553,-3.12132,0.0199,-0.1250,-0.1068,0.0033,0.00000,0.00000,0.5138,-0.9654
699,27.9600,0.2770,0.0000,-0.0602,0.3121,0.0127,0.0483,-0.0633,0.0199,-0.0962,0.4335,-1.0040,0.2238,-0.03164,-3.11599,0.0367,-0.1253,-0.1031,-0.0004,0.00000,0.00000,0.5082,-0.9562
700,28.0000,0.2773,0.0000,-0.0599,0.2987,-0.0054,0.0309,0.0272,0.2526,-0.0722,0.4272,-0.9934,0.2242,-0.02508,-3.11573,0.0189,-0.1161,-0.1179,-0.0012,0.00000,0.00000,0.5025,-0.9470
701,28.0400,0.2776,0.0000,-0.0594,0.3081,-0.0017,0.0125,0.0094,0.0425,-0.0957,0.4211,-0.9827,0.2238,-0.02058,-3.11690,0.0088,-0.1145,-0.0880,-0.0084,0.00000,0.00000,0.4969,-0.9376
702,28.0800,0.2780,0.0000,-0.0587,0.3069,0.0119,0.0307,-0.0588,0.0786,-0.1331,0.4147,-0.9721,0.2233,-0.01860,-3.11483,0.0416,-0.1139,-0.0696,0.0099,0.00000,0.00000,0.4912,-0.9282
703,28.1200,0.2785,0.0000,-0.0575,0.3017,0.0071,0.0351,-0.0360,0.2080,-0.0333,0.4083,-0.9617,0.2235,-0.01159,-3.11075,0.0162,-0.1194,-0.1130,-0.0304,0.00000,0.00000,0.4855,-0.9188
704,28.1600,0.2790,0.0000,-0.0564,0.3157,-0.0084,0.0225,0.0429,-0.0069,-0.0543,0.4021,-0.9509,0.2232,-0.00886,-3.11077,0.0098,-0.1076,-0.0831,0.0246,0.00000,0.00000,0.4798,-0.9092
705,28.2000,0.2795,0.0000,-0.0553,0.3169,-0.0081,0.0464,0.0414,0.0500,-0.0588,0.3962,-0.9397,0.2232,-0.00791,-3.11498,0.0253,-0.1220,-0.1087,-0.0034,0.00000,0.00000,0.4741,-0.8997
706,28.2400,0.2801,0.0000,-0.0543,0.3208,-0.0032,0.0454,0.0157,0.0455,-0.0268,0.3901,-0.9284,0.2238,-0.00611,-3.11689,0.0119,-0.1241,-0.1034,-0.0062,0.00000,0.00000,0.4685,-0.8900
707,28.2800,0.2806,0.0000,-0.0533,0.3242,0.0039,0.0203,-0.0200,0.0343,-0.0725,0.3837,-0.9172,0.2235,-0.00474,-3.11678,0.0221,-0.1015,-0.0851,-0.0172,0.00000,0.00000,0.4627,-0.8804
708,28.3200,0.2812,0.0000,-0.0523,0.3223,0.0102,0.0483,-0.0515,0.1551,-0.0604,0.3770,-0.9060,0.2235,-0.00040,-3.11379,0.0416,-0.1236,-0.1152,0.0107,0.00000,0.00000,0.4570,-0.8706
709,28.3600,0.2818,0.0000,-0.0514,0.3452,-0.0035,0.0317,0.0168,-0.1959,-0.0647,0.3703,-0.8945,0.2236,-0.00250,-3.11132,0.0187,-0.1022,-0.0916,-0.0035,0.00000,0.00000,0.4513,-0.8608
710,28.4000,0.2823,0.0000,-0.0504,0.3399,0.0030,0.0392,-0.0146,-0.0042,-0.1551,0.3638,-0.8825,0.2235,-0.00659,-3.11286,0.0561,-0.1083,-0.0806,-0.0067,0.00000,0.00000,0.4456,-0.8510
711,28.4400,0.2828,0.0000,-0.0490,0.3315,0.0080,0.0395,-0.0410,0.2237,-0.0257,0.3570,-0.8708,0.2238,-0.00079,-3.11008,0.0105,-0.1285,-0.1163,-0.0391,0.00000,0.00000,0.4399,-0.8410
712,28.4800,0.2833,0.0000,-0.0475,0.3594,-0.0041,0.0377,0.0215,-0.2491,-0.1043,0.3501,-0.8588,0.2237,-0.00333,-3.10806,0.0452,-0.1083,-0.0983,0.0651,0.00000,0.00000,0.4341,-0.8311
713,28.5200,0.2837,0.0000,-0.0461,0.3571,-0.0198,0.0492,0.0977,-0.0958,-0.0353,0.3440,-0.8460,0.2242,-0.00948,-3.11477,0.0347,-0.1082,-0.1214,-0.0159,0.00000,0.00000,0.4284,-0.8211
714,28.5600,0.2841,0.0000,-0.0446,0.3636,-0.0035,0.0194,0.0160,-0.2190,0.0173,0.3376,-0.8332,0.2243,-0.01691,-3.11953,0.0201,-0.1107,-0.0928,-0.0244,0.00000,0.00000,0.4226,-0.8110
715,28.6000,0.2845,0.0000,-0.0434,0.3550,-0.0036,0.0178,0.0169,-0.0622,0.0229,0.3310,-0.8206,0.2237,-0.02135,-3.12113,0.0217,-0.0910,-0.1151,0.0312,0.00000,0.00000,0.4169,-0.8009
716,28.6400,0.2848,0.0000,-0.0427,0.3502,0.0007,0.0363,-0.0046,0.0531,-0.0079,0.3243,-0.8083,0.2237,-0.02116,-3.12193,0.0195,-0.1132,-0.1134,0.0019,0.00000,0.00000,0.4111,-0.7907
717,28.6800,0.2850,0.0000,-0.0423,0.3615,0.0014,0.0287,-0.0087,-0.1841,0.0146,0.3174,-0.7959,0.2238,-0.02481,-3.12081,0.0196,-0.1122,-0.0983,0.0033,0.00000,0.00000,0.4053,-0.7805
718,28.7200,0.2852,0.0000,-0.0421,0.3483,-0.0009,0.0219,0.0034,0.0505,-0.0020,0.3107,-0.7834,0.2237,-0.02636,-3.12189,0.0252,-0.0980,-0.1090,-0.0104,0.00000,0.00000,0.3995,-0.7702
719,28.7600,0.2854,0.0000,-0.0422,0.3494,-0.0120,0.0074,0.0586,0.0088,0.0084,0.3042,-0.7711,0.2231,-0.02522,-3.12435,-0.0196,-0.0868,-0.0945,0.0193,0.00000,0.00000,0.3938,-0.7599
720,28.8000,0.2856,0.0000,-0.0424,0.3498,0.0194,0.0257,-0.0979,-0.0097,-0.0782,0.2974,-0.7588,0.2226,-0.02666,-3.12313,0.0351,-0.1188,-0.0552,-0.0189,0.00000,0.00000,0.3880,-0.7495
721,28.8400,0.2858,0.0000,-0.0426,0.3526,0.0051,0.0432,-0.0272,-0.0802,-0.0019,0.2901,-0.7470,0.2230,-0.02739,-3.11669,0.0208,-0.1040,-0.1098,0.0460,0.00000,0.00000,0.3822,-0.7391
722,28.8800,0.2859,0.0000,-0.0427,0.3518,-0.0060,0.0279,0.0287,-0.0553,-0.0911,0.2835,-0.7346,0.2232,-0.03048,-3.11839,0.0311,-0.0978,-0.0804,-0.0052,0.00000,0.00000,0.3764,-0.7286
723,28.9200,0.2861,0.0000,-0.0426,0.3413,0.0026,0.0279,-0.0142,0.1177,-0.0915,0.2770,-0.7223,0.2233,-0.02875,-3.11958,0.0089,-0.1187,-0.0962,-0.0070,0.00000,0.00000,0.3705,-0.7181
724,28.9600,0.2863,0.0000,-0.0423,0.3464,-0.0027,0.0239,0.0115,-0.0154,0.0816,0.2704,-0.7103,0.2233,-0.02670,-3.11895,0.0073,-0.1106,-0.1067,0.0098,0.00000,0.00000,0.3647,-0.7076
725,29.0000,0.2865,0.0000,-0.0421,0.3418,0.0066,0.0112,-0.0340,0.0612,-0.0443,0.2639,-0.6981,0.2227,-0.02611,-3.11903,0.0181,-0.0999,-0.0736,-0.0250,0.00000,0.00000,0.3589,-0.6970
726,29.0400,0.2867,0.0000,-0.0422,0.3450,0.0040,0.0341,-0.0206,0.0113,-0.1059,0.2571,-0.6862,0.2225,-0.02478,-3.11594,0.0065,-0.1113,-0.0857,0.0439,0.00000,0.00000,0.3531,-0.6863
727,29.0800,0.2869,0.0000,-0.0420,0.3433,0.0029,0.0351,-0.0163,0.0752,-0.1195,0.2505,-0.6740,0.2228,-0.02292,-3.11517,0.0259,-0.1053,-0.0687,-0.0215,0.00000,0.00000,0.3472,-0.6756
728,29.1200,0.2871,0.0000,-0.0413,0.3572,-0.0172,0.0348,0.0842,-0.2054,0.0341,0.2442,-0.6617,0.2231,-0.02592,-3.11778,0.0104,-0.1057,-0.1212,0.0484,0.00000,0.00000,0.3414,-0.6649
729,29.1600,0.2873,0.0000,-0.0407,0.3555,-0.0143,0.0281,0.0701,-0.1738,0.0240,0.2383,-0.6488,0.2233,-0.03404,-3.12605,0.0221,-0.1009,-0.0916,-0.0046,0.00000,0.00000,0.3356,-0.6541
730,29.2000,0.2875,0.0000,-0.0404,0.3351,0.0171,0.0267,-0.0864,0.1622,-0.0505,0.2318,-0.6367,0.2233,-0.03311,-3.12561,0.0278,-0.1074,-0.0870,-0.0161,0.00000,0.00000,0.3297,-0.6433
731,29.2400,0.2877,0.0000,-0.0402,0.3325,0.0155,0.0100,-0.0793,0.1763,-0.0288,0.2248,-0.6252,0.2230,-0.02587,-3.11732,-0.0121,-0.1102,-0.0868,0.0050,0.00000,0.00000,0.3239,-0.6324
732,29.2800,0.2880,0.0000,-0.0400,0.3424,-0.0098,0.0180,0.0481,0.0179,-0.0206,0.2183,-0.6133,0.2222,-0.02263,-3.11645,-0.0084,-0.1042,-0.0865,0.0409,0.00000,0.00000,0.3180,-0.6215
733,29.3200,0.2882,0.0000,-0.0398,0.3455,0.0062,0.0527,-0.0318,0.0066,-0.1001,0.2120,-0.6010,0.2226,-0.02285,-3.11809,0.0459,-0.1202,-0.0723,-0.0111,0.00000,0.00000,0.3121,-0.6106
734,29.3600,0.2885,0.0000,-0.0394,0.3523,-0.0104,0.0349,0.0503,-0.1221,0.0056,0.2056,-0.5887,0.2233,-0.02496,-3.11825,-0.0120,-0.1127,-0.1074,0.0211,0.00000,0.00000,0.3063,-0.5996
735,29.4000,0.2888,0.0000,-0.0389,0.3489,0.0064,0.0157,-0.0333,-0.0659,-0.1218,0.1993,-0.5762,0.2230,-0.02947,-3.12049,0.0468,-0.0927,-0.0514,-0.0064,0.00000,0.00000,0.3004,-0.5886
736,29.4400,0.2890,0.0000,-0.0382,0.3498,0.0096,0.0280,-0.0499,-0.1187,0.0314,0.1925,-0.5642,0.2229,-0.03270,-3.11578,0.0136,-0.1161,-0.1017,0.0155,0.00000,0.00000,0.2945,-0.5775
737,29.4800,0.2893,0.0000,-0.0376,0.3465,-0.0069,0.0186,0.0334,-0.0761,-0.0236,0.1861,-0.5520,0.2228,-0.03596,-3.11609,0.0136,-0.0919,-0.1047,0.0020,0.00000,0.00000,0.2886,-0.5664
738,29.5200,0.2895,0.0000,-0.0371,0.3388,-0.0031,0.0232,0.0142,0.0308,0.0378,0.1800,-0.5397,0.2227,-0.03676,-3.11899,0.0042,-0.1124,-0.0978,-0.0261,0.00000,0.00000,0.2827,-0.5553
739,29.5600,0.2898,0.0000,-0.0370,0.3322,-0.0103,0.0197,0.0509,0.1055,-0.0097,0.1741,-0.5277,0.2225,-0.03319,-3.12181,-0.0161,-0.0959,-0.1122,0.0195,0.00000,0.00000,0.2768,-0.5441
740,29.6000,0.2901,0.0000,-0.0370,0.3320,0.0248,0.0366,-0.1256,0.0810,-0.1093,0.1676,-0.5160,0.2225,-0.03084,-3.11858,0.0419,-0.1274,-0.0609,-0.0352,0.00000,0.00000,0.2709,-0.5329
741,29.6400,0.2904,0.0000,-0.0367,0.3398,-0.0104,0.0217,0.0509,-0.1057,-0.0388,0.1610,-0.5044,0.2227,-0.03059,-3.11417,-0.0206,-0.0930,-0.1118,0.0531,0.00000,0.00000,0.2650,-0.5217
742,29.6800,0.2907,0.0000,-0.0362,0.3286,-0.0230,0.0233,0.1147,0.1287,0.0327,0.1558,-0.4921,0.2225,-0.02979,-3.12441,-0.0126,-0.1096,-0.1085,-0.0316,0.00000,0.00000,0.2591,-0.5104
743,29.7200,0.2911,0.0000,-0.0359,0.3286,-0.0003,0.0351,0.0013,0.1001,-0.0140,0.1501,-0.4801,0.2225,-0.02564,-3.12868,-0.0173,-0.1230,-0.1041,0.0118,0.00000,0.00000,0.2532,-0.4991
744,29.7600,0.2915,0.0000,-0.0358,0.3254,0.0169,0.0330,-0.0850,0.1758,-0.0626,0.1436,-0.4686,0.2227,-0.02012,-3.12459,0.0103,-0.1135,-0.0721,-0.0064,0.00000,0.00000,0.2473,-0.4878
745,29.8000,0.2919,0.0000,-0.0355,0.3351,0.0054,0.0259,-0.0280,0.0104,-0.0673,0.1370,-0.4571,0.2226,-0.01651,-3.11902,0.0084,-0.0982,-0.0912,0.0282,0.00000,0.00000,0.2414,-0.4764
746,29.8400,0.2923,0.0000,-0.0350,0.3407,-0.0104,0.0309,0.0511,-0.0325,-0.0567,0.1310,-0.4450,0.2225,-0.01712,-3.12121,0.0091,-0.0937,-0.0973,0.0023,0.00000,0.00000,0.2354,-0.4651
747,29.8800,0.2927,0.0000,-0.0343,0.3427,-0.0018,0.0435,0.0076,-0.0349,0.0321,0.1251,-0.4327,0.2228,-0.01892,-3.12435,0.0118,-0.1203,-0.1025,-0.0104,0.00000,0.00000,0.2295,-0.4536
748,29.9200,0.2931,0.0000,-0.0338,0.3347,0.0024,0.0246,-0.0120,0.1358,-0.0373,0.1189,-0.4207,0.2229,-0.01595,-3.12437,0.0049,-0.0895,-0.0946,-0.0062,0.00000,0.00000,0.2236,-0.4422
749,29.9600,0.2935,0.0000,-0.0333,0.3444,0.0020,0.0311,-0.0110,-0.0144,-0.0341,0.1125,-0.4086,0.2227,-0.01435,-3.12287,0.0067,-0.1077,-0.0978,0.0269,0.00000,0.00000,0.2177,-0.4307
750,30.0000,0.2939,0.0000,-0.0328,0.3564,0.0047,0.0457,-0.0237,-0.2001,-0.1065,0.1061,-0.3963,0.2230,-0.01956,-3.12134,0.0385,-0.1071,-0.0923,0.0137,0.00000,0.00000,0.2117,-0.4192
751,30.0400,0.2943,0.0000,-0.0321,0.3599,0.0050,0.0341,-0.0264,-0.2744,-0.0308,0.0995,-0.3838,0.2235,-0.02929,-3.11939,0.0333,-0.1073,-0.0986,-0.0216,0.00000,0.00000,0.2058,-0.4077
752,30.0800,0.2947,0.0000,-0.0311,0.3429,0.0054,0.0153,-0.0286,0.0060,0.0449,0.0931,-0.3714,0.2234,-0.03352,-3.11804,0.0175,-0.1064,-0.1015,-0.0155,0.00000,0.00000,0.1998,-0.3961
753,30.1200,0.2950,0.0000,-0.0304,0.3321,0.0215,0.0242,-0.1083,0.1717,-0.1395,0.0864,-0.3596,0.2230,-0.02948,-3.11183,0.0385,-0.1085,-0.0815,0.0038,0.00000,0.00000,0.1939,-0.3845
754,30.1600,0.2953,0.0000,-0.0296,0.3431,-0.0099,0.0296,0.0480,-0.0573,-0.0028,0.0800,-0.3478,0.2231,-0.02692,-3.10834,-0.0034,-0.1079,-0.1267,0.0112,0.00000,0.00000,0.1879,-0.3729
755,30.2000,0.2957,0.0000,-0.0287,0.3480,-0.0096,0.0337,0.0468,-0.1569,-0.0342,0.0744,-0.3352,0.2232,-0.03298,-3.11443,0.0322,-0.1252,-0.0819,-0.0066,0.00000,0.00000,0.1820,-0.3613
756,30.2400,0.2960,0.0000,-0.0277,0.3344,0.0065,0.0340,-0.0333,0.0473,-0.0341,0.0684,-0.3231,0.2236,-0.03417,-3.11513,0.0252,-0.1171,-0.0905,-0.0076,0.00000,0.00000,0.1760,-0.3496
757,30.2800,0.2963,0.0000,-0.0268,0.3389,-0.0023,0.0153,0.0096,-0.1156,0.0356,0.0622,-0.3112,0.2235,-0.03551,-3.11329,0.0088,-0.1073,-0.1105,0.0144,0.00000,0.00000,0.1701,-0.3379
758,30.3200,0.2967,0.0000,-0.0261,0.3318,-0.0002,0.0152,-0.0003,-0.0187,-0.0270,0.0564,-0.2992,0.2231,-0.03834,-3.11503,0.0116,-0.1167,-0.0958,-0.0201,0.00000,0.00000,0.1641,-0.3262
759,30.3600,0.2970,0.0000,-0.0255,0.3273,0.0114,0.0366,-0.0584,0.0099,-0.0867,0.0502,-0.2876,0.2232,-0.03832,-3.11196,0.0302,-0.1217,-0.0941,0.0080,0.00000,0.00000,0.1581,-0.3145
760,30.4000,0.2974,0.0000,-0.0248,0.3194,0.0086,0.0366,-0.0434,0.1151,-0.0964,0.0441,-0.2762,0.2237,-0.03510,-3.10748,0.0380,-0.1162,-0.0953,-0.0067,0.00000,0.00000,0.1522,-0.3028
761,30.4400,0.2978,0.0000,-0.0236,0.3102,-0.0101,0.0187,0.0502,0.2604,-0.0176,0.0386,-0.2647,0.2237,-0.02676,-3.10845,-0.0007,-0.1110,-0.1035,0.0018,0.00000,0.00000,0.1462,-0.2910
762,30.4800,0.2982,0.0000,-0.0223,0.3200,0.0182,0.0256,-0.0914,0.0444,-0.1611,0.0327,-0.2533,0.2232,-0.02280,-3.10623,0.0536,-0.1265,-0.0576,-0.0149,0.00000,0.00000,0.1402,-0.2792
763,30.5200,0.2987,0.0000,-0.0207,0.3157,0.0049,0.0277,-0.0255,0.1371,-0.0254,0.0267,-0.2421,0.2232,-0.01771,-3.10011,0.0121,-0.1109,-0.1042,-0.0238,0.00000,0.00000,0.1342,-0.2674
764,30.5600,0.2992,0.0000,-0.0188,0.3207,-0.0247,0.0323,0.1247,0.0942,-0.0185,0.0215,-0.2304,0.2230,-0.01319,-3.10558,0.0033,-0.1104,-0.1181,0.0393,0.00000,0.00000,0.1283,-0.2556
765,30.6000,0.2998,0.0000,-0.0171,0.3203,-0.0082,0.0393,0.0400,0.1664,0.0359,0.0167,-0.2183,0.2233,-0.00851,-3.11438,0.0018,-0.1381,-0.1044,-0.0684,0.00000,0.00000,0.1223,-0.2438
766,30.6400,0.3003,0.0000,-0.0157,0.3303,0.0032,0.0410,-0.0153,0.0107,-0.0617,0.0109,-0.2066,0.2234,-0.00547,-3.11386,0.0283,-0.1091,-0.0944,0.0485,0.00000,0.00000,0.1163,-0.2319
767,30.6800,0.3008,0.0000,-0.0144,0.3470,-0.0108,0.0524,0.0523,-0.2323,0.0128,0.0052,-0.1945,0.2240,-0.01039,-3.11547,0.0293,-0.1198,-0.1336,0.0197,0.00000,0.00000,0.1103,-0.2201
768,30.7200,0.3013,0.0000,-0.0132,0.3444,-0.0087,0.0208,0.0419,-0.1323,-0.0013,-0.0003,-0.1819,0.2242,-0.01808,-3.12145,0.0054,-0.1115,-0.0959,-0.0384,0.00000,0.00000,0.1043,-0.2082
769,30.7600,0.3017,0.0000,-0.0121,0.3397,0.0198,0.0233,-0.0997,-0.0606,-0.0247,-0.0065,-0.1698,0.2237,-0.02200,-3.11828,0.0389,-0.1176,-0.0855,0.0061,0.00000,0.00000,0.0984,-0.1963
770,30.8000,0.3021,0.0000,-0.0112,0.3340,0.0046,0.0314,-0.0242,0.0630,-0.0139,-0.0128,-0.1580,0.2236,-0.02007,-3.11223,0.0228,-0.0975,-0.1290,0.0131,0.00000,0.00000,0.0924,-0.1844
771,30.8400,0.3025,0.0000,-0.0103,0.3267,0.0093,0.0312,-0.0478,0.2524,0.0056,-0.0188,-0.1460,0.2236,-0.01420,-3.11015,0.0225,-0.1332,-0.0829,-0.0437,0.00000,0.00000,0.0864,-0.1725
772,30.8800,0.3029,0.0000,-0.0095,0.3312,-0.0084,0.0351,0.0400,0.1965,0.0810,-0.0247,-0.1341,0.2236,-0.00451,-3.10912,0.0026,-0.1171,-0.1220,0.0418,0.00000,0.00000,0.0804,-0.1605
773,30.9200,0.3033,0.0000,-0.0092,0.3344,0.0056,0.0280,-0.0283,0.2489,-0.0143,-0.0305,-0.1218,0.2234,0.00322,-3.11087,0.0144,-0.1314,-0.0654,-0.0507,0.00000,0.00000,0.0744,-0.1486
774,30.9600,0.3036,0.0000,-0.0090,0.3547,-0.0007,0.0395,0.0029,-0.0449,-0.0282,-0.0368,-0.1095,0.2231,0.00663,-3.10800,0.0157,-0.1113,-0.0911,0.0550,0.00000,0.00000,0.0684,-0.1367
775,31.0000,0.3039,0.0000,-0.0087,0.3765,-0.0072,0.0446,0.0344,-0.3289,-0.0075,-0.0430,-0.0964,0.2233,-0.00210,-3.11042,0.0444,-0.1061,-0.0935,-0.0184,0.00000,0.00000,0.0624,-0.1247
776,31.0400,0.3041,0.0000,-0.0084,0.3716,0.0009,0.0489,-0.0047,-0.1505,-0.0681,-0.0493,-0.0830,0.2238,-0.01135,-3.11269,0.0480,-0.1122,-0.0986,0.0027,0.00000,0.00000,0.0564,-0.1127
777,31.0800,0.3042,0.0000,-0.0080,0.3709,0.0005,0.0378,-0.0039,-0.1073,0.0101,-0.0558,-0.0698,0.2244,-0.01585,-3.11192,0.0262,-0.1180,-0.1171,0.0027,0.00000,0.00000,0.0504,-0.1008
778,31.1200,0.3042,0.0000,-0.0075,0.3764,-0.0095,0.0116,0.0460,-0.2153,0.0131,-0.0620,-0.0564,0.2240,-0.02257,-3.11429,0.0252,-0.0896,-0.1003,0.0140,0.00000,0.00000,0.0444,-0.0888
779,31.1600,0.3042,0.0000,-0.0071,0.3726,-0.0025,0.0240,0.0114,-0.1651,0.0173,-0.0682,-0.0430,0.2236,-0.02997,-3.11777,0.0361,-0.1030,-0.1177,-0.0100,0.00000,0.00000,0.0384,-0.0768
780,31.2000,0.3041,0.0000,-0.0069,0.3695,-0.0097,0.0321,0.0464,-0.1488,0.0745,-0.0745,-0.0298,0.2238,-0.03575,-3.12018,0.0126,-0.1054,-0.1278,0.0224,0.00000,0.00000,0.0324,-0.0648
781,31.2400,0.3039,0.0000,-0.0070,0.3551,0.0013,0.0354,-0.0070,0.0695,-0.0151,-0.0806,-0.0167,0.2242,-0.03680,-3.12313,0.0384,-0.1147,-0.1124,-0.0009,0.00000,0.00000,0.0264,-0.0528
782,31.2800,0.3037,0.0000,-0.0073,0.3504,0.0024,0.0100,-0.0142,0.0707,0.0741,-0.0869,-0.0041,0.2242,-0.03376,-3.12146,-0.0064,-0.1103,-0.1026,-0.0092,0.00000,0.00000,0.0204,-0.0408
783,31.3200,0.3035,0.0000,-0.0076,0.3494,0.0161,0.0111,-0.0811,0.0260,-0.0369,-0.0935,0.0083,0.2233,-0.03276,-3.11726,0.0343,-0.1128,-0.0715,0.0154,0.00000,0.00000,0.0144,-0.0289
784,31.3600,0.3032,0.0000,-0.0080,0.3517,-0.0012,0.0167,0.0048,-0.0513,-0.0535,-0.1001,0.0206,0.2229,-0.03263,-3.11337,0.0012,-0.0931,-0.0999,0.0080,0.00000,0.00000,0.0084,-0.0169
785,31.4000,0.3030,0.0000,-0.0081,0.3504,-0.0084,0.0435,0.0407,-0.0353,-0.0038,-0.1060,0.0333,0.2232,-0.03471,-3.11673,0.0246,-0.1261,-0.1115,0.0113,0.00000,0.00000,0.0024,-0.0049
786,31.4400,0.3028,0.0000,-0.0081,0.3397,-0.0108,0.0340,0.0525,0.1237,0.1047,-0.1117,0.0458,0.2239,-0.03202,-3.12147,-0.0051,-0.1213,-0.1188,-0.0147,0.00000,0.00000,-0.0036,0.0071
787,31.4800,0.3025,0.0000,-0.0083,0.3422,0.0180,0.0065,-0.0908,-0.0067,0.0205,-0.1179,0.0580,0.2234,-0.03108,-3.11934,0.0320,-0.1092,-0.0613,-0.0178,0.00000,0.00000,-0.0096,0.0191
788,31.5200,0.3023,0.0000,-0.0088,0.3482,-0.0037,0.0111,0.0168,-0.1661,0.0604,-0.1244,0.0700,0.2227,-0.03401,-3.11507,0.0072,-0.0817,-0.1013,0.0532,0.00000,0.00000,-0.0156,0.0311
789,31.5600,0.3021,0.0000,-0.0095,0.3495,-0.0264,0.0319,0.1308,-0.1954,0.0997,-0.1299,0.0827,0.2226,-0.04128,-3.12340,0.0035,-0.0988,-0.1209,0.0129,0.00000,0.00000,-0.0216,0.0431
790,31.6000,0.3018,0.0000,-0.0106,0.3243,0.0181,0.0295,-0.0912,0.2250,-0.0283,-0.1357,0.0949,0.2230,-0.04056,-3.12653,0.0188,-0.1242,-0.0609,-0.0648,0.00000,0.00000,-0.0276,0.0551
791,31.6400,0.3015,0.0000,-0.0117,0.3264,0.0230,0.0089,-0.1172,0.0738,-0.0503,-0.1427,0.1059,0.2227,-0.03419,-3.11449,-0.0043,-0.1052,-0.0786,0.0380,0.00000,0.00000,-0.0336,0.0671
792,31.6800,0.3013,0.0000,-0.0124,0.3300,0.0017,0.0272,-0.0093,0.0200,-0.0406,-0.1491,0.1175,0.2223,-0.03266,-3.10971,0.0218,-0.1139,-0.0800,0.0231,0.00000,0.00000,-0.0396,0.0791
793,31.7200,0.3011,0.0000,-0.0128,0.3282,-0.0120,0.0225,0.0598,0.0547,-0.0052,-0.1547,0.1294,0.2223,-0.03097,-3.11285,-0.0118,-0.1047,-0.0761,-0.0219,0.00000,0.00000,-0.0456,0.0911
794,31.7600,0.3010,0.0000,-0.0129,0.3282,0.0082,0.0262,-0.0422,0.0275,-0.1147,-0.1605,0.1412,0.2221,-0.03012,-3.11387,0.0175,-0.1176,-0.0672,-0.0092,0.00000,0.00000,-0.0516,0.1031
795,31.8000,0.3008,0.0000,-0.0127,0.3296,-0.0019,0.0311,0.0084,0.0007,0.0119,-0.1666,0.1528,0.2223,-0.02901,-3.11160,-0.0111,-0.1165,-0.0937,0.0098,0.00000,0.00000,-0.0576,0.1150
796,31.8400,0.3007,0.0000,-0.0121,0.3259,-0.0108,0.0306,0.0543,0.0862,-0.0154,-0.1721,0.1647,0.2223,-0.02689,-3.11560,0.0112,-0.1016,-0.0901,0.0125,0.00000,0.00000,-0.0636,0.1270
797,31.8800,0.3006,0.0000,-0.0117,0.3228,0.0100,0.0425,-0.0508,0.1694,-0.0497,-0.1780,0.1764,0.2227,-0.02218,-3.11565,0.0129,-0.1355,-0.0776,-0.0139,0.00000,0.00000,-0.0695,0.1389
798,31.9200,0.3005,0.0000,-0.0110,0.3325,-0.0033,0.0262,0.0142,-0.0142,0.1163,-0.1841,0.1880,0.2229,-0.01893,-3.11291,-0.0096,-0.1167,-0.1047,0.0073,0.00000,0.00000,-0.0755,0.1509
799,31.9600,0.3004,0.0000,-0.0106,0.3392,-0.0071,0.0177,0.0346,-0.1095,0.0177,-0.1898,0.2001,0.2224,-0.02228,-3.11629,0.0226,-0.0915,-0.0723,0.0112,0.00000,0.00000,-0.0815,0.1628
800,32.0000,0.3002,0.0000,-0.0106,0.3384,-0.0050,0.0351,0.0240,-0.0650,0.0029,-0.1956,0.2122,0.2224,-0.02534,-3.11911,-0.0011,-0.1089,-0.1051,-0.0044,0.00000,0.00000,-0.0875,0.1747
801,32.0400,0.3001,0.0000,-0.0106,0.3399,-0.0023,0.0317,0.0102,-0.0889,-0.0010,-0.2016,0.2243,0.2226,-0.02860,-3.12073,0.0141,-0.0982,-0.0812,0.0054,0.00000,0.00000,-0.0935,0.1867
802,32.0800,0.2999,0.0000,-0.0105,0.3335,-0.0121,0.0255,0.0590,0.0139,0.1310,-0.2073,0.2363,0.2227,-0.02904,-3.12441,-0.0088,-0.1017,-0.1236,0.0008,0.00000,0.00000,-0.0995,0.1986
803,32.1200,0.2996,0.0000,-0.0108,0.3205,0.0243,0.0220,-0.1232,0.2597,-0.0164,-0.2135,0.2480,0.2224,-0.02408,-3.12221,0.0184,-0.1195,-0.0512,-0.0384,0.00000,0.00000,-0.1055,0.2104
804,32.1600,0.2994,0.0000,-0.0113,0.3290,0.0131,0.0176,-0.0685,0.0890,0.0282,-0.2204,0.2592,0.2220,-0.01638,-3.11170,-0.0043,-0.0932,-0.0870,0.0205,0.00000,0.00000,-0.1115,0.2223
805,32.2000,0.2991,0.0000,-0.0117,0.3461,-0.0176,0.0303,0.0878,-0.1533,-0.0311,-0.2264,0.2712,0.2216,-0.01899,-3.11367,0.0006,-0.0996,-0.0879,0.0325,0.00000,0.00000,-0.1175,0.2342
806,32.2400,0.2989,0.0000,-0.0120,0.3542,-0.0209,0.0612,0.1037,-0.2479,-0.0476,-0.2319,0.2839,0.2224,-0.02755,-3.12318,0.0154,-0.1137,-0.1059,0.0164,0.00000,0.00000,-0.1234,0.2460
807,32.2800,0.2985,0.0000,-0.0120,0.3283,-0.0059,0.0480,0.0285,0.2518,0.0491,-0.2375,0.2963,0.2237,-0.02541,-3.13047,-0.0033,-0.1239,-0.1269,-0.0378,0.00000,0.00000,-0.1294,0.2579
808,32.3200,0.2982,0.0000,-0.0120,0.3376,0.0105,0.0059,-0.0534,0.0200,-0.0203,-0.2438,0.3082,0.2233,-0.02114,-3.12765,0.0053,-0.0931,-0.0743,0.0381,0.00000,0.00000,-0.1354,0.2697
809,32.3600,0.2978,0.0000,-0.0118,0.3366,0.0157,0.0283,-0.0797,0.0734,-0.0554,-0.2505,0.3199,0.2227,-0.01906,-3.12223,0.0329,-0.1037,-0.0914,0.0100,0.00000,0.00000,-0.1414,0.2815
810,32.4000,0.2974,0.0000,-0.0115,0.3374,0.0015,0.0325,-0.0077,0.1135,-0.0477,-0.2571,0.3317,0.2228,-0.01477,-3.11839,-0.0009,-0.1023,-0.0997,-0.0070,0.00000,0.00000,-0.1473,0.2932
811,32.4400,0.2970,0.0000,-0.0108,0.3537,-0.0063,0.0261,0.0292,-0.1725,0.0491,-0.2633,0.3441,0.2227,-0.01750,-3.11963,0.0104,-0.1068,-0.0863,0.0025,0.00000,0.00000,-0.1533,0.3050
812,32.4800,0.2965,0.0000,-0.0102,0.3414,0.0007,0.0379,-0.0047,0.0966,0.0219,-0.2694,0.3565,0.2227,-0.01800,-3.12210,0.0159,-0.1115,-0.1076,-0.0138,0.00000,0.00000,-0.1593,0.3167
813,32.5200,0.2960,0.0000,-0.0098,0.3454,0.0233,0.0309,-0.1165,0.0409,-0.1458,-0.2763,0.3685,0.2228,-0.01610,-3.11565,0.0273,-0.1104,-0.0567,-0.0091,0.00000,0.00000,-0.1652,0.3285
814,32.5600,0.2955,0.0000,-0.0089,0.3521,-0.0000,0.0263,-0.0025,-0.0583,0.0402,-0.2831,0.3806,0.2227,-0.01602,-3.11007,0.0004,-0.1126,-0.1064,0.0046,0.00000,0.00000,-0.1712,0.3402
815,32.6000,0.2949,0.0000,-0.0078,0.3594,-0.0049,0.0310,0.0231,-0.1577,0.0063,-0.2894,0.3933,0.2226,-0.02142,-3.11228,0.0281,-0.1120,-0.0799,0.0044,0.00000,0.00000,-0.1772,0.3518
816,32.6400,0.2942,0.0000,-0.0068,0.3554,-0.0013,0.0346,0.0050,-0.0710,-0.0005,-0.2957,0.4060,0.2228,-0.02536,-3.11388,0.0180,-0.1060,-0.0935,-0.0142,0.00000,0.00000,-0.1831,0.3635
817,32.6800,0.2935,0.0000,-0.0059,0.3524,-0.0129,0.0269,0.0625,-0.0273,0.0953,-0.3018,0.4186,0.2230,-0.02651,-3.11721,-0.0021,-0.1034,-0.1227,0.0022,0.00000,0.00000,-0.1891,0.3751
818,32.7200,0.2928,0.0000,-0.0054,0.3485,0.0022,0.0272,-0.0120,0.0380,0.0162,-0.3080,0.4312,0.2228,-0.02684,-3.12012,0.0159,-0.1155,-0.0879,-0.0129,0.00000,0.00000,-0.1950,0.3867
819,32.7600,0.2920,0.0000,-0.0051,0.3470,-0.0049,0.0300,0.0226,0.0507,0.0832,-0.3144,0.4435,0.2229,-0.02414,-3.12010,-0.0107,-0.1101,-0.1236,0.0065,0.00000,0.00000,-0.2010,0.3983
820,32.8000,0.2911,0.0000,-0.0050,0.3561,-0.0056,0.0308,0.0263,-0.1260,0.0408,-0.3207,0.4560,0.2230,-0.02686,-3.12251,0.0144,-0.1116,-0.0979,0.0117,0.00000,0.00000,-0.2069,0.4099
821,32.8400,0.2902,0.0000,-0.0051,0.3499,0.0030,0.0390,-0.0156,-0.0167,-0.0687,-0.3271,0.4685,0.2233,-0.02926,-3.12350,0.0327,-0.1011,-0.0959,0.0073,0.00000,0.00000,-0.2128,0.4214
822,32.8800,0.2893,0.0000,-0.0050,0.3371,-0.0028,0.0271,0.0118,0.2142,0.1059,-0.3335,0.4807,0.2236,-0.02388,-3.12365,-0.0178,-0.1211,-0.1296,-0.0282,0.00000,0.00000,-0.2188,0.4329
823,32.9200,0.2883,0.0000,-0.0050,0.3433,0.0070,0.0200,-0.0369,0.0756,0.0897,-0.3400,0.4927,0.2232,-0.01923,-3.12228,0.0137,-0.1193,-0.0940,0.0095,0.00000,0.00000,-0.2247,0.4444
824,32.9600,0.2873,0.0000,-0.0054,0.3503,0.0012,0.0157,-0.0065,-0.0452,-0.0469,-0.3468,0.5048,0.2226,-0.01865,-3.12023,0.0095,-0.0805,-0.0886,0.0001,0.00000,0.00000,-0.2307,0.4558
825,33.0000,0.2863,0.0000,-0.0056,0.3483,0.0041,0.0443,-0.0212,0.0457,-0.0572,-0.3534,0.5171,0.2227,-0.01891,-3.11973,0.0232,-0.1175,-0.0898,0.0007,0.00000,0.00000,-0.2366,0.4672
826,33.0400,0.2852,0.0000,-0.0054,0.3679,-0.0178,0.0306,0.0878,-0.3403,-0.0242,-0.3598,0.5297,0.2231,-0.02539,-3.12190,0.0011,-0.0885,-0.1164,0.0297,0.00000,0.00000,-0.2425,0.4786
827,33.0800,0.2841,0.0000,-0.0049,0.3527,-0.0078,0.0373,0.0380,-0.0455,-0.0386,-0.3658,0.5427,0.2233,-0.03280,-3.12981,0.0293,-0.1097,-0.1105,-0.0204,0.00000,0.00000,-0.2484,0.4900
828,33.1200,0.2830,0.0000,-0.0042,0.3396,0.0206,0.0349,-0.1038,0.1414,0.0320,-0.3726,0.5547,0.2238,-0.03009,-3.12596,0.0176,-0.1274,-0.1087,-0.0172,0.00000,0.00000,-0.2543,0.5013
829,33.1600,0.2819,0.0000,-0.0033,0.3488,-0.0004,0.0134,0.0010,-0.0908,-0.0351,-0.3795,0.5666,0.2235,-0.02917,-3.12064,0.0180,-0.0831,-0.1069,0.0588,0.00000,0.00000,-0.2602,0.5126
830,33.2000,0.2807,0.0000,-0.0024,0.3368,0.0161,0.0279,-0.0817,0.1488,-0.0901,-0.3861,0.5787,0.2233,-0.02837,-3.11917,0.0339,-0.1287,-0.0810,-0.0631,0.00000,0.00000,-0.2662,0.5239
831,33.2400,0.2795,0.0000,-0.0011,0.3400,-0.0013,0.0308,0.0048,0.0485,-0.0145,-0.3929,0.5904,0.2234,-0.02363,-3.11451,0.0012,-0.1058,-0.1150,0.0458,0.00000,0.00000,-0.2721,0.5351
832,33.2800,0.2783,0.0000,0.0005,0.3377,-0.0011,0.0345,0.0049,0.1135,-0.0024,-0.3990,0.6026,0.2235,-0.02079,-3.11657,0.0388,-0.1170,-0.0943,-0.0271,0.00000,0.00000,-0.2780,0.5463
833,33.3200,0.2771,0.0000,0.0021,0.3401,-0.0042,0.0172,0.0203,0.0525,-0.0371,-0.4053,0.6147,0.2233,-0.01732,-3.11727,-0.0029,-0.0973,-0.1039,-0.0050,0.00000,0.00000,-0.2838,0.5574
834,33.3600,0.2759,0.0000,0.0038,0.3434,0.0103,0.0551,-0.0523,0.0256,-0.0613,-0.4118,0.6268,0.2234,-0.01670,-3.11607,0.0584,-0.1320,-0.0949,0.0280,0.00000,0.00000,-0.2897,0.5686
835,33.4000,0.2747,0.0000,0.0057,0.3494,-0.0033,0.0302,0.0152,-0.0768,-0.0536,-0.4184,0.6389,0.2240,-0.01725,-3.11402,0.0154,-0.0969,-0.1058,-0.0156,0.00000,0.00000,-0.2956,0.5796
836,33.4400,0.2734,0.0000,0.0080,0.3546,-0.0132,0.0296,0.0650,-0.1763,-0.0138,-0.4244,0.6515,0.2239,-0.02300,-3.11858,0.0398,-0.1028,-0.1150,0.0332,0.00000,0.00000,-0.3015,0.5907
837,33.4800,0.2721,0.0000,0.0103,0.3539,0.0054,0.0430,-0.0283,-0.1893,0.0127,-0.4307,0.6640,0.2243,-0.03067,-3.12038,0.0454,-0.1287,-0.1195,-0.0206,0.00000,0.00000,-0.3074,0.6017
838,33.5200,0.2708,0.0000,0.0125,0.3410,0.0019,0.0126,-0.0111,-0.0125,0.0180,-0.4372,0.6761,0.2244,-0.03334,-3.11881,0.0190,-0.0921,-0.1131,-0.0093,0.00000,0.00000,-0.3132,0.6127
839,33.5600,0.2694,0.0000,0.0146,0.3458,0.0114,0.0007,-0.0587,-0.2021,0.0347,-0.4438,0.6881,0.2235,-0.03899,-3.11555,0.0296,-0.1093,-0.0851,-0.0114,0.00000,0.00000,-0.3191,0.6236
840,33.6000,0.2680,0.0000,0.0165,0.3204,0.0108,0.0285,-0.0554,0.2302,-0.0250,-0.4503,0.6996,0.2231,-0.03609,-3.11159,0.0318,-0.1065,-0.1158,-0.0121,0.00000,0.00000,-0.3250,0.6345
841,33.6400,0.2665,0.0000,0.0182,0.3284,0.0058,0.0309,-0.0307,0.0194,-0.0407,-0.4568,0.7110,0.2233,-0.03205,-3.10680,0.0197,-0.1201,-0.0902,-0.0022,0.00000,0.00000,-0.3308,0.6454
842,33.6800,0.2651,0.0000,0.0202,0.3114,0.0021,0.0354,-0.0117,0.3246,-0.0405,-0.4628,0.7224,0.2235,-0.02414,-3.10644,0.0272,-0.1291,-0.1002,-0.0252,0.00000,0.00000,-0.3367,0.6562
843,33.7200,0.2637,0.0000,0.0224,0.3293,-0.0103,0.0190,0.0501,-0.0619,0.0043,-0.4687,0.7338,0.2234,-0.01993,-3.10684,0.0091,-0.1020,-0.0968,0.0148,0.00000,0.00000,-0.3425,0.6669
844,33.7600,0.2623,0.0000,0.0247,0.3322,-0.0046,0.0399,0.0229,-0.0995,-0.0699,-0.4743,0.7457,0.2233,-0.02419,-3.11117,0.0504,-0.1172,-0.0888,0.0108,0.00000,0.00000,-0.3484,0.6777
845,33.8000,0.2609,0.0000,0.0271,0.3206,0.0090,0.0457,-0.0453,0.1185,-0.0445,-0.4804,0.7572,0.2240,-0.02278,-3.11004,0.0304,-0.1283,-0.1022,-0.0303,0.00000,0.00000,-0.3542,0.6883
846,33.8400,0.2595,0.0000,0.0298,0.3241,0.0025,0.0126,-0.0140,0.0119,0.0486,-0.4866,0.7686,0.2239,-0.02016,-3.10682,0.0126,-0.1134,-0.1050,-0.0147,0.00000,0.00000,-0.3600,0.6990
847,33.8800,0.2581,0.0000,0.0324,0.3329,-0.0110,0.0270,0.0537,-0.1544,0.0732,-0.4925,0.7802,0.2234,-0.02382,-3.10884,0.0243,-0.1183,-0.1113,0.0388,0.00000,0.00000,-0.3658,0.7096
848,33.9200,0.2567,0.0000,0.0345,0.3310,-0.0091,0.0285,0.0445,-0.1267,0.0389,-0.4981,0.7921,0.2234,-0.02910,-3.11383,0.0332,-0.0911,-0.0947,-0.0332,0.00000,0.00000,-0.3717,0.7201
849,33.9600,0.2552,0.0000,0.0364,0.3174,0.0029,0.0270,-0.0145,0.0886,-0.0272,-0.5039,0.8036,0.2234,-0.02910,-3.11546,0.0300,-0.1007,-0.1020,-0.0073,0.00000,0.00000,-0.3775,0.7306
850,34.0000,0.2537,0.0000,0.0383,0.3164,0.0127,0.0175,-0.0651,0.0587,0.0191,-0.5102,0.8147,0.2232,-0.02641,-3.11118,0.0129,-0.1159,-0.0886,-0.0312,0.00000,0.00000,-0.3833,0.7411
851,34.0400,0.2522,0.0000,0.0402,0.3234,0.0109,0.0422,-0.0560,-0.1088,-0.0074,-0.5166,0.8257,0.2232,-0.02809,-3.10553,0.0470,-0.1321,-0.1087,0.0285,0.00000,0.00000,-0.3891,0.7515
852,34.0800,0.2507,0.0000,0.0421,0.3272,-0.0120,0.0314,0.0585,-0.2052,-0.0179,-0.5226,0.8370,0.2236,-0.03416,-3.10621,0.0223,-0.1044,-0.1098,-0.0198,0.00000,0.00000,-0.3949,0.7619
853,34.1200,0.2491,0.0000,0.0441,0.3158,-0.0146,0.0275,0.0721,-0.0486,0.1060,-0.5279,0.8486,0.2238,-0.03922,-3.11322,0.0192,-0.1237,-0.1032,-0.0011,0.00000,0.00000,-0.4006,0.7722
854,34.1600,0.2476,0.0000,0.0458,0.2912,0.0100,0.0205,-0.0508,0.3489,0.0562,-0.5334,0.8595,0.2237,-0.03154,-3.11449,0.0222,-0.1149,-0.0924,-0.0286,0.00000,0.00000,-0.4064,0.7824
855,34.2000,0.2460,0.0000,0.0473,0.3037,-0.0006,0.0087,0.0001,0.0491,0.1168,-0.5395,0.8698,0.2231,-0.02390,-3.11044,-0.0133,-0.1092,-0.1132,0.0093,0.00000,0.00000,-0.4122,0.7926
856,34.2400,0.2445,0.0000,0.0483,0.3075,0.0107,0.0346,-0.0537,-0.0084,-0.0606,-0.5454,0.8806,0.2226,-0.02438,-3.10909,0.0533,-0.1192,-0.0757,-0.0213,0.00000,0.00000,-0.4180,0.8028
857,34.2800,0.2429,0.0000,0.0494,0.3050,-0.0128,0.0387,0.0636,0.0500,0.0122,-0.5512,0.8913,0.2231,-0.02234,-3.10897,-0.0078,-0.1061,-0.1087,0.0102,0.00000,0.00000,-0.4237,0.8129
858,34.3200,0.2414,0.0000,0.0508,0.3051,-0.0101,0.0290,0.0507,0.0587,-0.0149,-0.5565,0.9024,0.2231,-0.02106,-3.11500,0.0278,-0.1074,-0.0674,0.0049,0.00000,0.00000,-0.4295,0.8230
859,34.3600,0.2398,0.0000,0.0524,0.3002,0.0140,0.0307,-0.0715,0.1450,0.0291,-0.5624,0.9130,0.2231,-0.01670,-3.11372,0.0273,-0.1198,-0.0807,-0.0265,0.00000,0.00000,-0.4352,0.8330
860,34.4000,0.2383,0.0000,0.0541,0.3079,0.0089,0.0113,-0.0464,0.0157,0.0389,-0.5687,0.9234,0.2226,-0.01381,-3.10772,0.0114,-0.0965,-0.0633,0.0054,0.00000,0.00000,-0.4410,0.8429
861,34.4400,0.2367,0.0000,0.0557,0.3177,0.0018,0.0339,-0.0093,-0.1155,-0.0173,-0.5748,0.9343,0.2221,-0.01640,-3.10568,0.0442,-0.1017,-0.0755,0.0167,0.00000,0.00000,-0.4467,0.8528
862,34.4800,0.2351,0.0000,0.0574,0.3176,-0.0150,0.0391,0.0745,-0.0608,0.0488,-0.5806,0.9455,0.2225,-0.01915,-3.10899,0.0132,-0.0960,-0.0978,-0.0219,0.00000,0.00000,-0.4524,0.8627
863,34.5200,0.2334,0.0000,0.0591,0.3182,-0.0023,0.0484,0.0113,-0.0662,-0.0294,-0.5862,0.9568,0.2230,-0.02231,-3.11306,0.0503,-0.1141,-0.0908,0.0140,0.00000,0.00000,-0.4581,0.8725
864,34.5600,0.2317,0.0000,0.0609,0.3145,-0.0026,0.0276,0.0115,-0.0073,0.1091,-0.5922,0.9678,0.2234,-0.02313,-3.11369,0.0022,-0.1140,-0.1012,-0.0272,0.00000,0.00000,-0.4638,0.8822
865,34.6000,0.2300,0.0000,0.0626,0.3140,-0.0122,0.0110,0.0594,-0.0208,0.1399,-0.5979,0.9790,0.2228,-0.02355,-3.11707,-0.0085,-0.1072,-0.1131,0.0122,0.00000,0.00000,-0.4695,0.8919
866,34.6400,0.2282,0.0000,0.0637,0.3170,0.0040,0.0449,-0.0202,-0.0592,0.0101,-0.6039,0.9900,0.2228,-0.02593,-3.11858,0.0352,-0.1192,-0.0836,0.0250,0.00000,0.00000,-0.4752,0.9015
867,34.6800,0.2264,0.0000,0.0646,0.3212,-0.0026,0.0382,0.0128,-0.1514,-0.0465,-0.6102,1.0010,0.2234,-0.02975,-3.11763,0.0308,-0.0890,-0.0890,0.0141,0.00000,0.00000,-0.4809,0.9111
868,34.7200,0.2245,0.0000,0.0661,0.3073,0.0037,0.0385,-0.0187,0.0960,-0.0551,-0.6162,1.0120,0.2238,-0.03026,-3.11865,0.0526,-0.1086,-0.0939,0.0029,0.00000,0.00000,-0.4866,0.9206
869,34.7600,0.2226,0.0000,0.0679,0.3043,-0.0004,0.0114,0.0008,0.1038,0.0746,-0.6223,1.0226,0.2237,-0.02573,-3.11733,-0.0029,-0.1039,-0.1010,-0.0127,0.00000,0.00000,-0.4923,0.9300
870,34.8000,0.2207,0.0000,0.0699,0.3081,-0.0099,0.0091,0.0486,0.0151,0.0785,-0.6281,1.0335,0.2227,-0.02387,-3.11975,0.0040,-0.0952,-0.0920,0.0308,0.00000,0.00000,-0.4979,0.9394
871,34.8400,0.2187,0.0000,0.0717,0.3193,0.0040,0.0307,-0.0209,-0.2139,-0.0134,-0.6341,1.0444,0.2224,-0.02894,-3.12062,0.0369,-0.0951,-0.0811,-0.0096,0.00000,0.00000,-0.5036,0.9487
872,34.8800,0.2167,0.0000,0.0734,0.3155,-0.0090,0.0588,0.0434,-0.1496,0.0698,-0.6401,1.0552,0.2233,-0.03542,-3.12165,0.0246,-0.1182,-0.1343,0.0387,0.00000,0.00000,-0.5092,0.9580
873,34.9200,0.2147,0.0000,0.0751,0.3057,0.0039,0.0203,-0.0206,-0.0311,0.0334,-0.6461,1.0661,0.2239,-0.03925,-3.12354,0.0223,-0.1089,-0.0770,-0.0438,0.00000,0.00000,-0.5149,0.9672
874,34.9600,0.2126,0.0000,0.0769,0.3079,-0.0001,0.0056,-0.0006,-0.2067,0.1300,-0.6522,1.0764,0.2232,-0.04397,-3.12153,0.0147,-0.0946,-0.1029,0.0496,0.00000,0.00000,-0.5205,0.9763
875,35.0000,0.2105,0.0000,0.0784,0.2953,0.0005,0.0123,-0.0035,-0.0466,0.0493,-0.6581,1.0868,0.2226,-0.04824,-3.12236,0.0290,-0.0823,-0.0936,-0.0194,0.00000,0.00000,-0.5261,0.9854
876,35.0400,0.2084,0.0000,0.0796,0.2772,0.0218,0.0308,-0.1111,0.2069,0.0548,-0.6643,1.0965,0.2226,-0.04453,-3.11759,0.0175,-0.1285,-0.0835,-0.0324,0.00000,0.00000,-0.5317,0.9944
877,35.0800,0.2063,0.0000,0.0809,0.2815,0.0013,0.0169,-0.0085,0.0147,0.0314,-0.6705,1.1057,0.2225,-0.03978,-3.11172,0.0138,-0.0866,-0.0887,0.0325,0.00000,0.00000,-0.5374,1.0034
878,35.1200,0.2043,0.0000,0.0823,0.2739,-0.0113,0.0334,0.0555,0.1238,0.1099,-0.6759,1.1155,0.2225,-0.03684,-3.11518,0.0126,-0.1210,-0.1122,-0.0246,0.00000,0.00000,-0.5429,1.0123
879,35.1600,0.2022,0.0000,0.0835,0.2650,0.0140,0.0321,-0.0718,0.2343,-0.0216,-0.6815,1.1249,0.2226,-0.02998,-3.11442,0.0272,-0.1163,-0.0594,-0.0287,0.00000,0.00000,-0.5485,1.0211
880,35.2000,0.2002,0.0000,0.0850,0.2792,0.0046,0.0383,-0.0247,-0.0966,-0.0005,-0.6876,1.1339,0.2229,-0.02761,-3.10901,0.0433,-0.1016,-0.0994,0.0460,0.00000,0.00000,-0.5541,1.0298
881,35.2400,0.1982,0.0000,0.0868,0.2685,-0.0183,0.0345,0.0908,0.1324,0.0201,-0.6927,1.1435,0.2232,-0.02596,-3.11347,0.0102,-0.1088,-0.1143,-0.0249,0.00000,0.00000,-0.5597,1.0385
882,35.2800,0.1962,0.0000,0.0889,0.2684,-0.0155,0.0300,0.0757,0.1080,0.1411,-0.6976,1.1532,0.2233,-0.02158,-3.12010,-0.0113,-0.1252,-0.1102,-0.0025,0.00000,0.00000,-0.5653,1.0472
883,35.3200,0.1942,0.0000,0.0907,0.2748,0.0104,0.0436,-0.0532,-0.0380,0.0333,-0.7032,1.1625,0.2234,-0.02116,-3.12042,0.0479,-0.1233,-0.0979,0.0133,0.00000,0.00000,-0.5708,1.0557
884,35.3600,0.1922,0.0000,0.0924,0.2687,0.0038,0.0220,-0.0213,0.0880,0.0298,-0.7091,1.1716,0.2235,-0.01902,-3.11737,0.0143,-0.0884,-0.0893,-0.0196,0.00000,0.00000,-0.5763,1.0642
885,35.4000,0.1903,0.0000,0.0945,0.2743,0.0061,0.0202,-0.0325,-0.0261,0.0403,-0.7149,1.1808,0.2230,-0.01859,-3.11544,0.0280,-0.1112,-0.0976,-0.0093,0.00000,0.00000,-0.5819,1.0726
886,35.4400,0.1883,0.0000,0.0965,0.2779,-0.0084,0.0341,0.0399,-0.0780,0.0659,-0.7206,1.1901,0.2228,-0.02042,-3.11565,0.0099,-0.1039,-0.1149,0.0081,0.00000,0.00000,-0.5874,1.0810
887,35.4800,0.1863,0.0000,0.0986,0.2773,-0.0118,0.0416,0.0566,-0.0532,0.1347,-0.7260,1.1998,0.2232,-0.02326,-3.12007,0.0114,-0.1206,-0.1111,-0.0109,0.00000,0.00000,-0.5929,1.0893
888,35.5200,0.1842,0.0000,0.1005,0.2742,-0.0051,0.0333,0.0237,-0.0181,0.0805,-0.7315,1.2093,0.2234,-0.02454,-3.12312,0.0147,-0.1070,-0.1017,0.0121,0.00000,0.00000,-0.5984,1.0975
889,35.5600,0.1821,0.0000,0.1021,0.2746,0.0038,0.0491,-0.0210,-0.0486,0.0760,-0.7373,1.2185,0.2239,-0.02575,-3.12285,0.0405,-0.1216,-0.1248,0.0196,0.00000,0.00000,-0.6039,1.1056
890,35.6000,0.1801,0.0000,0.1037,0.2664,-0.0035,0.0187,0.0145,0.0873,0.1652,-0.7430,1.2276,0.2241,-0.02408,-3.12295,-0.0016,-0.1059,-0.1160,-0.0385,0.00000,0.00000,-0.6094,1.1137
891,35.6400,0.1779,0.0000,0.1052,0.2713,-0.0028,0.0151,0.0120,-0.0453,0.1006,-0.7487,1.2367,0.2233,-0.02405,-3.12379,0.0132,-0.1044,-0.1082,0.0302,0.00000,0.00000,-0.6149,1.1217
892,35.6800,0.1758,0.0000,0.1063,0.2666,0.0071,0.0325,-0.0370,0.0522,0.0046,-0.7546,1.2456,0.2231,-0.02368,-3.12301,0.0150,-0.1114,-0.0983,-0.0268,0.00000,0.00000,-0.6204,1.1296
893,35.7200,0.1736,0.0000,0.1078,0.2722,-0.0009,0.0416,0.0021,-0.0675,0.0853,-0.7607,1.2545,0.2234,-0.02420,-3.12113,0.0097,-0.1222,-0.1161,0.0200,0.00000,0.00000,-0.6258,1.1375
894,35.7600,0.1715,0.0000,0.1094,0.2621,-0.0072,0.0321,0.0339,0.1259,0.1050,-0.7663,1.2636,0.2237,-0.02220,-3.12359,0.0183,-0.1059,-0.1074,-0.0115,0.00000,0.00000,-0.6313,1.1453
895,35.8000,0.1693,0.0000,0.1111,0.2678,0.0011,0.0315,-0.0071,-0.0052,0.0544,-0.7720,1.2725,0.2236,-0.02048,-3.12406,0.0156,-0.1168,-0.1100,0.0152,0.00000,0.00000,-0.6367,1.1530
896,35.8400,0.1671,0.0000,0.1128,0.2675,-0.0039,0.0273,0.0162,0.0038,0.1478,-0.7779,1.2814,0.2236,-0.02017,-3.12453,-0.0024,-0.1160,-0.1240,-0.0248,0.00000,0.00000,-0.6421,1.1606
897,35.8800,0.1648,0.0000,0.1144,0.2714,0.0039,0.0272,-0.0212,-0.0832,0.0558,-0.7839,1.2903,0.2233,-0.02249,-3.12431,0.0275,-0.1054,-0.0991,0.0072,0.00000,0.00000,-0.6475,1.1682
898,35.9200,0.1625,0.0000,0.1161,0.2712,-0.0010,0.0350,0.0029,-0.0898,0.0689,-0.7900,1.2991,0.2234,-0.02542,-3.12351,0.0242,-0.0983,-0.1170,0.0009,0.00000,0.00000,-0.6530,1.1757
899,35.9600,0.1602,0.0000,0.1180,0.2592,-0.0008,0.0359,0.0015,0.1311,0.1230,-0.7958,1.3079,0.2236,-0.02388,-3.12436,0.0118,-0.1211,-0.1217,-0.0230,0.00000,0.00000,-0.6584,1.1831
900,36.0000,0.1579,0.0000,0.1198,0.2514,0.0086,0.0309,-0.0448,0.2666,0.0239,-0.8019,1.3162,0.2236,-0.01534,-3.12269,0.0183,-0.1133,-0.1086,-0.0083,0.00000,0.00000,-0.6637,1.1904
901,36.0400,0.1556,0.0000,0.1219,0.2714,-0.0070,0.0353,0.0327,-0.1048,0.0521,-0.8080,1.3248,0.2236,-0.01328,-3.12132,0.0152,-0.1086,-0.1190,0.0356,0.00000,0.00000,-0.6691,1.1977
902,36.0800,0.1532,0.0000,0.1243,0.2861,-0.0254,0.0382,0.1224,-0.3739,0.1846,-0.8136,1.3342,0.2239,-0.02405,-3.12753,0.0218,-0.1037,-0.1274,0.0091,0.00000,0.00000,-0.6745,1.2049
903,36.1200,0.1508,0.0000,0.1266,0.2687,0.0098,0.0340,-0.0498,-0.0919,0.0803,-0.8195,1.3434,0.2241,-0.03297,-3.13107,0.0564,-0.1043,-0.1039,-0.0442,0.00000,0.00000,-0.6798,1.2120
904,36.1600,0.1483,0.0000,0.1288,0.2614,0.0196,0.0332,-0.1007,-0.0512,0.1399,-0.8262,1.3513,0.2244,-0.03472,-3.12419,0.0275,-0.1197,-0.1387,0.0145,0.00000,0.00000,-0.6852,1.2190
905,36.2000,0.1458,0.0000,0.1309,0.2492,-0.0111,0.0248,0.0516,0.1386,0.1374,-0.8322,1.3595,0.2243,-0.03140,-3.12331,0.0110,-0.1018,-0.1466,0.0134,0.00000,0.00000,-0.6905,1.2260
906,36.2400,0.1433,0.0000,0.1328,0.2475,0.0003,0.0188,-0.0040,0.1196,0.1190,-0.8379,1.3678,0.2239,-0.02741,-3.12540,0.0007,-0.1331,-0.1056,-0.0491,0.00000,0.00000,-0.6958,1.2329
907,36.2800,0.1408,0.0000,0.1348,0.2535,0.0158,0.0439,-0.0797,-0.0620,-0.0088,-0.8442,1.3755,0.2239,-0.02693,-3.12147,0.0632,-0.1124,-0.0961,0.0480,0.00000,0.00000,-0.7011,1.2397
908,36.3200,0.1383,0.0000,0.1372,0.2538,0.0024,0.0369,-0.0132,-0.0989,-0.0466,-0.8505,1.3833,0.2244,-0.02960,-3.11843,0.0488,-0.0973,-0.1140,-0.0167,0.00000,0.00000,-0.7064,1.2464
909,36.3600,0.1358,0.0000,0.1404,0.2508,-0.0117,0.0253,0.0567,-0.1073,0.0369,-0.8562,1.3915,0.2245,-0.03388,-3.12055,0.0255,-0.1134,-0.1276,-0.0002,0.00000,0.00000,-0.7117,1.2530
910,36.4000,0.1333,0.0000,0.1443,0.2369,-0.0019,0.0254,0.0076,0.0876,0.1347,-0.8617,1.3995,0.2244,-0.03394,-3.12320,0.0092,-0.1368,-0.1207,-0.0251,0.00000,0.00000,-0.7170,1.2596
911,36.4400,0.1308,0.0000,0.1481,0.2378,0.0063,0.0204,-0.0337,-0.0256,0.1131,-0.8675,1.4070,0.2240,-0.03278,-3.12139,0.0242,-0.1124,-0.1062,0.0117,0.00000,0.00000,-0.7223,1.2660
912,36.4800,0.1283,0.0000,0.1519,0.2327,-0.0060,0.0267,0.0274,0.0192,0.1093,-0.8731,1.4144,0.2238,-0.03206,-3.12139,0.0207,-0.1047,-0.1325,-0.0034,0.00000,0.00000,-0.7275,1.2724
913,36.5200,0.1258,0.0000,0.1556,0.2313,-0.0117,0.0324,0.0560,-0.0032,0.1464,-0.8784,1.4220,0.2238,-0.03199,-3.12433,0.0080,-0.1176,-0.1264,-0.0075,0.00000,0.00000,-0.7328,1.2787
914,36.5600,0.1234,0.0000,0.1593,0.2229,0.0070,0.0402,-0.0365,0.0948,0.0513,-0.8838,1.4292,0.2241,-0.03010,-3.12508,0.0430,-0.1190,-0.1099,-0.0103,0.00000,0.00000,-0.7380,1.2850
915,36.6000,0.1209,0.0000,0.1631,0.2230,-0.0065,0.0327,0.0285,0.0246,0.1716,-0.8893,1.4361,0.2244,-0.02697,-3.12413,0.0064,-0.1136,-0.1469,0.0066,0.00000,0.00000,-0.7432,1.2911
916,36.6400,0.1185,0.0000,0.1670,0.2207,-0.0069,0.0340,0.0327,0.0335,0.0849,-0.8945,1.4434,0.2244,-0.02630,-3.12678,0.0367,-0.1127,-0.1225,0.0100,0.00000,0.00000,-0.7484,1.2972
917,36.6800,0.1160,0.0000,0.1708,0.2276,0.0027,0.0330,-0.0159,-0.1655,0.0970,-0.9000,1.4503,0.2245,-0.02982,-3.12668,0.0305,-0.1148,-0.1152,-0.0069,0.00000,0.00000,-0.7536,1.3032
918,36.7200,0.1136,0.0000,0.1749,0.2007,0.0063,0.0341,-0.0340,0.3151,0.1103,-0.9054,1.4569,0.2246,-0.02447,-3.12598,0.0326,-0.1151,-0.1372,-0.0239,0.00000,0.00000,-0.7588,1.3091
919,36.7600,0.1112,0.0000,0.1792,0.2215,-0.0014,0.0343,0.0038,-0.1414,0.0885,-0.9110,1.4633,0.2247,-0.02278,-3.12358,0.0260,-0.1180,-0.1243,0.0544,0.00000,0.00000,-0.7640,1.3149
920,36.8000,0.1089,0.0000,0.1836,0.2234,-0.0292,0.0326,0.1423,-0.1928,0.1405,-0.9158,1.4706,0.2248,-0.02936,-3.12922,0.0118,-0.1024,-0.1433,0.0145,0.00000,0.00000,-0.7691,1.3206
921,36.8400,0.1065,0.0000,0.1882,0.2139,0.0040,0.0352,-0.0207,-0.0834,0.0983,-0.9208,1.4777,0.2249,-0.03554,-3.13356,0.0446,-0.1224,-0.1092,-0.0243,0.00000,0.00000,-0.7743,1.3263
922,36.8800,0.1041,0.0000,0.1929,0.1891,0.0109,0.0406,-0.0579,0.3218,0.1723,-0.9263,1.4835,0.2253,-0.02795,-3.13048,0.0132,-0.1277,-0.1564,0.0213,0.00000,0.00000,-0.7794,1.3318
923,36.9200,0.1018,0.0000,0.1976,0.2083,0.0040,0.0378,-0.0221,-0.1101,0.0596,-0.9318,1.4893,0.2255,-0.02533,-3.12709,0.0611,-0.1075,-0.1271,0.0540,0.00000,0.00000,-0.7845,1.3373
924,36.9600,0.0995,0.0000,0.2025,0.1963,-0.0055,0.0278,0.0247,0.1099,0.1135,-0.9368,1.4956,0.2256,-0.02471,-3.12833,0.0258,-0.1153,-0.1263,-0.0347,0.00000,0.00000,-0.7896,1.3427
925,37.0000,0.0972,0.0000,0.2078,0.2031,-0.0144,0.0148,0.0679,-0.1037,0.1653,-0.9417,1.5018,0.2250,-0.02495,-3.13071,0.0123,-0.0954,-0.1395,0.0367,0.00000,0.00000,-0.7947,1.3480
926,37.0400,0.0949,0.0000,0.2131,0.1953,0.0141,0.0287,-0.0726,0.0118,0.1076,-0.9468,1.5079,0.2246,-0.02751,-3.13104,0.0393,-0.1290,-0.1096,-0.0419,0.00000,0.00000,-0.7998,1.3532
927,37.0800,0.0927,0.0000,0.2185,0.1905,0.0144,0.0513,-0.0751,0.0443,0.0984,-0.9525,1.5131,0.2250,-0.02519,-3.12547,0.0406,-0.1245,-0.1464,0.0412,0.00000,0.00000,-0.8049,1.3584
928,37.1200,0.0904,0.0000,0.2242,0.1953,-0.0202,0.0284,0.0969,-0.0713,0.1092,-0.9574,1.5189,0.2253,-0.02567,-3.12660,0.0174,-0.0973,-0.1387,0.0157,0.00000,0.00000,-0.8099,1.3634
929,37.1600,0.0882,0.0000,0.2303,0.2006,-0.0217,0.0307,0.1048,-0.2456,0.1752,-0.9618,1.5254,0.2252,-0.03329,-3.13324,0.0214,-0.1214,-0.1499,0.0085,0.00000,0.00000,-0.8150,1.3684
930,37.2000,0.0860,0.0000,0.2363,0.1867,0.0119,0.0364,-0.0609,-0.0733,0.1862,-0.9667,1.5311,0.2254,-0.03957,-3.13433,0.0315,-0.1372,-0.1300,-0.0264,0.00000,0.00000,-0.8200,1.3732
931,37.2400,0.0838,0.0000,0.2424,0.1773,0.0005,0.0312,-0.0072,-0.0166,0.2447,-0.9718,1.5360,0.2255,-0.03959,-3.13127,0.0136,-0.1150,-0.1714,0.0445,0.00000,0.00000,-0.8250,1.3780
932,37.2800,0.0816,0.0000,0.2481,0.1707,0.0144,0.0117,-0.0739,0.0170,0.1199,-0.9768,1.5409,0.2250,-0.04054,-3.12928,0.0392,-0.1153,-0.0936,-0.0428,0.00000,0.00000,-0.8300,1.3827
933,37.3200,0.0795,0.0000,0.2540,0.1621,-0.0074,0.0247,0.0340,0.0715,0.1827,-0.9814,1.5455,0.2246,-0.03718,-3.12747,-0.0013,-0.1091,-0.1589,0.0468,0.00000,0.00000,-0.8350,1.3873
934,37.3600,0.0775,0.0000,0.2600,0.1617,0.0010,0.0442,-0.0075,0.0217,0.1607,-0.9858,1.5503,0.2247,-0.03643,-3.12853,0.0371,-0.1381,-0.1201,-0.0216,0.00000,0.00000,-0.8400,1.3919
935,37.4000,0.0754,0.0000,0.2662,0.1557,0.0004,0.0349,-0.0046,0.0323,0.1308,-0.9902,1.5547,0.2251,-0.03467,-3.12775,0.0393,-0.1000,-0.1167,0.0229,0.00000,0.00000,-0.8449,1.3963
936,37.4400,0.0735,0.0000,0.2729,0.1430,-0.0002,0.0259,-0.0026,0.2043,0.1960,-0.9944,1.5590,0.2250,-0.02909,-3.12789,0.0221,-0.1204,-0.1385,-0.0219,0.00000,0.00000,-0.8499,1.4006
937,37.4800,0.0716,0.0000,0.2796,0.1348,-0.0024,0.0406,0.0090,0.3313,0.1145,-0.9984,1.5631,0.2249,-0.01765,-3.12788,0.0272,-0.1174,-0.1380,0.0387,0.00000,0.00000,-0.8548,1.4049
938,37.5200,0.0697,0.0000,0.2867,0.1573,0.0077,0.0489,-0.0391,-0.1161,-0.0424,-1.0028,1.5671,0.2253,-0.01571,-3.12631,0.0785,-0.1070,-0.0926,0.0277,0.00000,0.00000,-0.8598,1.4090
939,37.5600,0.0679,0.0000,0.2949,0.1458,-0.0226,0.0590,0.1088,0.1259,0.2012,-1.0068,1.5716,0.2263,-0.01348,-3.12906,0.0241,-0.1285,-0.1862,0.0253,0.00000,0.00000,-0.8647,1.4131
940,37.6000,0.0661,0.0000,0.3036,0.1382,-0.0046,0.0270,0.0208,0.2851,0.2199,-1.0104,1.5762,0.2265,-0.00573,-3.13337,0.0284,-0.1315,-0.1264,-0.0274,0.00000,0.00000,-0.8696,1.4171
941,37.6400,0.0644,0.0000,0.3122,0.1573,-0.0022,0.0180,0.0062,-0.0923,0.1531,-1.0148,1.5802,0.2258,-0.00303,-3.13282,0.0211,-0.1035,-0.1349,0.0712,0.00000,0.00000,-0.8744,1.4210
942,37.6800,0.0627,0.0000,0.3210,0.1588,-0.0231,0.0382,0.1070,-0.0324,0.2836,-1.0188,1.5849,0.2256,-0.00506,-3.13682,-0.0113,-0.1277,-0.1787,0.0029,0.00000,0.00000,-0.8793,1.4248
943,37.7200,0.0610,0.0000,0.3296,0.1717,0.0049,0.0419,-0.0272,-0.2540,0.1351,-1.0234,1.5896,0.2257,-0.01310,-3.13887,0.0467,-0.1197,-0.1017,0.0228,0.00000,0.00000,-0.8842,1.4285
944,37.7600,0.0593,0.0000,0.3385,0.1615,0.0070,0.0340,-0.0406,-0.0575,0.2568,-1.0283,1.5937,0.2259,-0.01756,-3.13685,0.0163,-0.1176,-0.1530,0.0020,0.00000,0.00000,-0.8890,1.4321
945,37.8000,0.0575,0.0000,0.3475,0.1661,-0.0001,0.0134,-0.0043,-0.1574,0.2457,-1.0333,1.5979,0.2254,-0.02265,-3.13544,0.0195,-0.1001,-0.1055,0.0506,0.00000,0.00000,-0.8938,1.4356
946,37.8400,0.0558,0.0000,0.3565,0.1607,0.0054,0.0242,-0.0297,-0.0721,0.1765,-1.0381,1.6020,0.2247,-0.02682,-3.13472,0.0307,-0.1039,-0.1153,0.0106,0.00000,0.00000,-0.8986,1.4390
947,37.8800,0.0540,0.0000,0.3657,0.1570,0.0072,0.0318,-0.0401,-0.0286,0.2524,-1.0430,1.6059,0.2246,-0.02854,-3.13255,0.0244,-0.1090,-0.1062,0.0131,0.00000,0.00000,-0.9034,1.4424
948,37.9200,0.0523,0.0000,0.3752,0.1532,0.0028,0.0285,-0.0176,0.0023,0.2356,-1.0478,1.6096,0.2245,-0.02873,-3.13099,0.0336,-0.1025,-0.1077,0.0284,0.00000,0.00000,-0.9082,1.4456
949,37.9600,0.0506,0.0000,0.3847,0.1489,-0.0129,0.0286,0.0615,0.0642,0.3093,-1.0523,1.6136,0.2243,-0.02677,-3.13214,-0.0173,-0.1228,-0.1418,0.0104,0.00000,0.00000,-0.9130,1.4488
950,38.0000,0.0489,0.0000,0.3941,0.1527,-0.0085,0.0372,0.0410,-0.0063,0.2543,-1.0566,1.6177,0.2243,-0.02610,-3.13462,0.0200,-0.1163,-0.1156,0.0307,0.00000,0.00000,-0.9177,1.4519
951,38.0400,0.0472,0.0000,0.4036,0.1592,0.0013,0.0288,-0.0078,-0.0456,0.1586,-1.0614,1.6217,0.2243,-0.02777,-3.13520,0.0342,-0.1142,-0.0906,0.0204,0.00000,0.00000,-0.9225,1.4548
952,38.0800,0.0455,0.0000,0.4137,0.1573,-0.0210,0.0253,0.1041,0.0681,0.3598,-1.0660,1.6258,0.2241,-0.02584,-3.13752,-0.0102,-0.1182,-0.1564,0.0274,0.00000,0.00000,-0.9272,1.4577
953,38.1200,0.0438,0.0000,0.4238,0.1638,-0.0188,0.0232,0.0958,0.0403,0.3767,-1.0706,1.6305,0.2237,-0.02463,3.14063,0.0033,-0.1259,-0.1208,0.0257,0.00000,0.00000,-0.9319,1.4605
954,38.1600,0.0421,0.0000,0.4329,0.1744,-0.0067,0.0242,0.0321,-0.0841,0.3307,-1.0756,1.6348,0.2234,-0.02608,3.13827,0.0118,-0.1193,-0.1229,0.0201,0.00000,0.00000,-0.9366,1.4632
955,38.2000,0.0404,0.0000,0.4410,0.1761,-0.0076,0.0254,0.0351,-0.0213,0.2473,-1.0811,1.6391,0.2230,-0.02788,3.13683,0.0134,-0.1109,-0.1264,0.0279,0.00000,0.00000,-0.9413,1.4658
956,38.2400,0.0387,0.0000,0.4481,0.1924,-0.0102,0.0137,0.0494,-0.2868,0.3503,-1.0868,1.6434,0.2226,-0.03538,3.13541,0.0151,-0.1122,-0.1115,0.0118,0.00000,0.00000,-0.9460,1.4683
957,38.2800,0.0370,0.0000,0.4543,0.1852,-0.0129,0.0130,0.0658,-0.1283,0.3650,-1.0924,1.6480,0.2219,-0.04276,3.13272,0.0236,-0.1017,-0.1387,0.0092,0.00000,0.00000,-0.9506,1.4707
958,38.3200,0.0352,0.0000,0.4598,0.1712,-0.0052,0.0325,0.0228,0.0835,0.3555,-1.0981,1.6522,0.2216,-0.04298,3.13104,0.0036,-0.1117,-0.1469,0.0060,0.00000,0.00000,-0.9552,1.4730
959,38.3600,0.0334,0.0000,0.4646,0.1788,0.0048,0.0324,-0.0265,-0.1866,0.2764,-1.1039,1.6558,0.2218,-0.04648,3.13236,0.0211,-0.1114,-0.1105,0.0259,0.00000,0.00000,-0.9599,1.4752
960,38.4000,0.0316,0.0000,0.4689,0.1617,0.0159,0.0289,-0.0820,0.0208,0.2695,-1.1098,1.6590,0.2218,-0.04918,3.13495,0.0307,-0.1231,-0.1143,-0.0285,0.00000,0.00000,-0.9645,1.4773
961,38.4400,0.0299,0.0000,0.4726,0.1529,-0.0031,0.0280,0.0132,0.0529,0.2860,-1.1152,1.6618,0.2217,-0.04659,3.13736,0.0144,-0.1013,-0.1340,0.0522,0.00000,0.00000,-0.9690,1.4794
962,38.4800,0.0281,0.0000,0.4759,0.1537,-0.0171,0.0332,0.0859,-0.0707,0.3815,-1.1202,1.6653,0.2218,-0.04781,3.13530,0.0047,-0.1246,-0.1363,0.0067,0.00000,0.00000,-0.9736,1.4813
963,38.5200,0.0264,0.0000,0.4788,0.1519,-0.0092,0.0341,0.0454,-0.1820,0.3574,-1.1250,1.6687,0.2219,-0.05392,3.13296,0.0139,-0.1231,-0.1152,0.0280,0.00000,0.00000,-0.9782,1.4831
964,38.5600,0.0248,0.0000,0.4813,0.1147,0.0220,0.0318,-0.1120,0.3999,0.3215,-1.1297,1.6712,0.2221,-0.04715,3.13447,0.0318,-0.1232,-0.1152,-0.0504,0.00000,0.00000,-0.9827,1.4849
965,38.6000,0.0233,0.0000,0.4836,0.1242,0.0057,0.0082,-0.0342,0.0769,0.2968,-1.1344,1.6726,0.2215,-0.03790,3.13902,0.0070,-0.0863,-0.1077,0.0559,0.00000,0.00000,-0.9872,1.4865
966,38.6400,0.0218,0.0000,0.4855,0.1295,-0.0155,0.0350,0.0774,-0.0632,0.3221,-1.1387,1.6752,0.2210,-0.03884,3.13775,0.0100,-0.1247,-0.1294,0.0102,0.00000,0.00000,-0.9917,1.4881
967,38.6800,0.0205,0.0000,0.4873,0.1172,-0.0100,0.0554,0.0541,0.1112,0.3723,-1.1427,1.6780,0.2217,-0.03753,3.13490,0.0094,-0.1316,-0.1255,-0.0049,0.00000,0.00000,-0.9962,1.4896
968,38.7200,0.0193,0.0000,0.4888,0.1241,-0.0098,0.0331,0.0462,-0.1349,0.3414,-1.1467,1.6803,0.2221,-0.03891,3.13361,-0.0059,-0.1244,-0.1330,0.0332,0.00000,0.00000,-1.0007,1.4909
969,38.7600,0.0181,0.0000,0.4901,0.1113,0.0063,0.0355,-0.0373,0.0322,0.4215,-1.1508,1.6824,0.2222,-0.04074,3.13343,0.0200,-0.1382,-0.1294,-0.0205,0.00000,0.00000,-1.0052,1.4922
970,38.8000,0.0171,0.0000,0.4913,0.1077,0.0002,0.0245,-0.0079,-0.0040,0.3798,-1.1548,1.6838,0.2220,-0.03956,3.13517,-0.0001,-0.1099,-0.1377,0.0347,0.00000,0.00000,-1.0096,1.4934
971,38.8400,0.0162,0.0000,0.4924,0.1042,-0.0092,0.0365,0.0439,0.0072,0.3823,-1.1585,1.6857,0.2219,-0.03984,3.13452,0.0019,-0.1275,-0.1355,0.0188,0.00000,0.00000,-1.0141,1.4944
972,38.8800,0.0154,0.0000,0.4933,0.0978,0.0017,0.0383,-0.0100,0.0485,0.3525,-1.1621,1.6874,0.2221,-0.03882,3.13378,0.0161,-0.1244,-0.1174,-0.0050,0.00000,0.00000,-1.0185,1.4954
973,38.9200,0.0148,0.0000,0.4941,0.0860,0.0075,0.0408,-0.0364,0.2139,0.2656,-1.1655,1.6885,0.2223,-0.03277,3.13494,0.0206,-0.1236,-0.1240,0.0244,0.00000,0.00000,-1.0229,1.4963
974,38.9600,0.0142,0.0000,0.4948,0.0947,-0.0066,0.0235,0.0296,-0.0058,0.3421,-1.1689,1.6896,0.2223,-0.02936,3.13548,-0.0076,-0.1173,-0.1180,0.0170,0.00000,0.00000,-1.0272,1.4971
975,39.0000,0.0138,0.0000,0.4954,0.0973,-0.0121,0.0329,0.0780,-0.0925,0.3497,-1.1722,1.6914,0.2219,-0.03217,3.13321,-0.0026,-0.1313,-0.1395,0.0253,0.00000,0.00000,-1.0316,1.4978
976,39.0400,0.0134,0.0000,0.4960,0.0951,-0.0110,0.0499,0.0527,-0.0851,0.3626,-1.1755,1.6931,0.2224,-0.03562,3.13113,0.0044,-0.1237,-0.1406,0.0324,0.00000,0.00000,-1.0360,1.4984
977,39.0800,0.0132,0.0000,0.4965,0.0926,-0.0142,0.0367,0.0695,-0.1146,0.3778,-1.1787,1.6947,0.2228,-0.03946,3.12878,-0.0091,-0.1188,-0.1580,0.0210,0.00000,0.00000,-1.0403,1.4989
978,39.1200,0.0130,0.0000,0.4969,0.0802,0.0049,0.0389,-0.0204,0.0525,0.4373,-1.1817,1.6960,0.2229,-0.04091,3.12802,0.0055,-0.1419,-0.1395,0.0088,0.00000,0.00000,-1.0446,1.4993
979,39.1600,0.0130,0.0000,0.4973,0.0705,0.0089,0.0251,-0.0387,0.1532,0.4090,-1.1847,1.6965,0.2228,-0.03617,3.13026,-0.0058,-0.1194,-0.1288,0.0341,0.00000,0.00000,-1.0489,1.4996
980,39.2000,0.0132,0.0000,0.4976,0.0659,0.0062,0.0345,-0.0323,0.2135,0.3593,-1.1874,1.6969,0.2225,-0.02873,3.13221,0.0086,-0.1283,-0.1307,0.0333,0.00000,0.00000,-1.0532,1.4999
981,39.2400,0.0134,0.0000,0.4979,0.0654,-0.0093,0.0371,0.0374,0.2245,0.3318,-1.1900,1.6976,0.2226,-0.01951,3.13224,-0.0021,-0.1121,-0.1344,0.0356,0.00000,0.00000,-1.0574,1.5000
982,39.2800,0.0138,0.0000,0.4981,0.0856,-0.0208,0.0363,0.1437,-0.1599,0.3418,-1.1927,1.6990,0.2226,-0.02030,3.12906,-0.0104,-0.1189,-0.1411,0.0504,0.00000,0.00000,-1.0617,1.5000
983,39.3200,0.0143,0.0000,0.4984,0.0687,0.0157,0.0450,-0.0822,0.1955,0.3794,-1.1956,1.7000,0.2229,-0.01952,3.12792,0.0135,-0.1561,-0.1299,-0.0569,0.00000,0.00000,-1.0659,1.4999
984,39.3600,0.0149,0.0000,0.4986,0.0884,0.0068,0.0198,-0.0069,-0.2249,0.3280,-1.1987,1.6999,0.2227,-0.02077,3.13132,-0.0041,-0.0990,-0.1279,0.0904,0.00000,0.00000,-1.0701,1.4998
985,39.4000,0.0155,0.0000,0.4987,0.0882,-0.0028,0.0463,0.0085,-0.1826,0.3560,-1.2019,1.7006,0.2226,-0.02957,3.13105,0.0288,-0.1316,-0.1432,0.0105,0.00000,0.00000,-1.0743,1.4995
986,39.4400,0.0162,0.0000,0.4989,0.0756,0.0113,0.0389,-0.0590,0.0218,0.2957,-1.2050,1.7010,0.2230,-0.03209,3.13204,0.0183,-0.1230,-0.1251,-0.0152,0.00000,0.00000,-1.0785,1.4991
987,39.4800,0.0170,0.0000,0.4990,0.0670,-0.0029,0.0314,0.0166,0.1496,0.3794,-1.2078,1.7013,0.2230,-0.02799,3.13301,-0.0154,-0.1331,-0.1527,0.0443,0.00000,0.00000,-1.0827,1.4987
988,39.5200,0.0178,0.0000,0.4991,0.0825,-0.0022,0.0229,0.0054,-0.1897,0.3480,-1.2106,1.7018,0.2225,-0.03088,3.13296,0.0138,-0.1176,-0.1034,0.0263,0.00000,0.00000,-1.0868,1.4981
989,39.5600,0.0188,0.0000,0.4992,0.0626,0.0004,0.0474,-0.0082,0.1826,0.3589,-1.2133,1.7024,0.2226,-0.02921,3.13274,0.0066,-0.1384,-0.1598,0.0079,0.00000,0.00000,-1.0909,1.4975
990,39.6000,0.0198,0.0000,0.4993,0.0601,0.0149,0.0374,-0.0744,0.2143,0.2733,-1.2159,1.7023,0.2229,-0.02167,3.13490,0.0259,-0.1233,-0.0958,0.0152,0.00000,0.00000,-1.0951,1.4967
991,39.6400,0.0209,0.0000,0.4994,0.0807,-0.0139,0.0161,0.0621,-0.2194,0.3424,-1.2186,1.7024,0.2225,-0.02256,3.13539,0.0030,-0.0953,-0.1336,0.0575,0.00000,0.00000,-1.0991,1.4959
992,39.6800,0.0220,0.0000,0.4995,0.0735,-0.0062,0.0459,0.0261,-0.0540,0.3990,-1.2214,1.7034,0.2223,-0.02862,3.13268,0.0143,-0.1484,-0.1333,-0.0098,0.00000,0.00000,-1.1032,1.4950
993,39.7200,0.0233,0.0000,0.4995,0.0612,0.0006,0.0519,-0.0056,0.1618,0.2947,-1.2239,1.7037,0.2230,-0.02503,3.13279,-0.0024,-0.1331,-0.1496,0.0368,0.00000,0.00000,-1.1073,1.4939
994,39.7600,0.0246,0.0000,0.4996,0.0630,0.0065,0.0319,-0.0097,0.1223,0.3467,-1.2265,1.7037,0.2232,-0.02003,3.13366,0.0103,-0.1347,-0.1137,0.0081,0.00000,0.00000,-1.1113,1.4928
995,39.8000,0.0260,0.0000,0.4996,0.0728,-0.0144,0.0131,0.0589,-0.0879,0.3983,-1.2291,1.7040,0.2226,-0.01945,3.13328,-0.0148,-0.1063,-0.1496,0.0425,0.00000,0.00000,-1.1153,1.4916
996,39.8400,0.0275,0.0000,0.4997,0.0745,-0.0038,0.0516,0.0135,-0.0718,0.2725,-1.2319,1.7046,0.2224,-0.02383,3.13147,0.0183,-0.1399,-0.1277,0.0415,0.00000,0.00000,-1.1193,1.4903
997,39.8800,0.0291,0.0000,0.4997,0.0616,0.0076,0.0489,-0.0367,0.1886,0.3997,-1.2345,1.7046,0.2233,-0.02013,3.13225,-0.0096,-0.1494,-0.1489,-0.0324,0.00000,0.00000,-1.1233,1.4889
998,39.9200,0.0308,0.0000,0.4998,0.0554,0.0090,0.0273,-0.0447,0.3181,0.3417,-1.2370,1.7043,0.2231,-0.00953,3.13412,0.0231,-0.1187,-0.1250,0.0494,0.00000,0.00000,-1.1273,1.4874
999,39.9600,0.0325,0.0000,0.4998,0.0834,0.0019,0.0209,-0.0170,-0.1798,0.2143,-1.2398,1.7039,0.2225,-0.00893,3.13581,0.0296,-0.0977,-0.1008,0.0454,0.00000,0.00000,-1.1312,1.4857
1000,40.0000,0.0342,0.0000,0.4998,0.0725,-0.0155,0.0491,0.0639,0.1247,0.3470,-1.2428,1.7043,0.2226,-0.00854,3.13352,0.0057,-0.1267,-0.1580,0.0035,0.00000,0.00000,-1.1352,1.4841
1001,40.0400,0.0360,0.0000,0.4998,0.0900,-0.0105,0.0454,0.0493,-0.1760,0.3681,-1.2460,1.7047,0.2231,-0.01168,3.13133,0.0018,-0.1350,-0.1348,0.0370,0.00000,0.00000,-1.1391,1.4823
1002,40.0800,0.0379,0.0000,0.4999,0.0873,0.0085,0.0389,-0.0473,-0.0905,0.2651,-1.2494,1.7047,0.2233,-0.01739,3.13110,0.0223,-0.1363,-0.1230,0.0087,0.00000,0.00000,-1.1430,1.4804
1003,40.1200,0.0397,0.0000,0.4999,0.0833,0.0003,0.0232,-0.0028,-0.0115,0.4810,-1.2526,1.7043,0.2232,-0.01832,3.13207,-0.0233,-0.1305,-0.1601,0.0002,0.00000,0.00000,-1.1469,1.4784
1004,40.1600,0.0416,0.0000,0.4999,0.0850,0.0053,0.0320,-0.0249,-0.0136,0.4315,-1.2558,1.7039,0.2227,-0.01982,3.13287,-0.0014,-0.1519,-0.1432,0.0289,0.00000,0.00000,-1.1507,1.4763
1005,40.2000,0.0437,0.0000,0.4999,0.0862,0.0099,0.0479,-0.0486,-0.0088,0.2878,-1.2591,1.7033,0.2229,-0.02027,3.13503,0.0226,-0.1315,-0.1226,0.0330,0.00000,0.00000,-1.1545,1.4741
1006,40.2400,0.0458,0.0000,0.4999,0.0937,-0.0159,0.0338,0.0763,-0.1539,0.4596,-1.2625,1.7031,0.2232,-0.02354,3.13435,-0.0060,-0.1230,-0.1556,0.0154,0.00000,0.00000,-1.1584,1.4719
1007,40.2800,0.0480,0.0000,0.4999,0.0792,-0.0072,0.0387,0.0262,0.1388,0.4395,-1.2659,1.7033,0.2232,-0.02357,3.13139,0.0053,-0.1470,-0.1492,0.0064,0.00000,0.00000,-1.1622,1.4695
1008,40.3200,0.0504,0.0000,0.4999,0.0750,0.0111,0.0325,-0.0520,0.2202,0.3173,-1.2690,1.7027,0.2232,-0.01619,3.13257,0.0006,-0.1287,-0.1207,0.0192,0.00000,0.00000,-1.1660,1.4671
1009,40.3600,0.0528,0.0000,0.4999,0.0883,0.0082,0.0292,-0.0402,-0.0083,0.3050,-1.2721,1.7017,0.2229,-0.01311,3.13482,0.0213,-0.1228,-0.1112,0.0415,0.00000,0.00000,-1.1697,1.4645
1010,40.4000,0.0552,0.0000,0.4999,0.0984,-0.0131,0.0368,0.0625,-0.1488,0.3804,-1.2757,1.7013,0.2228,-0.01693,3.13412,0.0007,-0.1274,-0.1373,0.0410,0.00000,0.00000,-1.1735,1.4619
1011,40.4400,0.0577,0.0000,0.5000,0.0845,-0.0103,0.0580,0.0408,0.1854,0.4163,-1.2793,1.7013,0.2234,-0.01505,3.13096,0.0071,-0.1512,-0.1579,0.0158,0.00000,0.00000,-1.1772,1.4591
1012,40.4800,0.0603,0.0000,0.5000,0.0857,0.0042,0.0227,-0.0243,0.1914,0.3779,-1.2828,1.7007,0.2236,-0.00795,3.13091,-0.0151,-0.1311,-0.1198,-0.0007,0.00000,0.00000,-1.1809,1.4563
1013,40.5200,0.0629,0.0000,0.5000,0.0935,0.0033,0.0185,-0.0158,0.1036,0.3241,-1.2863,1.6997,0.2227,-0.00256,3.13168,0.0129,-0.1076,-0.1174,0.0613,0.00000,0.00000,-1.1846,1.4534
1014,40.5600,0.0656,0.0000,0.5000,0.1017,-0.0040,0.0380,0.0118,0.0683,0.3268,-1.2901,1.6989,0.2224,0.00078,3.13148,0.0072,-0.1130,-0.1361,0.0176,0.00000,0.00000,-1.1883,1.4504
1015,40.6000,0.0683,0.0000,0.5000,0.1310,-0.0141,0.0454,0.0613,-0.4179,0.3376,-1.2945,1.6981,0.2227,-0.00856,3.13004,0.0105,-0.1156,-0.1404,0.0559,0.00000,0.00000,-1.1919,1.4473
1016,40.6400,0.0709,0.0000,0.5000,0.1205,-0.0050,0.0531,0.0219,-0.1486,0.3994,-1.2992,1.6976,0.2233,-0.01955,3.12752,0.0088,-0.1442,-0.1568,-0.0083,0.00000,0.00000,-1.1956,1.4441
1017,40.6800,0.0736,0.0000,0.5000,0.1139,0.0214,0.0255,-0.1106,-0.0443,0.3976,-1.3035,1.6959,0.2234,-0.02334,3.12982,0.0137,-0.1308,-0.1208,0.0021,0.00000,0.00000,-1.1992,1.4408
1018,40.7200,0.0764,0.0000,0.5000,0.1153,0.0055,0.0233,-0.0355,-0.0884,0.3890,-1.3075,1.6941,0.2229,-0.02537,3.13305,0.0050,-0.1196,-0.1550,0.0592,0.00000,0.00000,-1.2028,1.4374
1019,40.7600,0.0792,0.0000,0.5000,0.1109,0.0022,0.0384,-0.0182,0.0315,0.3558,-1.3117,1.6927,0.2228,-0.02688,3.13365,0.0060,-0.1440,-0.1246,-0.0026,0.00000,0.00000,-1.2063,1.4339
1020,40.8000,0.0821,0.0000,0.5000,0.1078,-0.0093,0.0330,0.0412,0.0637,0.3587,-1.3158,1.6915,0.2229,-0.02413,3.13327,-0.0105,-0.1228,-0.1544,0.0223,0.00000,0.00000,-1.2099,1.4303
1021,40.8400,0.0850,0.0000,0.5000,0.1074,0.0137,0.0281,-0.0735,0.0690,0.3316,-1.3199,1.6900,0.2227,-0.02274,3.13358,0.0238,-0.1382,-0.0985,-0.0184,0.00000,0.00000,-1.2134,1.4267
1022,40.8800,0.0880,0.0000,0.5000,0.1169,0.0124,0.0268,-0.0687,-0.1470,0.3226,-1.3237,1.6879,0.2223,-0.02465,3.13724,0.0226,-0.1163,-0.1139,0.0421,0.00000,0.00000,-1.2170,1.4229
1023,40.9200,0.0910,0.0000,0.5000,0.1081,0.0009,0.0458,-0.0100,0.0498,0.2987,-1.3277,1.6862,0.2224,-0.02573,3.13825,0.0303,-0.1316,-0.1390,0.0051,0.00000,0.00000,-1.2205,1.4191
1024,40.9600,0.0940,0.0000,0.5000,0.1116,-0.0112,0.0402,0.0485,-0.0328,0.3021,-1.3318,1.6848,0.2229,-0.02558,3.13755,-0.0041,-0.1370,-0.1446,0.0136,0.00000,0.00000,-1.2239,1.4152
1025,41.0000,0.0970,0.0000,0.5000,0.1021,-0.0197,0.0488,0.1006,0.1440,0.4812,-1.3360,1.6840,0.2233,-0.02275,3.13369,-0.0087,-0.1571,-0.1724,0.0185,0.00000,0.00000,-1.2274,1.4111
1026,41.0400,0.1002,0.0000,0.5000,0.1078,-0.0001,0.0338,-0.0032,0.0261,0.3482,-1.3400,1.6828,0.2235,-0.02112,3.13181,0.0078,-0.1416,-0.1140,0.0250,0.00000,0.00000,-1.2308,1.4070
1027,41.0800,0.1034,0.0000,0.5000,0.1163,-0.0015,0.0282,0.0007,-0.1512,0.3029,-1.3440,1.6810,0.2233,-0.02400,3.13228,0.0036,-0.1241,-0.1353,0.0455,0.00000,0.00000,-1.2342,1.4028
1028,41.1200,0.1067,0.0000,0.5000,0.0970,0.0053,0.0438,-0.0163,0.2664,0.3842,-1.3478,1.6793,0.2234,-0.02045,3.13202,0.0116,-0.1509,-0.1427,-0.0053,0.00000,0.00000,-1.2376,1.3985
1029,41.1600,0.1101,0.0000,0.5000,0.1092,0.0096,0.0246,-0.0502,0.0221,0.3343,-1.3514,1.6770,0.2233,-0.01565,3.13421,0.0172,-0.1203,-0.1052,0.0434,0.00000,0.00000,-1.2410,1.3941
1030,41.2000,0.1135,0.0000,0.5000,0.1021,-0.0070,0.0297,0.0350,0.2286,0.4139,-1.3552,1.6752,0.2230,-0.00962,3.13367,-0.0072,-0.1359,-0.1524,0.0078,0.00000,0.00000,-1.2444,1.3897
1031,41.2400,0.1171,0.0000,0.5000,0.1154,-0.0016,0.0374,-0.0006,0.0465,0.3195,-1.3592,1.6734,0.2228,-0.00559,3.13268,0.0051,-0.1384,-0.1222,0.0251,0.00000,0.00000,-1.2477,1.3851
1032,41.2800,0.1207,0.0000,0.5000,0.1134,0.0029,0.0373,-0.0238,0.1742,0.4129,-1.3632,1.6712,0.2230,-0.00055,3.13262,-0.0017,-0.1415,-0.1430,-0.0229,0.00000,0.00000,-1.2510,1.3804
1033,41.3200,0.1244,0.0000,0.5000,0.1165,0.0138,0.0267,-0.0683,0.2171,0.3870,-1.3672,1.6686,0.2226,0.00653,3.13394,0.0090,-0.1360,-0.1075,0.0109,0.00000,0.00000,-1.2543,1.3757
1034,41.3600,0.1282,0.0000,0.5000,0.1391,-0.0074,0.0337,0.0253,-0.0857,0.3727,-1.3714,1.6659,0.2223,0.00839,3.13491,-0.0005,-0.1176,-0.1344,0.0592,0.00000,0.00000,-1.2576,1.3709
1035,41.4000,0.1321,0.0000,0.5000,0.1549,-0.0148,0.0643,0.0660,-0.2313,0.3636,-1.3767,1.6634,0.2228,0.00073,3.13183,0.0253,-0.1396,-0.1427,0.0343,0.00000,0.00000,-1.2609,1.3660
1036,41.4400,0.1360,0.0000,0.5000,0.1549,0.0047,0.0450,-0.0290,-0.1403,0.3372,-1.3819,1.6605,0.2236,-0.00697,3.13060,0.0178,-0.1390,-0.1254,-0.0232,0.00000,0.00000,-1.2641,1.3610
1037,41.4800,0.1398,0.0000,0.5000,0.1517,0.0102,0.0139,-0.0587,-0.0433,0.3717,-1.3867,1.6570,0.2232,-0.01005,3.13278,0.0039,-0.1225,-0.1291,0.0177,0.00000,0.00000,-1.2673,1.3559
1038,41.5200,0.1436,0.0000,0.5000,0.1464,0.0032,0.0214,-0.0282,0.1330,0.4514,-1.3915,1.6536,0.2225,-0.00734,3.13436,-0.0056,-0.1317,-0.1433,0.0095,0.00000,0.00000,-1.2705,1.3507
1039,41.5600,0.1475,0.0000,0.5000,0.1647,-0.0119,0.0321,0.0505,-0.1425,0.3855,-1.3967,1.6502,0.2221,-0.00887,3.13395,-0.0140,-0.1247,-0.1291,0.0502,0.00000,0.00000,-1.2737,1.3454
1040,41.6000,0.1514,0.0000,0.5000,0.1552,-0.0074,0.0535,0.0337,0.1402,0.4009,-1.4022,1.6471,0.2225,-0.00832,3.13086,-0.0052,-0.1514,-0.1450,-0.0164,0.00000,0.00000,-1.2769,1.3401
1041,41.6400,0.1554,0.0000,0.5000,0.1710,0.0012,0.0285,-0.0150,-0.1430,0.4101,-1.4074,1.6433,0.2227,-0.00955,3.13110,-0.0082,-0.1292,-0.1294,0.0105,0.00000,0.00000,-1.2800,1.3347
1042,41.6800,0.1594,0.0000,0.5000,0.1753,-0.0084,0.0343,0.0333,-0.1749,0.4901,-1.4129,1.6394,0.2225,-0.01621,3.13029,-0.0037,-0.1339,-0.1521,0.0394,0.00000,0.00000,-1.2831,1.3291
1043,41.7200,0.1635,0.0000,0.5000,0.1640,0.0208,0.0393,-0.1100,0.0936,0.3701,-1.4180,1.6352,0.2226,-0.01772,3.13173,0.0195,-0.1484,-0.1139,-0.0367,0.00000,0.00000,-1.2862,1.3235
1044,41.7600,0.1676,0.0000,0.5000,0.1573,0.0052,0.0239,-0.0352,0.2494,0.4768,-1.4226,1.6306,0.2225,-0.00893,3.13553,-0.0303,-0.1332,-0.1523,0.0110,0.00000,0.00000,-1.2893,1.3178
1045,41.8000,0.1718,0.0000,0.5000,0.1729,0.0043,0.0206,-0.0308,0.0295,0.3584,-1.4276,1.6261,0.2217,-0.00552,3.13690,0.0068,-0.1354,-0.0980,0.0045,0.00000,0.00000,-1.2924,1.3121
1046,41.8400,0.1761,0.0000,0.5000,0.1738,-0.0012,0.0443,-0.0036,0.1113,0.3567,-1.4327,1.6216,0.2217,-0.00214,3.13746,-0.0117,-0.1443,-0.1354,0.0000,0.00000,0.00000,-1.2954,1.3062
1047,41.8800,0.1803,0.0000,0.5000,0.1890,-0.0047,0.0456,0.0148,-0.0794,0.3587,-1.4382,1.6168,0.2220,-0.00272,3.13704,-0.0032,-0.1468,-0.1208,0.0111,0.00000,0.00000,-1.2984,1.3003
1048,41.9200,0.1844,0.0000,0.5000,0.1954,0.0083,0.0389,-0.0483,-0.1207,0.3321,-1.4437,1.6117,0.2222,-0.00751,3.13766,0.0225,-0.1432,-0.1040,-0.0106,0.00000,0.00000,-1.3014,1.2942
1049,41.9600,0.1885,0.0000,0.5000,0.1804,0.0157,0.0435,-0.0873,0.2567,0.4022,-1.4488,1.6062,0.2225,-0.00287,3.14104,0.0219,-0.1483,-0.1302,-0.0120,0.00000,0.00000,-1.3044,1.2881
1050,42.0000,0.1925,0.0000,0.5000,0.2004,-0.0142,0.0206,0.0586,-0.0475,0.4374,-1.4541,1.6007,0.2222,0.00068,-3.14091,-0.0245,-0.1292,-0.1403,0.0311,0.00000,0.00000,-1.3073,1.2819
1051,42.0400,0.1966,0.0000,0.5000,0.2072,-0.0186,0.0432,0.0864,-0.0459,0.4037,-1.4604,1.5956,0.2220,-0.00226,3.13673,0.0008,-0.1492,-0.1281,0.0079,0.00000,0.00000,-1.3103,1.2757
1052,42.0800,0.2008,0.0000,0.5000,0.2183,-0.0006,0.0448,-0.0043,-0.1813,0.4019,-1.4665,1.5898,0.2224,-0.00764,3.13471,0.0056,-0.1389,-0.1118,-0.0020,0.00000,0.00000,-1.3132,1.2693
1053,42.1200,0.2049,0.0000,0.5000,0.2060,0.0043,0.0306,-0.0308,0.1241,0.4831,-1.4721,1.5837,0.2225,-0.00718,3.13518,-0.0037,-0.1413,-0.1470,-0.0232,0.00000,0.00000,-1.3161,1.2629
1054,42.1600,0.2090,0.0000,0.5000,0.2154,0.0105,0.0254,-0.0611,0.0203,0.3422,-1.4774,1.5771,0.2220,-0.00522,3.13840,-0.0013,-0.1423,-0.1140,0.0187,0.00000,0.00000,-1.3189,1.2564
1055,42.2000,0.2131,0.0000,0.5000,0.2288,-0.0073,0.0430,0.0282,-0.1422,0.3779,-1.4830,1.5704,0.2220,-0.00805,3.13943,0.0067,-0.1322,-0.1230,0.0356,0.00000,0.00000,-1.3218,1.2498
1056,42.2400,0.2171,0.0000,0.5000,0.2274,-0.0077,0.0398,0.0327,-0.0295,0.3837,-1.4892,1.5638,0.2223,-0.01153,3.13654,0.0032,-0.1434,-0.1213,-0.0215,0.00000,0.00000,-1.3246,1.2431
1057,42.2800,0.2211,0.0000,0.5000,0.2352,0.0026,0.0324,-0.0190,-0.1539,0.3749,-1.4949,1.5568,0.2224,-0.01586,3.13664,0.0124,-0.1350,-0.1133,0.0215,0.00000,0.00000,-1.3274,1.2363
1058,42.3200,0.2251,0.0000,0.5000,0.2204,0.0023,0.0299,-0.0190,0.1940,0.4547,-1.5005,1.5497,0.2223,-0.01344,3.13729,-0.0140,-0.1512,-0.1403,-0.0266,0.00000,0.00000,-1.3302,1.2295
1059,42.3600,0.2290,0.0000,0.5000,0.2281,0.0062,0.0236,-0.0384,0.1012,0.3721,-1.5057,1.5423,0.2219,-0.00824,3.13967,-0.0018,-0.1369,-0.0986,0.0222,0.00000,0.00000,-1.3330,1.2226
1060,42.4000,0.2330,0.0000,0.5000,0.2377,0.0038,0.0318,-0.0320,0.0054,0.2858,-1.5110,1.5347,0.2215,-0.00642,-3.14128,0.0138,-0.1286,-0.1007,0.0028,0.00000,0.00000,-1.3357,1.2156
1061,42.4400,0.2368,0.0000,0.5000,0.2504,-0.0086,0.0438,0.0297,-0.1432,0.3339,-1.5166,1.5269,0.2217,-0.00988,-3.14154,-0.0101,-0.1526,-0.1235,0.0132,0.00000,0.00000,-1.3384,1.2085
1062,42.4800,0.2406,0.0000,0.5000,0.2515,-0.0090,0.0500,0.0393,-0.0881,0.3855,-1.5226,1.5190,0.2223,-0.01443,3.13836,0.0089,-0.1532,-0.1289,0.0019,0.00000,0.00000,-1.3411,1.2014
1063,42.5200,0.2443,0.0000,0.5000,0.2497,0.0108,0.0140,-0.0577,-0.0155,0.3479,-1.5282,1.5108,0.2222,-0.01698,3.13913,0.0005,-0.1362,-0.0739,-0.0282,0.00000,0.00000,-1.3438,1.1942
1064,42.5600,0.2479,0.0000,0.5000,0.2498,0.0023,0.0069,-0.0179,0.0146,0.3821,-1.5332,1.5023,0.2211,-0.01612,-3.14063,-0.0183,-0.1221,-0.1073,0.0256,0.00000,0.00000,-1.3465,1.1869
1065,42.6000,0.2515,0.0000,0.4983,0.2500,-0.0089,0.0367,0.0402,0.1232,0.4313,-1.5387,1.4940,0.2207,-0.01331,3.14132,-0.0292,-0.1540,-0.1133,0.0077,0.00000,0.00000,-1.3491,1.1795
1066,42.6400,0.2551,0.0000,0.4947,0.2570,0.0002,0.0443,-0.0051,0.0766,0.2924,-1.5441,1.4854,0.2210,-0.00973,3.14012,0.0110,-0.1291,-0.0783,0.0099,0.00000,0.00000,-1.3517,1.1720
1067,42.6800,0.2586,0.0000,0.4901,0.2732,-0.0014,0.0412,0.0018,-0.1633,0.3485,-1.5494,1.4763,0.2214,-0.01231,3.14084,0.0093,-0.1361,-0.1046,0.0133,0.00000,0.00000,-1.3543,1.1645
1068,42.7200,0.2621,0.0000,0.4846,0.2661,-0.0163,0.0340,0.0731,0.0624,0.3492,-1.5551,1.4673,0.2215,-0.01319,3.13644,-0.0103,-0.1250,-0.1247,0.0113,0.00000,0.00000,-1.3569,1.1569
1069,42.7600,0.2654,0.0000,0.4781,0.2848,-0.0071,0.0213,0.0308,-0.2619,0.4369,-1.5608,1.4580,0.2213,-0.01915,3.13269,-0.0129,-0.1321,-0.0929,0.0025,0.00000,0.00000,-1.3594,1.1492
1070,42.8000,0.2688,0.0000,0.4706,0.2859,-0.0085,0.0235,0.0401,-0.2623,0.3838,-1.5663,1.4484,0.2209,-0.02944,3.12959,-0.0038,-0.1116,-0.1115,0.0327,0.00000,0.00000,-1.3619,1.1415
1071,42.8400,0.2721,0.0000,0.4619,0.2694,0.0023,0.0396,-0.0136,0.0820,0.4213,-1.5714,1.4388,0.2211,-0.03171,3.12804,-0.0101,-0.1397,-0.1251,-0.0245,0.00000,0.00000,-1.3644,1.1337
1072,42.8800,0.2754,0.0000,0.4523,0.2599,0.0198,0.0266,-0.1039,0.2679,0.4132,-1.5756,1.4290,0.2213,-0.02451,3.13425,-0.0325,-0.1691,-0.1064,-0.0276,0.00000,0.00000,-1.3669,1.1258
1073,42.9200,0.2788,0.0000,0.4418,0.2669,0.0054,0.0166,-0.0392,0.1688,0.3414,-1.5794,1.4191,0.2207,-0.01587,-3.14144,-0.0280,-0.1365,-0.0881,0.0382,0.00000,0.00000,-1.3694,1.1178
1074,42.9600,0.2821,0.0000,0.4308,0.2855,-0.0187,0.0185,0.0879,-0.1109,0.3676,-1.5842,1.4092,0.2201,-0.01546,3.13847,-0.0232,-0.1108,-0.0953,0.0046,0.00000,0.00000,-1.3718,1.1097
1075,43.0000,0.2854,0.0000,0.4194,0.2858,-0.0041,0.0498,0.0180,-0.0177,0.3160,-1.5893,1.3991,0.2202,-0.01875,3.13186,-0.0068,-0.1505,-0.0975,-0.0083,0.00000,0.00000,-1.3742,1.1016
1076,43.0400,0.2885,0.0000,0.4077,0.2949,0.0068,0.0385,-0.0370,-0.1650,0.2521,-1.5935,1.3884,0.2208,-0.02255,3.13452,0.0139,-0.1113,-0.0794,0.0114,0.00000,0.00000,-1.3766,1.0935
1077,43.0800,0.2916,0.0000,0.3963,0.2916,-0.0115,0.0279,0.0546,-0.0696,0.3359,-1.5979,1.3778,0.2209,-0.02642,3.13283,-0.0096,-0.1184,-0.1231,0.0192,0.00000,0.00000,-1.3790,1.0852
1078,43.1200,0.2945,0.0000,0.3848,0.2809,-0.0115,0.0288,0.0556,0.1719,0.4542,-1.6026,1.3674,0.2209,-0.02380,3.12556,-0.0380,-0.1443,-0.1227,-0.0149,0.00000,0.00000,-1.3814,1.0769
1079,43.1600,0.2974,0.0000,0.3726,0.2902,0.0110,0.0212,-0.0579,0.0020,0.3278,-1.6065,1.3567,0.2205,-0.02166,3.12716,-0.0084,-0.1294,-0.0757,0.0091,0.00000,0.00000,-1.3837,1.0685
1080,43.2000,0.3003,0.0000,0.3601,0.2853,0.0178,0.0320,-0.0923,0.1589,0.2559,-1.6097,1.3456,0.2203,-0.01766,3.13635,-0.0011,-0.1322,-0.0879,-0.0099,0.00000,0.00000,-1.3860,1.0601
1081,43.2400,0.3031,0.0000,0.3477,0.2860,-0.0021,0.0235,0.0059,0.2221,0.2972,-1.6130,1.3346,0.2201,-0.00915,-3.14152,-0.0354,-0.1251,-0.1060,-0.0139,0.00000,0.00000,-1.3883,1.0515
1082,43.2800,0.3059,0.0000,0.3354,0.2997,-0.0108,0.0310,0.0505,0.0662,0.2107,-1.6170,1.3234,0.2197,-0.00453,3.13712,-0.0054,-0.1113,-0.0796,0.0265,0.00000,0.00000,-1.3905,1.0429
1083,43.3200,0.3085,0.0000,0.3236,0.3105,-0.0091,0.0510,0.0408,-0.0220,0.2540,-1.6210,1.3120,0.2200,-0.00390,3.13033,-0.0002,-0.1207,-0.1069,-0.0084,0.00000,0.00000,-1.3928,1.0343
1084,43.3600,0.3109,0.0000,0.3121,0.3116,0.0091,0.0467,-0.0487,0.0659,0.1688,-1.6247,1.3001,0.2205,-0.00344,3.13003,0.0238,-0.1190,-0.0723,-0.0029,0.00000,0.00000,-1.3950,1.0256
1085,43.4000,0.3132,0.0000,0.3012,0.3211,-0.0168,0.0464,0.0767,-0.0228,0.3656,-1.6283,1.2881,0.2211,-0.00174,3.12825,-0.0216,-0.1259,-0.1493,0.0474,0.00000,0.00000,-1.3972,1.0168
1086,43.4400,0.3154,0.0000,0.2901,0.3318,-0.0014,0.0339,0.0030,-0.1139,0.2451,-1.6323,1.2756,0.2211,-0.00643,3.11912,0.0154,-0.1269,-0.0806,-0.0185,0.00000,0.00000,-1.3994,1.0079
1087,43.4800,0.3175,0.0000,0.2790,0.3231,0.0126,0.0247,-0.0689,0.1324,0.3301,-1.6354,1.2630,0.2209,-0.00483,3.12366,-0.0258,-0.1352,-0.1096,-0.0342,0.00000,0.00000,-1.4015,0.9990
1088,43.5200,0.3195,0.0000,0.2679,0.3438,-0.0061,0.0153,0.0233,-0.1847,0.3464,-1.6384,1.2501,0.2202,-0.00681,3.12834,-0.0215,-0.1049,-0.1009,0.0470,0.00000,0.00000,-1.4036,0.9900
1089,43.5600,0.3215,0.0000,0.2564,0.3331,-0.0053,0.0426,0.0231,0.1576,0.2111,-1.6420,1.2371,0.2199,-0.00623,3.11906,0.0056,-0.1079,-0.1069,-0.0263,0.00000,0.00000,-1.4057,0.9810
1090,43.6000,0.3233,0.0000,0.2449,0.3368,0.0021,0.0522,-0.0148,0.1957,0.1852,-1.6450,1.2239,0.2205,0.00080,3.11915,-0.0168,-0.1295,-0.1008,0.0101,0.00000,0.00000,-1.4078,0.9718
1091,43.6400,0.3250,0.0000,0.2340,0.3585,0.0104,0.0362,-0.0567,-0.1282,0.1942,-1.6477,1.2102,0.2207,0.00037,3.12592,0.0227,-0.1216,-0.0781,-0.0033,0.00000,0.00000,-1.4099,0.9627
1092,43.6800,0.3265,0.0000,0.2237,0.3702,-0.0217,0.0405,0.1034,-0.2416,0.2231,-1.6509,1.1963,0.2208,-0.00671,3.11930,-0.0087,-0.1045,-0.1367,0.0642,0.00000,0.00000,-1.4119,0.9534
1093,43.7200,0.3279,0.0000,0.2135,0.3588,0.0037,0.0474,-0.0214,0.0926,0.1740,-1.6544,1.1822,0.2213,-0.00955,3.10463,0.0173,-0.1361,-0.1062,-0.0692,0.00000,0.00000,-1.4139,0.9441
1094,43.7600,0.3291,0.0000,0.2038,0.3596,0.0101,0.0216,-0.0556,0.1163,0.2432,-1.6567,1.1680,0.2213,-0.00477,3.11536,-0.0267,-0.1240,-0.1138,0.0075,0.00000,0.00000,-1.4159,0.9348
1095,43.8000,0.3301,0.0000,0.1943,0.3824,-0.0027,0.0251,0.0093,-0.2425,0.1681,-1.6591,1.1534,0.2206,-0.00890,3.11926,0.0203,-0.1011,-0.0962,0.0544,0.00000,0.00000,-1.4179,0.9254
1096,43.8400,0.3311,0.0000,0.1850,0.3827,-0.0081,0.0455,0.0373,-0.1458,0.1584,-1.6621,1.1386,0.2209,-0.01649,3.10909,0.0016,-0.1220,-0.1149,-0.0151,0.00000,0.00000,-1.4198,0.9159
1097,43.8800,0.3319,0.0000,0.1761,0.3627,0.0003,0.0446,-0.0043,0.2953,0.1735,-1.6649,1.1240,0.2215,-0.01173,3.10097,0.0053,-0.1202,-0.1139,-0.0058,0.00000,0.00000,-1.4218,0.9064
1098,43.9200,0.3325,0.0000,0.1677,0.3789,0.0015,0.0215,-0.0123,0.0084,0.1986,-1.6671,1.1092,0.2214,-0.00663,3.10467,0.0005,-0.1094,-0.1063,0.0231,0.00000,0.00000,-1.4237,0.8968
1099,43.9600,0.3330,0.0000,0.1594,0.3824,0.0129,0.0308,-0.0677,0.0336,0.1522,-1.6692,1.0941,0.2209,-0.00681,3.11065,0.0127,-0.1364,-0.0886,-0.0122,0.00000,0.00000,-1.4255,0.8871
1100,44.0000,0.3335,0.0000,0.1514,0.3913,-0.0044,0.0466,0.0159,-0.0628,0.2483,-1.6711,1.0789,0.2213,-0.00663,3.11745,-0.0027,-0.1267,-0.1442,0.0225,0.00000,0.00000,-1.4274,0.8774
1101,44.0400,0.3338,0.0000,0.1433,0.3966,-0.0122,0.0336,0.0568,-0.0686,0.1864,-1.6737,1.0634,0.2214,-0.01016,3.09925,0.0061,-0.1151,-0.0951,0.0039,0.00000,0.00000,-1.4292,0.8677
1102,44.0800,0.3340,0.0000,0.1353,0.4037,0.0122,0.0490,-0.0630,-0.1714,0.1238,-1.6757,1.0477,0.2218,-0.01566,3.09882,0.0499,-0.1292,-0.1058,0.0182,0.00000,0.00000,-1.4310,0.8578
1103,44.1200,0.3341,0.0000,0.1275,0.3928,0.0192,0.0120,-0.0983,0.0669,0.0883,-1.6770,1.0319,0.2218,-0.01656,3.12295,0.0212,-0.0988,-0.0821,-0.0496,0.00000,0.00000,-1.4328,0.8480
1104,44.1600,0.3341,0.0000,0.1205,0.3935,-0.0066,0.0039,0.0291,0.0773,0.1510,-1.6785,1.0162,0.2207,-0.01302,3.13335,-0.0136,-0.1001,-0.1193,0.0326,0.00000,0.00000,-1.4346,0.8380
1105,44.2000,0.3339,0.0000,0.1138,0.3981,-0.0101,0.0338,0.0471,0.0775,0.1596,-1.6808,1.0005,0.2202,-0.01056,3.11381,-0.0010,-0.1194,-0.0977,-0.0113,0.00000,0.00000,-1.4363,0.8281
1106,44.2400,0.3337,0.0000,0.1072,0.4058,0.0012,0.0554,-0.0079,-0.0105,0.0679,-1.6826,0.9845,0.2208,-0.00976,3.10592,0.0223,-0.1232,-0.0984,0.0185,0.00000,0.00000,-1.4380,0.8180
1107,44.2800,0.3334,0.0000,0.1010,0.4092,0.0115,0.0473,-0.0598,-0.0302,0.0801,-1.6840,0.9683,0.2216,-0.01061,3.11740,0.0350,-0.1291,-0.1103,-0.0317,0.00000,0.00000,-1.4397,0.8079
1108,44.3200,0.3329,0.0000,0.0954,0.4131,0.0069,0.0272,-0.0371,-0.0730,0.1017,-1.6852,0.9520,0.2217,-0.01299,3.13657,0.0285,-0.1168,-0.0947,0.0186,0.00000,0.00000,-1.4414,0.7978
1109,44.3600,0.3323,0.0000,0.0902,0.4119,-0.0128,0.0186,0.0587,-0.0116,0.2411,-1.6869,0.9357,0.2213,-0.01390,3.12618,-0.0066,-0.1155,-0.1292,-0.0099,0.00000,0.00000,-1.4431,0.7876
1110,44.4000,0.3317,0.0000,0.0848,0.4226,-0.0019,0.0252,0.0081,-0.1923,0.0719,-1.6887,0.9192,0.2208,-0.01941,3.10727,0.0297,-0.1053,-0.0876,0.0154,0.00000,0.00000,-1.4447,0.7774
1111,44.4400,0.3310,0.0000,0.0794,0.4230,-0.0049,0.0472,0.0211,-0.1912,0.1783,-1.6901,0.9026,0.2214,-0.02643,3.09831,0.0290,-0.1133,-0.1273,0.0116,0.00000,0.00000,-1.4463,0.7671
1112,44.4800,0.3302,0.0000,0.0741,0.4141,0.0028,0.0224,-0.0164,-0.0935,0.1368,-1.6915,0.8861,0.2217,-0.03232,3.08527,0.0146,-0.1061,-0.1028,-0.0294,0.00000,0.00000,-1.4479,0.7568
1113,44.5200,0.3294,0.0000,0.0688,0.4034,0.0210,0.0347,-0.1073,-0.0395,0.1371,-1.6920,0.8699,0.2219,-0.03461,3.12341,0.0158,-0.1262,-0.1188,0.0013,0.00000,0.00000,-1.4494,0.7464
1114,44.5600,0.3286,0.0000,0.0636,0.3940,0.0131,0.0256,-0.0669,0.0193,0.0216,-1.6922,0.8540,0.2221,-0.03428,-3.10467,0.0184,-0.0866,-0.0898,0.0153,0.00000,0.00000,-1.4510,0.7359
1115,44.6000,0.3277,0.0000,0.0588,0.3797,-0.0060,0.0298,0.0265,0.1915,0.2097,-1.6931,0.8385,0.2223,-0.02905,-3.09444,-0.0272,-0.1248,-0.1375,-0.0181,0.00000,0.00000,-1.4525,0.7255
1116,44.6400,0.3268,0.0000,0.0540,0.3761,0.0133,0.0388,-0.0676,0.1541,0.0106,-1.6938,0.8233,0.2224,-0.02305,-3.07629,0.0264,-0.1082,-0.0796,0.0144,0.00000,0.00000,-1.4540,0.7149
1117,44.6800,0.3259,0.0000,0.0495,0.3849,0.0109,0.0386,-0.0563,-0.1090,-0.0021,-1.6939,0.8082,0.2229,-0.02243,-3.01997,0.0109,-0.0964,-0.1054,0.0059,0.00000,0.00000,-1.4554,0.7044
1118,44.7200,0.3250,0.0000,0.0458,0.3791,0.0188,0.0434,-0.0956,-0.0648,-0.0079,-1.6940,0.7929,0.2234,-0.02658,-2.97101,0.0345,-0.1245,-0.0903,-0.0143,0.00000,0.00000,-1.4569,0.6937
1119,44.7600,0.3241,0.0000,0.0427,0.3807,-0.0026,0.0271,0.0107,-0.1394,0.0800,-1.6944,0.7779,0.2238,-0.02991,-2.92873,0.0103,-0.1071,-0.1225,0.0293,0.00000,0.00000,-1.4583,0.6831
1120,44.8000,0.3232,0.0000,0.0400,0.3774,-0.0141,0.0159,0.0691,-0.1066,0.0403,-1.6956,0.7630,0.2235,-0.03487,-2.96457,0.0226,-0.0888,-0.1008,0.0104,0.00000,0.00000,-1.4597,0.6724
1121,44.8400,0.3223,0.0000,0.0376,0.3750,0.0110,0.0334,-0.0561,-0.1360,0.0885,-1.6963,0.7481,0.2237,-0.04038,-2.95334,0.0398,-0.1253,-0.0987,-0.0078,0.00000,0.00000,-1.4610,0.6616
1122,44.8800,0.3214,0.0000,0.0352,0.3632,0.0040,0.0137,-0.0211,-0.0051,0.0135,-1.6966,0.7335,0.2237,-0.04175,-2.90745,0.0160,-0.0896,-0.1098,0.0078,0.00000,0.00000,-1.4624,0.6508
1123,44.9200,0.3205,0.0000,0.0330,0.3545,-0.0040,0.0047,0.0190,0.1007,0.0612,-1.6972,0.7191,0.2231,-0.03991,-2.90348,-0.0036,-0.1025,-0.0797,0.0025,0.00000,0.00000,-1.4637,0.6400
1124,44.9600,0.3197,0.0000,0.0312,0.3619,-0.0008,0.0122,0.0034,-0.1298,-0.0450,-1.6978,0.7048,0.2224,-0.04134,-2.90526,0.0151,-0.0932,-0.0793,0.0260,0.00000,0.00000,-1.4650,0.6291
1125,45.0000,0.3189,0.0000,0.0298,0.3539,0.0155,0.0393,-0.0791,-0.0336,-0.1061,-1.6981,0.6906,0.2227,-0.04479,-2.89499,0.0350,-0.1225,-0.0678,-0.0079,0.00000,0.00000,-1.4663,0.6182
1126,45.0400,0.3181,0.0000,0.0292,0.3387,0.0023,0.0124,-0.0135,0.1700,0.0621,-1.6983,0.6768,0.2229,-0.04041,-2.86015,-0.0242,-0.1155,-0.0940,-0.0226,0.00000,0.00000,-1.4675,0.6073
1127,45.0800,0.3173,0.0000,0.0290,0.3396,-0.0069,0.0074,0.0337,0.0903,0.1358,-1.6990,0.6631,0.2222,-0.03571,-2.83600,-0.0161,-0.1212,-0.0913,0.0208,0.00000,0.00000,-1.4688,0.5963
1128,45.1200,0.3167,0.0000,0.0284,0.3345,0.0045,0.0341,-0.0233,0.1887,-0.0064,-1.6995,0.6496,0.2220,-0.02980,-2.82220,0.0188,-0.1061,-0.0721,0.0012,0.00000,0.00000,-1.4700,0.5852
1129,45.1600,0.3161,0.0000,0.0278,0.3391,-0.0062,0.0319,0.0297,0.1130,-0.0039,-1.6999,0.6360,0.2223,-0.02363,-2.81757,-0.0199,-0.1106,-0.0951,-0.0002,0.00000,0.00000,-1.4712,0.5742
1130,45.2000,0.3155,0.0000,0.0275,0.3427,-0.0054,0.0287,0.0254,0.0709,0.0333,-1.7007,0.6223,0.2223,-0.02078,-2.84751,0.0018,-0.1155,-0.0757,-0.0030,0.00000,0.00000,-1.4723,0.5631
1131,45.2400,0.3150,0.0000,0.0274,0.3475,0.0011,0.0283,-0.0078,-0.0051,0.1018,-1.7012,0.6086,0.2222,-0.01966,-2.82297,-0.0000,-0.1124,-0.0860,-0.0042,0.00000,0.00000,-1.4735,0.5519
1132,45.2800,0.3145,0.0000,0.0272,0.3433,0.0188,0.0314,-0.0957,0.1188,-0.0181,-1.7012,0.5947,0.2221,-0.01741,-2.74561,0.0273,-0.1117,-0.0592,-0.0147,0.00000,0.00000,-1.4746,0.5407
1133,45.3200,0.3140,0.0000,0.0269,0.3625,-0.0142,0.0415,0.0683,-0.2105,0.1125,-1.7013,0.5807,0.2224,-0.01910,-2.67042,-0.0035,-0.1075,-0.1309,0.0497,0.00000,0.00000,-1.4757,0.5295
1134,45.3600,0.3136,0.0000,0.0265,0.3643,-0.0197,0.0363,0.0974,-0.1808,-0.0207,-1.7026,0.5664,0.2228,-0.02780,-2.79347,0.0259,-0.0974,-0.0789,-0.0072,0.00000,0.00000,-1.4767,0.5183
1135,45.4000,0.3131,0.0000,0.0262,0.3551,-0.0082,0.0331,0.0401,-0.0322,0.0313,-1.7036,0.5521,0.2232,-0.03123,-2.88760,-0.0019,-0.1043,-0.1024,0.0137,0.00000,0.00000,-1.4778,0.5070
1136,45.4400,0.3127,0.0000,0.0261,0.3447,0.0040,0.0114,-0.0213,0.1372,0.1036,-1.7040,0.5381,0.2230,-0.02855,-2.86662,-0.0215,-0.1154,-0.1001,-0.0218,0.00000,0.00000,-1.4788,0.4957
1137,45.4800,0.3122,0.0000,0.0258,0.3449,0.0178,0.0255,-0.0908,0.1331,0.0156,-1.7037,0.5242,0.2225,-0.02348,-2.70423,0.0165,-0.1119,-0.0716,0.0380,0.00000,0.00000,-1.4798,0.4844
1138,45.5200,0.3118,0.0000,0.0255,0.3493,0.0033,0.0248,-0.0189,0.0929,0.0577,-1.7034,0.5103,0.2224,-0.01855,-2.56559,-0.0044,-0.0996,-0.0786,-0.0060,0.00000,0.00000,-1.4807,0.4730
1139,45.5600,0.3114,0.0000,0.0252,0.3520,-0.0136,0.0302,0.0666,0.1080,0.0633,-1.7039,0.4962,0.2222,-0.01467,-2.52064,-0.0164,-0.1116,-0.0963,0.0208,0.00000,0.00000,-1.4817,0.4616
1140,45.6000,0.3110,0.0000,0.0247,0.3667,-0.0032,0.0373,0.0139,-0.1254,0.0838,-1.7044,0.4819,0.2223,-0.01625,-2.48138,0.0091,-0.1089,-0.0806,-0.0080,0.00000,0.00000,-1.4826,0.4502
1141,45.6400,0.3106,0.0000,0.0241,0.3685,0.0015,0.0329,-0.0087,-0.1337,0.0401,-1.7046,0.4673,0.2225,-0.02123,-2.33285,0.0224,-0.0895,-0.0907,0.0093,0.00000,0.00000,-1.4835,0.4387
1142,45.6800,0.3101,0.0000,0.0234,0.3715,0.0138,0.0405,-0.0700,-0.1806,-0.0518,-1.7043,0.4527,0.2228,-0.02794,-2.23983,0.0508,-0.0994,-0.0800,0.0162,0.00000,0.00000,-1.4844,0.4272
1143,45.7200,0.3097,0.0000,0.0231,0.3559,0.0037,0.0369,-0.0200,0.1374,-0.0113,-1.7040,0.4382,0.2233,-0.02735,-2.21449,0.0054,-0.1178,-0.0986,0.0074,0.00000,0.00000,-1.4852,0.4157
1144,45.7600,0.3091,0.0000,0.0232,0.3507,0.0025,0.0173,-0.0137,0.2289,0.0372,-1.7040,0.4240,0.2232,-0.01961,-2.15561,0.0063,-0.1089,-0.0848,-0.0102,0.00000,0.00000,-1.4861,0.4041
1145,45.8000,0.3086,0.0000,0.0234,0.3616,-0.0196,0.0199,0.0956,0.0505,0.1285,-1.7044,0.4097,0.2227,-0.01428,-1.87423,-0.0231,-0.1037,-0.1154,0.0449,0.00000,0.00000,-1.4869,0.3926
1146,45.8400,0.3081,0.0000,0.0232,0.3640,-0.0093,0.0424,0.0449,0.0857,0.1149,-1.7052,0.3951,0.2227,-0.01211,-1.19566,0.0000,-0.1233,-0.1043,-0.0216,0.00000,0.00000,-1.4877,0.3810
1147,45.8800,0.3076,0.0000,0.0226,0.3660,0.0108,0.0316,-0.0553,0.0882,-0.0008,-1.7050,0.3804,0.2228,-0.00873,-1.02621,0.0093,-0.0973,-0.0762,-0.0082,0.00000,0.00000,-1.4884,0.3694
1148,45.9200,0.3070,0.0000,0.0220,0.3716,-0.0065,0.0347,0.0287,0.0630,0.1360,-1.7047,0.3657,0.2228,-0.00527,-0.73737,-0.0201,-0.1168,-0.1269,0.0254,0.00000,0.00000,-1.4891,0.3577
1149,45.9600,0.3065,0.0000,0.0212,0.3785,0.0080,0.0351,-0.0411,0.0347,-0.0032,-1.7046,0.3506,0.2227,-0.00458,-0.61154,0.0215,-0.1094,-0.0622,-0.0086,0.00000,0.00000,-1.4898,0.3460
1150,46.0000,0.3059,0.0000,0.0204,0.3995,0.0051,0.0334,-0.0268,-0.3107,-0.0127,-1.7040,0.3352,0.2227,-0.01085,-0.72099,0.0135,-0.0987,-0.0947,0.0232,0.00000,0.00000,-1.4905,0.3344
1151,46.0400,0.3052,0.0000,0.0199,0.3943,-0.0188,0.0402,0.0913,-0.1311,0.0997,-1.7043,0.3196,0.2230,-0.01838,-0.49432,0.0102,-0.0937,-0.1352,0.0039,0.00000,0.00000,-1.4912,0.3227
1152,46.0800,0.3044,0.0000,0.0194,0.3969,-0.0047,0.0417,0.0227,-0.1688,-0.0128,-1.7045,0.3039,0.2235,-0.02514,-0.29640,0.0268,-0.1045,-0.1071,0.0196,0.00000,0.00000,-1.4918,0.3109
1153,46.1200,0.3036,0.0000,0.0189,0.3802,0.0035,0.0178,-0.0200,0.1294,0.1243,-1.7044,0.2884,0.2237,-0.02424,-0.24531,-0.0054,-0.0982,-0.1200,-0.0464,0.00000,0.00000,-1.4924,0.2992
1154,46.1600,0.3028,0.0000,0.0184,0.3892,0.0214,0.0122,-0.1086,-0.0899,0.0657,-1.7034,0.2730,0.2229,-0.02506,-0.33302,0.0319,-0.1045,-0.0778,0.0303,0.00000,0.00000,-1.4930,0.2874
1155,46.2000,0.3019,0.0000,0.0176,0.3722,0.0185,0.0275,-0.0945,0.2598,-0.0263,-1.7022,0.2578,0.2226,-0.01973,-0.45756,0.0178,-0.1009,-0.0991,-0.0349,0.00000,0.00000,-1.4936,0.2756
1156,46.2400,0.3010,0.0000,0.0169,0.3866,-0.0109,0.0320,0.0534,0.0179,-0.0127,-1.7015,0.2425,0.2226,-0.01482,-0.49652,-0.0166,-0.1119,-0.1150,0.0299,0.00000,0.00000,-1.4941,0.2638
1157,46.2800,0.3000,0.0000,0.0166,0.3972,0.0026,0.0527,-0.0147,-0.1422,0.0005,-1.7014,0.2269,0.2231,-0.01919,-0.44716,0.0467,-0.1384,-0.0847,-0.0253,0.00000,0.00000,-1.4947,0.2520
1158,46.3200,0.2990,0.0000,0.0166,0.3991,-0.0060,0.0301,0.0296,-0.2072,-0.0603,-1.7011,0.2112,0.2237,-0.02528,-0.46784,0.0268,-0.0824,-0.1110,0.0226,0.00000,0.00000,-1.4952,0.2402
1159,46.3600,0.2979,0.0000,0.0170,0.3920,0.0181,0.0233,-0.0916,-0.0979,-0.0276,-1.7005,0.1955,0.2236,-0.03217,-0.52179,0.0510,-0.1250,-0.0807,-0.0476,0.00000,0.00000,-1.4956,0.2283
1160,46.4000,0.2968,0.0000,0.0179,0.3886,-0.0094,0.0278,0.0446,-0.1008,0.1022,-1.6999,0.1801,0.2237,-0.03444,-0.51765,0.0054,-0.1065,-0.1491,0.0608,0.00000,0.00000,-1.4961,0.2164
1161,46.4400,0.2956,0.0000,0.0184,0.3882,-0.0047,0.0202,0.0218,-0.1372,0.0367,-1.7000,0.1647,0.2237,-0.04030,-0.40497,0.0368,-0.1141,-0.0922,-0.0389,0.00000,0.00000,-1.4965,0.2046
1162,46.4800,0.2944,0.0000,0.0188,0.3710,0.0000,0.0148,-0.0010,0.0883,0.0119,-1.6997,0.1496,0.2235,-0.03975,-0.37658,0.0198,-0.0895,-0.1044,0.0040,0.00000,0.00000,-1.4969,0.1927
1163,46.5200,0.2932,0.0000,0.0193,0.3715,0.0146,0.0185,-0.0741,-0.0055,-0.0089,-1.6989,0.1347,0.2233,-0.03907,-0.42138,0.0225,-0.1276,-0.0903,-0.0145,0.00000,0.00000,-1.4973,0.1807
1164,46.5600,0.2921,0.0000,0.0198,0.3711,-0.0029,0.0269,0.0128,-0.0727,0.0317,-1.6981,0.1200,0.2233,-0.04017,-0.44475,0.0048,-0.1233,-0.1252,0.0151,0.00000,0.00000,-1.4976,0.1688
1165,46.6000,0.2909,0.0000,0.0204,0.3672,-0.0014,0.0221,0.0053,-0.0757,0.0320,-1.6979,0.1053,0.2234,-0.04359,-0.40427,0.0242,-0.1217,-0.0957,-0.0354,0.00000,0.00000,-1.4979,0.1569
1166,46.6400,0.2898,0.0000,0.0209,0.3516,0.0100,0.0149,-0.0507,0.1208,-0.0638,-1.6972,0.0910,0.2232,-0.04184,-0.43372,0.0242,-0.1072,-0.0875,-0.0139,0.00000,0.00000,-1.4982,0.1450
1167,46.6800,0.2887,0.0000,0.0218,0.3412,0.0066,0.0232,-0.0343,0.2619,-0.0211,-1.6964,0.0771,0.2231,-0.03336,-0.49877,0.0044,-0.1237,-0.1015,-0.0070,0.00000,0.00000,-1.4985,0.1330
1168,46.7200,0.2876,0.0000,0.0230,0.3396,-0.0028,0.0332,0.0128,0.2771,-0.0306,-1.6959,0.0633,0.2231,-0.02239,-0.51765,0.0167,-0.1196,-0.1010,0.0023,0.00000,0.00000,-1.4988,0.1211
1169,46.7600,0.2865,0.0000,0.0244,0.3506,-0.0074,0.0304,0.0354,0.0696,-0.0028,-1.6957,0.0493,0.2232,-0.01645,-0.49511,0.0105,-0.1198,-0.1011,-0.0222,0.00000,0.00000,-1.4990,0.1091
1170,46.8000,0.2855,0.0000,0.0259,0.3522,-0.0141,0.0310,0.0687,0.0659,0.0576,-1.6958,0.0352,0.2231,-0.01379,-0.40337,0.0052,-0.1123,-0.1098,-0.0013,0.00000,0.00000,-1.4992,0.0971
1171,46.8400,0.2845,0.0000,0.0274,0.3664,-0.0125,0.0583,0.0613,-0.1764,0.0072,-1.6959,0.0209,0.2237,-0.01690,-0.30930,0.0434,-0.1132,-0.1255,0.0560,0.00000,0.00000,-1.4994,0.0851
1172,46.8800,0.2835,0.0000,0.0286,0.3488,0.0077,0.0456,-0.0401,0.2052,0.0298,-1.6957,0.0066,0.2247,-0.01532,-0.27103,0.0232,-0.1362,-0.1174,-0.0779,0.00000,0.00000,-1.4996,0.0732
1173,46.9200,0.2825,0.0000,0.0299,0.3549,-0.0003,0.0170,-0.0002,0.0760,0.0332,-1.6949,-0.0075,0.2245,-0.00961,-0.30257,0.0047,-0.1052,-0.1179,0.0561,0.00000,0.00000,-1.4997,0.0612
1174,46.9600,0.2816,0.0000,0.0311,0.3567,0.0038,0.0291,-0.0206,0.1190,0.0593,-1.6944,-0.0219,0.2240,-0.00624,-0.28234,0.0285,-0.1234,-0.0988,-0.0213,0.00000,0.00000,-1.4998,0.0492
1175,47.0000,0.2806,0.0000,0.0321,0.3714,0.0006,0.0491,-0.0041,-0.1094,-0.0074,-1.6936,-0.0364,0.2242,-0.00656,-0.29400,0.0340,-0.1168,-0.1203,0.0435,0.00000,0.00000,-1.4999,0.0372
1176,47.0400,0.2797,0.0000,0.0330,0.3789,-0.0230,0.0334,0.1108,-0.1755,0.0790,-1.6936,-0.0513,0.2246,-0.01236,-0.21837,0.0014,-0.1063,-0.1251,-0.0039,0.00000,0.00000,-1.4999,0.0252
1177,47.0800,0.2786,0.0000,0.0338,0.3767,0.0144,0.0301,-0.0729,-0.1309,0.0392,-1.6933,-0.0663,0.2245,-0.01974,-0.17862,0.0590,-0.1231,-0.0783,-0.0143,0.00000,0.00000,-1.5000,0.0132
1178,47.1200,0.2776,0.0000,0.0345,0.3737,0.0211,0.0144,-0.1067,-0.1157,0.0149,-1.6917,-0.0810,0.2242,-0.02327,-0.27010,0.0364,-0.0893,-0.1094,-0.0030,0.00000,0.00000,-1.5000,0.0012
1179,47.1600,0.2766,0.0000,0.0351,0.3727,-0.0193,0.0129,0.0930,-0.0914,0.1417,-1.6910,-0.0958,0.2236,-0.02661,-0.24489,0.0017,-0.0891,-0.1370,0.0249,0.00000,0.00000,-1.5000,-0.0108
1180,47.2000,0.2755,0.0000,0.0354,0.3738,-0.0007,0.0273,0.0022,-0.1437,0.0397,-1.6909,-0.1107,0.2233,-0.03272,-0.17993,0.0371,-0.1143,-0.0914,-0.0330,0.00000,0.00000,-1.5000,-0.0228
1181,47.2400,0.2744,0.0000,0.0354,0.3622,-0.0006,0.0410,0.0011,0.0103,0.0867,-1.6900,-0.1251,0.2238,-0.03382,-0.17407,0.0156,-0.1120,-0.1366,0.0163,0.00000,0.00000,-1.4999,-0.0348
1182,47.2800,0.2734,0.0000,0.0351,0.3635,0.0025,0.0121,-0.0149,-0.0982,0.1122,-1.6892,-0.1395,0.2239,-0.03643,-0.16674,0.0130,-0.1146,-0.1002,-0.0309,0.00000,0.00000,-1.4998,-0.0468
1183,47.3200,0.2723,0.0000,0.0347,0.3553,-0.0012,0.0038,0.0044,-0.0352,0.1227,-1.6883,-0.1538,0.2231,-0.03862,-0.15656,0.0089,-0.0931,-0.0980,0.0131,0.00000,0.00000,-1.4997,-0.0588
1184,47.3600,0.2713,0.0000,0.0338,0.3447,0.0146,0.0369,-0.0737,0.1156,-0.0139,-1.6871,-0.1677,0.2230,-0.03658,-0.17037,0.0421,-0.1154,-0.0997,-0.0021,0.00000,0.00000,-1.4996,-0.0708
1185,47.4000,0.2703,0.0000,0.0329,0.3435,-0.0029,0.0470,0.0117,0.0883,0.1240,-1.6858,-0.1814,0.2239,-0.03173,-0.18715,0.0087,-0.1285,-0.1329,0.0069,0.00000,0.00000,-1.4994,-0.0828
1186,47.4400,0.2693,0.0000,0.0320,0.3344,0.0057,0.0072,-0.0297,0.2239,-0.0478,-1.6849,-0.1951,0.2236,-0.02618,-0.18114,0.0313,-0.0983,-0.0454,-0.0278,0.00000,0.00000,-1.4993,-0.0948
1187,47.4800,0.2684,0.0000,0.0314,0.3420,0.0082,0.0170,-0.0432,0.0290,0.0467,-1.6835,-0.2086,0.2229,-0.02123,-0.20681,0.0155,-0.1117,-0.1014,0.0103,0.00000,0.00000,-1.4991,-0.1067
1188,47.5200,0.2674,0.0000,0.0310,0.3514,-0.0076,0.0167,0.0374,-0.1283,-0.0360,-1.6826,-0.2224,0.2224,-0.02396,-0.20535,0.0165,-0.0857,-0.0740,0.0017,0.00000,0.00000,-1.4988,-0.1187
1189,47.5600,0.2664,0.0000,0.0310,0.3527,-0.0133,0.0437,0.0656,-0.1412,-0.0108,-1.6821,-0.2364,0.2225,-0.02952,-0.17152,0.0253,-0.1063,-0.0971,0.0207,0.00000,0.00000,-1.4986,-0.1307
1190,47.6000,0.2654,0.0000,0.0312,0.3491,0.0060,0.0338,-0.0313,-0.1234,0.0053,-1.6813,-0.2502,0.2232,-0.03505,-0.16062,0.0396,-0.1074,-0.0768,-0.0326,0.00000,0.00000,-1.4983,-0.1426
1191,47.6400,0.2644,0.0000,0.0318,0.3406,-0.0021,0.0347,0.0098,-0.0249,0.0073,-1.6801,-0.2638,0.2235,-0.03694,-0.16538,0.0283,-0.1068,-0.1172,0.0608,0.00000,0.00000,-1.4980,-0.1546
1192,47.6800,0.2634,0.0000,0.0323,0.3416,-0.0020,0.0324,0.0086,-0.1021,0.0314,-1.6793,-0.2773,0.2239,-0.03988,-0.15574,0.0370,-0.1152,-0.1014,-0.0058,0.00000,0.00000,-1.4977,-0.1665
1193,47.7200,0.2624,0.0000,0.0330,0.3235,0.0092,0.0048,-0.0465,0.1624,-0.0291,-1.6782,-0.2906,0.2236,-0.03800,-0.16158,0.0165,-0.1018,-0.0721,-0.0285,0.00000,0.00000,-1.4973,-0.1784
1194,47.7600,0.2614,0.0000,0.0339,0.3193,0.0118,0.0123,-0.0601,0.1800,-0.0378,-1.6767,-0.3035,0.2228,-0.03076,-0.19792,0.0180,-0.1037,-0.0810,0.0234,0.00000,0.00000,-1.4970,-0.1903
1195,47.8000,0.2604,0.0000,0.0350,0.3209,-0.0025,0.0207,0.0115,0.1524,0.0375,-1.6756,-0.3164,0.2224,-0.02401,-0.20799,-0.0082,-0.1170,-0.0962,-0.0275,0.00000,0.00000,-1.4966,-0.2022
1196,47.8400,0.2594,0.0000,0.0363,0.3316,-0.0092,0.0349,0.0454,-0.0470,0.0500,-1.6749,-0.3295,0.2223,-0.02300,-0.18746,0.0178,-0.1118,-0.0831,0.0203,0.00000,0.00000,-1.4962,-0.2141
1197,47.8800,0.2585,0.0000,0.0374,0.3385,-0.0181,0.0427,0.0891,-0.1733,0.0469,-1.6745,-0.3427,0.2228,-0.02758,-0.14555,0.0200,-0.0997,-0.1031,0.0231,0.00000,0.00000,-1.4957,-0.2260
1198,47.9200,0.2576,0.0000,0.0383,0.3284,-0.0032,0.0340,0.0157,-0.0002,-0.0044,-1.6740,-0.3559,0.2233,-0.03067,-0.11129,0.0290,-0.1010,-0.0939,-0.0227,0.00000,0.00000,-1.4953,-0.2378
1199,47.9600,0.2567,0.0000,0.0394,0.3267,0.0028,0.0226,-0.0150,-0.0257,0.0633,-1.6729,-0.3689,0.2233,-0.03107,-0.11422,0.0001,-0.1145,-0.1106,0.0106,0.00000,0.00000,-1.4948,-0.2497
1200,48.0000,0.2557,0.0000,0.0403,0.3147,0.0119,0.0284,-0.0602,0.1932,0.0233,-1.6716,-0.3817,0.2232,-0.02720,-0.12679,0.0161,-0.1247,-0.0961,-0.0100,0.00000,0.00000,-1.4942,-0.2615
1201,48.0400,0.2549,0.0000,0.0411,0.3198,0.0018,0.0133,-0.0093,0.0865,-0.0279,-1.6702,-0.3944,0.2228,-0.02167,-0.14962,-0.0028,-0.0909,-0.0704,0.0173,0.00000,0.00000,-1.4937,-0.2733
1202,48.0800,0.2540,0.0000,0.0422,0.3333,-0.0058,0.0296,0.0281,-0.1568,-0.0355,-1.6692,-0.4074,0.2224,-0.02421,-0.14272,0.0254,-0.1023,-0.0884,0.0200,0.00000,0.00000,-1.4931,-0.2851
1203,48.1200,0.2531,0.0000,0.0436,0.3303,-0.0104,0.0490,0.0510,-0.0761,-0.0021,-1.6685,-0.4205,0.2230,-0.02841,-0.11864,0.0166,-0.1119,-0.1111,0.0033,0.00000,0.00000,-1.4926,-0.2969
1204,48.1600,0.2521,0.0000,0.0451,0.3148,0.0049,0.0352,-0.0259,0.2161,-0.0349,-1.6677,-0.4334,0.2236,-0.02499,-0.10869,0.0117,-0.1200,-0.0855,-0.0136,0.00000,0.00000,-1.4920,-0.3086
1205,48.2000,0.2512,0.0000,0.0469,0.3210,0.0210,0.0088,-0.1067,0.0533,-0.0455,-1.6659,-0.4461,0.2231,-0.02018,-0.15211,0.0233,-0.1012,-0.0623,-0.0045,0.00000,0.00000,-1.4913,-0.3204
1206,48.2400,0.2502,0.0000,0.0490,0.3248,0.0080,0.0214,-0.0420,0.0158,-0.0009,-1.6643,-0.4589,0.2224,-0.01877,-0.18955,0.0197,-0.1066,-0.0819,0.0193,0.00000,0.00000,-1.4907,-0.3321
1207,48.2800,0.2492,0.0000,0.0512,0.3229,-0.0063,0.0315,0.0301,0.1164,0.0189,-1.6633,-0.4719,0.2223,-0.01551,-0.18481,-0.0004,-0.1106,-0.0941,-0.0277,0.00000,0.00000,-1.4900,-0.3438
1208,48.3200,0.2482,0.0000,0.0533,0.3292,-0.0104,0.0369,0.0508,0.0371,0.0463,-1.6626,-0.4850,0.2223,-0.01282,-0.16139,0.0153,-0.1002,-0.0833,0.0124,0.00000,0.00000,-1.4893,-0.3554
1209,48.3600,0.2472,0.0000,0.0553,0.3354,-0.0087,0.0457,0.0423,-0.0283,0.0382,-1.6619,-0.4982,0.2227,-0.01296,-0.13381,0.0172,-0.1128,-0.1030,0.0106,0.00000,0.00000,-1.4886,-0.3671
1210,48.4000,0.2461,0.0000,0.0571,0.3509,-0.0135,0.0396,0.0655,-0.2987,0.0655,-1.6612,-0.5118,0.2232,-0.02041,-0.10784,0.0212,-0.0964,-0.1017,0.0279,0.00000,0.00000,-1.4878,-0.3787
1211,48.4400,0.2451,0.0000,0.0587,0.3299,0.0036,0.0362,-0.0182,0.1286,0.0206,-1.6604,-0.5253,0.2235,-0.02262,-0.08585,0.0362,-0.1030,-0.0912,-0.0182,0.00000,0.00000,-1.4870,-0.3903
1212,48.4800,0.2439,0.0000,0.0602,0.3366,0.0085,0.0208,-0.0439,-0.0312,0.0240,-1.6587,-0.5385,0.2234,-0.02076,-0.10778,0.0081,-0.1006,-0.0998,0.0236,0.00000,0.00000,-1.4862,-0.4019
1213,48.5200,0.2428,0.0000,0.0616,0.3465,-0.0018,0.0227,0.0072,-0.2079,0.0116,-1.6574,-0.5520,0.2230,-0.02648,-0.11226,0.0210,-0.1039,-0.0945,0.0175,0.00000,0.00000,-1.4854,-0.4134
1214,48.5600,0.2416,0.0000,0.0631,0.3304,0.0143,0.0416,-0.0725,0.1034,0.0199,-1.6560,-0.5654,0.2233,-0.02770,-0.12006,0.0462,-0.1170,-0.0865,-0.0305,0.00000,0.00000,-1.4846,-0.4249
1215,48.6000,0.2404,0.0000,0.0646,0.3262,0.0084,0.0227,-0.0429,0.1505,-0.0126,-1.6542,-0.5784,0.2234,-0.02164,-0.14920,0.0102,-0.1034,-0.1040,0.0031,0.00000,0.00000,-1.4837,-0.4364
1216,48.6400,0.2392,0.0000,0.0662,0.3374,-0.0108,0.0246,0.0513,-0.0623,0.1593,-1.6530,-0.5916,0.2231,-0.02059,-0.14108,0.0113,-0.1159,-0.1172,0.0008,0.00000,0.00000,-1.4828,-0.4479
1217,48.6800,0.2379,0.0000,0.0674,0.3426,-0.0202,0.0237,0.0988,-0.1731,0.1145,-1.6524,-0.6051,0.2229,-0.02564,-0.10029,0.0162,-0.0852,-0.1089,0.0037,0.00000,0.00000,-1.4819,-0.4593
1218,48.7200,0.2367,0.0000,0.0681,0.3409,-0.0186,0.0471,0.0913,-0.1614,0.1061,-1.6519,-0.6186,0.2233,-0.03213,-0.05841,0.0141,-0.1062,-0.1408,0.0224,0.00000,0.00000,-1.4809,-0.4707
1219,48.7600,0.2354,0.0000,0.0683,0.3316,0.0018,0.0185,-0.0101,-0.0580,0.0918,-1.6509,-0.6319,0.2237,-0.03643,-0.04124,0.0142,-0.0915,-0.0986,-0.0479,0.00000,0.00000,-1.4800,-0.4821
1220,48.8000,0.2342,0.0000,0.0684,0.3224,0.0072,0.0126,-0.0378,0.0131,0.1231,-1.6491,-0.6447,0.2231,-0.03665,-0.05155,0.0052,-0.0995,-0.1251,0.0233,0.00000,0.00000,-1.4790,-0.4935
1221,48.8400,0.2330,0.0000,0.0681,0.3197,0.0188,0.0349,-0.0939,0.0180,-0.0396,-1.6470,-0.6574,0.2230,-0.03653,-0.07478,0.0320,-0.1174,-0.0957,0.0050,0.00000,0.00000,-1.4780,-0.5048
1222,48.8800,0.2317,0.0000,0.0679,0.3076,-0.0027,0.0298,0.0110,0.2037,0.1255,-1.6452,-0.6698,0.2235,-0.03043,-0.08654,-0.0168,-0.1189,-0.1303,-0.0269,0.00000,0.00000,-1.4769,-0.5161
1223,48.9200,0.2305,0.0000,0.0678,0.3256,-0.0075,0.0204,0.0368,-0.2187,0.0424,-1.6439,-0.6824,0.2232,-0.03287,-0.07748,0.0272,-0.1023,-0.0976,0.0377,0.00000,0.00000,-1.4759,-0.5273
1224,48.9600,0.2292,0.0000,0.0676,0.3038,0.0005,0.0416,-0.0034,0.1843,0.0714,-1.6426,-0.6948,0.2235,-0.03214,-0.06548,0.0073,-0.1293,-0.1214,-0.0351,0.00000,0.00000,-1.4748,-0.5386
1225,49.0000,0.2280,0.0000,0.0674,0.3160,0.0060,0.0203,-0.0307,-0.1384,0.0051,-1.6407,-0.7071,0.2236,-0.03224,-0.07694,0.0186,-0.0995,-0.0918,0.0227,0.00000,0.00000,-1.4737,-0.5497
1226,49.0400,0.2268,0.0000,0.0675,0.3050,-0.0025,0.0303,0.0114,0.0378,0.0615,-1.6392,-0.7193,0.2235,-0.03325,-0.07469,0.0260,-0.1085,-0.1262,-0.0042,0.00000,0.00000,-1.4725,-0.5609
1227,49.0800,0.2256,0.0000,0.0676,0.3012,0.0045,0.0211,-0.0230,0.0537,0.0060,-1.6375,-0.7313,0.2234,-0.03155,-0.07618,0.0075,-0.1107,-0.1048,-0.0260,0.00000,0.00000,-1.4714,-0.5720
1228,49.1200,0.2243,0.0000,0.0679,0.3100,0.0084,0.0302,-0.0438,-0.1880,0.0600,-1.6356,-0.7432,0.2234,-0.03533,-0.08871,0.0319,-0.1217,-0.1046,0.0132,0.00000,0.00000,-1.4702,-0.5831
1229,49.1600,0.2231,0.0000,0.0683,0.3013,-0.0152,0.0241,0.0738,-0.0884,0.1403,-1.6342,-0.7551,0.2234,-0.03941,-0.07951,0.0122,-0.0929,-0.1356,-0.0059,0.00000,0.00000,-1.4690,-0.5941
1230,49.2000,0.2219,0.0000,0.0684,0.2853,0.0027,0.0307,-0.0143,0.1457,0.0659,-1.6329,-0.7668,0.2235,-0.03825,-0.06579,0.0245,-0.1224,-0.1066,-0.0233,0.00000,0.00000,-1.4678,-0.6051
1231,49.2400,0.2208,0.0000,0.0683,0.2880,0.0073,0.0151,-0.0381,0.0281,0.0510,-1.6308,-0.7781,0.2234,-0.03465,-0.07868,0.0005,-0.1191,-0.1071,-0.0101,0.00000,0.00000,-1.4665,-0.6161
1232,49.2800,0.2197,0.0000,0.0683,0.3039,-0.0092,0.0148,0.0455,-0.2791,0.0294,-1.6291,-0.7897,0.2228,-0.04110,-0.07740,0.0347,-0.1139,-0.1003,0.0338,0.00000,0.00000,-1.4653,-0.6270
1233,49.3200,0.2186,0.0000,0.0684,0.2961,-0.0149,0.0236,0.0732,-0.1510,0.1266,-1.6281,-0.8014,0.2227,-0.04910,-0.05569,0.0131,-0.1245,-0.1235,-0.0453,0.00000,0.00000,-1.4640,-0.6379
1234,49.3600,0.2175,0.0000,0.0683,0.2717,0.0037,0.0347,-0.0191,0.1836,0.0591,-1.6266,-0.8126,0.2230,-0.04704,-0.04720,0.0130,-0.1275,-0.1178,-0.0121,0.00000,0.00000,-1.4627,-0.6487
1235,49.4000,0.2164,0.0000,0.0682,0.2653,0.0097,0.0150,-0.0509,0.1693,0.1092,-1.6246,-0.8232,0.2230,-0.03960,-0.05856,-0.0034,-0.1218,-0.1084,-0.0359,0.00000,0.00000,-1.4613,-0.6595
1236,49.4400,0.2154,0.0000,0.0681,0.2687,-0.0024,0.0141,0.0098,0.0011,0.1255,-1.6227,-0.8337,0.2223,-0.03677,-0.06310,0.0091,-0.1099,-0.1063,0.0139,0.00000,0.00000,-1.4599,-0.6703
1237,49.4800,0.2144,0.0000,0.0677,0.2641,-0.0127,0.0454,0.0637,0.0466,0.0095,-1.6213,-0.8443,0.2225,-0.03546,-0.05137,0.0138,-0.1146,-0.1235,0.0185,0.00000,0.00000,-1.4586,-0.6810
1238,49.5200,0.2135,0.0000,0.0674,0.2583,-0.0005,0.0511,0.0019,0.1003,0.0121,-1.6199,-0.8546,0.2235,-0.03262,-0.04251,0.0179,-0.1337,-0.1122,-0.0371,0.00000,0.00000,-1.4571,-0.6917
1239,49.5600,0.2126,0.0000,0.0675,0.2567,-0.0040,0.0234,0.0181,0.0342,0.0863,-1.6182,-0.8648,0.2237,-0.02986,-0.04109,0.0011,-0.1164,-0.1182,0.0131,0.00000,0.00000,-1.4557,-0.7023
1240,49.6000,0.2117,0.0000,0.0678,0.2541,0.0095,0.0235,-0.0474,0.0226,-0.0153,-1.6164,-0.8748,0.2233,-0.02922,-0.04324,0.0319,-0.1157,-0.1009,-0.0084,0.00000,0.00000,-1.4542,-0.7129
1241,49.6400,0.2109,0.0000,0.0682,0.2594,0.0023,0.0365,-0.0133,-0.1074,0.0716,-1.6143,-0.8848,0.2235,-0.03092,-0.05316,0.0050,-0.1344,-0.1303,0.0070,0.00000,0.00000,-1.4528,-0.7234
1242,49.6800,0.2100,0.0000,0.0688,0.2569,-0.0054,0.0204,0.0258,-0.0215,0.0734,-1.6127,-0.8949,0.2234,-0.03354,-0.04802,0.0299,-0.1207,-0.0983,-0.0121,0.00000,0.00000,-1.4513,-0.7339
1243,49.7200,0.2092,0.0000,0.0695,0.2473,-0.0064,0.0126,0.0316,0.1863,0.0185,-1.6112,-0.9049,0.2228,-0.02897,-0.04002,0.0146,-0.1027,-0.1073,-0.0033,0.00000,0.00000,-1.4497,-0.7443
1244,49.7600,0.2084,0.0000,0.0703,0.2480,0.0131,0.0211,-0.0671,0.2370,0.0447,-1.6092,-0.9148,0.2223,-0.02102,-0.04450,0.0231,-0.1354,-0.0881,-0.0445,0.00000,0.00000,-1.4482,-0.7547
1245,49.8000,0.2076,0.0000,0.0712,0.2608,-0.0185,0.0211,0.0907,0.0639,0.1046,-1.6074,-0.9248,0.2219,-0.01469,-0.04357,-0.0102,-0.1113,-0.1285,0.0373,0.00000,0.00000,-1.4466,-0.7651
1246,49.8400,0.2068,0.0000,0.0721,0.2752,-0.0242,0.0371,0.1203,-0.0764,0.0557,-1.6065,-0.9356,0.2217,-0.01634,-0.01635,0.0185,-0.1291,-0.1151,-0.0161,0.00000,0.00000,-1.4450,-0.7754
1247,49.8800,0.2060,0.0000,0.0728,0.2745,0.0039,0.0327,-0.0203,0.0331,0.0227,-1.6049,-0.9465,0.2219,-0.01758,-0.00534,0.0314,-0.1248,-0.0755,-0.0361,0.00000,0.00000,-1.4434,-0.7856
1248,49.9200,0.2052,0.0000,0.0739,0.2759,0.0012,0.0154,-0.0080,0.0609,0.0718,-1.6026,-0.9572,0.2215,-0.01448,-0.01035,0.0301,-0.0973,-0.1151,0.0046,0.00000,0.00000,-1.4417,-0.7958
1249,49.9600,0.2042,0.0000,0.0750,0.2925,-0.0145,0.0234,0.0727,-0.1914,-0.0021,-1.6008,-0.9684,0.2208,-0.01860,-0.00291,0.0225,-0.1047,-0.1088,0.0272,0.00000,0.00000,-1.4401,-0.8060
1250,50.0000,0.2032,0.0000,0.0762,0.2876,-0.0203,0.0471,0.0986,-0.0956,0.1299,-1.5994,-0.9798,0.2212,-0.02359,0.01731,-0.0014,-0.1211,-0.1464,-0.0360,0.00000,0.00000,-1.4384,-0.8161
1251,50.0400,0.2022,0.0000,0.0773,0.2885,-0.0030,0.0409,0.0141,-0.1773,0.0461,-1.5977,-0.9910,0.2218,-0.02992,0.02783,0.0261,-0.1156,-0.1128,0.0182,0.00000,0.00000,-1.4367,-0.8261
1252,50.0800,0.2011,0.0000,0.0784,0.2727,0.0130,0.0208,-0.0670,0.0454,0.1292,-1.5953,-1.0018,0.2219,-0.03143,0.02241,0.0064,-0.1209,-0.1244,-0.0546,0.00000,0.00000,-1.4349,-0.8361
1253,50.1200,0.1999,0.0000,0.0794,0.2795,0.0142,0.0282,-0.0717,-0.1866,0.0416,-1.5923,-1.0124,0.2216,-0.03508,0.00530,0.0451,-0.1065,-0.1071,0.0628,0.00000,0.00000,-1.4332,-0.8460
1254,50.1600,0.1988,0.0000,0.0803,0.2586,0.0059,0.0300,-0.0290,0.1748,-0.0522,-1.5898,-1.0228,0.2217,-0.03360,-0.00075,0.0211,-0.1061,-0.1111,-0.0480,0.00000,0.00000,-1.4314,-0.8559
1255,50.2000,0.1976,0.0000,0.0816,0.2544,0.0053,0.0317,-0.0279,0.1795,0.0330,-1.5874,-1.0329,0.2218,-0.02671,-0.00681,0.0111,-0.1301,-0.1052,0.0025,0.00000,0.00000,-1.4296,-0.8657
1256,50.2400,0.1963,0.0000,0.0834,0.2631,0.0020,0.0371,-0.0100,-0.0471,-0.0403,-1.5851,-1.0430,0.2219,-0.02479,-0.01101,0.0477,-0.1089,-0.1016,0.0288,0.00000,0.00000,-1.4278,-0.8755
1257,50.2800,0.1951,0.0000,0.0855,0.2461,0.0042,0.0355,-0.0216,0.2736,-0.0119,-1.5830,-1.0530,0.2222,-0.01920,-0.01098,0.0252,-0.1204,-0.1014,-0.0454,0.00000,0.00000,-1.4259,-0.8852
1258,50.3200,0.1938,0.0000,0.0882,0.2596,0.0082,0.0328,-0.0411,-0.0409,-0.0421,-1.5805,-1.0629,0.2221,-0.01562,-0.02013,0.0535,-0.1039,-0.0930,0.0370,0.00000,0.00000,-1.4240,-0.8949
1259,50.3600,0.1924,0.0000,0.0912,0.2562,-0.0164,0.0370,0.0806,0.0525,0.0572,-1.5786,-1.0730,0.2223,-0.01457,-0.01370,0.0079,-0.1162,-0.1370,-0.0028,0.00000,0.00000,-1.4221,-0.9045
1260,50.4000,0.1911,0.0000,0.0943,0.2571,0.0018,0.0428,-0.0094,0.0358,0.0076,-1.5769,-1.0832,0.2225,-0.01397,-0.00539,0.0366,-0.1338,-0.0969,-0.0092,0.00000,0.00000,-1.4202,-0.9140
1261,50.4400,0.1897,0.0000,0.0975,0.2531,0.0020,0.0099,-0.0102,0.1158,-0.0115,-1.5746,-1.0932,0.2222,-0.01033,-0.00828,-0.0055,-0.0947,-0.0751,-0.0024,0.00000,0.00000,-1.4183,-0.9235
1262,50.4800,0.1883,0.0000,0.1010,0.2635,-0.0040,0.0292,0.0173,-0.0655,0.1227,-1.5725,-1.1033,0.2215,-0.00987,-0.00756,0.0150,-0.1168,-0.1161,0.0285,0.00000,0.00000,-1.4163,-0.9329
1263,50.5200,0.1869,0.0000,0.1043,0.2731,-0.0183,0.0410,0.0903,-0.1955,0.0798,-1.5708,-1.1137,0.2216,-0.01546,0.00341,0.0022,-0.0999,-0.1125,0.0285,0.00000,0.00000,-1.4143,-0.9423
1264,50.5600,0.1855,0.0000,0.1073,0.2729,-0.0000,0.0401,-0.0007,-0.1835,0.0717,-1.5689,-1.1243,0.2220,-0.02372,0.01313,0.0270,-0.1117,-0.0876,-0.0136,0.00000,0.00000,-1.4123,-0.9516
1265,50.6000,0.1840,0.0000,0.1101,0.2621,0.0221,0.0051,-0.1112,0.0472,0.0588,-1.5661,-1.1345,0.2216,-0.02529,0.00231,0.0442,-0.0892,-0.0729,-0.0312,0.00000,0.00000,-1.4103,-0.9609
1266,50.6400,0.1825,0.0000,0.1130,0.2674,-0.0073,0.0023,0.0172,0.0049,0.1239,-1.5634,-1.1447,0.2204,-0.02360,-0.00661,-0.0083,-0.0947,-0.1171,0.0444,0.00000,0.00000,-1.4082,-0.9700
1267,50.6800,0.1810,0.0000,0.1156,0.2844,-0.0226,0.0402,0.1114,-0.2124,0.1784,-1.5616,-1.1555,0.2202,-0.02904,0.00750,0.0148,-0.1292,-0.1233,0.0077,0.00000,0.00000,-1.4061,-0.9792
1268,50.7200,0.1796,0.0000,0.1175,0.2795,-0.0058,0.0523,0.0284,-0.1454,0.0557,-1.5596,-1.1664,0.2210,-0.03648,0.02004,0.0286,-0.1157,-0.0974,-0.0021,0.00000,0.00000,-1.4040,-0.9882
1269,50.7600,0.1780,0.0000,0.1193,0.2631,0.0182,0.0279,-0.0908,0.0803,-0.0227,-1.5568,-1.1768,0.2215,-0.03683,0.01453,0.0328,-0.1108,-0.0892,-0.0190,0.00000,0.00000,-1.4019,-0.9972
1270,50.8000,0.1764,0.0000,0.1216,0.2563,0.0192,0.0089,-0.0978,0.1290,0.0857,-1.5535,-1.1867,0.2211,-0.03211,-0.00282,0.0175,-0.1142,-0.0921,-0.0061,0.00000,0.00000,-1.3998,-1.0062
1271,50.8400,0.1748,0.0000,0.1241,0.2651,-0.0061,0.0083,0.0299,-0.0801,0.0534,-1.5507,-1.1967,0.2201,-0.03151,-0.00871,0.0167,-0.0845,-0.0889,0.0357,0.00000,0.00000,-1.3976,-1.0150
1272,50.8800,0.1731,0.0000,0.1267,0.2527,-0.0103,0.0435,0.0520,0.1819,-0.0046,-1.5487,-1.2069,0.2201,-0.02887,0.00156,0.0172,-0.1126,-0.0957,-0.0110,0.00000,0.00000,-1.3954,-1.0238
1273,50.9200,0.1714,0.0000,0.1295,0.2503,-0.0055,0.0403,0.0261,0.2016,0.0881,-1.5465,-1.2169,0.2207,-0.02095,0.00713,-0.0028,-0.1184,-0.0981,-0.0108,0.00000,0.00000,-1.3932,-1.0326
1274,50.9600,0.1697,0.0000,0.1325,0.2596,-0.0015,0.0277,0.0061,0.0056,0.1048,-1.5441,-1.2268,0.2207,-0.01778,0.00910,0.0184,-0.1129,-0.0986,0.0153,0.00000,0.00000,-1.3910,-1.0412
1275,51.0000,0.1679,0.0000,0.1354,0.2714,-0.0120,0.0343,0.0578,-0.2144,0.1460,-1.5417,-1.2370,0.2206,-0.02243,0.01342,0.0106,-0.1040,-0.1228,0.0231,0.00000,0.00000,-1.3887,-1.0498
1276,51.0400,0.1662,0.0000,0.1379,0.2635,-0.0013,0.0336,0.0059,-0.0611,0.0357,-1.5394,-1.2473,0.2208,-0.02776,0.02035,0.0372,-0.0892,-0.0895,-0.0140,0.00000,0.00000,-1.3864,-1.0584
1277,51.0800,0.1644,0.0000,0.1406,0.2577,0.0072,0.0330,-0.0379,0.0077,0.1300,-1.5365,-1.2572,0.2210,-0.02848,0.01623,0.0044,-0.1222,-0.1137,0.0022,0.00000,0.00000,-1.3841,-1.0668
1278,51.1200,0.1627,0.0000,0.1432,0.2599,0.0019,0.0135,-0.0117,-0.0806,0.1633,-1.5336,-1.2671,0.2207,-0.03030,0.01165,-0.0072,-0.1144,-0.1011,-0.0047,0.00000,0.00000,-1.3818,-1.0752
1279,51.1600,0.1609,0.0000,0.1455,0.2543,0.0101,0.0311,-0.0523,-0.0053,0.1119,-1.5306,-1.2768,0.2203,-0.03191,0.00720,0.0240,-0.1204,-0.1010,-0.0051,0.00000,0.00000,-1.3795,-1.0836
1280,51.2000,0.1591,0.0000,0.1475,0.2513,0.0153,0.0340,-0.0772,0.0183,-0.0229,-1.5273,-1.2864,0.2205,-0.03141,-0.00305,0.0400,-0.0983,-0.0704,0.0003,0.00000,0.00000,-1.3771,-1.0919
1281,51.2400,0.1573,0.0000,0.1501,0.2576,-0.0062,0.0300,0.0302,-0.1464,0.0707,-1.5243,-1.2960,0.2207,-0.03416,-0.00668,0.0153,-0.1108,-0.1050,0.0172,0.00000,0.00000,-1.3747,-1.1000
1282,51.2800,0.1555,0.0000,0.1530,0.2493,-0.0089,0.0355,0.0437,-0.0307,0.1127,-1.5219,-1.3057,0.2208,-0.03757,0.00080,0.0257,-0.1206,-0.1030,-0.0074,0.00000,0.00000,-1.3723,-1.1082
1283,51.3200,0.1536,0.0000,0.1559,0.2311,0.0021,0.0358,-0.0117,0.2597,0.1351,-1.5194,-1.3149,0.2212,-0.03173,0.00306,0.0111,-0.1256,-0.1062,-0.0068,0.00000,0.00000,-1.3699,-1.1162
1284,51.3600,0.1518,0.0000,0.1587,0.2407,-0.0028,0.0081,0.0120,0.0077,0.1247,-1.5165,-1.3240,0.2208,-0.02686,0.00115,-0.0013,-0.0977,-0.0984,-0.0006,0.00000,0.00000,-1.3674,-1.1242
1285,51.4000,0.1500,0.0000,0.1615,0.2376,-0.0047,0.0318,0.0222,0.0725,0.1122,-1.5140,-1.3332,0.2203,-0.02550,0.00466,0.0139,-0.1167,-0.1015,0.0110,0.00000,0.00000,-1.3649,-1.1321
1286,51.4400,0.1482,0.0000,0.1641,0.2471,0.0059,0.0454,-0.0300,-0.1192,0.0162,-1.5110,-1.3423,0.2207,-0.02734,0.00279,0.0265,-0.1202,-0.0878,0.0044,0.00000,0.00000,-1.3624,-1.1399
1287,51.4800,0.1464,0.0000,0.1671,0.2447,-0.0115,0.0183,0.0552,-0.1125,0.1903,-1.5082,-1.3516,0.2208,-0.03131,0.00500,-0.0128,-0.1067,-0.1155,-0.0299,0.00000,0.00000,-1.3599,-1.1477
1288,51.5200,0.1445,0.0000,0.1702,0.2254,0.0020,0.0270,-0.0112,0.2312,0.1424,-1.5057,-1.3606,0.2204,-0.02826,0.00940,0.0156,-0.1174,-0.0977,0.0046,0.00000,0.00000,-1.3574,-1.1554
1289,51.5600,0.1428,0.0000,0.1729,0.2360,0.0067,0.0304,-0.0364,-0.0068,0.1615,-1.5024,-1.3693,0.2204,-0.02410,0.00330,0.0037,-0.1100,-0.0990,0.0015,0.00000,0.00000,-1.3548,-1.1630
1290,51.6000,0.1410,0.0000,0.1756,0.2374,-0.0011,0.0477,0.0043,-0.0174,0.0920,-1.4993,-1.3781,0.2206,-0.02485,0.00209,0.0398,-0.1140,-0.1027,0.0298,0.00000,0.00000,-1.3522,-1.1706
1291,51.6400,0.1392,0.0000,0.1782,0.2348,-0.0029,0.0414,0.0136,0.0315,0.0690,-1.4964,-1.3871,0.2213,-0.02427,0.00363,0.0131,-0.1198,-0.1083,-0.0212,0.00000,0.00000,-1.3496,-1.1780
1292,51.6800,0.1375,0.0000,0.1813,0.2465,-0.0030,0.0310,0.0132,-0.2409,0.1331,-1.4934,-1.3960,0.2214,-0.02974,0.00431,0.0272,-0.1182,-0.1001,0.0275,0.00000,0.00000,-1.3470,-1.1854
1293,51.7200,0.1356,0.0000,0.1845,0.2401,-0.0005,0.0398,0.0017,-0.1620,0.1359,-1.4903,-1.4050,0.2217,-0.03737,0.00574,0.0497,-0.1120,-0.1091,0.0216,0.00000,0.00000,-1.3443,-1.1927
1294,51.7600,0.1338,0.0000,0.1877,0.2366,0.0055,0.0227,-0.0280,-0.1945,0.0423,-1.4871,-1.4137,0.2218,-0.04421,0.00364,0.0545,-0.0858,-0.0932,0.0006,0.00000,0.00000,-1.3417,-1.2000
1295,51.8000,0.1320,0.0000,0.1914,0.2233,-0.0063,0.0225,0.0309,-0.0466,0.1555,-1.4841,-1.4222,0.2216,-0.04807,0.00405,0.0212,-0.1067,-0.1257,0.0162,0.00000,0.00000,-1.3390,-1.2071
1296,51.8400,0.1301,0.0000,0.1951,0.1993,0.0032,0.0159,-0.0172,0.3091,0.2041,-1.4813,-1.4302,0.2213,-0.04168,0.00564,-0.0039,-0.1287,-0.1201,-0.0550,0.00000,0.00000,-1.3362,-1.2142
1297,51.8800,0.1284,0.0000,0.1986,0.2101,-0.0000,0.0062,-0.0020,-0.0176,0.1300,-1.4781,-1.4378,0.2205,-0.03684,0.00181,-0.0091,-0.1016,-0.0996,0.0255,0.00000,0.00000,-1.3335,-1.2212
1298,51.9200,0.1266,0.0000,0.2021,0.2036,0.0049,0.0428,-0.0258,0.0772,0.0831,-1.4752,-1.4455,0.2203,-0.03579,0.00129,0.0372,-0.1200,-0.0930,-0.0097,0.00000,0.00000,-1.3307,-1.2281
1299,51.9600,0.1249,0.0000,0.2058,0.2044,-0.0089,0.0408,0.0429,-0.0048,0.1461,-1.4722,-1.4531,0.2209,-0.03386,0.00124,0.0064,-0.1082,-0.1157,0.0097,0.00000,0.00000,-1.3280,-1.2350
1300,52.0000,0.1233,0.0000,0.2098,0.2061,-0.0162,0.0321,0.0795,-0.1013,0.1512,-1.4699,-1.4608,0.2211,-0.03671,0.00860,0.0095,-0.1184,-0.1209,0.0109,0.00000,0.00000,-1.3252,-1.2418
1301,52.0400,0.1216,0.0000,0.2138,0.1962,0.0153,0.0430,-0.0777,0.0174,0.1352,-1.4669,-1.4682,0.2215,-0.03878,0.00842,0.0305,-0.1463,-0.1007,-0.0251,0.00000,0.00000,-1.3223,-1.2485
1302,52.0800,0.1200,0.0000,0.2179,0.1871,0.0101,0.0271,-0.0526,0.1032,0.1351,-1.4634,-1.4750,0.2217,-0.03495,0.00005,0.0168,-0.1115,-0.1121,0.0196,0.00000,0.00000,-1.3195,-1.2551
1303,52.1200,0.1185,0.0000,0.2222,0.1891,-0.0171,0.0185,0.0830,0.0213,0.2039,-1.4607,-1.4819,0.2213,-0.03247,0.00216,-0.0024,-0.1085,-0.1243,0.0179,0.00000,0.00000,-1.3166,-1.2616
1304,52.1600,0.1170,0.0000,0.2264,0.1859,-0.0016,0.0370,0.0061,0.0437,0.1605,-1.4582,-1.4890,0.2212,-0.03178,0.00737,0.0336,-0.1197,-0.1020,-0.0156,0.00000,0.00000,-1.3138,-1.2681
1305,52.2000,0.1156,0.0000,0.2307,0.1895,-0.0085,0.0317,0.0409,-0.0874,0.0927,-1.4554,-1.4958,0.2213,-0.03237,0.00829,0.0027,-0.0992,-0.1264,0.0268,0.00000,0.00000,-1.3108,-1.2744
1306,52.2400,0.1142,0.0000,0.2353,0.1779,-0.0044,0.0359,0.0197,0.1084,0.2175,-1.4528,-1.5027,0.2215,-0.03180,0.01232,0.0027,-0.1361,-0.1262,-0.0307,0.00000,0.00000,-1.3079,-1.2807
1307,52.2800,0.1128,0.0000,0.2400,0.1817,0.0055,0.0282,-0.0294,-0.0427,0.1336,-1.4497,-1.5091,0.2214,-0.03101,0.01022,0.0155,-0.1140,-0.1075,0.0293,0.00000,0.00000,-1.3050,-1.2869
1308,52.3200,0.1115,0.0000,0.2448,0.1620,0.0036,0.0344,-0.0219,0.3267,0.2196,-1.4468,-1.5153,0.2215,-0.02350,0.00862,0.0030,-0.1270,-0.1367,-0.0357,0.00000,0.00000,-1.3020,-1.2930
1309,52.3600,0.1102,0.0000,0.2496,0.1737,0.0036,0.0293,-0.0223,0.0818,0.1865,-1.4436,-1.5214,0.2213,-0.01650,0.00515,0.0165,-0.1150,-0.1028,0.0265,0.00000,0.00000,-1.2990,-1.2991
1310,52.4000,0.1090,0.0000,0.2544,0.1627,0.0033,0.0368,-0.0196,0.3496,0.1212,-1.4406,-1.5276,0.2213,-0.00695,0.00449,0.0256,-0.1120,-0.1025,-0.0154,0.00000,0.00000,-1.2960,-1.3050
1311,52.4400,0.1078,0.0000,0.2596,0.1859,-0.0136,0.0406,0.0892,-0.0435,0.1548,-1.4376,-1.5340,0.2214,-0.00198,0.00549,0.0109,-0.1028,-0.1144,0.0621,0.00000,0.00000,-1.2930,-1.3109
1312,52.4800,0.1066,0.0000,0.2651,0.2028,-0.0132,0.0491,0.0627,-0.2877,0.1758,-1.4348,-1.5411,0.2218,-0.01052,0.01247,0.0317,-0.1250,-0.1106,0.0060,0.00000,0.00000,-1.2899,-1.3167
1313,52.5200,0.1054,0.0000,0.2709,0.1879,0.0086,0.0509,-0.0451,0.0309,0.1566,-1.4315,-1.5480,0.2225,-0.01443,0.01371,0.0435,-0.1209,-0.1189,-0.0043,0.00000,0.00000,-1.2868,-1.3224
1314,52.5600,0.1042,0.0000,0.2769,0.1865,0.0171,0.0259,-0.0898,0.0640,0.2295,-1.4275,-1.5543,0.2226,-0.01215,0.00667,0.0224,-0.1241,-0.1160,-0.0008,0.00000,0.00000,-1.2838,-1.3280
1315,52.6000,0.1030,0.0000,0.2830,0.1884,-0.0088,0.0151,0.0290,0.0611,0.3560,-1.4239,-1.5609,0.2219,-0.00897,0.00472,0.0006,-0.1093,-0.1410,0.0165,0.00000,0.00000,-1.2806,-1.3336
1316,52.6400,0.1018,0.0000,0.2886,0.2103,-0.0173,0.0406,0.0836,-0.3084,0.1336,-1.4207,-1.5680,0.2215,-0.01585,0.00980,0.0286,-0.1050,-0.1251,0.0610,0.00000,0.00000,-1.2775,-1.3390
1317,52.6800,0.1006,0.0000,0.2942,0.2067,-0.0083,0.0655,0.0387,-0.1983,0.1410,-1.4174,-1.5754,0.2226,-0.02584,0.01549,0.0264,-0.1351,-0.1390,-0.0189,0.00000,0.00000,-1.2743,-1.3444
1318,52.7200,0.0994,0.0000,0.3004,0.1866,0.0125,0.0276,-0.0660,0.1283,0.2791,-1.4135,-1.5821,0.2232,-0.02578,0.01431,0.0208,-0.1292,-0.1406,-0.0466,0.00000,0.00000,-1.2712,-1.3497
1319,52.7600,0.0981,0.0000,0.3069,0.1924,-0.0009,-0.0053,-0.0004,-0.0609,0.3109,-1.4095,-1.5884,0.2221,-0.02458,0.01000,-0.0118,-0.1033,-0.1435,0.0366,0.00000,0.00000,-1.2680,-1.3549
1320,52.8000,0.0969,0.0000,0.3130,0.1973,0.0058,0.0487,-0.0325,-0.1557,0.1875,-1.4055,-1.5949,0.2217,-0.03003,0.00872,0.0478,-0.1354,-0.1359,0.0211,0.00000,0.00000,-1.2648,-1.3600
1321,52.8400,0.0957,0.0000,0.3192,0.1875,-0.0100,0.0365,0.0484,0.0260,0.2071,-1.4017,-1.6014,0.2224,-0.03070,0.00927,-0.0075,-0.1094,-0.1534,-0.0407,0.00000,0.00000,-1.2615,-1.3650
1322,52.8800,0.0945,0.0000,0.3259,0.1975,-0.0036,0.0235,0.0187,-0.2064,0.1610,-1.3980,-1.6081,0.2222,-0.03638,0.01153,0.0261,-0.1230,-0.1178,0.0431,0.00000,0.00000,-1.2583,-1.3699
1323,52.9200,0.0932,0.0000,0.3331,0.1748,0.0190,0.0360,-0.0937,0.2229,0.2016,-1.3939,-1.6142,0.2223,-0.03425,0.00886,0.0225,-0.1437,-0.1453,-0.0466,0.00000,0.00000,-1.2550,-1.3748
1324,52.9600,0.0920,0.0000,0.3407,0.1732,-0.0039,0.0212,0.0287,0.1299,0.2771,-1.3897,-1.6198,0.2221,-0.02643,0.00429,-0.0079,-0.1123,-0.1464,0.0425,0.00000,0.00000,-1.2517,-1.3795
1325,53.0000,0.0908,0.0000,0.3486,0.1779,-0.0013,0.0320,0.0004,-0.0238,0.2285,-1.3861,-1.6258,0.2218,-0.02601,0.00541,0.0266,-0.1393,-0.1177,-0.0169,0.00000,0.00000,-1.2484,-1.3842
1326,53.0400,0.0896,0.0000,0.3565,0.1743,-0.0077,0.0326,0.0479,-0.0441,0.2324,-1.3824,-1.6316,0.2219,-0.02675,0.00616,-0.0055,-0.1204,-0.1421,-0.0053,0.00000,0.00000,-1.2450,-1.3888
1327,53.0800,0.0884,0.0000,0.3648,0.1750,0.0030,0.0395,-0.0189,-0.1477,0.2421,-1.3787,-1.6374,0.2220,-0.03158,0.00652,0.0353,-0.1336,-0.1218,-0.0070,0.00000,0.00000,-1.2417,-1.3933
1328,53.1200,0.0873,0.0000,0.3733,0.1645,0.0036,0.0251,-0.0255,-0.0618,0.2916,-1.3748,-1.6426,0.2221,-0.03486,0.00441,0.0020,-0.1296,-0.1422,-0.0365,0.00000,0.00000,-1.2383,-1.3977
1329,53.1600,0.0863,0.0000,0.3820,0.1603,-0.0078,0.0266,0.0410,-0.0673,0.2897,-1.3712,-1.6478,0.2218,-0.03719,0.00418,0.0027,-0.1226,-0.1438,0.0284,0.00000,0.00000,-1.2349,-1.4020
1330,53.2000,0.0853,0.0000,0.3908,0.1531,0.0043,0.0338,-0.0332,-0.0119,0.2851,-1.3677,-1.6529,0.2218,-0.03881,0.00424,0.0286,-0.1266,-0.1217,-0.0386,0.00000,0.00000,-1.2315,-1.4062
1331,53.2400,0.0844,0.0000,0.3997,0.1395,-0.0088,0.0373,0.0394,0.1619,0.2227,-1.3643,-1.6575,0.2219,-0.03409,0.00415,0.0063,-0.1112,-0.1572,0.0312,0.00000,0.00000,-1.2281,-1.4103
1332,53.2800,0.0836,0.0000,0.4090,0.1465,0.0067,0.0479,-0.0368,-0.0343,0.1924,-1.3608,-1.6621,0.2224,-0.03342,0.00388,0.0445,-0.1436,-0.1091,-0.0096,0.00000,0.00000,-1.2246,-1.4144
1333,53.3200,0.0828,0.0000,0.4189,0.1397,-0.0108,0.0279,0.0500,0.0066,0.2820,-1.3574,-1.6665,0.2226,-0.03292,0.00388,-0.0114,-0.1286,-0.1528,0.0049,0.00000,0.00000,-1.2211,-1.4183
1334,53.3600,0.0821,0.0000,0.4287,0.1406,-0.0001,0.0223,-0.0017,-0.0861,0.2790,-1.3542,-1.6710,0.2222,-0.03585,0.00527,0.0175,-0.1377,-0.1119,-0.0057,0.00000,0.00000,-1.2176,-1.4222
1335,53.4000,0.0815,0.0000,0.4372,0.1406,-0.0058,0.0301,0.0195,-0.1818,0.2607,-1.3509,-1.6752,0.2220,-0.04070,0.00489,0.0092,-0.1155,-0.1424,0.0276,0.00000,0.00000,-1.2141,-1.4259
1336,53.4400,0.0809,0.0000,0.4448,0.1271,0.0012,0.0416,-0.0083,0.0090,0.2777,-1.3477,-1.6793,0.2223,-0.04376,0.00548,0.0079,-0.1526,-0.1505,-0.0386,0.00000,0.00000,-1.2106,-1.4296
1337,53.4800,0.0804,0.0000,0.4514,0.1016,0.0038,0.0341,0.0003,0.4144,0.4343,-1.3447,-1.6827,0.2226,-0.03341,0.00455,-0.0215,-0.1568,-0.1575,-0.0291,0.00000,0.00000,-1.2070,-1.4332
1338,53.5200,0.0801,0.0000,0.4572,0.1106,-0.0086,0.0163,0.0455,0.1776,0.3610,-1.3418,-1.6860,0.2220,-0.02247,0.00503,-0.0216,-0.1294,-0.1355,0.0311,0.00000,0.00000,-1.2035,-1.4367
1339,53.5600,0.0800,0.0000,0.4624,0.1202,-0.0099,0.0496,0.0246,0.0200,0.2842,-1.3390,-1.6897,0.2220,-0.01958,0.00746,0.0194,-0.1338,-0.1301,0.0208,0.00000,0.00000,-1.1999,-1.4401
1340,53.6000,0.0800,0.0000,0.4669,0.1096,0.0028,0.0598,-0.0009,0.2574,0.2804,-1.3360,-1.6932,0.2230,-0.01316,0.00848,0.0077,-0.1566,-0.1501,-0.0273,0.00000,0.00000,-1.1963,-1.4434
1341,53.6400,0.0800,0.0000,0.4708,0.1265,0.0004,0.0332,-0.0218,-0.0656,0.2150,-1.3326,-1.6965,0.2233,-0.01082,0.00686,0.0150,-0.1295,-0.1230,0.0454,0.00000,0.00000,-1.1926,-1.4466
1342,53.6800,0.0801,0.0000,0.4743,0.1290,-0.0071,0.0279,0.0052,-0.0826,0.3183,-1.3292,-1.7002,0.2231,-0.01376,0.00779,0.0115,-0.1314,-0.1477,-0.0098,0.00000,0.00000,-1.1890,-1.4498
1343,53.7200,0.0802,0.0000,0.4774,0.1348,-0.0051,0.0327,-0.0029,-0.1798,0.3002,-1.3258,-1.7040,0.2228,-0.01967,0.00867,0.0104,-0.1291,-0.1364,0.0297,0.00000,0.00000,-1.1853,-1.4528
1344,53.7600,0.0803,0.0000,0.4801,0.1310,-0.0110,0.0419,0.0645,-0.1040,0.3701,-1.3224,-1.7078,0.2230,-0.02459,0.01049,-0.0017,-0.1339,-0.1682,0.0116,0.00000,0.00000,-1.1816,-1.4557
1345,53.8000,0.0805,0.0000,0.4825,0.1214,0.0107,0.0427,-0.0634,0.0722,0.3444,-1.3189,-1.7112,0.2234,-0.02541,0.01008,0.0178,-0.1582,-0.1422,-0.0189,0.00000,0.00000,-1.1779,-1.4586
1346,53.8400,0.0807,0.0000,0.4846,0.1110,0.0007,0.0225,-0.0108,0.2528,0.3706,-1.3153,-1.7141,0.2233,-0.01724,0.00793,-0.0174,-0.1289,-0.1571,0.0129,0.00000,0.00000,-1.1742,-1.4613
1347,53.8800,0.0811,0.0000,0.4865,0.1265,0.0091,0.0360,-0.0644,-0.0185,0.1602,-1.3115,-1.7171,0.2229,-0.01483,0.00623,0.0474,-0.1300,-0.1012,0.0467,0.00000,0.00000,-1.1705,-1.4640
1348,53.9200,0.0815,0.0000,0.4881,0.1237,-0.0053,0.0372,0.0204,0.0796,0.3021,-1.3077,-1.7203,0.2231,-0.01247,0.00569,-0.0139,-0.1409,-0.1533,-0.0275,0.00000,0.00000,-1.1667,-1.4666
1349,53.9600,0.0818,0.0000,0.4895,0.1269,-0.0065,0.0259,0.0270,0.0457,0.3107,-1.3041,-1.7238,0.2229,-0.01067,0.00718,-0.0010,-0.1397,-0.1346,0.0130,0.00000,0.00000,-1.1629,-1.4690
1350,54.0000,0.0821,0.0000,0.4908,0.1354,0.0085,0.0308,-0.0281,-0.0843,0.2503,-1.3001,-1.7270,0.2225,-0.01229,0.00642,0.0215,-0.1288,-0.1116,0.0084,0.00000,0.00000,-1.1591,-1.4714
1351,54.0400,0.0825,0.0000,0.4919,0.1192,0.0026,0.0538,-0.0215,0.3043,0.2944,-1.2960,-1.7301,0.2229,-0.00570,0.00523,0.0205,-0.1378,-0.1569,0.0154,0.00000,0.00000,-1.1553,-1.4737
1352,54.0800,0.0829,0.0000,0.4929,0.1368,-0.0034,0.0305,-0.0061,0.0316,0.2315,-1.2919,-1.7333,0.2231,-0.00050,0.00455,0.0076,-0.1281,-0.1145,0.0178,0.00000,0.00000,-1.1515,-1.4759
1353,54.1200,0.0832,0.0000,0.4937,0.1435,-0.0087,0.0415,0.0332,-0.0171,0.2939,-1.2877,-1.7369,0.2230,-0.00042,0.00617,0.0200,-0.1382,-0.1500,0.0206,0.00000,0.00000,-1.1476,-1.4780
1354,54.1600,0.0835,0.0000,0.4945,0.1516,-0.0003,0.0379,-0.0075,-0.0902,0.3254,-1.2831,-1.7406,0.2232,-0.00341,0.00691,0.0019,-0.1503,-0.1384,-0.0146,0.00000,0.00000,-1.1437,-1.4800
1355,54.2000,0.0838,0.0000,0.4951,0.1537,0.0017,0.0303,0.0064,-0.0706,0.3599,-1.2783,-1.7441,0.2231,-0.00653,0.00647,0.0012,-0.1407,-0.1444,0.0087,0.00000,0.00000,-1.1398,-1.4819
1356,54.2400,0.0842,0.0000,0.4957,0.1495,0.0017,0.0375,-0.0231,0.0891,0.3551,-1.2734,-1.7476,0.2230,-0.00561,0.00594,-0.0009,-0.1507,-0.1526,0.0012,0.00000,0.00000,-1.1359,-1.4837
1357,54.2800,0.0846,0.0000,0.4962,0.1620,-0.0116,0.0360,0.0548,-0.0859,0.3183,-1.2685,-1.7512,0.2230,-0.00584,0.00654,0.0069,-0.1168,-0.1410,0.0440,0.00000,0.00000,-1.1320,-1.4854
1358,54.3200,0.0849,0.0000,0.4967,0.1737,-0.0114,0.0477,0.0307,-0.2540,0.2987,-1.2634,-1.7553,0.2232,-0.01381,0.00918,0.0285,-0.1326,-0.1456,0.0218,0.00000,0.00000,-1.1281,-1.4870
1359,54.3600,0.0853,0.0000,0.4971,0.1600,0.0003,0.0401,-0.0085,0.0408,0.3332,-1.2581,-1.7591,0.2237,-0.01703,0.01039,0.0134,-0.1335,-0.1460,-0.0119,0.00000,0.00000,-1.1241,-1.4886
1360,54.4000,0.0856,0.0000,0.4974,0.1678,0.0104,0.0231,-0.0426,-0.1298,0.3069,-1.2525,-1.7623,0.2235,-0.01973,0.00813,0.0102,-0.1387,-0.1358,0.0296,0.00000,0.00000,-1.1201,-1.4900
1361,54.4400,0.0859,0.0000,0.4977,0.1634,-0.0066,0.0231,0.0288,-0.0206,0.3285,-1.2470,-1.7656,0.2230,-0.02212,0.00767,0.0018,-0.1171,-0.1279,0.0389,0.00000,0.00000,-1.1161,-1.4913
1362,54.4800,0.0862,0.0000,0.4980,0.1684,-0.0046,0.0292,0.0198,-0.1187,0.2976,-1.2416,-1.7692,0.2227,-0.02573,0.00860,0.0155,-0.1208,-0.1098,0.0346,0.00000,0.00000,-1.1121,-1.4926
1363,54.5200,0.0865,0.0000,0.4982,0.1550,0.0031,0.0227,0.0081,0.1336,0.3606,-1.2361,-1.7725,0.2225,-0.02428,0.00890,-0.0007,-0.1194,-0.1229,-0.0196,0.00000,0.00000,-1.1081,-1.4937
1364,54.5600,0.0868,0.0000,0.4985,0.1667,0.0060,0.0190,-0.0324,-0.1271,0.3484,-1.2305,-1.7754,0.2219,-0.02529,0.00685,0.0125,-0.1141,-0.1144,0.0362,0.00000,0.00000,-1.1040,-1.4948
1365,54.6000,0.0872,0.0000,0.4986,0.1695,-0.0143,0.0257,0.0704,-0.1638,0.3865,-1.2249,-1.7787,0.2215,-0.03079,0.00768,-0.0085,-0.1084,-0.1435,0.0098,0.00000,0.00000,-1.0999,-1.4957
1366,54.6400,0.0876,0.0000,0.4988,0.1575,-0.0030,0.0427,0.0199,0.0784,0.3518,-1.2194,-1.7821,0.2217,-0.03215,0.00974,0.0025,-0.1351,-0.1395,-0.0121,0.00000,0.00000,-1.0959,-1.4966
1367,54.6800,0.0881,0.0000,0.4989,0.1609,0.0147,0.0307,-0.0723,-0.0223,0.3219,-1.2137,-1.7846,0.2219,-0.03179,0.00734,0.0171,-0.1203,-0.0906,0.0187,0.00000,0.00000,-1.0917,-1.4973
1368,54.7200,0.0886,0.0000,0.4991,0.1548,0.0062,0.0141,-0.0313,0.0693,0.2958,-1.2079,-1.7870,0.2214,-0.02974,0.00471,0.0169,-0.0961,-0.1180,0.0036,0.00000,0.00000,-1.0876,-1.4980
1369,54.7600,0.0891,0.0000,0.4992,0.1533,-0.0048,0.0352,0.0426,0.1210,0.3471,-1.2024,-1.7896,0.2211,-0.02577,0.00448,0.0001,-0.1244,-0.1344,0.0203,0.00000,0.00000,-1.0835,-1.4986
1370,54.8000,0.0897,0.0000,0.4993,0.1644,-0.0163,0.0377,0.0962,-0.1961,0.4248,-1.1969,-1.7926,0.2213,-0.02837,0.00618,-0.0112,-0.1249,-0.1327,0.0100,0.00000,0.00000,-1.0793,-1.4991
1371,54.8400,0.0904,0.0000,0.4994,0.1521,-0.0052,0.0465,0.0229,-0.0544,0.4441,-1.1916,-1.7956,0.2218,-0.03329,0.00845,0.0064,-0.1441,-0.1393,-0.0112,0.00000,0.00000,-1.0751,-1.4994
1372,54.8800,0.0912,0.0000,0.4994,0.1410,0.0042,0.0305,-0.0066,0.0707,0.3656,-1.1863,-1.7978,0.2220,-0.03199,0.00776,0.0010,-0.1133,-0.1241,0.0126,0.00000,0.00000,-1.0710,-1.4997
1373,54.9200,0.0922,0.0000,0.4995,0.1453,-0.0006,0.0256,-0.0051,-0.0670,0.3486,-1.1811,-1.7998,0.2217,-0.03257,0.00672,-0.0020,-0.1230,-0.1280,0.0239,0.00000,0.00000,-1.0667,-1.4999
1374,54.9600,0.0932,0.0000,0.4996,0.1342,0.0071,0.0373,-0.0196,0.1314,0.2687,-1.1759,-1.8017,0.2217,-0.03096,0.00606,0.0042,-0.1375,-0.1196,-0.0093,0.00000,0.00000,-1.0625,-1.5000
1375,55.0000,0.0943,0.0000,0.4996,0.1363,0.0062,0.0317,-0.0141,0.0497,0.2860,-1.1707,-1.8032,0.2218,-0.02741,0.00411,0.0103,-0.1177,-0.1042,0.0170,0.00000,0.00000,-1.0583,-1.5000
1376,55.0400,0.0953,0.0000,0.4997,0.1296,-0.0135,0.0357,0.0659,0.1749,0.3993,-1.1658,-1.8051,0.2218,-0.02211,0.00512,0.0011,-0.1194,-0.1398,0.0264,0.00000,0.00000,-1.0540,-1.4999
1377,55.0800,0.0965,0.0000,0.4997,0.1357,-0.0016,0.0310,0.0009,0.0606,0.4027,-1.1609,-1.8072,0.2218,-0.01875,0.00648,-0.0071,-0.1409,-0.1136,-0.0148,0.00000,0.00000,-1.0497,-1.4997
1378,55.1200,0.0978,0.0000,0.4997,0.1443,0.0067,0.0295,-0.0184,-0.1110,0.3486,-1.1556,-1.8086,0.2215,-0.02044,0.00527,0.0141,-0.1168,-0.1066,0.0227,0.00000,0.00000,-1.0454,-1.4994
1379,55.1600,0.0993,0.0000,0.4998,0.1431,-0.0184,0.0402,0.0885,-0.0598,0.3611,-1.1504,-1.8105,0.2216,-0.02303,0.00648,-0.0118,-0.1137,-0.1528,0.0402,0.00000,0.00000,-1.0411,-1.4990
1380,55.2000,0.1008,0.0000,0.4998,0.1455,-0.0069,0.0497,0.0306,-0.0899,0.3139,-1.1451,-1.8127,0.2221,-0.02710,0.00916,0.0083,-0.1400,-0.1244,0.0035,0.00000,0.00000,-1.0368,-1.4985
1381,55.2400,0.1023,0.0000,0.4998,0.1374,-0.0024,0.0377,0.0048,0.0332,0.3461,-1.1399,-1.8143,0.2226,-0.02735,0.00957,-0.0016,-0.1229,-0.1344,0.0231,0.00000,0.00000,-1.0325,-1.4979
1382,55.2800,0.1039,0.0000,0.4998,0.1314,0.0121,0.0141,-0.0611,0.1284,0.2984,-1.1346,-1.8154,0.2221,-0.02432,0.00840,0.0054,-0.1178,-0.0977,-0.0039,0.00000,0.00000,-1.0281,-1.4973
1383,55.3200,0.1055,0.0000,0.4999,0.1336,-0.0130,0.0254,0.0567,0.0913,0.5007,-1.1295,-1.8166,0.2216,-0.01915,0.00798,-0.0482,-0.1341,-0.1714,0.0381,0.00000,0.00000,-1.0237,-1.4965
1384,55.3600,0.1073,0.0000,0.4999,0.1414,-0.0110,0.0430,0.0540,0.0030,0.3557,-1.1243,-1.8184,0.2215,-0.01889,0.01067,-0.0115,-0.1367,-0.1143,0.0284,0.00000,0.00000,-1.0193,-1.4956
1385,55.4000,0.1093,0.0000,0.4999,0.1408,0.0137,0.0428,-0.0758,0.0375,0.2949,-1.1188,-1.8194,0.2220,-0.01824,0.00997,0.0049,-0.1342,-0.1054,-0.0184,0.00000,0.00000,-1.0149,-1.4947
1386,55.4400,0.1112,0.0000,0.4999,0.1476,0.0074,0.0236,-0.0459,-0.0894,0.3462,-1.1132,-1.8199,0.2219,-0.01933,0.00719,-0.0032,-0.1181,-0.1218,0.0281,0.00000,0.00000,-1.0105,-1.4936
1387,55.4800,0.1132,0.0000,0.4999,0.1442,-0.0004,0.0329,-0.0057,0.0175,0.2972,-1.1075,-1.8208,0.2216,-0.02039,0.00663,0.0154,-0.1133,-0.1249,0.0170,0.00000,0.00000,-1.0060,-1.4924
1388,55.5200,0.1152,0.0000,0.4999,0.1449,-0.0082,0.0317,0.0399,0.0297,0.3405,-1.1019,-1.8219,0.2216,-0.01920,0.00730,-0.0108,-0.1098,-0.1261,0.0032,0.00000,0.00000,-1.0016,-1.4912
1389,55.5600,0.1172,0.0000,0.4999,0.1497,-0.0016,0.0375,0.0030,-0.0457,0.3056,-1.0962,-1.8230,0.2215,-0.02056,0.00808,0.0054,-0.1270,-0.1128,0.0285,0.00000,0.00000,-0.9971,-1.4898
1390,55.6000,0.1193,0.0000,0.4999,0.1562,-0.0049,0.0373,0.0255,-0.1661,0.3567,-1.0903,-1.8239,0.2218,-0.02513,0.00828,-0.0016,-0.1169,-0.1152,0.0341,0.00000,0.00000,-0.9926,-1.4884
1391,55.6400,0.1213,0.0000,0.5000,0.1410,-0.0045,0.0462,-0.0026,0.1378,0.3986,-1.0846,-1.8249,0.2221,-0.02447,0.00932,0.0030,-0.1345,-0.1470,0.0124,0.00000,0.00000,-0.9881,-1.4869
1392,55.6800,0.1235,0.0000,0.5000,0.1492,0.0135,0.0329,-0.0691,-0.0346,0.2910,-1.0788,-1.8252,0.2223,-0.02366,0.00759,0.0116,-0.1321,-0.1010,0.0168,0.00000,0.00000,-0.9836,-1.4852
1393,55.7200,0.1258,0.0000,0.5000,0.1359,0.0035,0.0229,-0.0209,0.2398,0.4015,-1.0732,-1.8254,0.2221,-0.01786,0.00613,-0.0142,-0.1272,-0.1353,-0.0109,0.00000,0.00000,-0.9791,-1.4835
1394,55.7600,0.1281,0.0000,0.5000,0.1585,-0.0166,0.0225,0.0702,-0.1867,0.4257,-1.0674,-1.8260,0.2215,-0.01844,0.00673,-0.0196,-0.1164,-0.1387,0.0533,0.00000,0.00000,-0.9745,-1.4817
1395,55.8000,0.1306,0.0000,0.5000,0.1486,0.0088,0.0532,-0.0340,0.0677,0.3486,-1.0614,-1.8267,0.2217,-0.02123,0.00799,0.0168,-0.1545,-0.1131,-0.0332,0.00000,0.00000,-0.9699,-1.4798
1396,55.8400,0.1332,0.0000,0.5000,0.1466,0.0212,0.0265,-0.1105,0.0958,0.2624,-1.0555,-1.8261,0.2220,-0.01734,0.00410,0.0030,-0.1183,-0.0965,-0.0023,0.00000,0.00000,-0.9654,-1.4777
1397,55.8800,0.1357,0.0000,0.5000,0.1518,-0.0194,0.0283,0.0904,0.0386,0.4513,-1.0496,-1.8263,0.2216,-0.01411,0.00392,-0.0267,-0.1273,-0.1591,0.0543,0.00000,0.00000,-0.9608,-1.4756
1398,55.9200,0.1383,0.0000,0.5000,0.1453,-0.0016,0.0475,-0.0011,0.2531,0.3470,-1.0436,-1.8271,0.2217,-0.00875,0.00675,0.0110,-0.1473,-0.1121,-0.0301,0.00000,0.00000,-0.9561,-1.4734
1399,55.9600,0.1411,0.0000,0.5000,0.1446,0.0068,0.0392,-0.0227,0.3407,0.2744,-1.0376,-1.8268,0.2221,0.00395,0.00558,-0.0044,-0.1202,-0.1107,0.0276,0.00000,0.00000,-0.9515,-1.4711
1400,56.0000,0.1438,0.0000,0.5000,0.1796,-0.0132,0.0285,0.0616,-0.2345,0.3488,-1.0311,-1.8268,0.2218,0.00374,0.00577,0.0058,-0.1086,-0.1205,0.0503,0.00000,0.00000,-0.9469,-1.4687
1401,56.0400,0.1466,0.0000,0.5000,0.1749,-0.0091,0.0508,0.0365,-0.0023,0.4246,-1.0242,-1.8273,0.2220,-0.00106,0.00881,-0.0076,-0.1553,-0.1473,-0.0214,0.00000,0.00000,-0.9422,-1.4663
1402,56.0800,0.1494,0.0000,0.5000,0.1772,0.0075,0.0489,-0.0367,0.0524,0.3563,-1.0172,-1.8269,0.2226,-0.00007,0.00845,-0.0108,-0.1501,-0.1292,0.0272,0.00000,0.00000,-0.9375,-1.4637
1403,56.1200,0.1522,0.0000,0.5000,0.1891,-0.0009,0.0320,-0.0007,-0.0823,0.3701,-1.0100,-1.8263,0.2227,-0.00082,0.00756,0.0065,-0.1177,-0.1277,0.0309,0.00000,0.00000,-0.9328,-1.4610
1404,56.1600,0.1551,0.0000,0.5000,0.1899,-0.0025,0.0281,0.0043,0.0153,0.2674,-1.0025,-1.8259,0.2223,-0.00225,0.00824,0.0022,-0.1187,-0.1232,0.0119,0.00000,0.00000,-0.9281,-1.4582
1405,56.2000,0.1579,0.0000,0.5000,0.1894,0.0077,0.0472,-0.0483,0.1388,0.3295,-0.9949,-1.8251,0.2224,0.00110,0.00751,0.0085,-0.1405,-0.1270,0.0093,0.00000,0.00000,-0.9234,-1.4554
1406,56.2400,0.1607,0.0000,0.5000,0.1879,0.0064,0.0350,-0.0356,0.2945,0.3128,-0.9873,-1.8240,0.2225,0.01058,0.00615,0.0084,-0.1220,-0.1210,0.0097,0.00000,0.00000,-0.9187,-1.4524
1407,56.2800,0.1634,0.0000,0.5000,0.2209,0.0118,0.0311,-0.0704,-0.2235,0.2418,-0.9793,-1.8226,0.2221,0.00922,0.00367,0.0419,-0.1169,-0.0865,0.0362,0.00000,0.00000,-0.9139,-1.4494
1408,56.3200,0.1660,0.0000,0.5000,0.2272,-0.0166,0.0441,0.0757,-0.1973,0.3413,-0.9706,-1.8216,0.2222,0.00165,0.00453,0.0035,-0.1174,-0.1520,0.0216,0.00000,0.00000,-0.9091,-1.4463
1409,56.3600,0.1686,0.0000,0.5000,0.2274,-0.0099,0.0424,0.0423,-0.0940,0.4051,-0.9617,-1.8211,0.2225,-0.00467,0.00765,0.0046,-0.1377,-0.1295,-0.0135,0.00000,0.00000,-0.9044,-1.4430
1410,56.4000,0.1711,0.0000,0.5000,0.2265,0.0078,0.0436,-0.0484,-0.0204,0.3484,-0.9529,-1.8197,0.2228,-0.00681,0.00739,0.0154,-0.1398,-0.1317,0.0338,0.00000,0.00000,-0.8996,-1.4397
1411,56.4400,0.1737,0.0000,0.5000,0.2355,0.0102,0.0388,-0.0555,-0.1319,0.2381,-0.9440,-1.8177,0.2230,-0.01010,0.00506,0.0384,-0.1178,-0.1152,0.0321,0.00000,0.00000,-0.8948,-1.4363
1412,56.4800,0.1762,0.0000,0.5000,0.2178,-0.0031,0.0373,-0.0086,0.2918,0.3830,-0.9351,-1.8161,0.2232,-0.00473,0.00486,0.0125,-0.1296,-0.1521,-0.0151,0.00000,0.00000,-0.8899,-1.4328
1413,56.5200,0.1787,0.0000,0.5000,0.2250,0.0048,0.0249,-0.0307,0.2254,0.2434,-0.9262,-1.8142,0.2228,0.00481,0.00434,0.0213,-0.1214,-0.1126,0.0214,0.00000,0.00000,-0.8851,-1.4292
1414,56.5600,0.1812,0.0000,0.5000,0.2227,0.0105,0.0714,-0.0551,0.4195,0.0907,-0.9173,-1.8121,0.2232,0.01863,0.00279,0.0728,-0.1291,-0.1313,0.0537,0.00000,0.00000,-0.8803,-1.4255
1415,56.6000,0.1834,0.0000,0.5000,0.2480,-0.0262,0.0446,0.1186,0.1022,0.2913,-0.9078,-1.8103,0.2240,0.02879,0.00418,0.0022,-0.1099,-0.1564,0.0105,0.00000,0.00000,-0.8754,-1.4217
1416,56.6400,0.1855,0.0000,0.5000,0.2610,-0.0108,0.0598,0.0479,0.0458,0.1674,-0.8975,-1.8090,0.2240,0.02946,0.00892,0.0791,-0.1340,-0.1239,0.0633,0.00000,0.00000,-0.8705,-1.4178
1417,56.6800,0.1875,0.0000,0.5000,0.2691,0.0053,0.0691,-0.0343,0.0721,0.2371,-0.8872,-1.8066,0.2251,0.03266,0.00907,0.0520,-0.1273,-0.1568,0.0173,0.00000,0.00000,-0.8656,-1.4139
1418,56.7200,0.1893,0.0000,0.5000,0.2802,0.0086,0.0254,-0.0498,0.0755,0.2150,-0.8764,-1.8037,0.2250,0.03474,0.00782,0.0406,-0.1181,-0.1174,0.0171,0.00000,0.00000,-0.8607,-1.4098
1419,56.7600,0.1909,0.0000,0.5000,0.3091,-0.0036,0.0346,0.0034,-0.3285,0.3668,-0.8652,-1.8006,0.2242,0.02808,0.00702,0.0274,-0.1292,-0.1526,0.0565,0.00000,0.00000,-0.8558,-1.4057
1420,56.8000,0.1925,0.0000,0.5000,0.3198,-0.0085,0.0353,0.0302,-0.3667,0.3843,-0.8533,-1.7977,0.2239,0.01340,0.00882,0.0233,-0.1144,-0.1294,-0.0044,0.00000,0.00000,-0.8509,-1.4015
1421,56.8400,0.1942,0.0000,0.5000,0.3128,0.0016,0.0318,-0.0181,-0.1382,0.4014,-0.8413,-1.7945,0.2237,0.00402,0.00971,0.0128,-0.1159,-0.1361,0.0019,0.00000,0.00000,-0.8459,-1.3971
1422,56.8800,0.1958,0.0000,0.5000,0.3137,0.0176,0.0415,-0.0958,-0.0918,0.3492,-0.8297,-1.7904,0.2236,-0.00083,0.00724,0.0241,-0.1377,-0.1286,0.0236,0.00000,0.00000,-0.8409,-1.3927
1423,56.9200,0.1975,0.0000,0.5000,0.3212,0.0091,0.0293,-0.0524,-0.1878,0.2989,-0.8180,-1.7860,0.2236,-0.00648,0.00399,0.0111,-0.1200,-0.1256,0.0099,0.00000,0.00000,-0.8360,-1.3882
1424,56.9600,0.1992,0.0000,0.5000,0.3205,-0.0234,0.0202,0.1261,-0.1506,0.4985,-0.8059,-1.7824,0.2232,-0.01230,0.00584,-0.0222,-0.1078,-0.1677,0.0065,0.00000,0.00000,-0.8310,-1.3836
1425,57.0000,0.2009,0.0000,0.5000,0.3212,0.0054,0.0378,-0.0327,-0.1838,0.3430,-0.7938,-1.7786,0.2230,-0.02060,0.00774,0.0421,-0.1178,-0.1105,0.0078,0.00000,0.00000,-0.8260,-1.3789
1426,57.0400,0.2027,0.0000,0.5000,0.3116,0.0041,0.0399,-0.0301,-0.0406,0.4702,-0.7823,-1.7740,0.2236,-0.02355,0.00575,-0.0239,-0.1353,-0.1683,-0.0067,0.00000,0.00000,-0.8210,-1.3742
1427,57.0800,0.2046,0.0000,0.5000,0.3087,0.0042,0.0326,-0.0276,-0.0297,0.3740,-0.7710,-1.7693,0.2237,-0.02552,0.00458,0.0199,-0.1232,-0.1246,0.0344,0.00000,0.00000,-0.8159,-1.3693
1428,57.1200,0.2066,0.0000,0.5000,0.3044,0.0138,0.0358,-0.0746,-0.0077,0.3402,-0.7599,-1.7643,0.2239,-0.02616,0.00210,0.0198,-0.1310,-0.1276,-0.0078,0.00000,0.00000,-0.8109,-1.3644
1429,57.1600,0.2087,0.0000,0.5000,0.3069,0.0091,0.0169,-0.0527,-0.1363,0.4224,-0.7491,-1.7590,0.2238,-0.02950,-0.00118,0.0023,-0.1243,-0.1185,-0.0054,0.00000,0.00000,-0.8058,-1.3593
1430,57.2000,0.2107,0.0000,0.5000,0.2948,-0.0047,0.0189,0.0162,0.0234,0.4205,-0.7383,-1.7541,0.2233,-0.03062,-0.00188,0.0069,-0.1035,-0.1327,0.0161,0.00000,0.00000,-0.8008,-1.3542
1431,57.2400,0.2130,0.0000,0.5000,0.2895,0.0034,0.0441,-0.0235,0.0740,0.3728,-0.7277,-1.7492,0.2234,-0.02892,-0.00240,-0.0025,-0.1469,-0.1334,-0.0015,0.00000,0.00000,-0.7957,-1.3490
1432,57.2800,0.2153,0.0000,0.5000,0.2858,-0.0066,0.0321,0.0232,0.0725,0.4887,-0.7175,-1.7442,0.2239,-0.02535,-0.00284,-0.0226,-0.1277,-0.1394,-0.0091,0.00000,0.00000,-0.7906,-1.3437
1433,57.3200,0.2178,0.0000,0.5000,0.2976,0.0016,0.0229,-0.0152,-0.2787,0.3863,-0.7072,-1.7390,0.2236,-0.03144,-0.00302,0.0044,-0.1126,-0.1213,0.0208,0.00000,0.00000,-0.7855,-1.3384
1434,57.3600,0.2204,0.0000,0.5000,0.2811,0.0105,0.0490,-0.0302,-0.0519,0.4011,-0.6974,-1.7335,0.2241,-0.03676,-0.00495,0.0058,-0.1268,-0.1444,-0.0077,0.00000,0.00000,-0.7804,-1.3329
1435,57.4000,0.2231,0.0000,0.5000,0.2680,0.0062,0.0325,-0.0343,0.1498,0.3673,-0.6881,-1.7279,0.2246,-0.03394,-0.00735,-0.0023,-0.1337,-0.1282,0.0045,0.00000,0.00000,-0.7752,-1.3274
1436,57.4400,0.2260,0.0000,0.5000,0.2724,0.0035,0.0167,-0.0213,-0.0057,0.3786,-0.6789,-1.7223,0.2244,-0.03163,-0.00939,0.0014,-0.1283,-0.1137,0.0101,0.00000,0.00000,-0.7701,-1.3217
1437,57.4800,0.2289,0.0000,0.5000,0.2626,-0.0114,0.0196,0.0500,0.1544,0.4940,-0.6697,-1.7170,0.2240,-0.02736,-0.00878,-0.0327,-0.1345,-0.1567,-0.0188,0.00000,0.00000,-0.7649,-1.3160
1438,57.5200,0.2319,0.0000,0.5000,0.2626,0.0034,0.0336,-0.0194,0.1545,0.3740,-0.6606,-1.7116,0.2238,-0.02177,-0.00850,0.0050,-0.1314,-0.1070,0.0097,0.00000,0.00000,-0.7598,-1.3102
1439,57.5600,0.2352,0.0000,0.5000,0.2718,0.0047,0.0411,-0.0133,-0.0136,0.3314,-0.6519,-1.7056,0.2241,-0.01927,-0.01059,0.0069,-0.1304,-0.1143,0.0205,0.00000,0.00000,-0.7546,-1.3043
1440,57.6000,0.2384,0.0000,0.5000,0.2771,-0.0132,0.0269,0.0570,-0.1048,0.4305,-0.6427,-1.6998,0.2242,-0.02166,-0.00988,-0.0171,-0.1294,-0.1367,-0.0112,0.00000,0.00000,-0.7494,-1.2983
1441,57.6400,0.2417,0.0000,0.5000,0.2627,0.0050,0.0367,-0.0317,0.1917,0.3654,-0.6337,-1.6939,0.2241,-0.01927,-0.00895,0.0199,-0.1335,-0.1165,-0.0104,0.00000,0.00000,-0.7442,-1.2923
1442,57.6800,0.2452,0.0000,0.5000,0.2792,0.0063,0.0274,-0.0190,-0.1417,0.4194,-0.6253,-1.6873,0.2242,-0.01881,-0.01213,-0.0029,-0.1269,-0.1301,0.0034,0.00000,0.00000,-0.7390,-1.2862
1443,57.7200,0.2486,0.0000,0.5000,0.2608,-0.0022,0.0291,0.0254,0.2688,0.4230,-0.6166,-1.6809,0.2240,-0.01489,-0.01202,-0.0091,-0.1387,-0.1332,-0.0266,0.00000,0.00000,-0.7338,-1.2799
1444,57.7600,0.2522,0.0000,0.4984,0.2727,0.0014,0.0370,-0.0329,0.0804,0.2823,-0.6082,-1.6743,0.2239,-0.00878,-0.01328,0.0034,-0.1285,-0.0985,0.0427,0.00000,0.00000,-0.7285,-1.2737
1445,57.8000,0.2558,0.0000,0.4954,0.2800,-0.0059,0.0230,0.0214,0.0168,0.3667,-0.5994,-1.6676,0.2238,-0.00702,-0.01311,-0.0166,-0.1258,-0.0970,-0.0282,0.00000,0.00000,-0.7233,-1.2673
1446,57.8400,0.2593,0.0000,0.4913,0.2867,-0.0050,0.0257,0.0177,-0.0387,0.3934,-0.5905,-1.6606,0.2232,-0.00811,-0.01217,-0.0109,-0.1297,-0.0912,0.0297,0.00000,0.00000,-0.7180,-1.2608
1447,57.8800,0.2629,0.0000,0.4858,0.3010,-0.0096,0.0323,0.0417,-0.2392,0.3560,-0.5815,-1.6534,0.2231,-0.01382,-0.01111,-0.0077,-0.1105,-0.1090,0.0187,0.00000,0.00000,-0.7127,-1.2543
1448,57.9200,0.2664,0.0000,0.4791,0.2914,-0.0059,0.0431,0.0244,0.0273,0.4017,-0.5724,-1.6461,0.2234,-0.01720,-0.00894,-0.0014,-0.1251,-0.1097,-0.0077,0.00000,0.00000,-0.7074,-1.2476
1449,57.9600,0.2700,0.0000,0.4713,0.2826,0.0150,0.0351,-0.0799,0.2471,0.3338,-0.5640,-1.6383,0.2236,-0.01100,-0.01090,0.0085,-0.1266,-0.0871,-0.0003,0.00000,0.00000,-0.7021,-1.2409
1450,58.0000,0.2735,0.0000,0.4626,0.2862,-0.0004,0.0114,-0.0094,0.2549,0.3903,-0.5558,-1.6302,0.2231,-0.00006,-0.01377,-0.0397,-0.1152,-0.1121,-0.0075,0.00000,0.00000,-0.6968,-1.2342
1451,58.0400,0.2771,0.0000,0.4532,0.3151,-0.0137,0.0326,0.0620,-0.1666,0.3145,-0.5469,-1.6222,0.2223,-0.00054,-0.01239,-0.0027,-0.1106,-0.0886,0.0643,0.00000,0.00000,-0.6915,-1.2273
1452,58.0800,0.2806,0.0000,0.4431,0.3154,-0.0141,0.0609,0.0633,-0.0175,0.3798,-0.5375,-1.6140,0.2230,-0.00358,-0.00809,-0.0183,-0.1381,-0.1253,-0.0282,0.00000,0.00000,-0.6862,-1.2204
1453,58.1200,0.2840,0.0000,0.4325,0.3202,0.0020,0.0367,-0.0165,-0.0294,0.3733,-0.5284,-1.6052,0.2235,-0.00485,-0.00704,-0.0084,-0.1230,-0.0971,-0.0020,0.00000,0.00000,-0.6809,-1.2133
1454,58.1600,0.2874,0.0000,0.4213,0.3278,0.0116,0.0318,-0.0637,-0.0889,0.3254,-0.5198,-1.5957,0.2233,-0.00763,-0.00989,0.0087,-0.1228,-0.0918,0.0333,0.00000,0.00000,-0.6755,-1.2063
1455,58.2000,0.2907,0.0000,0.4097,0.3250,-0.0082,0.0241,0.0345,0.0732,0.3073,-0.5110,-1.5862,0.2231,-0.00630,-0.01054,-0.0321,-0.1057,-0.1261,-0.0067,0.00000,0.00000,-0.6701,-1.1991
1456,58.2400,0.2939,0.0000,0.3978,0.3299,0.0171,0.0390,-0.0903,0.1008,0.2555,-0.5022,-1.5764,0.2229,-0.00441,-0.01212,0.0104,-0.1449,-0.0597,-0.0102,0.00000,0.00000,-0.6648,-1.1918
1457,58.2800,0.2970,0.0000,0.3861,0.3396,0.0035,0.0290,0.0011,0.0069,0.3295,-0.4938,-1.5661,0.2228,-0.00133,-0.01636,-0.0164,-0.1095,-0.0948,0.0204,0.00000,0.00000,-0.6594,-1.1845
1458,58.3200,0.2999,0.0000,0.3743,0.3556,-0.0217,0.0295,0.1023,-0.1753,0.3342,-0.4843,-1.5560,0.2225,-0.00528,-0.01322,-0.0147,-0.1068,-0.1161,0.0215,0.00000,0.00000,-0.6540,-1.1771
1459,58.3600,0.3028,0.0000,0.3622,0.3632,-0.0120,0.0578,0.0557,-0.2093,0.2927,-0.4746,-1.5457,0.2230,-0.01357,-0.00806,0.0080,-0.1241,-0.1108,0.0151,0.00000,0.00000,-0.6486,-1.1696
1460,58.4000,0.3055,0.0000,0.3499,0.3579,-0.0034,0.0332,0.0130,-0.0607,0.3396,-0.4653,-1.5350,0.2237,-0.01821,-0.00614,-0.0157,-0.1133,-0.1058,-0.0124,0.00000,0.00000,-0.6432,-1.1621
1461,58.4400,0.3081,0.0000,0.3375,0.3514,0.0087,0.0147,-0.0461,0.0921,0.2291,-0.4565,-1.5239,0.2232,-0.01717,-0.00744,-0.0029,-0.1043,-0.0884,0.0238,0.00000,0.00000,-0.6377,-1.1545
1462,58.4800,0.3106,0.0000,0.3252,0.3516,0.0131,0.0293,-0.0692,0.1616,0.2109,-0.4482,-1.5125,0.2228,-0.01166,-0.01183,-0.0010,-0.1124,-0.0853,0.0125,0.00000,0.00000,-0.6323,-1.1468
1463,58.5200,0.3129,0.0000,0.3134,0.3682,0.0101,0.0372,-0.0554,-0.0851,0.2517,-0.4399,-1.5007,0.2228,-0.01106,-0.01662,0.0172,-0.1215,-0.0892,0.0016,0.00000,0.00000,-0.6269,-1.1390
1464,58.5600,0.3151,0.0000,0.3018,0.3664,-0.0137,0.0404,0.0651,0.0480,0.2353,-0.4309,-1.4892,0.2231,-0.01098,-0.01578,-0.0085,-0.1138,-0.1106,0.0293,0.00000,0.00000,-0.6214,-1.1311
1465,58.6000,0.3171,0.0000,0.2903,0.3747,-0.0008,0.0399,0.0011,-0.0425,0.1744,-0.4218,-1.4774,0.2234,-0.01178,-0.01346,0.0114,-0.1258,-0.0914,-0.0116,0.00000,0.00000,-0.6159,-1.1232
1466,58.6400,0.3190,0.0000,0.2793,0.3638,0.0074,0.0287,-0.0416,0.2385,0.2986,-0.4132,-1.4654,0.2234,-0.00668,-0.01487,-0.0097,-0.1260,-0.0954,-0.0214,0.00000,0.00000,-0.6105,-1.1152
1467,58.6800,0.3208,0.0000,0.2684,0.3868,0.0096,0.0158,-0.0521,-0.1531,0.1821,-0.4050,-1.4529,0.2227,-0.00636,-0.01940,0.0227,-0.0939,-0.0764,0.0317,0.00000,0.00000,-0.6050,-1.1072
1468,58.7200,0.3224,0.0000,0.2577,0.3931,-0.0154,0.0465,0.0726,-0.1513,0.2649,-0.3960,-1.4404,0.2227,-0.01194,-0.01821,0.0074,-0.1081,-0.1206,0.0227,0.00000,0.00000,-0.5995,-1.0990
1469,58.7600,0.3239,0.0000,0.2470,0.3959,-0.0119,0.0408,0.0567,-0.1399,0.2011,-0.3866,-1.4279,0.2233,-0.01819,-0.01302,0.0016,-0.1178,-0.1029,-0.0174,0.00000,0.00000,-0.5940,-1.0908
1470,58.8000,0.3254,0.0000,0.2365,0.3881,0.0056,0.0250,-0.0305,0.0191,0.2421,-0.3778,-1.4150,0.2234,-0.02015,-0.01236,0.0045,-0.1139,-0.0877,-0.0063,0.00000,0.00000,-0.5885,-1.0826
1471,58.8400,0.3266,0.0000,0.2262,0.3952,0.0141,0.0186,-0.0734,-0.1243,0.1975,-0.3698,-1.4017,0.2230,-0.02245,-0.01735,0.0293,-0.0982,-0.0853,0.0240,0.00000,0.00000,-0.5829,-1.0742
1472,58.8800,0.3278,0.0000,0.2160,0.3873,-0.0024,0.0280,0.0092,0.0747,0.1779,-0.3615,-1.3885,0.2228,-0.02216,-0.01939,-0.0047,-0.1103,-0.1176,-0.0063,0.00000,0.00000,-0.5774,-1.0658
1473,58.9200,0.3289,0.0000,0.2060,0.3869,0.0062,0.0263,-0.0331,0.1067,0.1378,-0.3532,-1.3754,0.2228,-0.01900,-0.02035,0.0194,-0.1056,-0.0642,-0.0181,0.00000,0.00000,-0.5719,-1.0573
1474,58.9600,0.3298,0.0000,0.1966,0.3929,0.0082,0.0344,-0.0437,-0.0002,0.1085,-0.3453,-1.3620,0.2227,-0.01688,-0.02406,0.0315,-0.1069,-0.0927,0.0172,0.00000,0.00000,-0.5663,-1.0488
1475,59.0000,0.3307,0.0000,0.1877,0.3981,-0.0088,0.0316,0.0410,-0.0542,0.1633,-0.3370,-1.3486,0.2229,-0.01797,-0.02407,0.0004,-0.1138,-0.1068,-0.0092,0.00000,0.00000,-0.5607,-1.0402
1476,59.0400,0.3314,0.0000,0.1792,0.4107,-0.0098,0.0315,0.0464,-0.2997,0.1467,-0.3283,-1.3352,0.2230,-0.02614,-0.02080,0.0211,-0.1140,-0.1104,0.0037,0.00000,0.00000,-0.5552,-1.0315
1477,59.0800,0.3320,0.0000,0.1709,0.3836,0.0096,0.0243,-0.0502,0.2182,0.1813,-0.3201,-1.3217,0.2231,-0.02591,-0.02003,0.0137,-0.1140,-0.0977,-0.0726,0.00000,0.00000,-0.5496,-1.0228
1478,59.1200,0.3325,0.0000,0.1629,0.3912,-0.0015,0.0226,0.0043,0.0401,0.1517,-0.3125,-1.3082,0.2228,-0.02059,-0.02397,0.0021,-0.0996,-0.1122,0.0672,0.00000,0.00000,-0.5440,-1.0139
1479,59.1600,0.3330,0.0000,0.1550,0.3950,-0.0277,0.0245,0.1344,0.0161,0.2311,-0.3040,-1.2950,0.2227,-0.01936,-0.01743,-0.0293,-0.1089,-0.1284,-0.0269,0.00000,0.00000,-0.5384,-1.0051
1480,59.2000,0.3334,0.0000,0.1470,0.3927,0.0067,0.0423,-0.0357,0.0696,0.1278,-0.2957,-1.2816,0.2228,-0.01866,-0.01319,0.0223,-0.1287,-0.0904,-0.0224,0.00000,0.00000,-0.5328,-0.9961
1481,59.2400,0.3338,0.0000,0.1391,0.4023,0.0086,0.0299,-0.0462,-0.1287,0.1381,-0.2884,-1.2676,0.2231,-0.01974,-0.01851,-0.0029,-0.1120,-0.1137,0.0030,0.00000,0.00000,-0.5272,-0.9871
1482,59.2800,0.3342,0.0000,0.1315,0.3927,-0.0037,0.0434,0.0154,0.0972,0.1744,-0.2808,-1.2537,0.2234,-0.01949,-0.01868,0.0220,-0.1220,-0.1264,0.0138,0.00000,0.00000,-0.5216,-0.9781
1483,59.3200,0.3345,0.0000,0.1240,0.4015,0.0017,0.0390,-0.0113,-0.0659,0.1210,-0.2732,-1.2398,0.2239,-0.01969,-0.01922,0.0159,-0.1270,-0.1075,0.0003,0.00000,0.00000,-0.5159,-0.9689
1484,59.3600,0.3347,0.0000,0.1166,0.4085,-0.0044,0.0226,0.0200,-0.2113,0.0743,-0.2656,-1.2257,0.2239,-0.02566,-0.01895,0.0250,-0.0971,-0.0971,0.0238,0.00000,0.00000,-0.5103,-0.9597
1485,59.4000,0.3349,0.0000,0.1098,0.3977,-0.0126,0.0210,0.0602,-0.0232,0.1400,-0.2576,-1.2119,0.2238,-0.02899,-0.01462,0.0099,-0.0958,-0.1346,-0.0092,0.00000,0.00000,-0.5047,-0.9505
1486,59.4400,0.3350,0.0000,0.1032,0.3931,0.0176,0.0356,-0.0896,0.0376,0.1162,-0.2504,-1.1978,0.2239,-0.02969,-0.01646,0.0225,-0.1480,-0.1002,-0.0117,0.00000,0.00000,-0.4990,-0.9412
1487,59.4800,0.3351,0.0000,0.0968,0.3890,0.0212,0.0050,-0.1081,0.0601,0.0705,-0.2441,-1.1835,0.2236,-0.02705,-0.02615,0.0112,-0.1013,-0.0740,-0.0209,0.00000,0.00000,-0.4933,-0.9318
1488,59.5200,0.3351,0.0000,0.0908,0.3924,-0.0139,0.0169,0.0655,-0.0197,0.1966,-0.2371,-1.1696,0.2229,-0.02557,-0.02802,-0.0048,-0.1099,-0.1432,0.0285,0.00000,0.00000,-0.4877,-0.9224
1489,59.5600,0.3351,0.0000,0.0847,0.3947,-0.0128,0.0369,0.0616,-0.0432,0.1418,-0.2294,-1.1559,0.2230,-0.02770,-0.02157,0.0086,-0.1221,-0.1034,-0.0253,0.00000,0.00000,-0.4820,-0.9129
1490,59.6000,0.3352,0.0000,0.0784,0.3948,0.0140,0.0397,-0.0707,-0.0913,0.0149,-0.2225,-1.1418,0.2235,-0.03098,-0.02280,0.0373,-0.1227,-0.0846,-0.0056,0.00000,0.00000,-0.4763,-0.9033
1491,59.6400,0.3351,0.0000,0.0726,0.3857,0.0102,0.0272,-0.0531,0.0352,0.0576,-0.2161,-1.1277,0.2239,-0.03080,-0.02872,0.0246,-0.1144,-0.1127,-0.0076,0.00000,0.00000,-0.4706,-0.8937
1492,59.6800,0.3351,0.0000,0.0674,0.3854,0.0079,0.0122,-0.0413,-0.0062,0.0557,-0.2097,-1.1137,0.2235,-0.03066,-0.03289,0.0228,-0.1185,-0.0921,-0.0186,0.00000,0.00000,-0.4649,-0.8840
1493,59.7200,0.3349,0.0000,0.0626,0.3858,0.0056,0.0139,-0.0294,-0.0569,-0.0006,-0.2032,-1.0997,0.2230,-0.03211,-0.03619,0.0207,-0.1109,-0.0855,-0.0090,0.00000,0.00000,-0.4592,-0.8743
1494,59.7600,0.3348,0.0000,0.0582,0.3746,0.0050,0.0382,-0.0269,0.1460,0.0404,-0.1967,-1.0860,0.2231,-0.02943,-0.03821,0.0287,-0.1292,-0.1016,-0.0200,0.00000,0.00000,-0.4535,-0.8645
1495,59.8000,0.3346,0.0000,0.0543,0.3861,0.0042,0.0266,-0.0228,-0.1275,0.0318,-0.1903,-1.0722,0.2234,-0.03012,-0.04147,0.0224,-0.1293,-0.0930,-0.0193,0.00000,0.00000,-0.4478,-0.8547
1496,59.8400,0.3344,0.0000,0.0508,0.3833,0.0012,0.0292,-0.0075,-0.1171,0.0323,-0.1837,-1.0585,0.2235,-0.03495,-0.04233,0.0397,-0.1283,-0.1052,-0.0174,0.00000,0.00000,-0.4420,-0.8448
1497,59.8800,0.3342,0.0000,0.0475,0.3761,-0.0129,0.0159,0.0633,-0.0339,0.0213,-0.1770,-1.0450,0.2234,-0.03721,-0.03944,0.0032,-0.1074,-0.1031,-0.0068,0.00000,0.00000,-0.4363,-0.8349
1498,59.9200,0.3339,0.0000,0.0446,0.3647,0.0070,0.0295,-0.0362,0.1362,0.0265,-0.1703,-1.0317,0.2234,-0.03520,-0.03766,0.0333,-0.1397,-0.0890,-0.0302,0.00000,0.00000,-0.4305,-0.8249
1499,59.9600,0.3337,0.0000,0.0419,0.3665,0.0057,0.0094,-0.0308,0.0263,0.0791,-0.1644,-1.0183,0.2232,-0.03179,-0.04239,-0.0051,-0.1214,-0.0878,-0.0242,0.00000,0.00000,-0.4248,-0.8148
1500,60.0000,0.3335,0.0000,0.0394,0.3791,-0.0238,0.0147,0.1182,-0.2581,0.0846,-0.1577,-1.0052,0.2226,-0.03700,-0.03842,0.0109,-0.0971,-0.1098,0.0478,0.00000,0.00000,-0.4190,-0.8047
1501,60.0400,0.3333,0.0000,0.0367,0.3727,-0.0101,0.0468,0.0498,-0.1577,0.0963,-0.1506,-0.9922,0.2231,-0.04560,-0.02954,0.0327,-0.1343,-0.1061,-0.0367,0.00000,0.00000,-0.4133,-0.7946
1502,60.0800,0.3332,0.0000,0.0338,0.3439,0.0206,0.0086,-0.1042,0.2891,0.0112,-0.1448,-0.9791,0.2234,-0.04152,-0.03231,0.0087,-0.1117,-0.0563,-0.0561,0.00000,0.00000,-0.4075,-0.7844
1503,60.1200,0.3332,0.0000,0.0311,0.3404,0.0095,-0.0076,-0.0496,0.2736,0.0543,-0.1397,-0.9662,0.2222,-0.02923,-0.04145,-0.0089,-0.0968,-0.0856,0.0191,0.00000,0.00000,-0.4017,-0.7741
1504,60.1600,0.3332,0.0000,0.0286,0.3475,0.0034,0.0273,-0.0174,0.1909,-0.0474,-0.1340,-0.9534,0.2214,-0.02096,-0.04428,0.0183,-0.1165,-0.0612,-0.0082,0.00000,0.00000,-0.3959,-0.7638
1505,60.2000,0.3332,0.0000,0.0264,0.3543,-0.0050,0.0508,0.0249,0.1213,-0.0327,-0.1281,-0.9406,0.2219,-0.01489,-0.04403,0.0066,-0.1260,-0.0767,-0.0150,0.00000,0.00000,-0.3902,-0.7534
1506,60.2400,0.3331,0.0000,0.0248,0.3708,-0.0228,0.0438,0.1132,-0.1513,0.0106,-0.1215,-0.9277,0.2226,-0.01641,-0.03720,0.0144,-0.1093,-0.0897,0.0323,0.00000,0.00000,-0.3844,-0.7430
1507,60.2800,0.3331,0.0000,0.0235,0.3647,-0.0088,0.0506,0.0428,0.0140,0.0159,-0.1146,-0.9148,0.2233,-0.01900,-0.02830,0.0286,-0.1320,-0.1064,-0.0179,0.00000,0.00000,-0.3786,-0.7326
1508,60.3200,0.3331,0.0000,0.0222,0.3594,-0.0014,0.0193,0.0046,0.1322,0.1351,-0.1084,-0.9017,0.2235,-0.01536,-0.02703,-0.0216,-0.1216,-0.0994,-0.0206,0.00000,0.00000,-0.3727,-0.7221
1509,60.3600,0.3331,0.0000,0.0207,0.3720,0.0205,0.0204,-0.1030,-0.0871,-0.0883,-0.1027,-0.8881,0.2227,-0.01609,-0.03263,0.0592,-0.1000,-0.0452,0.0401,0.00000,0.00000,-0.3669,-0.7116
1510,60.4000,0.3331,0.0000,0.0194,0.3724,-0.0028,0.0470,0.0114,-0.0077,0.0538,-0.0970,-0.8745,0.2231,-0.01662,-0.03711,0.0163,-0.1141,-0.1067,0.0148,0.00000,0.00000,-0.3611,-0.7010
1511,60.4400,0.3331,0.0000,0.0183,0.3657,-0.0076,0.0294,0.0364,0.1847,0.0253,-0.0905,-0.8612,0.2233,-0.01273,-0.03293,0.0223,-0.1067,-0.0793,-0.0260,0.00000,0.00000,-0.3553,-0.6903
1512,60.4800,0.3330,0.0000,0.0172,0.3759,-0.0122,0.0285,0.0587,0.0279,0.1074,-0.0840,-0.8478,0.2231,-0.00887,-0.02926,-0.0037,-0.1144,-0.1047,0.0325,0.00000,0.00000,-0.3494,-0.6797
1513,60.5200,0.3330,0.0000,0.0157,0.3733,-0.0078,0.0222,0.0379,0.1808,0.0376,-0.0774,-0.8342,0.2227,-0.00472,-0.02344,-0.0126,-0.1085,-0.0744,-0.0157,0.00000,0.00000,-0.3436,-0.6689
1514,60.5600,0.3330,0.0000,0.0142,0.4013,0.0002,0.0491,-0.0029,-0.2941,0.0409,-0.0711,-0.8201,0.2228,-0.00850,-0.02367,0.0366,-0.1075,-0.0996,0.0560,0.00000,0.00000,-0.3378,-0.6582
1515,60.6000,0.3329,0.0000,0.0125,0.3969,-0.0031,0.0276,0.0137,-0.1134,0.0265,-0.0645,-0.8057,0.2231,-0.01625,-0.02143,0.0040,-0.1004,-0.0859,-0.0483,0.00000,0.00000,-0.3319,-0.6474
1516,60.6400,0.3328,0.0000,0.0109,0.3878,-0.0023,0.0244,0.0102,0.0922,0.0186,-0.0581,-0.7915,0.2228,-0.01574,-0.01998,0.0087,-0.0908,-0.0864,0.0447,0.00000,0.00000,-0.3261,-0.6365
1517,60.6800,0.3327,0.0000,0.0094,0.4063,0.0013,0.0266,-0.0082,-0.2392,0.0291,-0.0518,-0.7770,0.2226,-0.01983,-0.02083,0.0167,-0.0981,-0.0909,0.0076,0.00000,0.00000,-0.3202,-0.6256
1518,60.7200,0.3324,0.0000,0.0079,0.3942,0.0043,0.0409,-0.0223,0.0408,-0.0393,-0.0454,-0.7624,0.2228,-0.02293,-0.02088,0.0230,-0.1102,-0.1008,-0.0028,0.00000,0.00000,-0.3143,-0.6147
1519,60.7600,0.3322,0.0000,0.0066,0.3959,0.0027,0.0240,-0.0155,0.0036,0.0397,-0.0393,-0.7479,0.2231,-0.02193,-0.02328,0.0005,-0.1037,-0.0885,-0.0054,0.00000,0.00000,-0.3085,-0.6038
1520,60.8000,0.3318,0.0000,0.0055,0.3864,0.0023,0.0224,-0.0131,0.2050,0.0529,-0.0330,-0.7335,0.2227,-0.01711,-0.02361,0.0186,-0.0992,-0.0858,0.0099,0.00000,0.00000,-0.3026,-0.5928
1521,60.8400,0.3315,0.0000,0.0043,0.3975,0.0082,0.0253,-0.0421,0.0202,-0.0434,-0.0270,-0.7189,0.2224,-0.01331,-0.02725,0.0258,-0.0868,-0.0675,0.0101,0.00000,0.00000,-0.2967,-0.5817
1522,60.8800,0.3311,0.0000,0.0032,0.4102,-0.0049,0.0384,0.0230,-0.1645,-0.0143,-0.0207,-0.7041,0.2225,-0.01694,-0.02812,0.0164,-0.1050,-0.0929,0.0223,0.00000,0.00000,-0.2908,-0.5706
1523,60.9200,0.3306,0.0000,0.0023,0.4101,-0.0159,0.0341,0.0778,-0.1273,0.0373,-0.0136,-0.6894,0.2228,-0.02246,-0.02168,0.0123,-0.0924,-0.1002,-0.0014,0.00000,0.00000,-0.2849,-0.5595
1524,60.9600,0.3301,0.0000,0.0015,0.4058,0.0088,0.0257,-0.0447,-0.0695,-0.0585,-0.0070,-0.6746,0.2229,-0.02677,-0.01951,0.0320,-0.1000,-0.0799,-0.0139,0.00000,0.00000,-0.2791,-0.5484
1525,61.0000,0.3296,0.0000,0.0009,0.3895,0.0278,0.0308,-0.1416,0.2299,-0.0010,-0.0014,-0.6597,0.2230,-0.02238,-0.02921,0.0249,-0.1217,-0.0833,-0.0231,0.00000,0.00000,-0.2732,-0.5372
1526,61.0400,0.3290,0.0000,0.0004,0.3987,-0.0129,0.0281,0.0616,0.0708,0.1049,0.0045,-0.6450,0.2229,-0.01566,-0.03412,-0.0045,-0.0994,-0.1253,0.0611,0.00000,0.00000,-0.2673,-0.5260
1527,61.0800,0.3284,0.0000,-0.0004,0.4206,-0.0054,0.0244,0.0262,-0.3088,-0.0906,0.0114,-0.6302,0.2227,-0.02344,-0.02804,0.0464,-0.0969,-0.0511,-0.0189,0.00000,0.00000,-0.2613,-0.5147
1528,61.1200,0.3278,0.0000,-0.0010,0.4044,-0.0170,0.0316,0.0833,-0.0001,0.1030,0.0184,-0.6155,0.2229,-0.02743,-0.02187,-0.0138,-0.0979,-0.1226,0.0025,0.00000,0.00000,-0.2554,-0.5034
1529,61.1600,0.3271,0.0000,-0.0017,0.4058,0.0171,0.0292,-0.0864,-0.0692,-0.0185,0.0248,-0.6007,0.2230,-0.03021,-0.02228,0.0465,-0.1167,-0.0681,-0.0026,0.00000,0.00000,-0.2495,-0.4921
1530,61.2000,0.3265,0.0000,-0.0026,0.3961,0.0099,0.0193,-0.0516,0.0806,0.0471,0.0304,-0.5857,0.2230,-0.02818,-0.03002,0.0069,-0.0971,-0.1056,-0.0088,0.00000,0.00000,-0.2436,-0.4807
1531,61.2400,0.3258,0.0000,-0.0034,0.3969,0.0163,0.0254,-0.0831,0.0568,-0.0520,0.0362,-0.5709,0.2227,-0.02638,-0.03631,0.0505,-0.1105,-0.0637,0.0039,0.00000,0.00000,-0.2377,-0.4694
1532,61.2800,0.3251,0.0000,-0.0042,0.4007,-0.0029,0.0296,0.0124,-0.0276,0.0493,0.0421,-0.5561,0.2229,-0.02521,-0.04022,0.0197,-0.1007,-0.0995,0.0006,0.00000,0.00000,-0.2318,-0.4579
1533,61.3200,0.3244,0.0000,-0.0049,0.3992,-0.0258,0.0276,0.1277,0.0085,0.1054,0.0491,-0.5417,0.2229,-0.02544,-0.03168,0.0027,-0.1038,-0.1133,0.0131,0.00000,0.00000,-0.2258,-0.4465
1534,61.3600,0.3237,0.0000,-0.0061,0.3929,0.0110,0.0412,-0.0557,0.1175,-0.0511,0.0556,-0.5273,0.2232,-0.02361,-0.02747,0.0513,-0.1179,-0.0660,-0.0170,0.00000,0.00000,-0.2199,-0.4350
1535,61.4000,0.3231,0.0000,-0.0073,0.4052,0.0103,0.0196,-0.0525,-0.1630,-0.0611,0.0611,-0.5124,0.2233,-0.02474,-0.03526,0.0172,-0.0981,-0.0896,0.0119,0.00000,0.00000,-0.2140,-0.4235
1536,61.4400,0.3224,0.0000,-0.0080,0.4053,-0.0024,0.0298,0.0107,-0.1622,-0.0288,0.0673,-0.4976,0.2232,-0.03152,-0.03574,0.0428,-0.1143,-0.1016,0.0133,0.00000,0.00000,-0.2080,-0.4120
1537,61.4800,0.3216,0.0000,-0.0085,0.3822,-0.0112,0.0184,0.0543,0.2682,0.1002,0.0739,-0.4832,0.2233,-0.02724,-0.03087,-0.0108,-0.1043,-0.1084,-0.0451,0.00000,0.00000,-0.2021,-0.4005
1538,61.5200,0.3209,0.0000,-0.0092,0.4038,0.0075,0.0296,-0.0380,-0.2128,-0.0328,0.0799,-0.4687,0.2230,-0.02850,-0.03204,0.0491,-0.1155,-0.0926,0.0476,0.00000,0.00000,-0.1961,-0.3889
1539,61.5600,0.3202,0.0000,-0.0101,0.3901,0.0042,0.0328,-0.0227,0.0522,-0.0089,0.0859,-0.4541,0.2234,-0.03032,-0.03387,0.0160,-0.1175,-0.1130,-0.0592,0.00000,0.00000,-0.1902,-0.3773
1540,61.6000,0.3194,0.0000,-0.0108,0.3938,-0.0168,0.0161,0.0813,-0.0786,0.1298,0.0921,-0.4398,0.2234,-0.03102,-0.03140,-0.0049,-0.1054,-0.1126,0.0349,0.00000,0.00000,-0.1842,-0.3656
1541,61.6400,0.3188,0.0000,-0.0118,0.3899,-0.0032,0.0267,0.0151,-0.0406,0.0581,0.0986,-0.4256,0.2231,-0.03387,-0.02541,0.0216,-0.1245,-0.1070,-0.0183,0.00000,0.00000,-0.1783,-0.3540
1542,61.6800,0.3181,0.0000,-0.0134,0.3759,0.0147,0.0262,-0.0750,0.1793,0.0420,0.1042,-0.4113,0.2233,-0.02998,-0.02923,0.0078,-0.1206,-0.1032,-0.0424,0.00000,0.00000,-0.1723,-0.3423
1543,61.7200,0.3176,0.0000,-0.0150,0.3769,-0.0047,0.0168,0.0221,0.1275,0.0326,0.1096,-0.3973,0.2230,-0.02336,-0.03268,-0.0012,-0.0978,-0.1121,0.0293,0.00000,0.00000,-0.1663,-0.3306
1544,61.7600,0.3170,0.0000,-0.0167,0.3866,-0.0048,0.0397,0.0237,-0.0365,-0.0428,0.1156,-0.3831,0.2230,-0.02279,-0.02939,0.0298,-0.1178,-0.1017,0.0024,0.00000,0.00000,-0.1604,-0.3189
1545,61.8000,0.3164,0.0000,-0.0183,0.3851,-0.0089,0.0333,0.0434,-0.0091,-0.0214,0.1218,-0.3690,0.2234,-0.02334,-0.02528,0.0079,-0.1004,-0.1041,-0.0135,0.00000,0.00000,-0.1544,-0.3072
1546,61.8400,0.3158,0.0000,-0.0195,0.3928,-0.0013,0.0231,0.0056,-0.1982,-0.0171,0.1278,-0.3548,0.2234,-0.02869,-0.02269,0.0238,-0.1081,-0.0959,0.0155,0.00000,0.00000,-0.1484,-0.2954
1547,61.8800,0.3152,0.0000,-0.0205,0.3839,0.0129,0.0304,-0.0652,-0.0707,-0.0671,0.1334,-0.3405,0.2234,-0.03344,-0.02522,0.0472,-0.1018,-0.0993,-0.0093,0.00000,0.00000,-0.1425,-0.2836
1548,61.9200,0.3146,0.0000,-0.0213,0.3794,0.0051,0.0276,-0.0267,-0.0421,-0.0406,0.1388,-0.3263,0.2237,-0.03504,-0.03015,0.0219,-0.1083,-0.1207,0.0055,0.00000,0.00000,-0.1365,-0.2719
1549,61.9600,0.3140,0.0000,-0.0217,0.3780,0.0023,0.0143,-0.0125,-0.0832,-0.0662,0.1445,-0.3123,0.2235,-0.03814,-0.03105,0.0256,-0.1064,-0.0893,-0.0116,0.00000,0.00000,-0.1305,-0.2600
1550,62.0000,0.3133,0.0000,-0.0219,0.3700,0.0213,0.0269,-0.1076,-0.0138,-0.1284,0.1497,-0.2983,0.2234,-0.04032,-0.03657,0.0475,-0.1272,-0.0822,-0.0145,0.00000,0.00000,-0.1245,-0.2482
1551,62.0400,0.3126,0.0000,-0.0216,0.3665,-0.0086,0.0135,0.0408,-0.0379,0.0524,0.1551,-0.2848,0.2234,-0.04015,-0.04019,-0.0134,-0.1110,-0.1255,-0.0032,0.00000,0.00000,-0.1186,-0.2364
1552,62.0800,0.3120,0.0000,-0.0212,0.3520,-0.0021,0.0277,0.0097,0.1956,0.0146,0.1611,-0.2716,0.2232,-0.03714,-0.03550,0.0110,-0.1497,-0.1123,-0.0303,0.00000,0.00000,-0.1126,-0.2245
1553,62.1200,0.3114,0.0000,-0.0212,0.3523,-0.0062,0.0257,0.0297,0.1259,0.0098,0.1665,-0.2586,0.2234,-0.03011,-0.03486,-0.0164,-0.1187,-0.1161,-0.0000,0.00000,0.00000,-0.1066,-0.2126
1554,62.1600,0.3109,0.0000,-0.0214,0.3560,-0.0040,0.0334,0.0186,0.0400,0.0031,0.1723,-0.2455,0.2234,-0.02774,-0.03172,0.0255,-0.1254,-0.0958,0.0060,0.00000,0.00000,-0.1006,-0.2008
1555,62.2000,0.3104,0.0000,-0.0216,0.3647,0.0035,0.0261,-0.0189,-0.1711,-0.0230,0.1777,-0.2323,0.2236,-0.03118,-0.03229,0.0299,-0.1090,-0.0842,-0.0034,0.00000,0.00000,-0.0946,-0.1889
1556,62.2400,0.3100,0.0000,-0.0217,0.3464,-0.0036,0.0294,0.0168,0.1652,0.0203,0.1833,-0.2193,0.2236,-0.02957,-0.03106,0.0110,-0.1168,-0.1228,-0.0064,0.00000,0.00000,-0.0886,-0.1769
1557,62.2800,0.3096,0.0000,-0.0220,0.3540,0.0085,0.0158,-0.0437,-0.0229,-0.0121,0.1885,-0.2062,0.2234,-0.02802,-0.03327,0.0167,-0.1154,-0.0754,-0.0154,0.00000,0.00000,-0.0826,-0.1650
1558,62.3200,0.3092,0.0000,-0.0223,0.3386,0.0015,0.0284,-0.0091,0.2796,0.0135,0.1937,-0.1933,0.2231,-0.02129,-0.03518,-0.0068,-0.1316,-0.1253,-0.0136,0.00000,0.00000,-0.0766,-0.1531
1559,62.3600,0.3089,0.0000,-0.0228,0.3540,-0.0133,0.0341,0.0636,0.0036,0.0904,0.1992,-0.1805,0.2232,-0.01640,-0.03344,-0.0068,-0.1225,-0.1177,0.0119,0.00000,0.00000,-0.0707,-0.1411
1560,62.4000,0.3086,0.0000,-0.0236,0.3598,-0.0043,0.0276,0.0217,-0.0719,-0.0928,0.2051,-0.1675,0.2231,-0.01895,-0.02768,0.0291,-0.1001,-0.0725,-0.0093,0.00000,0.00000,-0.0647,-0.1292
1561,62.4400,0.3084,0.0000,-0.0243,0.3528,0.0017,0.0317,-0.0097,0.0745,-0.0228,0.2106,-0.1544,0.2232,-0.01775,-0.02692,0.0056,-0.1085,-0.1166,-0.0263,0.00000,0.00000,-0.0587,-0.1172
1562,62.4800,0.3081,0.0000,-0.0247,0.3564,0.0064,0.0274,-0.0334,0.0324,0.0004,0.2158,-0.1411,0.2231,-0.01639,-0.02938,0.0076,-0.1226,-0.0890,0.0007,0.00000,0.00000,-0.0527,-0.1053
1563,62.5200,0.3078,0.0000,-0.0251,0.3558,0.0029,0.0451,-0.0156,0.0872,-0.0110,0.2211,-0.1279,0.2233,-0.01338,-0.03170,0.0275,-0.1189,-0.1130,0.0155,0.00000,0.00000,-0.0467,-0.0933
1564,62.5600,0.3075,0.0000,-0.0256,0.3655,0.0026,0.0266,-0.0140,-0.0538,-0.0529,0.2265,-0.1145,0.2234,-0.01366,-0.03301,0.0300,-0.0961,-0.0631,-0.0109,0.00000,0.00000,-0.0407,-0.0813
1565,62.6000,0.3072,0.0000,-0.0258,0.3605,-0.0141,0.0384,0.0694,0.0940,-0.0104,0.2323,-0.1012,0.2234,-0.01173,-0.02900,0.0213,-0.0989,-0.1193,0.0445,0.00000,0.00000,-0.0347,-0.0693
1566,62.6400,0.3069,0.0000,-0.0261,0.3664,0.0081,0.0312,-0.0418,0.0356,-0.0297,0.2381,-0.0878,0.2235,-0.01043,-0.02718,0.0201,-0.1239,-0.0760,-0.0502,0.00000,0.00000,-0.0287,-0.0573
1567,62.6800,0.3065,0.0000,-0.0262,0.3726,-0.0028,0.0214,0.0120,-0.0438,0.0223,0.2436,-0.0741,0.2232,-0.01055,-0.02962,0.0026,-0.0981,-0.0839,0.0534,0.00000,0.00000,-0.0227,-0.0453
1568,62.7200,0.3061,0.0000,-0.0265,0.3775,0.0077,0.0342,-0.0389,-0.0637,-0.1145,0.2493,-0.0602,0.2229,-0.01330,-0.02981,0.0526,-0.0976,-0.0637,0.0029,0.00000,0.00000,-0.0167,-0.0333
1569,62.7600,0.3056,0.0000,-0.0265,0.3710,0.0076,0.0236,-0.0391,0.1210,-0.0948,0.2548,-0.0463,0.2228,-0.01121,-0.03338,0.0033,-0.0989,-0.0751,-0.0311,0.00000,0.00000,-0.0107,-0.0213
1570,62.8000,0.3051,0.0000,-0.0261,0.3991,-0.0101,0.0261,0.0484,-0.4008,0.0470,0.2607,-0.0322,0.2225,-0.01849,-0.03394,0.0220,-0.1013,-0.1044,0.0455,0.00000,0.00000,-0.0047,-0.0093
1571,62.8400,0.3045,0.0000,-0.0258,0.3813,-0.0042,0.0293,0.0203,-0.0123,-0.0956,0.2673,-0.0182,0.2224,-0.02557,-0.02711,0.0500,-0.0711,-0.0719,-0.0382,0.00000,0.00000,0.0013,0.0027
1572,62.8800,0.3038,0.0000,-0.0254,0.3788,0.0055,0.0329,-0.0283,0.0083,-0.0543,0.2731,-0.0042,0.2227,-0.02551,-0.02867,0.0055,-0.1110,-0.0962,0.0151,0.00000,0.00000,0.0073,0.0147
1573,62.9200,0.3031,0.0000,-0.0249,0.3722,-0.0056,0.0286,0.0258,0.1414,0.1137,0.2790,0.0096,0.2228,-0.02177,-0.02817,-0.0016,-0.1159,-0.1043,-0.0039,0.00000,0.00000,0.0133,0.0266
1574,62.9600,0.3024,0.0000,-0.0248,0.3803,-0.0122,0.0190,0.0601,-0.0148,0.0017,0.2853,0.0233,0.2224,-0.01981,-0.02372,0.0124,-0.0787,-0.0800,0.0413,0.00000,0.00000,0.0193,0.0387
1575,63.0000,0.3016,0.0000,-0.0251,0.3852,0.0023,0.0454,-0.0120,-0.0779,-0.0794,0.2914,0.0373,0.2226,-0.02233,-0.02084,0.0257,-0.1156,-0.1000,-0.0048,0.00000,0.00000,0.0253,0.0506
1576,63.0400,0.3009,0.0000,-0.0254,0.3825,0.0014,0.0368,-0.0086,-0.0198,-0.0129,0.2973,0.0514,0.2233,-0.02384,-0.02184,0.0170,-0.0997,-0.0894,0.0051,0.00000,0.00000,0.0313,0.0626
1577,63.0800,0.3001,0.0000,-0.0254,0.3806,0.0118,0.0183,-0.0607,-0.0112,0.0157,0.3030,0.0655,0.2231,-0.02488,-0.02488,0.0317,-0.1069,-0.0761,-0.0050,0.00000,0.00000,0.0373,0.0746
1578,63.1200,0.2992,0.0000,-0.0256,0.3728,-0.0056,0.0257,0.0266,0.1543,0.0382,0.3088,0.0794,0.2229,-0.02062,-0.02650,-0.0032,-0.0992,-0.1116,0.0383,0.00000,0.00000,0.0433,0.0866
1579,63.1600,0.2984,0.0000,-0.0262,0.3815,0.0040,0.0314,-0.0209,0.0285,-0.0839,0.3147,0.0934,0.2228,-0.01835,-0.02566,0.0198,-0.1127,-0.0677,-0.0079,0.00000,0.00000,0.0493,0.0986
1580,63.2000,0.2975,0.0000,-0.0266,0.3818,-0.0005,0.0298,-0.0002,0.0464,0.0697,0.3206,0.1075,0.2229,-0.01644,-0.02675,-0.0039,-0.1155,-0.0962,-0.0084,0.00000,0.00000,0.0553,0.1106
1581,63.2400,0.2966,0.0000,-0.0272,0.3769,-0.0072,0.0273,0.0347,0.1893,0.0554,0.3267,0.1214,0.2227,-0.01103,-0.02404,0.0037,-0.0995,-0.0996,0.0148,0.00000,0.00000,0.0613,0.1225
1582,63.2800,0.2957,0.0000,-0.0282,0.3907,0.0139,0.0382,-0.0705,-0.0208,-0.0473,0.3325,0.1357,0.2226,-0.00915,-0.02664,0.0442,-0.1020,-0.0591,0.0021,0.00000,0.00000,0.0673,0.1345
1583,63.3200,0.2948,0.0000,-0.0292,0.3915,-0.0039,0.0323,0.0184,0.0366,-0.0158,0.3383,0.1502,0.2227,-0.00777,-0.02908,0.0068,-0.0888,-0.1041,0.0042,0.00000,0.00000,0.0733,0.1464
1584,63.3600,0.2938,0.0000,-0.0301,0.4114,-0.0047,0.0330,0.0226,-0.2930,-0.0263,0.3447,0.1649,0.2227,-0.01486,-0.02663,0.0383,-0.0950,-0.0791,0.0178,0.00000,0.00000,0.0793,0.1584
1585,63.4000,0.2927,0.0000,-0.0310,0.4110,-0.0074,0.0437,0.0351,-0.2708,0.0370,0.3513,0.1796,0.2231,-0.02558,-0.02298,0.0440,-0.0894,-0.1117,0.0118,0.00000,0.00000,0.0853,0.1703
1586,63.4400,0.2916,0.0000,-0.0320,0.3980,0.0011,0.0218,-0.0065,-0.0657,-0.0192,0.3577,0.1943,0.2234,-0.03126,-0.02044,0.0447,-0.0711,-0.1013,-0.0225,0.00000,0.00000,0.0913,0.1822
1587,63.4800,0.2904,0.0000,-0.0330,0.3958,0.0109,0.0262,-0.0552,-0.0964,-0.0311,0.3635,0.2090,0.2234,-0.03493,-0.02437,0.0302,-0.1116,-0.1080,0.0219,0.00000,0.00000,0.0973,0.1941
1588,63.5200,0.2891,0.0000,-0.0341,0.3932,0.0076,0.0236,-0.0391,-0.1216,-0.0654,0.3691,0.2236,0.2235,-0.03906,-0.02886,0.0380,-0.0979,-0.1002,-0.0044,0.00000,0.00000,0.1032,0.2060
1589,63.5600,0.2878,0.0000,-0.0349,0.3868,-0.0029,0.0216,0.0130,-0.0870,-0.0106,0.3751,0.2378,0.2235,-0.04307,-0.02925,0.0329,-0.0986,-0.0983,0.0164,0.00000,0.00000,0.1092,0.2179
1590,63.6000,0.2865,0.0000,-0.0356,0.3798,-0.0080,0.0149,0.0390,-0.0617,-0.0467,0.3813,0.2517,0.2234,-0.04578,-0.02565,0.0224,-0.0911,-0.0993,0.0134,0.00000,0.00000,0.1152,0.2298
1591,63.6400,0.2852,0.0000,-0.0363,0.3714,0.0009,0.0230,-0.0058,-0.0149,0.0112,0.3873,0.2654,0.2234,-0.04731,-0.02353,0.0198,-0.1161,-0.1072,-0.0076,0.00000,0.00000,0.1212,0.2416
1592,63.6800,0.2839,0.0000,-0.0370,0.3621,0.0025,0.0095,-0.0138,0.0327,0.0271,0.3930,0.2789,0.2232,-0.04646,-0.02463,0.0095,-0.0984,-0.0982,-0.0057,0.00000,0.00000,0.1272,0.2534
1593,63.7200,0.2826,0.0000,-0.0379,0.3556,-0.0017,0.0176,0.0076,0.0634,0.0054,0.3986,0.2921,0.2229,-0.04448,-0.02474,0.0100,-0.1047,-0.0979,0.0279,0.00000,0.00000,0.1332,0.2653
1594,63.7600,0.2813,0.0000,-0.0390,0.3612,0.0062,0.0235,-0.0321,-0.1486,-0.0402,0.4040,0.3053,0.2229,-0.04710,-0.02619,0.0319,-0.1044,-0.0844,-0.0070,0.00000,0.00000,0.1391,0.2771
1595,63.8000,0.2801,0.0000,-0.0400,0.3329,0.0086,0.0200,-0.0445,0.3047,-0.0276,0.4092,0.3182,0.2229,-0.04193,-0.02827,0.0127,-0.1051,-0.1034,-0.0419,0.00000,0.00000,0.1451,0.2888
1596,63.8400,0.2789,0.0000,-0.0410,0.3367,0.0065,0.0135,-0.0344,0.1472,-0.0045,0.4141,0.3309,0.2226,-0.03368,-0.03354,-0.0058,-0.1161,-0.0843,0.0152,0.00000,0.00000,0.1511,0.3006
1597,63.8800,0.2778,0.0000,-0.0419,0.3515,-0.0098,0.0262,0.0479,-0.1780,-0.0133,0.4195,0.3435,0.2223,-0.03524,-0.03283,0.0134,-0.1066,-0.1070,0.0173,0.00000,0.00000,0.1570,0.3124
1598,63.9200,0.2767,0.0000,-0.0430,0.3445,-0.0082,0.0575,0.0401,-0.0568,-0.0791,0.4253,0.3559,0.2231,-0.03975,-0.02653,0.0446,-0.1151,-0.1087,0.0110,0.00000,0.00000,0.1630,0.3241
1599,63.9600,0.2757,0.0000,-0.0439,0.3303,0.0154,0.0221,-0.0780,0.1209,-0.0510,0.4305,0.3684,0.2239,-0.03823,-0.02790,0.0256,-0.1134,-0.0706,-0.0545,0.00000,0.00000,0.1690,0.3358
1600,64.0000,0.2746,0.0000,-0.0444,0.3321,-0.0117,0.0088,0.0572,-0.0142,0.0629,0.4355,0.3806,0.2233,-0.03532,-0.02998,-0.0025,-0.0964,-0.1351,0.0747,0.00000,0.00000,0.1749,0.3475
1601,64.0400,0.2736,0.0000,-0.0452,0.3182,-0.0097,0.0383,0.0479,0.2718,0.0433,0.4413,0.3924,0.2232,-0.02977,-0.02247,0.0016,-0.1354,-0.1246,-0.0357,0.00000,0.00000,0.1809,0.3591
1602,64.0800,0.2727,0.0000,-0.0466,0.3289,0.0008,0.0258,-0.0030,0.0205,-0.1078,0.4464,0.4043,0.2234,-0.02493,-0.02180,0.0021,-0.1004,-0.0829,0.0212,0.00000,0.00000,0.1868,0.3708
1603,64.1200,0.2718,0.0000,-0.0476,0.3301,0.0121,0.0283,-0.0615,-0.0173,-0.0997,0.4514,0.4166,0.2233,-0.02537,-0.02420,0.0324,-0.1164,-0.0927,-0.0207,0.00000,0.00000,0.1928,0.3824
1604,64.1600,0.2709,0.0000,-0.0482,0.3296,0.0066,0.0249,-0.0350,-0.0283,-0.0122,0.4561,0.4288,0.2233,-0.02598,-0.02906,0.0113,-0.1122,-0.1054,-0.0038,0.00000,0.00000,0.1987,0.3940
1605,64.2000,0.2700,0.0000,-0.0487,0.3226,-0.0029,0.0191,0.0143,0.1069,-0.0125,0.4613,0.4408,0.2229,-0.02380,-0.02900,0.0040,-0.1051,-0.1048,-0.0131,0.00000,0.00000,0.2047,0.4056
1606,64.2400,0.2692,0.0000,-0.0493,0.3221,-0.0089,0.0296,0.0441,0.1305,0.0069,0.4667,0.4526,0.2227,-0.01887,-0.02601,-0.0185,-0.1203,-0.1214,-0.0035,0.00000,0.00000,0.2106,0.4171
1607,64.2800,0.2683,0.0000,-0.0501,0.3274,0.0136,0.0495,-0.0672,0.0565,-0.1004,0.4718,0.4646,0.2230,-0.01621,-0.02728,0.0382,-0.1301,-0.0875,-0.0113,0.00000,0.00000,0.2166,0.4286
1608,64.3200,0.2675,0.0000,-0.0508,0.3411,-0.0071,0.0420,0.0359,-0.1877,-0.1264,0.4768,0.4769,0.2237,-0.01892,-0.02951,0.0214,-0.0975,-0.1121,0.0489,0.00000,0.00000,0.2225,0.4401
1609,64.3600,0.2666,0.0000,-0.0510,0.3359,0.0045,0.0374,-0.0242,-0.0680,-0.0124,0.4825,0.4892,0.2241,-0.02462,-0.02655,0.0457,-0.1325,-0.0973,-0.0519,0.00000,0.00000,0.2284,0.4516
1610,64.4000,0.2656,0.0000,-0.0510,0.3297,-0.0000,0.0114,-0.0012,-0.0059,0.0106,0.4876,0.5013,0.2238,-0.02476,-0.02847,0.0086,-0.0923,-0.1210,0.0086,0.00000,0.00000,0.2344,0.4630
1611,64.4400,0.2647,0.0000,-0.0513,0.3326,0.0070,0.0223,-0.0357,-0.0766,-0.0315,0.4929,0.5134,0.2233,-0.02731,-0.02986,0.0355,-0.1125,-0.0983,-0.0090,0.00000,0.00000,0.2403,0.4744
1612,64.4800,0.2637,0.0000,-0.0518,0.3394,-0.0034,0.0224,0.0154,-0.2559,0.0086,0.4981,0.5256,0.2232,-0.03409,-0.03133,0.0131,-0.1003,-0.1120,-0.0094,0.00000,0.00000,0.2462,0.4858
1613,64.5200,0.2628,0.0000,-0.0524,0.3159,-0.0053,0.0333,0.0258,0.1580,-0.0337,0.5037,0.5374,0.2232,-0.03443,-0.02702,0.0233,-0.1080,-0.1254,-0.0230,0.00000,0.00000,0.2521,0.4971
1614,64.5600,0.2619,0.0000,-0.0532,0.3204,0.0190,0.0231,-0.0963,-0.0126,-0.0788,0.5084,0.5493,0.2233,-0.03297,-0.03167,0.0221,-0.1229,-0.0705,-0.0248,0.00000,0.00000,0.2580,0.5084
1615,64.6000,0.2609,0.0000,-0.0538,0.3142,-0.0028,0.0185,0.0119,0.0373,0.0581,0.5132,0.5609,0.2230,-0.03110,-0.03580,0.0071,-0.1056,-0.1242,0.0043,0.00000,0.00000,0.2640,0.5197
1616,64.6400,0.2600,0.0000,-0.0546,0.3144,-0.0217,0.0347,0.1081,0.0252,-0.0279,0.5189,0.5722,0.2229,-0.03005,-0.02895,0.0043,-0.1083,-0.1205,0.0341,0.00000,0.00000,0.2699,0.5309
1617,64.6800,0.2591,0.0000,-0.0558,0.3177,0.0022,0.0416,-0.0124,-0.0789,0.0047,0.5244,0.5835,0.2236,-0.03226,-0.02398,0.0232,-0.1321,-0.0979,-0.0518,0.00000,0.00000,0.2758,0.5421
1618,64.7200,0.2582,0.0000,-0.0569,0.3144,0.0106,0.0175,-0.0533,-0.1135,-0.0730,0.5291,0.5951,0.2235,-0.03598,-0.02781,0.0280,-0.0987,-0.0924,0.0131,0.00000,0.00000,0.2817,0.5533
1619,64.7600,0.2573,0.0000,-0.0580,0.2972,0.0058,0.0360,-0.0293,0.1868,-0.0469,0.5338,0.6064,0.2236,-0.03303,-0.03087,0.0255,-0.1219,-0.1223,0.0027,0.00000,0.00000,0.2875,0.5644
1620,64.8000,0.2564,0.0000,-0.0590,0.2960,-0.0122,0.0175,0.0599,0.1726,0.0252,0.5388,0.6173,0.2236,-0.02544,-0.02939,-0.0213,-0.1100,-0.1185,-0.0193,0.00000,0.00000,0.2934,0.5755
1621,64.8400,0.2555,0.0000,-0.0601,0.3114,-0.0037,0.0392,0.0200,-0.1543,-0.0801,0.5441,0.6283,0.2234,-0.02714,-0.02547,0.0391,-0.1230,-0.1116,0.0340,0.00000,0.00000,0.2993,0.5866
1622,64.8800,0.2547,0.0000,-0.0612,0.2986,0.0215,0.0367,-0.1070,0.0834,-0.1576,0.5487,0.6396,0.2239,-0.02830,-0.02869,0.0412,-0.1172,-0.0647,-0.0576,0.00000,0.00000,0.3052,0.5976
1623,64.9200,0.2538,0.0000,-0.0617,0.2869,0.0136,0.0131,-0.0674,0.2640,-0.1116,0.5528,0.6506,0.2236,-0.01977,-0.03727,0.0093,-0.1083,-0.1046,-0.0013,0.00000,0.00000,0.3111,0.6086
1624,64.9600,0.2528,0.0000,-0.0617,0.3105,0.0015,0.0233,-0.0085,-0.1894,-0.0632,0.5575,0.6617,0.2230,-0.02043,-0.04120,0.0384,-0.1128,-0.0904,0.0113,0.00000,0.00000,0.3169,0.6196
1625,65.0000,0.2519,0.0000,-0.0616,0.3102,-0.0155,0.0421,0.0781,-0.1548,-0.0519,0.5630,0.6727,0.2232,-0.02708,-0.03642,0.0298,-0.1077,-0.1097,-0.0018,0.00000,0.00000,0.3228,0.6305
1626,65.0400,0.2509,0.0000,-0.0615,0.3035,-0.0122,0.0526,0.0617,-0.0521,-0.0948,0.5687,0.6834,0.2240,-0.03060,-0.02889,0.0444,-0.1102,-0.1268,0.0053,0.00000,0.00000,0.3287,0.6413
1627,65.0800,0.2500,0.0000,-0.0614,0.2878,0.0172,0.0275,-0.0857,0.1984,-0.1091,0.5737,0.6942,0.2245,-0.02756,-0.02932,0.0367,-0.1252,-0.0824,-0.0504,0.00000,0.00000,0.3345,0.6522
1628,65.1200,0.2490,0.0000,-0.0610,0.2875,0.0054,0.0114,-0.0258,0.1544,-0.1109,0.5781,0.7049,0.2239,-0.01986,-0.03561,0.0114,-0.1047,-0.1095,0.0441,0.00000,0.00000,0.3404,0.6629
1629,65.1600,0.2480,0.0000,-0.0603,0.3083,-0.0205,0.0379,0.1024,-0.2194,-0.0036,0.5835,0.7155,0.2237,-0.02258,-0.03183,0.0206,-0.1214,-0.1341,0.0272,0.00000,0.00000,0.3462,0.6737
1630,65.2000,0.2470,0.0000,-0.0599,0.2941,-0.0074,0.0311,0.0371,0.0716,-0.0586,0.5895,0.7260,0.2240,-0.02539,-0.02308,0.0103,-0.1226,-0.0957,-0.0651,0.00000,0.00000,0.3520,0.6844
1631,65.2400,0.2460,0.0000,-0.0595,0.2892,0.0167,0.0312,-0.0824,0.1139,-0.1140,0.5943,0.7367,0.2240,-0.02130,-0.02636,0.0362,-0.1140,-0.0979,0.0215,0.00000,0.00000,0.3579,0.6951
1632,65.2800,0.2449,0.0000,-0.0591,0.3005,0.0043,0.0058,-0.0215,-0.1132,-0.0662,0.5989,0.7475,0.2234,-0.02199,-0.03169,0.0178,-0.0859,-0.0723,-0.0035,0.00000,0.00000,0.3637,0.7057
1633,65.3200,0.2439,0.0000,-0.0585,0.2801,-0.0066,0.0207,0.0332,0.3183,-0.0113,0.6043,0.7579,0.2226,-0.01630,-0.02899,0.0054,-0.1040,-0.1017,-0.0139,0.00000,0.00000,0.3695,0.7162
1634,65.3600,0.2428,0.0000,-0.0582,0.2978,0.0090,0.0350,-0.0439,0.0010,-0.1164,0.6093,0.7685,0.2224,-0.01159,-0.03092,0.0265,-0.1068,-0.0686,0.0033,0.00000,0.00000,0.3753,0.7268
1635,65.4000,0.2417,0.0000,-0.0578,0.3032,-0.0033,0.0394,0.0164,-0.0444,-0.0458,0.6145,0.7794,0.2227,-0.01244,-0.03183,0.0213,-0.1043,-0.0929,-0.0065,0.00000,0.00000,0.3811,0.7372
1636,65.4400,0.2406,0.0000,-0.0575,0.2921,-0.0043,0.0405,0.0209,0.2360,-0.0011,0.6201,0.7900,0.2229,-0.00786,-0.02891,0.0136,-0.1180,-0.0958,-0.0130,0.00000,0.00000,0.3869,0.7477
1637,65.4800,0.2395,0.0000,-0.0575,0.3056,0.0070,0.0243,-0.0348,0.0160,-0.0668,0.6253,0.8008,0.2227,-0.00384,-0.03059,0.0288,-0.0928,-0.0640,-0.0003,0.00000,0.00000,0.3927,0.7580
1638,65.5200,0.2383,0.0000,-0.0575,0.3236,-0.0147,0.0342,0.0737,-0.2438,-0.0583,0.6310,0.8119,0.2224,-0.00919,-0.02896,0.0127,-0.0929,-0.1022,0.0484,0.00000,0.00000,0.3985,0.7684
1639,65.5600,0.2371,0.0000,-0.0577,0.3174,-0.0034,0.0584,0.0163,-0.0306,-0.0999,0.6372,0.8231,0.2231,-0.01453,-0.02298,0.0422,-0.1175,-0.0953,-0.0245,0.00000,0.00000,0.4043,0.7786
1640,65.6000,0.2358,0.0000,-0.0579,0.3043,0.0179,0.0400,-0.0903,0.2453,-0.1326,0.6426,0.8344,0.2238,-0.00918,-0.02635,0.0326,-0.1118,-0.0788,-0.0136,0.00000,0.00000,0.4101,0.7889
1641,65.6400,0.2344,0.0000,-0.0576,0.3310,-0.0041,0.0203,0.0191,-0.2549,-0.0278,0.6479,0.8459,0.2235,-0.01053,-0.03092,0.0329,-0.0873,-0.1039,0.0569,0.00000,0.00000,0.4158,0.7991
1642,65.6800,0.2330,0.0000,-0.0574,0.3384,-0.0006,0.0363,0.0028,-0.3417,-0.1264,0.6542,0.8576,0.2233,-0.02388,-0.02795,0.0771,-0.0953,-0.0717,-0.0026,0.00000,0.00000,0.4216,0.8092
1643,65.7200,0.2314,0.0000,-0.0573,0.3326,-0.0073,0.0245,0.0358,-0.2667,-0.1022,0.6604,0.8691,0.2235,-0.03499,-0.02588,0.0169,-0.0865,-0.1065,-0.0047,0.00000,0.00000,0.4273,0.8193
1644,65.7600,0.2298,0.0000,-0.0569,0.3124,0.0051,0.0253,-0.0262,0.0530,-0.0416,0.6665,0.8804,0.2235,-0.03830,-0.02397,0.0479,-0.1027,-0.0991,-0.0140,0.00000,0.00000,0.4331,0.8293
1645,65.8000,0.2281,0.0000,-0.0567,0.3110,0.0181,0.0069,-0.0922,-0.0305,-0.0983,0.6717,0.8917,0.2230,-0.03832,-0.02997,0.0237,-0.0992,-0.0663,-0.0042,0.00000,0.00000,0.4388,0.8393
1646,65.8400,0.2263,0.0000,-0.0564,0.3062,-0.0046,0.0155,0.0232,0.0112,-0.1194,0.6772,0.9027,0.2224,-0.03797,-0.03208,0.0147,-0.0892,-0.0929,0.0313,0.00000,0.00000,0.4446,0.8492
1647,65.8800,0.2246,0.0000,-0.0561,0.3022,0.0021,0.0482,-0.0110,0.0605,-0.0944,0.6831,0.9134,0.2227,-0.03718,-0.03043,0.0392,-0.1295,-0.0754,-0.0042,0.00000,0.00000,0.4503,0.8591
1648,65.9200,0.2228,0.0000,-0.0557,0.3031,-0.0149,0.0374,0.0739,-0.0367,-0.0163,0.6890,0.9239,0.2235,-0.03594,-0.02808,0.0186,-0.0998,-0.1150,0.0314,0.00000,0.00000,0.4560,0.8689
1649,65.9600,0.2210,0.0000,-0.0555,0.2994,-0.0029,0.0230,0.0142,-0.0346,-0.1330,0.6951,0.9342,0.2236,-0.03813,-0.02296,0.0480,-0.0987,-0.0835,-0.0082,0.00000,0.00000,0.4617,0.8786
1650,66.0000,0.2191,0.0000,-0.0554,0.2939,-0.0044,0.0234,0.0210,-0.0161,0.0103,0.7009,0.9445,0.2236,-0.03847,-0.02201,0.0033,-0.1092,-0.1204,0.0096,0.00000,0.00000,0.4674,0.8883
1651,66.0400,0.2173,0.0000,-0.0554,0.2959,0.0045,0.0158,-0.0226,-0.1389,-0.0977,0.7065,0.9548,0.2232,-0.04277,-0.02178,0.0298,-0.1031,-0.0736,0.0137,0.00000,0.00000,0.4731,0.8980
1652,66.0800,0.2155,0.0000,-0.0557,0.2855,0.0140,0.0197,-0.0709,-0.0314,-0.1990,0.7117,0.9650,0.2229,-0.04556,-0.02493,0.0385,-0.0908,-0.0724,-0.0052,0.00000,0.00000,0.4788,0.9075
1653,66.1200,0.2137,0.0000,-0.0555,0.2736,0.0046,0.0249,-0.0241,0.1090,-0.0734,0.7168,0.9750,0.2229,-0.04294,-0.02812,0.0263,-0.0977,-0.0926,0.0023,0.00000,0.00000,0.4845,0.9171
1654,66.1600,0.2118,0.0000,-0.0550,0.2619,-0.0034,0.0175,0.0169,0.2628,-0.0476,0.7222,0.9844,0.2226,-0.03492,-0.02742,0.0039,-0.1048,-0.0949,-0.0151,0.00000,0.00000,0.4902,0.9265
1655,66.2000,0.2100,0.0000,-0.0549,0.2745,-0.0111,0.0249,0.0561,-0.0273,-0.0620,0.7277,0.9936,0.2223,-0.03143,-0.02492,0.0087,-0.0952,-0.0810,0.0422,0.00000,0.00000,0.4958,0.9359
1656,66.2400,0.2083,0.0000,-0.0549,0.2739,-0.0033,0.0404,0.0168,-0.0332,-0.1486,0.7335,1.0029,0.2225,-0.03305,-0.02090,0.0244,-0.1096,-0.0900,-0.0127,0.00000,0.00000,0.5015,0.9453
1657,66.2800,0.2065,0.0000,-0.0550,0.2776,0.0029,0.0461,-0.0150,-0.1628,-0.0786,0.7388,1.0124,0.2233,-0.03741,-0.02124,0.0277,-0.1193,-0.1001,0.0178,0.00000,0.00000,0.5072,0.9546
1658,66.3200,0.2048,0.0000,-0.0549,0.2608,0.0081,0.0250,-0.0412,0.0895,-0.0515,0.7440,1.0217,0.2236,-0.03789,-0.02235,0.0294,-0.1102,-0.0940,-0.0230,0.00000,0.00000,0.5128,0.9638
1659,66.3600,0.2030,0.0000,-0.0549,0.2599,0.0165,0.0088,-0.0835,0.0120,-0.0383,0.7487,1.0311,0.2231,-0.03616,-0.02790,0.0258,-0.1044,-0.0764,-0.0057,0.00000,0.00000,0.5184,0.9730
1660,66.4000,0.2013,0.0000,-0.0553,0.2496,0.0032,0.0145,-0.0158,0.1827,-0.1264,0.7536,1.0401,0.2223,-0.03127,-0.03108,0.0142,-0.0899,-0.0824,0.0031,0.00000,0.00000,0.5241,0.9821
1661,66.4400,0.1997,0.0000,-0.0557,0.2688,-0.0110,0.0375,0.0562,-0.1987,-0.1138,0.7589,1.0490,0.2222,-0.03311,-0.02968,0.0202,-0.1037,-0.0888,0.0279,0.00000,0.00000,0.5297,0.9911
1662,66.4800,0.1980,0.0000,-0.0560,0.2536,-0.0012,0.0497,0.0056,0.0779,-0.1441,0.7646,1.0577,0.2230,-0.03508,-0.02517,0.0394,-0.1188,-0.0850,-0.0346,0.00000,0.00000,0.5353,1.0001
1663,66.5200,0.1963,0.0000,-0.0561,0.2471,0.0033,0.0221,-0.0174,0.1182,-0.0433,0.7697,1.0663,0.2233,-0.03052,-0.02609,0.0072,-0.1057,-0.0909,-0.0061,0.00000,0.00000,0.5409,1.0090
1664,66.5600,0.1946,0.0000,-0.0562,0.2494,-0.0040,0.0145,0.0208,0.0414,-0.1198,0.7749,1.0749,0.2226,-0.02764,-0.02564,0.0192,-0.0913,-0.0872,0.0299,0.00000,0.00000,0.5465,1.0178
1665,66.6000,0.1929,0.0000,-0.0565,0.2546,0.0078,0.0435,-0.0391,-0.0613,-0.1066,0.7800,1.0835,0.2227,-0.02892,-0.02613,0.0351,-0.1232,-0.0867,-0.0195,0.00000,0.00000,0.5521,1.0266
1666,66.6400,0.1913,0.0000,-0.0568,0.2435,-0.0176,0.0395,0.0877,0.1424,0.0033,0.7854,1.0919,0.2232,-0.02543,-0.02371,-0.0007,-0.0987,-0.1251,0.0185,0.00000,0.00000,0.5576,1.0353
1667,66.6800,0.1896,0.0000,-0.0573,0.2511,0.0083,0.0244,-0.0418,-0.0410,-0.0434,0.7909,1.1002,0.2232,-0.02542,-0.02161,0.0458,-0.1106,-0.0646,-0.0305,0.00000,0.00000,0.5632,1.0440
1668,66.7200,0.1880,0.0000,-0.0583,0.2431,-0.0011,0.0368,0.0064,0.1023,-0.0975,0.7958,1.1087,0.2231,-0.02265,-0.02335,0.0187,-0.0948,-0.1164,0.0502,0.00000,0.00000,0.5688,1.0526
1669,66.7600,0.1864,0.0000,-0.0594,0.2539,-0.0028,0.0383,0.0148,-0.0951,-0.0910,0.8012,1.1171,0.2234,-0.02359,-0.02219,0.0294,-0.1117,-0.1014,-0.0202,0.00000,0.00000,0.5743,1.0611
1670,66.8000,0.1848,0.0000,-0.0606,0.2420,-0.0016,0.0388,0.0090,0.1362,-0.1395,0.8066,1.1255,0.2237,-0.02215,-0.02033,0.0256,-0.1104,-0.0996,0.0134,0.00000,0.00000,0.5798,1.0695
1671,66.8400,0.1831,0.0000,-0.0616,0.2451,-0.0020,0.0223,0.0110,0.0646,-0.1221,0.8119,1.1337,0.2236,-0.01810,-0.01968,0.0129,-0.0952,-0.0961,-0.0007,0.00000,0.00000,0.5854,1.0779
1672,66.8800,0.1814,0.0000,-0.0624,0.2511,-0.0047,0.0324,0.0249,-0.0308,-0.1535,0.8173,1.1420,0.2233,-0.01811,-0.01802,0.0317,-0.0969,-0.0955,0.0413,0.00000,0.00000,0.5909,1.0862
1673,66.9200,0.1797,0.0000,-0.0630,0.2569,-0.0020,0.0364,0.0106,-0.1213,-0.1373,0.8230,1.1504,0.2235,-0.02169,-0.01642,0.0242,-0.1026,-0.0926,-0.0015,0.00000,0.00000,0.5964,1.0945
1674,66.9600,0.1779,0.0000,-0.0634,0.2474,0.0107,0.0337,-0.0535,0.0527,-0.0899,0.8283,1.1589,0.2237,-0.02266,-0.01735,0.0412,-0.1057,-0.0860,-0.0045,0.00000,0.00000,0.6019,1.1026
1675,67.0000,0.1761,0.0000,-0.0639,0.2474,0.0087,0.0306,-0.0428,0.0411,-0.1383,0.8334,1.1675,0.2236,-0.02043,-0.02124,0.0297,-0.1033,-0.1036,0.0294,0.00000,0.00000,0.6074,1.1107
1676,67.0400,0.1743,0.0000,-0.0644,0.2477,-0.0044,0.0293,0.0212,0.0580,0.0046,0.8388,1.1758,0.2236,-0.01825,-0.02142,0.0150,-0.1100,-0.1085,-0.0158,0.00000,0.00000,0.6129,1.1188
1677,67.0800,0.1725,0.0000,-0.0653,0.2559,-0.0101,0.0264,0.0520,-0.0955,-0.1273,0.8447,1.1839,0.2233,-0.01974,-0.01857,0.0256,-0.0890,-0.0974,0.0383,0.00000,0.00000,0.6184,1.1267
1678,67.1200,0.1706,0.0000,-0.0664,0.2498,0.0007,0.0434,-0.0030,0.0426,-0.0729,0.8505,1.1922,0.2236,-0.02042,-0.01614,0.0180,-0.1228,-0.1221,-0.0403,0.00000,0.00000,0.6238,1.1346
1679,67.1600,0.1687,0.0000,-0.0677,0.2611,0.0090,0.0402,-0.0440,-0.2086,-0.1299,0.8559,1.2007,0.2239,-0.02477,-0.01865,0.0462,-0.1085,-0.1039,0.0310,0.00000,0.00000,0.6293,1.1424
1680,67.2000,0.1667,0.0000,-0.0691,0.2474,-0.0038,0.0240,0.0185,0.0418,-0.0068,0.8616,1.2090,0.2240,-0.02670,-0.01844,0.0094,-0.1081,-0.1286,-0.0351,0.00000,0.00000,0.6347,1.1502
1681,67.2400,0.1648,0.0000,-0.0707,0.2532,0.0137,0.0252,-0.0666,-0.1285,-0.1900,0.8670,1.2175,0.2236,-0.02991,-0.02031,0.0544,-0.1042,-0.0807,0.0268,0.00000,0.00000,0.6401,1.1578
1682,67.2800,0.1628,0.0000,-0.0724,0.2426,0.0069,0.0431,-0.0336,0.0481,-0.1392,0.8722,1.2258,0.2240,-0.03004,-0.02340,0.0373,-0.1113,-0.1237,-0.0106,0.00000,0.00000,0.6456,1.1654
1683,67.3200,0.1607,0.0000,-0.0738,0.2462,-0.0126,0.0325,0.0635,-0.0654,-0.0691,0.8779,1.2337,0.2243,-0.03083,-0.02200,0.0119,-0.1201,-0.1266,0.0174,0.00000,0.00000,0.6510,1.1729
1684,67.3600,0.1586,0.0000,-0.0754,0.2442,-0.0046,0.0335,0.0233,-0.0889,-0.0787,0.8839,1.2414,0.2244,-0.03451,-0.01815,0.0362,-0.1244,-0.1151,-0.0067,0.00000,0.00000,0.6564,1.1804
1685,67.4000,0.1565,0.0000,-0.0772,0.2441,0.0047,0.0343,-0.0226,-0.1792,-0.1532,0.8894,1.2493,0.2246,-0.04001,-0.01834,0.0467,-0.1081,-0.1129,0.0244,0.00000,0.00000,0.6618,1.1878
1686,67.4400,0.1544,0.0000,-0.0790,0.2311,-0.0035,0.0184,0.0168,-0.0245,-0.0247,0.8949,1.2569,0.2247,-0.04299,-0.01773,0.0222,-0.1026,-0.1248,-0.0200,0.00000,0.00000,0.6671,1.1950
1687,67.4800,0.1523,0.0000,-0.0810,0.2204,-0.0010,0.0026,0.0052,0.0580,-0.0555,0.9003,1.2641,0.2238,-0.04207,-0.01655,0.0132,-0.0948,-0.1098,-0.0059,0.00000,0.00000,0.6725,1.2023
1688,67.5200,0.1502,0.0000,-0.0835,0.2300,0.0096,0.0147,-0.0474,-0.2535,-0.1138,0.9052,1.2716,0.2230,-0.04748,-0.01858,0.0273,-0.1016,-0.0921,0.0025,0.00000,0.00000,0.6779,1.2094
1689,67.5600,0.1481,0.0000,-0.0862,0.2070,-0.0015,0.0353,0.0078,0.0881,-0.0669,0.9102,1.2786,0.2231,-0.04859,-0.01874,0.0261,-0.0959,-0.1327,-0.0214,0.00000,0.00000,0.6832,1.2165
1690,67.6000,0.1461,0.0000,-0.0890,0.2034,-0.0070,0.0326,0.0353,0.0285,-0.0431,0.9152,1.2851,0.2234,-0.04669,-0.01723,0.0063,-0.1131,-0.1192,0.0070,0.00000,0.00000,0.6885,1.2234
1691,67.6400,0.1441,0.0000,-0.0922,0.2059,-0.0010,0.0341,0.0053,-0.1620,-0.0882,0.9201,1.2915,0.2236,-0.05034,-0.01568,0.0362,-0.1108,-0.1088,0.0122,0.00000,0.00000,0.6939,1.2303
1692,67.6800,0.1422,0.0000,-0.0956,0.1863,-0.0067,0.0268,0.0338,0.0731,-0.1170,0.9249,1.2976,0.2237,-0.05035,-0.01337,0.0190,-0.0859,-0.1342,-0.0128,0.00000,0.00000,0.6992,1.2372
1693,67.7200,0.1402,0.0000,-0.0991,0.1812,0.0123,0.0253,-0.0611,0.0211,-0.0906,0.9292,1.3036,0.2236,-0.04972,-0.01418,0.0170,-0.1278,-0.1011,-0.0174,0.00000,0.00000,0.7045,1.2439
1694,67.7600,0.1384,0.0000,-0.1026,0.1672,0.0008,0.0238,-0.0034,0.1576,-0.0960,0.9331,1.3093,0.2234,-0.04469,-0.01609,0.0059,-0.0980,-0.1214,0.0204,0.00000,0.00000,0.7098,1.2506
1695,67.8000,0.1366,0.0000,-0.1063,0.1655,-0.0117,0.0261,0.0604,0.1089,-0.1505,0.9374,1.3145,0.2232,-0.03961,-0.01341,-0.0012,-0.0994,-0.1150,0.0097,0.00000,0.00000,0.7151,1.2572
1696,67.8400,0.1349,0.0000,-0.1099,0.1706,0.0049,0.0377,-0.0229,-0.0781,-0.1877,0.9416,1.3198,0.2233,-0.04050,-0.01178,0.0259,-0.1163,-0.0945,-0.0121,0.00000,0.00000,0.7203,1.2637
1697,67.8800,0.1332,0.0000,-0.1132,0.1616,0.0095,0.0378,-0.0465,-0.0081,-0.1735,0.9454,1.3252,0.2236,-0.04161,-0.01368,0.0289,-0.1067,-0.1112,0.0010,0.00000,0.00000,0.7256,1.2701
1698,67.9200,0.1316,0.0000,-0.1163,0.1529,0.0115,0.0350,-0.0567,0.0643,-0.1416,0.9489,1.3304,0.2238,-0.04027,-0.01643,0.0308,-0.1195,-0.1132,-0.0062,0.00000,0.00000,0.7308,1.2764
1699,67.9600,0.1300,0.0000,-0.1193,0.1566,-0.0016,0.0253,0.0096,-0.1059,-0.1629,0.9525,1.3354,0.2238,-0.04154,-0.01779,0.0148,-0.1068,-0.1126,0.0207,0.00000,0.00000,0.7361,1.2827
1700,68.0000,0.1284,0.0000,-0.1223,0.1569,-0.0094,0.0328,0.0479,-0.2019,-0.1482,0.9566,1.3400,0.2237,-0.04818,-0.01497,0.0216,-0.1107,-0.1181,0.0061,0.00000,0.00000,0.7413,1.2889
1701,68.0400,0.1269,0.0000,-0.1254,0.1289,0.0023,0.0341,-0.0114,0.2260,-0.0585,0.9604,1.3442,0.2239,-0.04587,-0.01257,0.0134,-0.1171,-0.1292,-0.0489,0.00000,0.00000,0.7465,1.2950
1702,68.0800,0.1255,0.0000,-0.1287,0.1283,0.0085,0.0154,-0.0401,0.1061,-0.2343,0.9634,1.3485,0.2235,-0.03976,-0.01478,0.0099,-0.0945,-0.0916,0.0351,0.00000,0.00000,0.7517,1.3010
1703,68.1200,0.1241,0.0000,-0.1320,0.1181,0.0002,0.0437,0.0017,0.2695,-0.2005,0.9665,1.3525,0.2234,-0.03143,-0.01498,0.0175,-0.1161,-0.1209,0.0038,0.00000,0.00000,0.7569,1.3069
1704,68.1600,0.1228,0.0000,-0.1351,0.1225,-0.0108,0.0269,0.0571,0.1547,-0.2130,0.9699,1.3562,0.2235,-0.02346,-0.01272,-0.0095,-0.1007,-0.1003,-0.0037,0.00000,0.00000,0.7621,1.3128
1705,68.2000,0.1215,0.0000,-0.1379,0.1367,-0.0075,0.0425,0.0403,-0.1407,-0.2184,0.9736,1.3599,0.2235,-0.02483,-0.00940,0.0323,-0.1060,-0.1062,0.0441,0.00000,0.00000,0.7672,1.3185
1706,68.2400,0.1203,0.0000,-0.1405,0.1225,0.0137,0.0434,-0.0658,0.1253,-0.2600,0.9770,1.3639,0.2240,-0.02445,-0.00921,0.0376,-0.1074,-0.0962,-0.0420,0.00000,0.00000,0.7724,1.3242
1707,68.2800,0.1191,0.0000,-0.1428,0.1243,0.0053,0.0317,-0.0246,0.0514,-0.1611,0.9799,1.3680,0.2241,-0.02052,-0.01244,0.0166,-0.1033,-0.1230,0.0370,0.00000,0.00000,0.7775,1.3298
1708,68.3200,0.1179,0.0000,-0.1452,0.1307,-0.0064,0.0387,0.0350,-0.0540,-0.2042,0.9834,1.3717,0.2240,-0.02133,-0.01137,0.0357,-0.1018,-0.1112,0.0348,0.00000,0.00000,0.7826,1.3353
1709,68.3600,0.1167,0.0000,-0.1477,0.1215,-0.0074,0.0445,0.0385,0.1442,-0.1497,0.9871,1.3752,0.2244,-0.01891,-0.00836,0.0075,-0.1180,-0.1219,-0.0048,0.00000,0.00000,0.7878,1.3408
1710,68.4000,0.1155,0.0000,-0.1504,0.1221,0.0136,0.0285,-0.0632,0.1242,-0.2843,0.9904,1.3790,0.2244,-0.01419,-0.00912,0.0256,-0.1132,-0.0928,-0.0012,0.00000,0.00000,0.7929,1.3461
1711,68.4400,0.1144,0.0000,-0.1531,0.1284,0.0073,0.0370,-0.0320,0.0327,-0.2660,0.9935,1.3831,0.2242,-0.01099,-0.01217,0.0395,-0.0961,-0.1010,0.0465,0.00000,0.00000,0.7979,1.3513
1712,68.4800,0.1132,0.0000,-0.1554,0.1370,-0.0041,0.0297,0.0230,-0.0817,-0.2146,0.9972,1.3869,0.2242,-0.01265,-0.01184,0.0308,-0.0943,-0.0955,0.0034,0.00000,0.00000,0.8030,1.3565
1713,68.5200,0.1120,0.0000,-0.1577,0.1253,-0.0019,0.0351,0.0121,0.1838,-0.1617,1.0011,1.3905,0.2240,-0.00955,-0.00998,0.0180,-0.1099,-0.1285,-0.0133,0.00000,0.00000,0.8081,1.3616
1714,68.5600,0.1107,0.0000,-0.1605,0.1424,0.0079,0.0322,-0.0371,-0.1232,-0.1517,1.0047,1.3946,0.2239,-0.01004,-0.01146,0.0230,-0.1122,-0.0950,0.0166,0.00000,0.00000,0.8131,1.3666
1715,68.6000,0.1095,0.0000,-0.1636,0.1478,-0.0008,0.0348,0.0072,-0.1902,-0.2027,1.0087,1.3987,0.2238,-0.01629,-0.01195,0.0335,-0.0957,-0.1142,0.0164,0.00000,0.00000,0.8182,1.3715
1716,68.6400,0.1083,0.0000,-0.1672,0.1292,0.0103,0.0565,-0.0484,0.2161,-0.2324,1.0126,1.4027,0.2243,-0.01458,-0.01213,0.0490,-0.1201,-0.1122,-0.0116,0.00000,0.00000,0.8232,1.3763
1717,68.6800,0.1070,0.0000,-0.1708,0.1382,-0.0015,0.0470,0.0117,0.0508,-0.2385,1.0163,1.4067,0.2250,-0.00910,-0.01378,0.0430,-0.0970,-0.1216,0.0576,0.00000,0.00000,0.8282,1.3810
1718,68.7200,0.1056,0.0000,-0.1745,0.1485,-0.0198,0.0405,0.1019,-0.0994,-0.2224,1.0208,1.4102,0.2253,-0.01077,-0.00984,0.0500,-0.0909,-0.1281,0.0352,0.00000,0.00000,0.8332,1.3857
1719,68.7600,0.1042,0.0000,-0.1783,0.1488,-0.0019,0.0383,0.0128,-0.0880,-0.2432,1.0256,1.4139,0.2255,-0.01544,-0.00615,0.0337,-0.1217,-0.1215,-0.0097,0.00000,0.00000,0.8382,1.3902
1720,68.8000,0.1028,0.0000,-0.1823,0.1492,0.0024,0.0250,-0.0096,-0.1196,-0.1910,1.0298,1.4179,0.2254,-0.01932,-0.00635,0.0217,-0.0998,-0.1218,0.0279,0.00000,0.00000,0.8431,1.3947
1721,68.8400,0.1013,0.0000,-0.1864,0.1480,0.0039,0.0197,-0.0173,-0.1171,-0.1696,1.0341,1.4219,0.2248,-0.02411,-0.00664,0.0307,-0.0982,-0.1189,0.0085,0.00000,0.00000,0.8481,1.3990
1722,68.8800,0.0998,0.0000,-0.1911,0.1312,0.0200,0.0341,-0.0957,0.1937,-0.3010,1.0381,1.4260,0.2245,-0.02170,-0.00907,0.0446,-0.1055,-0.1039,-0.0043,0.00000,0.00000,0.8530,1.4033
1723,68.9200,0.0983,0.0000,-0.1959,0.1388,0.0123,0.0340,-0.0575,0.0218,-0.2490,1.0416,1.4302,0.2245,-0.01751,-0.01358,0.0412,-0.0975,-0.1086,0.0169,0.00000,0.00000,0.8580,1.4075
1724,68.9600,0.0967,0.0000,-0.2006,0.1417,-0.0045,0.0383,0.0282,-0.0170,-0.3472,1.0459,1.4339,0.2245,-0.01781,-0.01342,0.0596,-0.0892,-0.1090,0.0358,0.00000,0.00000,0.8629,1.4116
1725,69.0000,0.0951,0.0000,-0.2053,0.1444,-0.0120,0.0378,0.0622,-0.0734,-0.2002,1.0506,1.4373,0.2248,-0.01985,-0.01053,0.0196,-0.1100,-0.1317,-0.0176,0.00000,0.00000,0.8678,1.4156
1726,69.0400,0.0934,0.0000,-0.2101,0.1383,-0.0190,0.0364,0.0951,0.0210,-0.0744,1.0554,1.4402,0.2249,-0.02041,-0.00593,0.0072,-0.1130,-0.1566,0.0282,0.00000,0.00000,0.8727,1.4196
1727,69.0800,0.0918,0.0000,-0.2159,0.1396,0.0167,0.0437,-0.0773,-0.0340,-0.3540,1.0598,1.4437,0.2250,-0.02203,-0.00537,0.0695,-0.1060,-0.0880,0.0227,0.00000,0.00000,0.8775,1.4234
1728,69.1200,0.0901,0.0000,-0.2219,0.1337,0.0107,0.0390,-0.0494,0.0550,-0.2962,1.0636,1.4476,0.2254,-0.02028,-0.00879,0.0395,-0.0937,-0.1196,0.0245,0.00000,0.00000,0.8824,1.4271
1729,69.1600,0.0884,0.0000,-0.2277,0.1352,-0.0107,0.0199,0.0560,0.0130,-0.2015,1.0680,1.4509,0.2251,-0.01895,-0.00787,0.0284,-0.0888,-0.1288,0.0236,0.00000,0.00000,0.8872,1.4308
1730,69.2000,0.0866,0.0000,-0.2339,0.1248,0.0057,0.0426,-0.0234,0.2214,-0.2925,1.0724,1.4539,0.2249,-0.01428,-0.00626,0.0516,-0.1123,-0.1155,0.0135,0.00000,0.00000,0.8921,1.4343
1731,69.2400,0.0849,0.0000,-0.2404,0.1431,0.0140,0.0306,-0.0634,-0.1548,-0.3880,1.0764,1.4577,0.2250,-0.01435,-0.00929,0.0549,-0.0818,-0.0827,0.0265,0.00000,0.00000,0.8969,1.4378
1732,69.2800,0.0831,0.0000,-0.2466,0.1426,-0.0075,0.0276,0.0400,-0.1398,-0.2084,1.0809,1.4610,0.2248,-0.01990,-0.00903,0.0286,-0.1001,-0.1384,0.0073,0.00000,0.00000,0.9017,1.4412
1733,69.3200,0.0813,0.0000,-0.2532,0.1314,0.0210,0.0429,-0.1000,0.0576,-0.3821,1.0854,1.4643,0.2248,-0.02206,-0.00972,0.0722,-0.1172,-0.0903,-0.0036,0.00000,0.00000,0.9065,1.4445
1734,69.3600,0.0795,0.0000,-0.2599,0.1398,0.0024,0.0227,-0.0083,-0.1640,-0.2749,1.0894,1.4680,0.2248,-0.02360,-0.01292,0.0253,-0.0801,-0.1202,0.0201,0.00000,0.00000,0.9113,1.4477
1735,69.4000,0.0777,0.0000,-0.2666,0.1304,-0.0049,0.0331,0.0269,-0.0029,-0.2290,1.0940,1.4707,0.2245,-0.02696,-0.01101,0.0577,-0.1034,-0.1251,0.0023,0.00000,0.00000,0.9160,1.4507
1736,69.4400,0.0759,0.0000,-0.2740,0.1199,0.0066,0.0267,-0.0280,0.1528,-0.3536,1.0982,1.4735,0.2243,-0.02358,-0.01074,0.0213,-0.0969,-0.1004,-0.0147,0.00000,0.00000,0.9208,1.4538
1737,69.4800,0.0740,0.0000,-0.2816,0.1181,-0.0041,0.0378,0.0252,0.1699,-0.3004,1.1023,1.4762,0.2242,-0.01667,-0.01064,0.0341,-0.0915,-0.1142,0.0506,0.00000,0.00000,0.9255,1.4567
1738,69.5200,0.0722,0.0000,-0.2893,0.1354,-0.0027,0.0370,0.0190,-0.1707,-0.4101,1.1068,1.4789,0.2243,-0.01855,-0.00934,0.0633,-0.0799,-0.0873,0.0259,0.00000,0.00000,0.9302,1.4595
1739,69.5600,0.0704,0.0000,-0.2970,0.1236,-0.0108,0.0427,0.0569,0.0633,-0.2775,1.1114,1.4812,0.2246,-0.01962,-0.00674,0.0161,-0.1069,-0.1405,0.0002,0.00000,0.00000,0.9349,1.4622
1740,69.6000,0.0686,0.0000,-0.3050,0.1197,0.0110,0.0467,-0.0486,0.1100,-0.4063,1.1157,1.4837,0.2249,-0.01651,-0.00629,0.0674,-0.1011,-0.1062,0.0287,0.00000,0.00000,0.9396,1.4648
1741,69.6400,0.0668,0.0000,-0.3132,0.1244,0.0084,0.0365,-0.0357,0.0012,-0.4092,1.1198,1.4866,0.2252,-0.01421,-0.00845,0.0613,-0.0784,-0.1055,0.0313,0.00000,0.00000,0.9443,1.4674
1742,69.6800,0.0649,0.0000,-0.3211,0.1239,-0.0123,0.0162,0.0660,0.0280,-0.3271,1.1243,1.4888,0.2248,-0.01360,-0.00703,0.0164,-0.0842,-0.1220,0.0125,0.00000,0.00000,0.9489,1.4698
1743,69.7200,0.0631,0.0000,-0.3293,0.1316,-0.0064,0.0392,0.0362,-0.1226,-0.2822,1.1291,1.4908,0.2245,-0.01672,-0.00445,0.0312,-0.1103,-0.1259,0.0371,0.00000,0.00000,0.9536,1.4722
1744,69.7600,0.0613,0.0000,-0.3381,0.1265,0.0132,0.0437,-0.0612,-0.0289,-0.3719,1.1336,1.4933,0.2248,-0.01983,-0.00476,0.0438,-0.1071,-0.1019,-0.0053,0.00000,0.00000,0.9582,1.4744
1745,69.8000,0.0595,0.0000,-0.3473,0.1139,0.0068,0.0341,-0.0287,0.2076,-0.3454,1.1378,1.4959,0.2250,-0.01472,-0.00656,0.0282,-0.0957,-0.1233,0.0281,0.00000,0.00000,0.9628,1.4766
1746,69.8400,0.0577,0.0000,-0.3568,0.1312,0.0032,0.0228,-0.0095,-0.1200,-0.4424,1.1422,1.4983,0.2246,-0.01495,-0.00742,0.0423,-0.0888,-0.0824,0.0439,0.00000,0.00000,0.9674,1.4786
1747,69.8800,0.0559,0.0000,-0.3663,0.1265,-0.0135,0.0412,0.0716,0.0010,-0.3073,1.1470,1.5001,0.2246,-0.01614,-0.00528,0.0235,-0.0944,-0.1456,0.0150,0.00000,0.00000,0.9720,1.4806
1748,69.9200,0.0541,0.0000,-0.3763,0.1333,0.0003,0.0313,0.0032,-0.1414,-0.4101,1.1519,1.5019,0.2246,-0.02034,-0.00332,0.0430,-0.0846,-0.0953,0.0108,0.00000,0.00000,0.9765,1.4825
1749,69.9600,0.0524,0.0000,-0.3864,0.1315,-0.0007,0.0439,0.0082,-0.1416,-0.3575,1.1567,1.5040,0.2247,-0.02527,-0.00290,0.0416,-0.0892,-0.1462,0.0391,0.00000,0.00000,0.9811,1.4843
1750,70.0000,0.0506,0.0000,-0.3969,0.1231,0.0034,0.0338,-0.0140,-0.0328,-0.3103,1.1614,1.5059,0.2250,-0.02873,-0.00233,0.0350,-0.0943,-0.1193,-0.0037,0.00000,0.00000,0.9856,1.4860
1751,70.0400,0.0488,0.0000,-0.4079,0.1139,0.0177,0.0280,-0.0864,0.0872,-0.4631,1.1657,1.5080,0.2247,-0.02739,-0.00403,0.0430,-0.0959,-0.1026,0.0308,0.00000,0.00000,0.9901,1.4875
1752,70.0800,0.0471,0.0000,-0.4190,0.1220,0.0075,0.0322,-0.0401,-0.0396,-0.5121,1.1700,1.5103,0.2246,-0.02663,-0.00660,0.0418,-0.0853,-0.1069,0.0576,0.00000,0.00000,0.9946,1.4890
1753,70.1200,0.0454,0.0000,-0.4287,0.1239,0.0060,0.0290,-0.0362,-0.0437,-0.5818,1.1746,1.5122,0.2244,-0.02887,-0.00712,0.0597,-0.0803,-0.0889,0.0273,0.00000,0.00000,0.9991,1.4904
1754,70.1600,0.0437,0.0000,-0.4373,0.1158,0.0014,0.0216,-0.0114,0.1250,-0.3907,1.1792,1.5138,0.2242,-0.02629,-0.00737,0.0166,-0.0931,-0.1251,0.0114,0.00000,0.00000,1.0036,1.4917
1755,70.2000,0.0420,0.0000,-0.4448,0.1123,0.0149,0.0214,-0.0771,0.2175,-0.4535,1.1837,1.5155,0.2235,-0.01975,-0.00883,0.0472,-0.0921,-0.0911,0.0261,0.00000,0.00000,1.0080,1.4930
1756,70.2400,0.0404,0.0000,-0.4514,0.1191,0.0081,0.0240,-0.0416,0.1594,-0.4962,1.1882,1.5174,0.2230,-0.01218,-0.01135,0.0279,-0.0808,-0.1044,0.0264,0.00000,0.00000,1.0125,1.4941
1757,70.2800,0.0388,0.0000,-0.4572,0.1412,-0.0068,0.0424,0.0331,-0.1589,-0.4752,1.1934,1.5188,0.2230,-0.01371,-0.01128,0.0455,-0.0890,-0.1264,0.0552,0.00000,0.00000,1.0169,1.4951
1758,70.3200,0.0372,0.0000,-0.4624,0.1527,-0.0034,0.0435,0.0125,-0.3042,-0.5129,1.1991,1.5199,0.2234,-0.02440,-0.00967,0.0445,-0.0970,-0.1196,0.0181,0.00000,0.00000,1.0213,1.4960
1759,70.3600,0.0356,0.0000,-0.4669,0.1530,-0.0054,0.0352,0.0226,-0.3206,-0.3304,1.2048,1.5210,0.2237,-0.03652,-0.00846,0.0262,-0.0991,-0.1667,0.0339,0.00000,0.00000,1.0257,1.4968
1760,70.4000,0.0340,0.0000,-0.4709,0.1329,0.0086,0.0398,-0.0466,0.0376,-0.4235,1.2103,1.5221,0.2239,-0.04080,-0.00789,0.0660,-0.0869,-0.1542,0.0439,0.00000,0.00000,1.0300,1.4976
1761,70.4400,0.0324,0.0000,-0.4744,0.1264,0.0258,0.0125,-0.1320,0.0816,-0.4873,1.2154,1.5240,0.2236,-0.03850,-0.01125,0.0483,-0.0723,-0.1066,0.0049,0.00000,0.00000,1.0344,1.4982
1762,70.4800,0.0309,0.0000,-0.4774,0.1334,0.0137,0.0056,-0.0722,-0.1117,-0.5262,1.2204,1.5258,0.2225,-0.04019,-0.01496,0.0332,-0.0820,-0.1150,0.0697,0.00000,0.00000,1.0387,1.4987
1763,70.5200,0.0294,0.0000,-0.4801,0.1186,-0.0001,0.0237,0.0014,0.1238,-0.4212,1.2254,1.5268,0.2218,-0.03930,-0.01498,0.0212,-0.0841,-0.1155,0.0027,0.00000,0.00000,1.0430,1.4992
1764,70.5600,0.0279,0.0000,-0.4825,0.1176,0.0101,0.0368,-0.0470,0.0316,-0.5065,1.2302,1.5277,0.2217,-0.03715,-0.01538,0.0507,-0.0854,-0.0959,0.0423,0.00000,0.00000,1.0473,1.4995
1765,70.6000,0.0266,0.0000,-0.4846,0.1138,-0.0042,0.0409,0.0228,0.0232,-0.3792,1.2348,1.5283,0.2221,-0.03554,-0.01529,0.0186,-0.0958,-0.1438,0.0198,0.00000,0.00000,1.0516,1.4998
1766,70.6400,0.0253,0.0000,-0.4865,0.1029,-0.0022,0.0394,0.0112,0.1748,-0.4391,1.2393,1.5286,0.2223,-0.03191,-0.01366,0.0358,-0.0971,-0.1061,0.0392,0.00000,0.00000,1.0559,1.4999
1767,70.6800,0.0241,0.0000,-0.4881,0.1044,-0.0078,0.0478,0.0415,0.0862,-0.4654,1.2435,1.5288,0.2227,-0.02654,-0.01235,0.0357,-0.0836,-0.1327,0.0775,0.00000,0.00000,1.0602,1.5000
1768,70.7200,0.0230,0.0000,-0.4895,0.1139,-0.0036,0.0212,0.0184,-0.1528,-0.5235,1.2480,1.5288,0.2227,-0.02958,-0.01043,0.0401,-0.0662,-0.0956,0.0110,0.00000,0.00000,1.0644,1.5000
1769,70.7600,0.0220,0.0000,-0.4908,0.0986,-0.0053,0.0360,0.0277,0.0910,-0.4096,1.2522,1.5287,0.2225,-0.02956,-0.00879,0.0167,-0.0922,-0.1546,0.0467,0.00000,0.00000,1.0686,1.4998
1770,70.8000,0.0211,0.0000,-0.4919,0.0931,0.0250,0.0394,-0.1189,0.1429,-0.4827,1.2563,1.5293,0.2226,-0.02587,-0.01035,0.0464,-0.1063,-0.0929,0.0050,0.00000,0.00000,1.0728,1.4996
1771,70.8400,0.0203,0.0000,-0.4929,0.1101,-0.0010,0.0123,0.0077,-0.2630,-0.4039,1.2603,1.5301,0.2223,-0.02899,-0.01291,0.0060,-0.0700,-0.1248,0.0628,0.00000,0.00000,1.0770,1.4993
1772,70.8800,0.0196,0.0000,-0.4937,0.0943,0.0074,0.0456,-0.0325,0.0235,-0.5306,1.2644,1.5299,0.2219,-0.03373,-0.01183,0.0707,-0.0902,-0.1162,0.0134,0.00000,0.00000,1.0812,1.4989
1773,70.9200,0.0190,0.0000,-0.4945,0.0852,-0.0036,0.0397,0.0198,0.1373,-0.4142,1.2680,1.5300,0.2225,-0.02916,-0.01193,-0.0049,-0.0856,-0.1431,0.0224,0.00000,0.00000,1.0853,1.4983
1774,70.9600,0.0186,0.0000,-0.4951,0.0879,0.0026,0.0256,-0.0111,0.0181,-0.4329,1.2717,1.5298,0.2223,-0.02757,-0.01103,0.0399,-0.0882,-0.1054,0.0328,0.00000,0.00000,1.0894,1.4977
1775,71.0000,0.0182,0.0000,-0.4957,0.0812,-0.0091,0.0229,0.0486,0.1126,-0.3897,1.2751,1.5294,0.2219,-0.02400,-0.00986,-0.0087,-0.0738,-0.1361,0.0345,0.00000,0.00000,1.0936,1.4970
1776,71.0400,0.0180,0.0000,-0.4962,0.0835,0.0191,0.0451,-0.0857,0.0457,-0.6210,1.2786,1.5294,0.2217,-0.02255,-0.01031,0.0642,-0.0882,-0.0818,0.0339,0.00000,0.00000,1.0977,1.4962
1777,71.0800,0.0179,0.0000,-0.4967,0.0861,0.0070,0.0406,-0.0294,-0.0371,-0.4698,1.2821,1.5298,0.2222,-0.02183,-0.01275,0.0327,-0.0727,-0.1209,0.0228,0.00000,0.00000,1.1017,1.4953
1778,71.1200,0.0179,0.0000,-0.4971,0.0772,0.0108,0.0251,-0.0515,0.1170,-0.5409,1.2855,1.5296,0.2219,-0.02076,-0.01339,0.0503,-0.0802,-0.0896,0.0159,0.00000,0.00000,1.1058,1.4943
1779,71.1600,0.0181,0.0000,-0.4974,0.0849,0.0122,0.0289,-0.0546,-0.0665,-0.6137,1.2889,1.5298,0.2215,-0.02058,-0.01574,0.0408,-0.0717,-0.0897,0.0502,0.00000,0.00000,1.1099,1.4932
1780,71.2000,0.0184,0.0000,-0.4977,0.0895,0.0036,0.0450,-0.0121,-0.1634,-0.4837,1.2924,1.5296,0.2217,-0.02582,-0.01667,0.0479,-0.0951,-0.1168,0.0135,0.00000,0.00000,1.1139,1.4920
1781,71.2400,0.0188,0.0000,-0.4980,0.0696,-0.0222,0.0330,0.1149,0.2160,-0.3220,1.2955,1.5285,0.2219,-0.02271,-0.01360,-0.0127,-0.0852,-0.1552,0.0156,0.00000,0.00000,1.1179,1.4908
1782,71.2800,0.0194,0.0000,-0.4982,0.0820,0.0176,0.0363,-0.0797,-0.0744,-0.6661,1.2986,1.5278,0.2216,-0.02319,-0.01296,0.0737,-0.0827,-0.0498,0.0568,0.00000,0.00000,1.1219,1.4894
1783,71.3200,0.0200,0.0000,-0.4985,0.0827,0.0023,0.0427,-0.0088,-0.1175,-0.4279,1.3019,1.5277,0.2221,-0.02593,-0.01498,0.0268,-0.0808,-0.1307,0.0237,0.00000,0.00000,1.1259,1.4879
1784,71.3600,0.0208,0.0000,-0.4986,0.0775,0.0060,0.0273,-0.0254,-0.0629,-0.4558,1.3051,1.5270,0.2219,-0.03033,-0.01479,0.0551,-0.0828,-0.1008,0.0069,0.00000,0.00000,1.1298,1.4863
1785,71.4000,0.0217,0.0000,-0.4988,0.0619,0.0053,0.0488,-0.0243,0.1954,-0.4330,1.3079,1.5265,0.2221,-0.02621,-0.01548,0.0363,-0.0946,-0.1354,0.0475,0.00000,0.00000,1.1337,1.4847
1786,71.4400,0.0228,0.0000,-0.4990,0.0673,0.0042,0.0213,-0.0175,0.0491,-0.5347,1.3106,1.5260,0.2220,-0.02229,-0.01607,0.0315,-0.0693,-0.0931,0.0024,0.00000,0.00000,1.1377,1.4829
1787,71.4800,0.0239,0.0000,-0.4991,0.0701,-0.0051,0.0332,0.0285,-0.0268,-0.4811,1.3133,1.5252,0.2216,-0.02262,-0.01542,0.0286,-0.0844,-0.1141,0.0614,0.00000,0.00000,1.1416,1.4811
1788,71.5200,0.0252,0.0000,-0.4992,0.0683,-0.0021,0.0337,0.0128,-0.0080,-0.4768,1.3160,1.5241,0.2216,-0.02355,-0.01393,0.0271,-0.0772,-0.1050,0.0043,0.00000,0.00000,1.1455,1.4791
1789,71.5600,0.0266,0.0000,-0.4993,0.0704,0.0197,0.0514,-0.0927,-0.0929,-0.6063,1.3188,1.5236,0.2218,-0.02705,-0.01566,0.0739,-0.0936,-0.0788,0.0623,0.00000,0.00000,1.1493,1.4771
1790,71.6000,0.0282,0.0000,-0.4994,0.0537,-0.0094,0.0292,0.0482,0.2218,-0.4258,1.3212,1.5229,0.2222,-0.02197,-0.01591,-0.0046,-0.0748,-0.1357,0.0089,0.00000,0.00000,1.1532,1.4749
1791,71.6400,0.0299,0.0000,-0.4994,0.0731,0.0041,0.0314,-0.0146,-0.2001,-0.4828,1.3237,1.5219,0.2217,-0.02487,-0.01510,0.0584,-0.0941,-0.0887,0.0601,0.00000,0.00000,1.1570,1.4727
1792,71.6800,0.0317,0.0000,-0.4995,0.0492,-0.0023,0.0482,0.0129,0.2758,-0.4197,1.3260,1.5209,0.2221,-0.02075,-0.01433,0.0209,-0.0863,-0.1336,0.0150,0.00000,0.00000,1.1608,1.4704
1793,71.7200,0.0336,0.0000,-0.4996,0.0591,-0.0051,0.0221,0.0287,0.0653,-0.4987,1.3281,1.5199,0.2219,-0.01510,-0.01349,0.0173,-0.0668,-0.1021,0.0470,0.00000,0.00000,1.1646,1.4680
1794,71.7600,0.0356,0.0000,-0.4996,0.0721,-0.0084,0.0320,0.0477,-0.1727,-0.4608,1.3305,1.5185,0.2216,-0.01884,-0.01163,0.0175,-0.0838,-0.1156,0.0490,0.00000,0.00000,1.1684,1.4654
1795,71.8000,0.0378,0.0000,-0.4997,0.0558,-0.0077,0.0657,0.0410,0.1837,-0.4196,1.3326,1.5170,0.2222,-0.01704,-0.00883,0.0186,-0.1056,-0.1553,0.0418,0.00000,0.00000,1.1721,1.4628
1796,71.8400,0.0400,0.0000,-0.4997,0.0620,0.0101,0.0300,-0.0458,0.0526,-0.5858,1.3350,1.5160,0.2226,-0.01351,-0.00909,0.0267,-0.0766,-0.0913,0.0180,0.00000,0.00000,1.1759,1.4601
1797,71.8800,0.0424,0.0000,-0.4997,0.0680,0.0227,0.0220,-0.1067,-0.0807,-0.5459,1.3377,1.5154,0.2221,-0.01512,-0.01270,0.0456,-0.0861,-0.0959,0.0274,0.00000,0.00000,1.1796,1.4573
1798,71.9200,0.0449,0.0000,-0.4998,0.0775,0.0027,0.0291,-0.0062,-0.2500,-0.4660,1.3405,1.5146,0.2217,-0.02220,-0.01538,0.0164,-0.0879,-0.1221,0.0513,0.00000,0.00000,1.1833,1.4545
1799,71.9600,0.0475,0.0000,-0.4998,0.0738,-0.0153,0.0468,0.0802,-0.1523,-0.4247,1.3428,1.5128,0.2219,-0.03025,-0.01280,0.0223,-0.0948,-0.1289,0.0327,0.00000,0.00000,1.1869,1.4515
1800,72.0000,0.0502,0.0000,-0.4998,0.0694,0.0008,0.0331,0.0007,-0.1335,-0.4464,1.3450,1.5110,0.2221,-0.03637,-0.01029,0.0128,-0.0926,-0.1178,-0.0135,0.00000,0.00000,1.1906,1.4484
1801,72.0400,0.0529,0.0000,-0.4998,0.0545,0.0167,0.0346,-0.0816,0.0631,-0.3551,1.3474,1.5101,0.2221,-0.03697,-0.01185,0.0240,-0.1028,-0.1266,0.0221,0.00000,0.00000,1.1942,1.4452
1802,72.0800,0.0557,0.0000,-0.4999,0.0498,0.0268,0.0226,-0.1321,0.0661,-0.5239,1.3498,1.5098,0.2216,-0.03461,-0.01678,0.0427,-0.0783,-0.0791,0.0226,0.00000,0.00000,1.1979,1.4420
1803,72.1200,0.0587,0.0000,-0.4999,0.0539,-0.0053,0.0156,0.0275,-0.0704,-0.4287,1.3518,1.5090,0.2210,-0.03459,-0.01879,-0.0073,-0.0702,-0.1217,0.0297,0.00000,0.00000,1.2015,1.4386
1804,72.1600,0.0617,0.0000,-0.4999,0.0480,-0.0126,0.0447,0.0639,0.0270,-0.4808,1.3532,1.5073,0.2207,-0.03600,-0.01503,0.0027,-0.1016,-0.1254,0.0307,0.00000,0.00000,1.2051,1.4352
1805,72.2000,0.0649,0.0000,-0.4999,0.0408,0.0088,0.0490,-0.0434,0.0975,-0.5428,1.3547,1.5062,0.2214,-0.03342,-0.01394,0.0282,-0.0850,-0.1001,-0.0071,0.00000,0.00000,1.2086,1.4316
1806,72.2400,0.0682,0.0000,-0.4999,0.0418,0.0051,0.0336,-0.0247,-0.0061,-0.4657,1.3564,1.5055,0.2215,-0.03191,-0.01550,0.0236,-0.0788,-0.1113,0.0523,0.00000,0.00000,1.2122,1.4280
1807,72.2800,0.0717,0.0000,-0.4999,0.0367,-0.0030,0.0251,0.0164,0.0404,-0.3697,1.3576,1.5045,0.2212,-0.03107,-0.01472,0.0012,-0.0869,-0.1329,0.0013,0.00000,0.00000,1.2157,1.4243
1808,72.3200,0.0753,0.0000,-0.4999,0.0212,0.0045,0.0378,-0.0205,0.3181,-0.3840,1.3587,1.5036,0.2210,-0.02339,-0.01410,-0.0051,-0.1034,-0.1200,0.0183,0.00000,0.00000,1.2192,1.4205
1809,72.3600,0.0790,0.0000,-0.4999,0.0230,0.0026,0.0281,-0.0091,0.2959,-0.5177,1.3598,1.5030,0.2208,-0.01146,-0.01507,-0.0071,-0.0752,-0.0815,0.0460,0.00000,0.00000,1.2227,1.4166
1810,72.4000,0.0828,0.0000,-0.5000,0.0440,-0.0121,0.0292,0.0653,-0.0609,-0.4667,1.3608,1.5019,0.2205,-0.00802,-0.01361,0.0135,-0.0541,-0.1008,0.0508,0.00000,0.00000,1.2261,1.4126
1811,72.4400,0.0867,0.0000,-0.5000,0.0438,0.0064,0.0535,-0.0282,0.0115,-0.4640,1.3621,1.5005,0.2207,-0.00986,-0.01189,0.0243,-0.1045,-0.1127,-0.0063,0.00000,0.00000,1.2296,1.4085
1812,72.4800,0.0908,0.0000,-0.5000,0.0443,0.0187,0.0359,-0.0894,0.0242,-0.4612,1.3639,1.4997,0.2211,-0.00914,-0.01576,0.0081,-0.0928,-0.1028,-0.0019,0.00000,0.00000,1.2330,1.4043
1813,72.5200,0.0949,0.0000,-0.5000,0.0532,0.0002,0.0296,0.0034,-0.1015,-0.4337,1.3657,1.4986,0.2208,-0.01121,-0.01831,0.0047,-0.0859,-0.1178,0.0574,0.00000,0.00000,1.2364,1.4001
1814,72.5600,0.0991,0.0000,-0.4999,0.0536,-0.0019,0.0442,0.0135,-0.0374,-0.5001,1.3671,1.4970,0.2208,-0.01427,-0.01708,0.0179,-0.0886,-0.1079,0.0132,0.00000,0.00000,1.2398,1.3957
1815,72.6000,0.1033,0.0000,-0.4981,0.0519,0.0082,0.0404,-0.0374,0.0270,-0.5530,1.3688,1.4956,0.2211,-0.01478,-0.01781,0.0148,-0.0891,-0.0899,0.0139,0.00000,0.00000,1.2432,1.3913
1816,72.6400,0.1077,0.0000,-0.4944,0.0493,0.0028,0.0374,-0.0112,0.1050,-0.4086,1.3704,1.4942,0.2213,-0.01155,-0.01925,0.0004,-0.1020,-0.1302,0.0195,0.00000,0.00000,1.2465,1.3868
1817,72.6800,0.1121,0.0000,-0.4894,0.0562,-0.0033,0.0217,0.0200,0.0298,-0.4476,1.3719,1.4925,0.2208,-0.00991,-0.01891,-0.0104,-0.0875,-0.0931,0.0309,0.00000,0.00000,1.2499,1.3821
1818,72.7200,0.1165,0.0000,-0.4835,0.0522,-0.0001,0.0467,0.0040,0.1856,-0.3721,1.3733,1.4906,0.2208,-0.00501,-0.01789,0.0037,-0.1043,-0.1249,0.0212,0.00000,0.00000,1.2532,1.3774
1819,72.7600,0.1210,0.0000,-0.4769,0.0743,-0.0063,0.0336,0.0404,-0.1664,-0.4499,1.3750,1.4886,0.2209,-0.00618,-0.01753,-0.0011,-0.0777,-0.1036,0.0414,0.00000,0.00000,1.2564,1.3726
1820,72.8000,0.1255,0.0000,-0.4695,0.0757,-0.0051,0.0515,0.0279,-0.1079,-0.3313,1.3765,1.4861,0.2212,-0.01186,-0.01461,0.0104,-0.1100,-0.1326,0.0093,0.00000,0.00000,1.2597,1.3678
1821,72.8400,0.1300,0.0000,-0.4617,0.0757,0.0084,0.0509,-0.0320,-0.0700,-0.4813,1.3785,1.4838,0.2218,-0.01567,-0.01527,0.0197,-0.1006,-0.1151,0.0424,0.00000,0.00000,1.2630,1.3628
1822,72.8800,0.1344,0.0000,-0.4534,0.0694,-0.0013,0.0222,0.0081,0.0978,-0.3521,1.3803,1.4814,0.2219,-0.01414,-0.01577,-0.0176,-0.0903,-0.1113,0.0009,0.00000,0.00000,1.2662,1.3577
1823,72.9200,0.1389,0.0000,-0.4444,0.0745,0.0111,0.0205,-0.0491,0.0249,-0.4404,1.3823,1.4791,0.2211,-0.01288,-0.01743,0.0206,-0.0849,-0.0783,0.0542,0.00000,0.00000,1.2694,1.3526
1824,72.9600,0.1433,0.0000,-0.4350,0.0846,0.0129,0.0373,-0.0565,-0.1119,-0.4835,1.3847,1.4768,0.2208,-0.01510,-0.02204,0.0136,-0.0919,-0.0972,0.0202,0.00000,0.00000,1.2726,1.3474
1825,73.0000,0.1478,0.0000,-0.4250,0.0698,-0.0006,0.0511,0.0042,0.2585,-0.2973,1.3865,1.4743,0.2214,-0.01053,-0.02302,-0.0035,-0.1162,-0.1355,0.0016,0.00000,0.00000,1.2757,1.3420
1826,73.0400,0.1523,0.0000,-0.4148,0.0861,0.0003,0.0183,0.0070,-0.0190,-0.4316,1.3884,1.4715,0.2211,-0.00745,-0.02369,0.0046,-0.0779,-0.0842,0.0302,0.00000,0.00000,1.2789,1.3366
1827,73.0800,0.1568,0.0000,-0.4043,0.0888,-0.0063,0.0369,0.0353,0.0254,-0.3809,1.3901,1.4684,0.2207,-0.00737,-0.02196,0.0012,-0.0931,-0.1096,0.0350,0.00000,0.00000,1.2820,1.3311
1828,73.1200,0.1612,0.0000,-0.3936,0.0879,-0.0004,0.0383,0.0088,0.1340,-0.3660,1.3919,1.4652,0.2209,-0.00397,-0.02054,-0.0177,-0.1049,-0.1174,-0.0123,0.00000,0.00000,1.2851,1.3256
1829,73.1600,0.1656,0.0000,-0.3828,0.0977,0.0105,0.0399,-0.0483,0.0295,-0.3370,1.3941,1.4620,0.2209,-0.00189,-0.02319,0.0072,-0.1100,-0.0942,0.0307,0.00000,0.00000,1.2882,1.3199
1830,73.2000,0.1700,0.0000,-0.3719,0.1147,-0.0039,0.0340,0.0225,-0.2082,-0.2957,1.3964,1.4584,0.2209,-0.00601,-0.02506,-0.0027,-0.0894,-0.1185,0.0390,0.00000,0.00000,1.2913,1.3142
1831,73.2400,0.1743,0.0000,-0.3613,0.1068,0.0016,0.0507,-0.0062,0.0589,-0.3253,1.3984,1.4545,0.2212,-0.00882,-0.02330,0.0117,-0.1115,-0.1108,0.0154,0.00000,0.00000,1.2943,1.3083
1832,73.2800,0.1786,0.0000,-0.3509,0.1091,0.0118,0.0284,-0.0568,0.0685,-0.2908,1.4008,1.4508,0.2214,-0.00615,-0.02718,-0.0086,-0.1018,-0.1021,-0.0081,0.00000,0.00000,1.2973,1.3024
1833,73.3200,0.1827,0.0000,-0.3406,0.1151,0.0155,0.0234,-0.0724,0.0261,-0.3975,1.4035,1.4470,0.2207,-0.00497,-0.03368,0.0172,-0.0945,-0.0894,0.0302,0.00000,0.00000,1.3003,1.2964
1834,73.3600,0.1869,0.0000,-0.3302,0.1184,0.0103,0.0390,-0.0479,0.0784,-0.3389,1.4062,1.4429,0.2206,-0.00279,-0.04003,0.0025,-0.1114,-0.1007,-0.0062,0.00000,0.00000,1.3033,1.2904
1835,73.4000,0.1910,0.0000,-0.3197,0.1382,-0.0083,0.0404,0.0451,-0.2016,-0.3839,1.4086,1.4384,0.2206,-0.00656,-0.04160,0.0183,-0.0845,-0.0915,0.0629,0.00000,0.00000,1.3063,1.2842
1836,73.4400,0.1950,0.0000,-0.3089,0.1390,-0.0109,0.0500,0.0561,-0.1204,-0.3055,1.4104,1.4332,0.2212,-0.01292,-0.03602,0.0025,-0.1172,-0.1384,-0.0228,0.00000,0.00000,1.3092,1.2779
1837,73.4800,0.1990,0.0000,-0.2982,0.1345,0.0035,0.0457,-0.0157,0.0086,-0.3010,1.4125,1.4281,0.2217,-0.01520,-0.03474,0.0044,-0.1203,-0.1192,0.0168,0.00000,0.00000,1.3121,1.2716
1838,73.5200,0.2029,0.0000,-0.2876,0.1232,0.0259,0.0360,-0.1259,0.2664,-0.3759,1.4153,1.4235,0.2218,-0.00913,-0.04291,0.0341,-0.1119,-0.0883,-0.0001,0.00000,0.00000,1.3150,1.2652
1839,73.5600,0.2067,0.0000,-0.2769,0.1403,0.0063,0.0044,-0.0277,-0.0148,-0.3660,1.4182,1.4189,0.2210,-0.00482,-0.05414,0.0054,-0.0706,-0.0787,0.0312,0.00000,0.00000,1.3179,1.2587
1840,73.6000,0.2105,0.0000,-0.2659,0.1382,-0.0046,0.0390,0.0253,0.1589,-0.2736,1.4202,1.4135,0.2204,-0.00210,-0.05349,0.0131,-0.1158,-0.1058,0.0104,0.00000,0.00000,1.3208,1.2522
1841,73.6400,0.2143,0.0000,-0.2550,0.1547,0.0023,0.0505,-0.0081,-0.0673,-0.3285,1.4224,1.4080,0.2208,-0.00129,-0.05550,0.0298,-0.0980,-0.0923,0.0136,0.00000,0.00000,1.3236,1.2455
1842,73.6800,0.2180,0.0000,-0.2443,0.1481,-0.0014,0.0418,0.0081,0.1759,-0.1936,1.4246,1.4022,0.2213,0.00150,-0.05564,-0.0028,-0.1256,-0.1221,-0.0246,0.00000,0.00000,1.3264,1.2388
1843,73.7200,0.2216,0.0000,-0.2340,0.1536,0.0014,0.0305,-0.0032,0.1790,-0.2836,1.4268,1.3963,0.2211,0.00816,-0.05749,0.0065,-0.1062,-0.0972,0.0327,0.00000,0.00000,1.3292,1.2320
1844,73.7600,0.2251,0.0000,-0.2241,0.1707,-0.0007,0.0340,0.0057,-0.0068,-0.1915,1.4291,1.3901,0.2208,0.01078,-0.05970,0.0107,-0.1037,-0.1010,-0.0025,0.00000,0.00000,1.3320,1.2251
1845,73.8000,0.2285,0.0000,-0.2145,0.1795,-0.0046,0.0533,0.0255,-0.0131,-0.1946,1.4313,1.3834,0.2210,0.00992,-0.05875,0.0172,-0.1183,-0.1206,0.0325,0.00000,0.00000,1.3347,1.2181
1846,73.8400,0.2318,0.0000,-0.2057,0.1908,-0.0040,0.0434,0.0224,-0.0783,-0.2152,1.4335,1.3763,0.2215,0.00752,-0.05753,0.0067,-0.1088,-0.1062,-0.0046,0.00000,0.00000,1.3374,1.2111
1847,73.8800,0.2349,0.0000,-0.1972,0.1914,0.0066,0.0349,-0.0323,0.0394,-0.1418,1.4359,1.3690,0.2215,0.00658,-0.05900,0.0140,-0.1184,-0.0990,-0.0012,0.00000,0.00000,1.3402,1.2040
1848,73.9200,0.2380,0.0000,-0.1892,0.1959,0.0056,0.0281,-0.0249,0.0826,-0.2172,1.4387,1.3616,0.2211,0.00952,-0.06511,0.0092,-0.0959,-0.1085,0.0203,0.00000,0.00000,1.3428,1.1968
1849,73.9600,0.2409,0.0000,-0.1817,0.2125,0.0062,0.0549,-0.0272,-0.0681,-0.2656,1.4414,1.3538,0.2212,0.00850,-0.07158,0.0340,-0.1223,-0.1028,0.0305,0.00000,0.00000,1.3455,1.1895
1850,74.0000,0.2437,0.0000,-0.1743,0.2154,-0.0030,0.0466,0.0160,0.0342,-0.1731,1.4440,1.3456,0.2218,0.00827,-0.07389,0.0168,-0.1113,-0.1067,-0.0137,0.00000,0.00000,1.3481,1.1822
1851,74.0400,0.2464,0.0000,-0.1670,0.2224,-0.0099,0.0403,0.0530,0.0423,-0.2793,1.4462,1.3370,0.2218,0.00936,-0.07108,0.0175,-0.1075,-0.1112,0.0627,0.00000,0.00000,1.3508,1.1747
1852,74.0800,0.2489,0.0000,-0.1598,0.2390,-0.0032,0.0464,0.0165,-0.1386,-0.1294,1.4485,1.3280,0.2221,0.00659,-0.06858,0.0241,-0.1194,-0.1220,-0.0127,0.00000,0.00000,1.3534,1.1672
1853,74.1200,0.2514,0.0000,-0.1528,0.2398,0.0038,0.0375,-0.0183,-0.0348,-0.1381,1.4511,1.3188,0.2222,0.00298,-0.06964,0.0301,-0.1099,-0.1057,0.0260,0.00000,0.00000,1.3559,1.1597
1854,74.1600,0.2536,0.0000,-0.1463,0.2438,0.0020,0.0141,-0.0100,-0.0039,-0.1122,1.4538,1.3095,0.2217,0.00244,-0.07356,-0.0087,-0.1016,-0.1067,-0.0100,0.00000,0.00000,1.3585,1.1520
1855,74.2000,0.2558,0.0000,-0.1405,0.2519,0.0160,0.0454,-0.0774,-0.0393,-0.2540,1.4568,1.3000,0.2212,0.00049,-0.08295,0.0501,-0.1175,-0.0876,0.0480,0.00000,0.00000,1.3610,1.1443
1856,74.2400,0.2578,0.0000,-0.1348,0.2632,-0.0045,0.0342,0.0201,-0.1489,0.0060,1.4597,1.2902,0.2216,-0.00268,-0.08989,-0.0145,-0.1189,-0.1309,-0.0401,0.00000,0.00000,1.3635,1.1365
1857,74.2800,0.2597,0.0000,-0.1296,0.2656,-0.0046,0.0330,0.0240,-0.1087,-0.1633,1.4620,1.2800,0.2213,-0.00880,-0.08500,0.0372,-0.1059,-0.0926,0.0533,0.00000,0.00000,1.3660,1.1286
1858,74.3200,0.2614,0.0000,-0.1251,0.2534,0.0238,0.0480,-0.1195,0.2079,-0.1306,1.4650,1.2700,0.2217,-0.00576,-0.09471,0.0274,-0.1392,-0.1012,-0.0599,0.00000,0.00000,1.3685,1.1207
1859,74.3600,0.2630,0.0000,-0.1208,0.2670,0.0023,-0.0005,-0.0106,0.0047,-0.2045,1.4683,1.2599,0.2209,-0.00192,-0.11216,0.0064,-0.0643,-0.0565,0.0510,0.00000,0.00000,1.3709,1.1127
1860,74.4000,0.2646,0.0000,-0.1162,0.2696,-0.0084,0.0296,0.0466,0.0116,-0.1434,1.4705,1.2494,0.2200,-0.00219,-0.10866,0.0289,-0.0992,-0.0683,0.0061,0.00000,0.00000,1.3734,1.1046
1861,74.4400,0.2660,0.0000,-0.1119,0.2703,-0.0154,0.0583,0.0782,0.0484,-0.0331,1.4724,1.2387,0.2205,-0.00041,-0.09920,-0.0003,-0.1134,-0.1025,-0.0057,0.00000,0.00000,1.3758,1.0964
1862,74.4800,0.2674,0.0000,-0.1081,0.2783,-0.0091,0.0507,0.0491,-0.0532,-0.1374,1.4744,1.2279,0.2212,-0.00128,-0.08878,0.0274,-0.1045,-0.0751,0.0140,0.00000,0.00000,1.3781,1.0882
1863,74.5200,0.2686,0.0000,-0.1047,0.2755,0.0079,0.0365,-0.0390,0.1213,-0.1418,1.4768,1.2170,0.2215,0.00028,-0.09032,0.0148,-0.1140,-0.0827,-0.0187,0.00000,0.00000,1.3805,1.0799
1864,74.5600,0.2698,0.0000,-0.1014,0.2800,0.0113,0.0196,-0.0576,0.1568,-0.0238,1.4798,1.2061,0.2210,0.00592,-0.10233,0.0020,-0.1105,-0.0775,0.0043,0.00000,0.00000,1.3828,1.0715
1865,74.6000,0.2708,0.0000,-0.0984,0.3077,-0.0180,0.0320,0.0900,-0.2070,-0.0701,1.4822,1.1947,0.2204,0.00399,-0.10098,0.0063,-0.0839,-0.1072,0.0869,0.00000,0.00000,1.3852,1.0631
1866,74.6400,0.2718,0.0000,-0.0960,0.2984,-0.0049,0.0619,0.0265,0.2036,-0.2101,1.4841,1.1826,0.2209,0.00430,-0.08736,0.0219,-0.1183,-0.0840,-0.0389,0.00000,0.00000,1.3874,1.0546
1867,74.6800,0.2727,0.0000,-0.0936,0.3204,-0.0060,0.0497,0.0275,-0.1196,-0.0035,1.4867,1.1704,0.2218,0.00562,-0.08850,-0.0054,-0.1184,-0.1330,0.0306,0.00000,0.00000,1.3897,1.0460
1868,74.7200,0.2734,0.0000,-0.0913,0.3273,0.0084,0.0114,-0.0434,-0.1192,-0.0643,1.4893,1.1577,0.2212,-0.00058,-0.08766,0.0226,-0.0992,-0.0656,-0.0279,0.00000,0.00000,1.3920,1.0374
1869,74.7600,0.2740,0.0000,-0.0894,0.3253,0.0042,0.0302,-0.0223,-0.0204,-0.0202,1.4923,1.1451,0.2205,-0.00267,-0.09739,0.0081,-0.0902,-0.1026,0.0378,0.00000,0.00000,1.3942,1.0287
1870,74.8000,0.2745,0.0000,-0.0880,0.3303,0.0078,0.0461,-0.0381,-0.0600,-0.1117,1.4952,1.1323,0.2206,-0.00496,-0.10412,0.0426,-0.0956,-0.0560,-0.0209,0.00000,0.00000,1.3964,1.0199
1871,74.8400,0.2749,0.0000,-0.0868,0.3316,-0.0173,0.0521,0.0863,-0.0687,-0.0276,1.4977,1.1194,0.2213,-0.00673,-0.09981,0.0073,-0.0999,-0.1132,0.0149,0.00000,0.00000,1.3986,1.0111
1872,74.8800,0.2752,0.0000,-0.0858,0.3279,-0.0042,0.0482,0.0229,0.0237,-0.0762,1.4997,1.1063,0.2219,-0.00844,-0.08683,0.0338,-0.1166,-0.0663,-0.0292,0.00000,0.00000,1.4007,1.0022
1873,74.9200,0.2754,0.0000,-0.0851,0.3356,-0.0016,0.0340,0.0074,-0.1679,-0.0328,1.5023,1.0934,0.2222,-0.01168,-0.08788,0.0242,-0.0939,-0.0699,0.0177,0.00000,0.00000,1.4029,0.9933
1874,74.9600,0.2755,0.0000,-0.0845,0.3323,-0.0069,0.0363,0.0346,-0.1127,-0.0454,1.5046,1.0804,0.2222,-0.01724,-0.08164,0.0193,-0.1118,-0.0866,-0.0089,0.00000,0.00000,1.4050,0.9842
1875,75.0000,0.2756,0.0000,-0.0843,0.3332,-0.0080,0.0436,0.0392,-0.1282,-0.0656,1.5068,1.0674,0.2227,-0.02142,-0.07334,0.0252,-0.1018,-0.0848,0.0127,0.00000,0.00000,1.4071,0.9751
1876,75.0400,0.2756,0.0000,-0.0843,0.3278,0.0044,0.0264,-0.0240,-0.0080,-0.0663,1.5092,1.0545,0.2229,-0.02403,-0.07095,0.0228,-0.1074,-0.0800,-0.0250,0.00000,0.00000,1.4091,0.9660
1877,75.0800,0.2755,0.0000,-0.0842,0.3259,0.0055,0.0201,-0.0295,0.0316,-0.0996,1.5120,1.0417,0.2226,-0.02315,-0.07813,0.0121,-0.1028,-0.0921,0.0224,0.00000,0.00000,1.4112,0.9568
1878,75.1200,0.2755,0.0000,-0.0842,0.3361,-0.0144,0.0202,0.0699,-0.1295,-0.0040,1.5142,1.0287,0.2223,-0.02539,-0.07366,-0.0077,-0.0976,-0.1037,0.0134,0.00000,0.00000,1.4132,0.9475
1879,75.1600,0.2754,0.0000,-0.0842,0.3334,0.0015,0.0357,-0.0093,-0.0488,-0.1430,1.5163,1.0156,0.2222,-0.02964,-0.06445,0.0354,-0.1043,-0.0690,0.0080,0.00000,0.00000,1.4152,0.9382
1880,75.2000,0.2752,0.0000,-0.0843,0.3273,0.0017,0.0286,-0.0108,0.0510,-0.0274,1.5189,1.0027,0.2226,-0.02822,-0.06826,-0.0026,-0.1015,-0.1115,-0.0156,0.00000,0.00000,1.4172,0.9288
1881,75.2400,0.2751,0.0000,-0.0842,0.3329,0.0079,0.0187,-0.0419,-0.0727,-0.0977,1.5214,0.9897,0.2222,-0.02980,-0.07421,0.0364,-0.0934,-0.0694,0.0255,0.00000,0.00000,1.4191,0.9193
1882,75.2800,0.2749,0.0000,-0.0842,0.3250,0.0087,0.0282,-0.0460,0.0886,-0.0981,1.5241,0.9768,0.2221,-0.02872,-0.08403,0.0169,-0.1032,-0.0865,-0.0035,0.00000,0.00000,1.4211,0.9098
1883,75.3200,0.2747,0.0000,-0.0841,0.3267,-0.0058,0.0281,0.0270,0.0723,-0.0975,1.5265,0.9640,0.2221,-0.02530,-0.08697,0.0022,-0.0991,-0.0951,0.0292,0.00000,0.00000,1.4230,0.9002
1884,75.3600,0.2746,0.0000,-0.0838,0.3281,0.0063,0.0244,-0.0337,0.0606,-0.1312,1.5286,0.9509,0.2219,-0.02331,-0.08728,0.0285,-0.0996,-0.0689,-0.0286,0.00000,0.00000,1.4249,0.8906
1885,75.4000,0.2744,0.0000,-0.0832,0.3296,-0.0010,0.0265,0.0032,0.0501,-0.1093,1.5310,0.9380,0.2218,-0.02078,-0.09371,-0.0011,-0.0995,-0.0994,0.0284,0.00000,0.00000,1.4267,0.8809
1886,75.4400,0.2743,0.0000,-0.0825,0.3354,0.0052,0.0403,-0.0283,-0.0144,-0.0662,1.5332,0.9248,0.2219,-0.02085,-0.09665,0.0222,-0.1252,-0.0943,-0.0130,0.00000,0.00000,1.4286,0.8712
1887,75.4800,0.2741,0.0000,-0.0817,0.3370,-0.0078,0.0253,0.0369,-0.0235,-0.0067,1.5353,0.9116,0.2221,-0.02112,-0.09552,-0.0090,-0.1021,-0.1085,0.0050,0.00000,0.00000,1.4304,0.8614
1888,75.5200,0.2739,0.0000,-0.0813,0.3335,-0.0111,0.0349,0.0547,-0.0047,-0.0076,1.5369,0.8984,0.2220,-0.02184,-0.08127,0.0222,-0.0975,-0.0823,0.0210,0.00000,0.00000,1.4322,0.8515
1889,75.5600,0.2737,0.0000,-0.0812,0.3278,-0.0063,0.0410,0.0315,0.0626,-0.0659,1.5387,0.8852,0.2224,-0.02036,-0.07050,0.0125,-0.0960,-0.0786,-0.0024,0.00000,0.00000,1.4340,0.8416
1890,75.6000,0.2734,0.0000,-0.0813,0.3337,-0.0108,0.0425,0.0533,-0.0768,-0.0152,1.5404,0.8722,0.2229,-0.02054,-0.05968,0.0082,-0.1081,-0.1063,0.0177,0.00000,0.00000,1.4357,0.8317
1891,75.6400,0.2732,0.0000,-0.0816,0.3188,0.0127,0.0406,-0.0636,0.2433,-0.0619,1.5424,0.8592,0.2233,-0.01687,-0.05793,0.0303,-0.1230,-0.0819,-0.0301,0.00000,0.00000,1.4374,0.8217
1892,75.6800,0.2730,0.0000,-0.0821,0.3347,-0.0033,0.0221,0.0162,-0.0584,-0.0758,1.5448,0.8463,0.2232,-0.01322,-0.07055,0.0067,-0.0816,-0.1009,0.0631,0.00000,0.00000,1.4391,0.8116
1893,75.7200,0.2728,0.0000,-0.0824,0.3436,-0.0076,0.0373,0.0372,-0.1546,-0.0559,1.5465,0.8329,0.2231,-0.01876,-0.05915,0.0297,-0.1137,-0.0958,-0.0005,0.00000,0.00000,1.4408,0.8015
1894,75.7600,0.2726,0.0000,-0.0827,0.3299,-0.0084,0.0393,0.0417,0.1500,-0.0425,1.5481,0.8196,0.2235,-0.01738,-0.04667,-0.0126,-0.1140,-0.1189,0.0007,0.00000,0.00000,1.4425,0.7913
1895,75.8000,0.2723,0.0000,-0.0831,0.3470,0.0176,0.0398,-0.0882,-0.1906,-0.0616,1.5504,0.8062,0.2239,-0.02006,-0.05695,0.0471,-0.1282,-0.0962,0.0051,0.00000,0.00000,1.4441,0.7811
1896,75.8400,0.2721,0.0000,-0.0836,0.3337,0.0049,0.0169,-0.0252,0.0891,-0.1044,1.5528,0.7929,0.2237,-0.02039,-0.07124,0.0068,-0.0930,-0.1056,-0.0128,0.00000,0.00000,1.4457,0.7708
1897,75.8800,0.2718,0.0000,-0.0838,0.3540,-0.0050,0.0091,0.0242,-0.3262,-0.0554,1.5549,0.7794,0.2230,-0.02680,-0.07390,0.0201,-0.0863,-0.0946,0.0192,0.00000,0.00000,1.4473,0.7605
1898,75.9200,0.2716,0.0000,-0.0839,0.3469,0.0061,0.0403,-0.0313,-0.2035,-0.0595,1.5567,0.7658,0.2230,-0.03747,-0.07100,0.0416,-0.1209,-0.1099,-0.0204,0.00000,0.00000,1.4489,0.7501
1899,75.9600,0.2713,0.0000,-0.0842,0.3330,0.0109,0.0324,-0.0560,-0.0100,-0.0637,1.5590,0.7525,0.2236,-0.04065,-0.08498,0.0150,-0.1174,-0.1052,-0.0157,0.00000,0.00000,1.4504,0.7397
1900,76.0000,0.2710,0.0000,-0.0844,0.3235,-0.0019,0.0114,0.0092,0.0854,-0.0463,1.5610,0.7395,0.2234,-0.03834,-0.09104,0.0069,-0.1025,-0.1069,0.0065,0.00000,0.00000,1.4519,0.7293
1901,76.0400,0.2708,0.0000,-0.0846,0.3133,0.0009,0.0161,-0.0044,0.2326,-0.0466,1.5626,0.7268,0.2228,-0.03159,-0.08838,0.0024,-0.1139,-0.1039,-0.0294,0.00000,0.00000,1.4534,0.7187
1902,76.0800,0.2705,0.0000,-0.0849,0.3199,-0.0022,0.0357,0.0108,0.0790,-0.0162,1.5644,0.7142,0.2228,-0.02590,-0.09087,0.0067,-0.1182,-0.1039,0.0265,0.00000,0.00000,1.4549,0.7082
1903,76.1200,0.2704,0.0000,-0.0854,0.3269,-0.0074,0.0283,0.0368,-0.0615,-0.1433,1.5659,0.7013,0.2229,-0.02620,-0.08370,0.0170,-0.0955,-0.0903,-0.0047,0.00000,0.00000,1.4563,0.6976
1904,76.1600,0.2702,0.0000,-0.0856,0.3243,-0.0039,0.0346,0.0182,-0.0298,-0.0608,1.5673,0.6884,0.2231,-0.02800,-0.07450,0.0141,-0.1132,-0.1107,-0.0137,0.00000,0.00000,1.4578,0.6869
1905,76.2000,0.2701,0.0000,-0.0857,0.3169,-0.0001,0.0344,0.0002,0.0838,-0.0116,1.5688,0.6757,0.2234,-0.02635,-0.07117,0.0054,-0.1210,-0.1252,-0.0049,0.00000,0.00000,1.4592,0.6763
1906,76.2400,0.2700,0.0000,-0.0859,0.3184,0.0102,0.0308,-0.0506,0.0373,-0.0716,1.5707,0.6631,0.2235,-0.02466,-0.08156,0.0229,-0.1190,-0.0855,0.0100,0.00000,0.00000,1.4606,0.6655
1907,76.2800,0.2699,0.0000,-0.0862,0.3181,0.0018,0.0237,-0.0102,0.0297,0.0189,1.5726,0.6505,0.2234,-0.02282,-0.09181,-0.0007,-0.1192,-0.1158,-0.0159,0.00000,0.00000,1.4619,0.6547
1908,76.3200,0.2699,0.0000,-0.0866,0.3218,-0.0076,0.0306,0.0386,-0.0278,-0.0632,1.5740,0.6378,0.2232,-0.02319,-0.08633,0.0209,-0.1018,-0.0974,0.0410,0.00000,0.00000,1.4632,0.6439
1909,76.3600,0.2698,0.0000,-0.0873,0.3250,0.0054,0.0392,-0.0278,-0.0935,-0.0925,1.5755,0.6250,0.2235,-0.02599,-0.08494,0.0369,-0.1134,-0.1010,-0.0311,0.00000,0.00000,1.4645,0.6331
1910,76.4000,0.2698,0.0000,-0.0877,0.3128,0.0126,0.0410,-0.0639,0.1280,-0.0814,1.5775,0.6124,0.2240,-0.02455,-0.10111,0.0225,-0.1363,-0.1172,-0.0098,0.00000,0.00000,1.4658,0.6222
1911,76.4400,0.2698,0.0000,-0.0881,0.3134,0.0015,0.0149,-0.0091,0.1016,-0.0097,1.5793,0.6000,0.2239,-0.01973,-0.11601,-0.0024,-0.1170,-0.1017,-0.0112,0.00000,0.00000,1.4671,0.6112
1912,76.4800,0.2698,0.0000,-0.0884,0.3272,0.0008,0.0218,-0.0037,-0.1623,-0.1474,1.5809,0.5872,0.2232,-0.02251,-0.12045,0.0445,-0.0992,-0.0770,0.0362,0.00000,0.00000,1.4683,0.6003
1913,76.5200,0.2699,0.0000,-0.0885,0.3340,-0.0146,0.0490,0.0726,-0.2782,-0.1087,1.5820,0.5743,0.2236,-0.03096,-0.11055,0.0336,-0.1033,-0.1326,0.0155,0.00000,0.00000,1.4695,0.5892
1914,76.5600,0.2699,0.0000,-0.0883,0.3130,0.0099,0.0297,-0.0509,0.0885,-0.0600,1.5831,0.5614,0.2242,-0.03444,-0.10088,0.0280,-0.1340,-0.1003,-0.0886,0.00000,0.00000,1.4707,0.5782
1915,76.6000,0.2700,0.0000,-0.0880,0.3060,0.0073,0.0204,-0.0356,0.1281,-0.1170,1.5850,0.5492,0.2240,-0.02876,-0.12690,0.0252,-0.0991,-0.1246,0.0601,0.00000,0.00000,1.4719,0.5671
1916,76.6400,0.2701,0.0000,-0.0875,0.3117,0.0057,0.0149,-0.0284,0.0031,-0.0813,1.5865,0.5368,0.2236,-0.02724,-0.14235,0.0242,-0.1135,-0.0876,-0.0520,0.00000,0.00000,1.4730,0.5560
1917,76.6800,0.2703,0.0000,-0.0869,0.3006,0.0050,0.0257,-0.0246,0.1990,-0.0996,1.5879,0.5246,0.2231,-0.02274,-0.15504,0.0113,-0.1229,-0.0951,-0.0013,0.00000,0.00000,1.4742,0.5448
1918,76.7200,0.2705,0.0000,-0.0862,0.3122,-0.0061,0.0321,0.0308,-0.0284,-0.0475,1.5891,0.5123,0.2231,-0.01977,-0.16108,0.0049,-0.1196,-0.1106,-0.0005,0.00000,0.00000,1.4753,0.5336
1919,76.7600,0.2707,0.0000,-0.0855,0.3178,-0.0187,0.0426,0.0942,-0.1149,-0.0635,1.5897,0.4998,0.2234,-0.02304,-0.13288,0.0264,-0.1080,-0.1145,0.0231,0.00000,0.00000,1.4763,0.5224
1920,76.8000,0.2709,0.0000,-0.0849,0.3087,0.0040,0.0387,-0.0192,0.0574,-0.1029,1.5905,0.4873,0.2239,-0.02424,-0.11626,0.0221,-0.1294,-0.1010,-0.0460,0.00000,0.00000,1.4774,0.5111
1921,76.8400,0.2711,0.0000,-0.0842,0.3050,0.0085,0.0262,-0.0428,0.0967,-0.0390,1.5919,0.4751,0.2240,-0.02055,-0.13921,0.0109,-0.1199,-0.1107,0.0143,0.00000,0.00000,1.4784,0.4998
1922,76.8800,0.2714,0.0000,-0.0836,0.3078,0.0081,0.0258,-0.0404,0.0612,-0.0590,1.5933,0.4628,0.2237,-0.01786,-0.16072,0.0340,-0.1155,-0.0862,0.0070,0.00000,0.00000,1.4794,0.4885
1923,76.9200,0.2716,0.0000,-0.0830,0.3164,-0.0002,0.0343,0.0013,-0.0816,-0.1251,1.5946,0.4504,0.2236,-0.01860,-0.17742,0.0324,-0.1078,-0.1007,0.0177,0.00000,0.00000,1.4804,0.4771
1924,76.9600,0.2719,0.0000,-0.0824,0.3106,-0.0067,0.0387,0.0346,0.0769,-0.1403,1.5954,0.4379,0.2239,-0.01826,-0.17213,0.0185,-0.1193,-0.1083,-0.0163,0.00000,0.00000,1.4814,0.4657
1925,77.0000,0.2722,0.0000,-0.0814,0.3101,-0.0074,0.0236,0.0357,0.0965,0.0222,1.5960,0.4254,0.2239,-0.01476,-0.15720,-0.0104,-0.1277,-0.1129,-0.0215,0.00000,0.00000,1.4823,0.4543
1926,77.0400,0.2725,0.0000,-0.0805,0.3248,-0.0007,0.0227,0.0032,-0.1867,-0.0511,1.5968,0.4128,0.2234,-0.01789,-0.15055,0.0340,-0.1006,-0.0934,0.0329,0.00000,0.00000,1.4832,0.4428
1927,77.0800,0.2728,0.0000,-0.0800,0.3150,-0.0084,0.0461,0.0412,0.0557,-0.0370,1.5975,0.4001,0.2237,-0.01902,-0.13464,0.0200,-0.1060,-0.1305,0.0016,0.00000,0.00000,1.4841,0.4314
1928,77.1200,0.2730,0.0000,-0.0796,0.3249,-0.0072,0.0404,0.0344,-0.1337,0.0088,1.5981,0.3874,0.2242,-0.02165,-0.11663,0.0145,-0.1221,-0.1190,0.0101,0.00000,0.00000,1.4849,0.4199
1929,77.1600,0.2732,0.0000,-0.0796,0.3194,0.0079,0.0174,-0.0404,-0.0440,-0.0674,1.5990,0.3746,0.2241,-0.02548,-0.11556,0.0186,-0.1140,-0.0899,-0.0208,0.00000,0.00000,1.4858,0.4083
1930,77.2000,0.2734,0.0000,-0.0796,0.3156,0.0265,0.0275,-0.1328,-0.0030,-0.1419,1.6008,0.3620,0.2238,-0.02626,-0.17682,0.0452,-0.1165,-0.0860,0.0119,0.00000,0.00000,1.4866,0.3968
1931,77.2400,0.2736,0.0000,-0.0794,0.3151,-0.0145,0.0135,0.0719,0.0117,-0.0180,1.6019,0.3495,0.2235,-0.02466,-0.20024,-0.0213,-0.0948,-0.1300,0.0043,0.00000,0.00000,1.4874,0.3852
1932,77.2800,0.2739,0.0000,-0.0792,0.3160,-0.0054,0.0318,0.0280,0.0056,-0.0866,1.6021,0.3368,0.2231,-0.02568,-0.16189,0.0311,-0.1200,-0.0916,-0.0076,0.00000,0.00000,1.4881,0.3736
1933,77.3200,0.2741,0.0000,-0.0790,0.3125,0.0073,0.0334,-0.0367,0.0522,-0.0604,1.6031,0.3242,0.2234,-0.02416,-0.17829,0.0081,-0.1140,-0.0905,-0.0129,0.00000,0.00000,1.4889,0.3619
1934,77.3600,0.2743,0.0000,-0.0786,0.3183,0.0139,0.0346,-0.0702,-0.0824,-0.1344,1.6044,0.3117,0.2235,-0.02542,-0.22679,0.0529,-0.1109,-0.0875,0.0249,0.00000,0.00000,1.4896,0.3503
1935,77.4000,0.2745,0.0000,-0.0782,0.3101,-0.0167,0.0092,0.0832,0.0868,-0.0358,1.6049,0.2992,0.2232,-0.02391,-0.22832,-0.0153,-0.0800,-0.0981,-0.0102,0.00000,0.00000,1.4903,0.3386
1936,77.4400,0.2747,0.0000,-0.0775,0.3102,0.0147,0.0207,-0.0731,0.0802,-0.1841,1.6055,0.2866,0.2224,-0.02232,-0.23445,0.0407,-0.1130,-0.0473,-0.0098,0.00000,0.00000,1.4910,0.3269
1937,77.4800,0.2750,0.0000,-0.0766,0.3151,0.0121,0.0328,-0.0616,-0.0068,-0.1591,1.6069,0.2742,0.2224,-0.02034,-0.34068,0.0056,-0.1077,-0.0829,0.0078,0.00000,0.00000,1.4916,0.3152
1938,77.5200,0.2752,0.0000,-0.0752,0.3291,-0.0206,0.0375,0.1025,-0.2355,-0.0685,1.6072,0.2615,0.2226,-0.02588,-0.34207,0.0206,-0.0995,-0.1003,0.0441,0.00000,0.00000,1.4922,0.3034
1939,77.5600,0.2755,0.0000,-0.0737,0.3261,-0.0112,0.0419,0.0548,-0.1780,-0.0252,1.6068,0.2485,0.2232,-0.03467,-0.25638,0.0265,-0.1219,-0.0942,-0.0211,0.00000,0.00000,1.4928,0.2917
1940,77.6000,0.2757,0.0000,-0.0725,0.3135,0.0084,0.0295,-0.0424,-0.0091,-0.0601,1.6073,0.2359,0.2236,-0.03759,-0.26485,0.0267,-0.1084,-0.0882,0.0163,0.00000,0.00000,1.4934,0.2799
1941,77.6400,0.2759,0.0000,-0.0715,0.3037,0.0216,0.0117,-0.1093,0.1200,-0.1565,1.6084,0.2235,0.2232,-0.03501,-0.38823,0.0334,-0.0989,-0.0571,0.0014,0.00000,0.00000,1.4939,0.2681
1942,77.6800,0.2761,0.0000,-0.0702,0.3110,-0.0101,0.0035,0.0492,-0.0540,-0.0743,1.6091,0.2113,0.2225,-0.03342,-0.47037,-0.0201,-0.0933,-0.1028,0.0245,0.00000,0.00000,1.4945,0.2563
1943,77.7200,0.2763,0.0000,-0.0688,0.3012,-0.0138,0.0271,0.0695,0.1538,-0.0441,1.6087,0.1989,0.2220,-0.03129,-0.38774,0.0016,-0.1083,-0.0865,-0.0237,0.00000,0.00000,1.4950,0.2444
1944,77.7600,0.2765,0.0000,-0.0676,0.2973,0.0058,0.0407,-0.0293,0.2114,-0.0566,1.6090,0.1869,0.2223,-0.02393,-0.39311,0.0016,-0.1195,-0.0822,-0.0010,0.00000,0.00000,1.4955,0.2326
1945,77.8000,0.2768,0.0000,-0.0666,0.2947,0.0061,0.0314,-0.0319,0.2792,0.0267,1.6096,0.1749,0.2225,-0.01352,-0.43935,-0.0025,-0.1183,-0.0958,-0.0174,0.00000,0.00000,1.4959,0.2207
1946,77.8400,0.2770,0.0000,-0.0659,0.3231,-0.0035,0.0299,0.0187,-0.2254,-0.1974,1.6100,0.1625,0.2222,-0.01451,-0.53300,0.0484,-0.0688,-0.0659,0.0744,0.00000,0.00000,1.4963,0.2088
1947,77.8800,0.2773,0.0000,-0.0651,0.3239,-0.0139,0.0452,0.0679,-0.1598,-0.0149,1.6098,0.1497,0.2227,-0.02216,-0.50302,0.0038,-0.1169,-0.1086,-0.0424,0.00000,0.00000,1.4967,0.1970
1948,77.9200,0.2775,0.0000,-0.0642,0.3107,0.0088,0.0437,-0.0442,0.0947,-0.0966,1.6099,0.1370,0.2232,-0.02322,-0.51385,0.0260,-0.1254,-0.0847,0.0147,0.00000,0.00000,1.4971,0.1851
1949,77.9600,0.2777,0.0000,-0.0634,0.3140,0.0123,0.0265,-0.0625,0.0172,-0.0963,1.6107,0.1245,0.2234,-0.02059,-0.77282,0.0192,-0.1046,-0.0881,0.0100,0.00000,0.00000,1.4975,0.1731
1950,78.0000,0.2779,0.0000,-0.0625,0.3117,-0.0096,0.0138,0.0482,0.1100,-0.0450,1.6108,0.1120,0.2229,-0.01772,-0.86513,-0.0124,-0.1035,-0.0933,0.0119,0.00000,0.00000,1.4978,0.1612
1951,78.0400,0.2781,0.0000,-0.0616,0.3250,-0.0095,0.0239,0.0465,-0.1141,-0.0159,1.6105,0.0993,0.2224,-0.01891,-0.79923,-0.0031,-0.1077,-0.0924,0.0028,0.00000,0.00000,1.4981,0.1493
1952,78.0800,0.2782,0.0000,-0.0610,0.3288,0.0089,0.0387,-0.0450,-0.1524,-0.1863,1.6106,0.0863,0.2224,-0.02503,-1.09627,0.0410,-0.0945,-0.0545,0.0168,0.00000,0.00000,1.4984,0.1373
1953,78.1200,0.2783,0.0000,-0.0601,0.3188,0.0054,0.0345,-0.0291,0.0415,-0.0452,1.6110,0.0734,0.2229,-0.02562,-1.48974,0.0110,-0.1039,-0.1043,-0.0231,0.00000,0.00000,1.4987,0.1254
1954,78.1600,0.2784,0.0000,-0.0590,0.3187,-0.0029,0.0110,0.0145,0.0395,-0.0425,1.6111,0.0606,0.2225,-0.02429,-1.62647,-0.0012,-0.0950,-0.0782,0.0148,0.00000,0.00000,1.4989,0.1134
1955,78.2000,0.2785,0.0000,-0.0582,0.3172,0.0013,0.0317,-0.0064,0.0934,-0.0883,1.6110,0.0479,0.2221,-0.02160,-1.79567,0.0089,-0.1081,-0.0868,0.0109,0.00000,0.00000,1.4991,0.1014
1956,78.2400,0.2785,0.0000,-0.0575,0.3248,-0.0016,0.0387,0.0079,-0.0223,-0.0538,1.6110,0.0350,0.2224,-0.02040,-2.01459,0.0066,-0.1057,-0.0894,0.0033,0.00000,0.00000,1.4993,0.0895
1957,78.2800,0.2785,0.0000,-0.0567,0.3215,0.0021,0.0397,-0.0111,0.0759,-0.0307,1.6109,0.0221,0.2228,-0.01949,-2.09738,0.0134,-0.1234,-0.0865,0.0004,0.00000,0.00000,1.4995,0.0775
1958,78.3200,0.2785,0.0000,-0.0562,0.3294,-0.0000,0.0350,-0.0013,-0.0596,-0.0101,1.6110,0.0091,0.2230,-0.01940,-2.10914,0.0120,-0.1119,-0.0927,0.0267,0.00000,0.00000,1.4996,0.0655
1959,78.3600,0.2784,0.0000,-0.0559,0.3251,-0.0065,0.0336,0.0327,0.0685,-0.0425,1.6107,-0.0040,0.2231,-0.01847,-2.20153,0.0198,-0.0975,-0.1018,0.0083,0.00000,0.00000,1.4998,0.0535
1960,78.4000,0.2783,0.0000,-0.0559,0.3288,-0.0025,0.0291,0.0123,0.0332,-0.0519,1.6104,-0.0171,0.2231,-0.01692,-2.35367,0.0080,-0.1033,-0.0843,0.0111,0.00000,0.00000,1.4999,0.0415
1961,78.4400,0.2782,0.0000,-0.0559,0.3298,0.0013,0.0340,-0.0079,0.0502,-0.0310,1.6103,-0.0303,0.2231,-0.01519,-2.41229,0.0135,-0.1108,-0.0966,0.0135,0.00000,0.00000,1.4999,0.0295
1962,78.4800,0.2780,0.0000,-0.0560,0.3401,0.0011,0.0384,-0.0068,-0.1055,-0.0420,1.6103,-0.0437,0.2233,-0.01694,-2.44613,0.0271,-0.1051,-0.0904,0.0312,0.00000,0.00000,1.5000,0.0175
1963,78.5200,0.2777,0.0000,-0.0563,0.3413,0.0051,0.0183,-0.0266,-0.1035,-0.0882,1.6102,-0.0572,0.2232,-0.02135,-2.52942,0.0148,-0.0990,-0.0813,-0.0306,0.00000,0.00000,1.5000,0.0055
1964,78.5600,0.2775,0.0000,-0.0564,0.3355,0.0021,0.0241,-0.0122,0.0193,0.0011,1.6102,-0.0707,0.2228,-0.02235,-2.53359,0.0099,-0.1031,-0.0970,0.0166,0.00000,0.00000,1.5000,-0.0065
1965,78.6000,0.2771,0.0000,-0.0567,0.3391,-0.0060,0.0285,0.0289,-0.0308,-0.0272,1.6099,-0.0841,0.2227,-0.02249,-2.55810,0.0122,-0.0918,-0.0980,0.0186,0.00000,0.00000,1.5000,-0.0185
1966,78.6400,0.2767,0.0000,-0.0572,0.3307,0.0092,0.0370,-0.0469,0.1580,-0.1090,1.6097,-0.0976,0.2228,-0.01980,-2.62590,0.0179,-0.1178,-0.0924,-0.0360,0.00000,0.00000,1.4999,-0.0305
1967,78.6800,0.2763,0.0000,-0.0576,0.3428,-0.0019,0.0313,0.0072,-0.0745,0.0457,1.6098,-0.1111,0.2230,-0.01853,-2.59307,-0.0002,-0.1104,-0.1014,0.0289,0.00000,0.00000,1.4999,-0.0425
1968,78.7200,0.2759,0.0000,-0.0581,0.3440,-0.0145,0.0250,0.0719,-0.0680,-0.0337,1.6091,-0.1247,0.2228,-0.02134,-2.67401,0.0139,-0.0900,-0.1067,0.0093,0.00000,0.00000,1.4998,-0.0545
1969,78.7600,0.2753,0.0000,-0.0590,0.3421,0.0211,0.0480,-0.1062,-0.0230,-0.1561,1.6090,-0.1385,0.2231,-0.02398,-2.72091,0.0466,-0.1265,-0.0830,-0.0254,0.00000,0.00000,1.4996,-0.0665
1970,78.8000,0.2748,0.0000,-0.0596,0.3359,0.0060,0.0275,-0.0323,0.0814,0.0283,1.6095,-0.1520,0.2236,-0.02126,-2.65143,-0.0028,-0.1111,-0.1143,-0.0051,0.00000,0.00000,1.4995,-0.0785
1971,78.8400,0.2742,0.0000,-0.0600,0.3425,-0.0161,0.0213,0.0788,-0.0393,0.0353,1.6089,-0.1655,0.2232,-0.02089,-2.65936,0.0162,-0.0992,-0.1141,0.0409,0.00000,0.00000,1.4993,-0.0904
1972,78.8800,0.2736,0.0000,-0.0610,0.3497,-0.0006,0.0329,0.0030,-0.1686,-0.0978,1.6082,-0.1793,0.2231,-0.02615,-2.75519,0.0319,-0.1016,-0.0874,-0.0184,0.00000,0.00000,1.4991,-0.1024
1973,78.9200,0.2729,0.0000,-0.0620,0.3486,0.0098,0.0288,-0.0498,-0.1920,-0.1021,1.6082,-0.1931,0.2233,-0.03337,-2.77504,0.0332,-0.0984,-0.0903,-0.0057,0.00000,0.00000,1.4989,-0.1144
1974,78.9600,0.2722,0.0000,-0.0627,0.3346,0.0081,0.0188,-0.0422,0.0180,0.0014,1.6082,-0.2067,0.2233,-0.03586,-2.74412,0.0203,-0.1083,-0.1030,-0.0172,0.00000,0.00000,1.4987,-0.1263
1975,79.0000,0.2715,0.0000,-0.0634,0.3278,0.0117,0.0106,-0.0602,0.0834,-0.0324,1.6083,-0.2199,0.2227,-0.03371,-2.68831,0.0091,-0.1114,-0.0878,-0.0198,0.00000,0.00000,1.4984,-0.1383
1976,79.0400,0.2707,0.0000,-0.0642,0.3195,0.0071,0.0178,-0.0358,0.2189,-0.0740,1.6083,-0.2330,0.2222,-0.02697,-2.66547,0.0045,-0.1057,-0.0844,-0.0201,0.00000,0.00000,1.4981,-0.1502
1977,79.0800,0.2700,0.0000,-0.0650,0.3311,-0.0201,0.0531,0.0998,0.0091,0.0176,1.6077,-0.2460,0.2225,-0.02263,-2.69127,-0.0001,-0.1264,-0.1423,0.0466,0.00000,0.00000,1.4978,-0.1622
1978,79.1200,0.2692,0.0000,-0.0661,0.3281,-0.0156,0.0498,0.0771,0.1007,-0.0410,1.6064,-0.2592,0.2235,-0.02082,-2.82649,0.0164,-0.1229,-0.1063,-0.0448,0.00000,0.00000,1.4975,-0.1741
1979,79.1600,0.2685,0.0000,-0.0672,0.3262,0.0022,0.0320,-0.0105,0.1160,-0.1200,1.6058,-0.2724,0.2238,-0.01662,-2.88647,0.0160,-0.1095,-0.0959,0.0197,0.00000,0.00000,1.4971,-0.1860
1980,79.2000,0.2677,0.0000,-0.0680,0.3321,0.0053,0.0200,-0.0274,0.0117,-0.0559,1.6056,-0.2856,0.2236,-0.01424,-2.88501,0.0183,-0.1011,-0.1024,-0.0097,0.00000,0.00000,1.4967,-0.1979
1981,79.2400,0.2669,0.0000,-0.0685,0.3367,0.0067,0.0187,-0.0338,-0.0474,-0.0750,1.6054,-0.2990,0.2229,-0.01563,-2.87225,0.0162,-0.1047,-0.0908,-0.0099,0.00000,0.00000,1.4963,-0.2098
1982,79.2800,0.2662,0.0000,-0.0690,0.3381,-0.0009,0.0378,0.0030,-0.0380,0.0163,1.6050,-0.3124,0.2229,-0.01707,-2.86174,0.0104,-0.1158,-0.1138,0.0011,0.00000,0.00000,1.4959,-0.2217
1983,79.3200,0.2653,0.0000,-0.0697,0.3447,-0.0149,0.0468,0.0737,-0.1335,-0.0295,1.6041,-0.3259,0.2234,-0.02068,-2.90093,0.0107,-0.1147,-0.1297,0.0282,0.00000,0.00000,1.4954,-0.2335
1984,79.3600,0.2645,0.0000,-0.0707,0.3439,0.0042,0.0361,-0.0213,-0.1178,-0.1496,1.6033,-0.3396,0.2239,-0.02636,-2.95815,0.0467,-0.1009,-0.0796,-0.0228,0.00000,0.00000,1.4949,-0.2454
1985,79.4000,0.2636,0.0000,-0.0713,0.3366,0.0076,0.0158,-0.0393,-0.0343,-0.0246,1.6030,-0.3531,0.2238,-0.02858,-2.94102,0.0101,-0.1053,-0.1104,-0.0067,0.00000,0.00000,1.4944,-0.2572
1986,79.4400,0.2626,0.0000,-0.0718,0.3344,0.0102,0.0303,-0.0513,-0.0188,-0.1138,1.6028,-0.3665,0.2235,-0.02980,-2.91618,0.0416,-0.1128,-0.1045,0.0323,0.00000,0.00000,1.4939,-0.2690
1987,79.4800,0.2617,0.0000,-0.0722,0.3340,0.0044,0.0361,-0.0227,-0.0324,-0.1156,1.6025,-0.3799,0.2239,-0.03050,-2.91060,0.0262,-0.1149,-0.1135,-0.0193,0.00000,0.00000,1.4934,-0.2808
1988,79.5200,0.2608,0.0000,-0.0723,0.3318,-0.0128,0.0216,0.0618,-0.0437,0.0336,1.6016,-0.3931,0.2240,-0.03183,-2.93634,0.0057,-0.1128,-0.1279,-0.0075,0.00000,0.00000,1.4928,-0.2926
1989,79.5600,0.2598,0.0000,-0.0726,0.3152,0.0120,0.0178,-0.0606,0.2333,-0.0566,1.6008,-0.4061,0.2235,-0.02796,-2.94807,0.0314,-0.1141,-0.0755,-0.0280,0.00000,0.00000,1.4922,-0.3044
1990,79.6000,0.2588,0.0000,-0.0731,0.3130,0.0245,0.0284,-0.1228,0.2403,-0.1517,1.6011,-0.4189,0.2232,-0.01788,-2.88827,0.0294,-0.1128,-0.0934,0.0006,0.00000,0.00000,1.4916,-0.3161
1991,79.6400,0.2579,0.0000,-0.0734,0.3346,0.0033,0.0258,-0.0158,-0.1515,-0.1921,1.6010,-0.4319,0.2230,-0.01763,-2.87147,0.0378,-0.0976,-0.0803,0.0064,0.00000,0.00000,1.4909,-0.3278
1992,79.6800,0.2570,0.0000,-0.0729,0.3366,-0.0120,0.0450,0.0592,-0.1620,-0.0691,1.5998,-0.4452,0.2233,-0.02429,-2.90920,0.0346,-0.1282,-0.1153,-0.0184,0.00000,0.00000,1.4902,-0.3395
1993,79.7200,0.2560,0.0000,-0.0723,0.3284,-0.0133,0.0322,0.0657,-0.0278,-0.0787,1.5983,-0.4583,0.2238,-0.02742,-2.95799,0.0240,-0.1002,-0.1002,-0.0005,0.00000,0.00000,1.4895,-0.3512
1994,79.7600,0.2550,0.0000,-0.0717,0.3252,0.0023,0.0207,-0.0127,-0.0225,-0.0332,1.5971,-0.4713,0.2237,-0.02863,-2.97628,0.0201,-0.1186,-0.1045,-0.0209,0.00000,0.00000,1.4888,-0.3629
1995,79.8000,0.2541,0.0000,-0.0713,0.3313,0.0070,0.0232,-0.0346,-0.1972,-0.1550,1.5965,-0.4843,0.2234,-0.03362,-2.96851,0.0411,-0.0981,-0.0911,0.0324,0.00000,0.00000,1.4881,-0.3745
1996,79.8400,0.2531,0.0000,-0.0707,0.3143,0.0084,0.0429,-0.0429,0.1109,-0.1797,1.5958,-0.4971,0.2237,-0.03407,-2.97093,0.0455,-0.1181,-0.1085,-0.0245,0.00000,0.00000,1.4873,-0.3861
1997,79.8800,0.2521,0.0000,-0.0697,0.3198,-0.0166,0.0157,0.0809,-0.0781,0.0343,1.5946,-0.5097,0.2240,-0.03339,-2.98274,-0.0174,-0.1148,-0.1327,-0.0052,0.00000,0.00000,1.4865,-0.3977
1998,79.9200,0.2511,0.0000,-0.0689,0.3202,-0.0056,0.0209,0.0271,-0.1592,-0.0638,1.5929,-0.5223,0.2234,-0.03951,-3.01529,0.0465,-0.1087,-0.0904,0.0153,0.00000,0.00000,1.4857,-0.4092
1999,79.9600,0.2501,0.0000,-0.0685,0.3088,0.0178,0.0230,-0.0904,-0.0439,-0.0777,1.5922,-0.5347,0.2235,-0.04276,-3.00437,0.0371,-0.1025,-0.0930,-0.0479,0.00000,0.00000,1.4849,-0.4208
