step,time_s,cmd_vx,cmd_vy,cmd_wz,act_vx,act_vy,act_vz,act_wx,act_wy,act_wz,pos_x,pos_y,pos_z,pitch_rad,roll_rad,action_0,action_1,action_2,action_3,lqr_left,lqr_right,ref_x,ref_y
0,0.0000,0.0172,0.0000,0.0600,0.0242,-0.0414,-0.2684,0.3843,1.6936,-0.1631,-0.2182,0.2345,0.4448,0.07098,0.01170,1.0720,0.4546,-1.1498,-0.0865,-0.01147,0.01252,0.0000,0.0000
1,0.0400,0.0321,0.0000,0.1128,0.1826,-0.0515,-0.7474,0.4910,0.4909,-1.7064,-0.2151,0.2306,0.4205,0.08847,0.03271,1.3304,1.2697,0.4661,1.3569,-0.02449,-0.00339,0.0060,0.0120
2,0.0800,0.0424,0.0000,0.1593,0.1936,-0.0186,-1.1571,-0.0558,0.4011,-2.1287,-0.2127,0.2286,0.3807,0.10657,0.01380,2.1422,1.0692,0.7748,1.7082,-0.02293,-0.01738,0.0120,0.0240
3,0.1200,0.0478,0.0000,0.2002,0.2545,-0.0264,-1.5818,-0.0674,-0.1940,-0.2063,-0.2099,0.2257,0.3228,0.10043,0.01071,1.3847,0.8978,0.5903,1.3506,-0.03137,-0.02448,0.0180,0.0360
4,0.1600,0.0514,0.0000,0.2361,0.2820,0.0317,-2.0173,-0.5670,-0.2085,1.9602,-0.2078,0.2246,0.2476,0.09853,-0.01495,0.4434,0.5033,0.5194,0.0942,-0.02638,-0.02104,0.0240,0.0480
5,0.2000,0.0568,0.0000,0.2678,0.1580,-0.0768,-0.2333,0.3848,-1.3587,0.0212,-0.2052,0.2218,0.2110,0.05551,-0.00507,-0.2911,0.2241,-0.1491,0.2332,-0.03123,-0.00683,0.0300,0.0600
6,0.2400,0.0633,0.0000,0.2957,0.0681,-0.0207,0.2248,-0.2364,-0.1703,0.6998,-0.2030,0.2172,0.2147,0.02536,0.00899,-0.4085,-0.8702,-0.5103,-0.8954,-0.01308,0.00839,0.0360,0.0720
7,0.2800,0.0696,0.0000,0.3202,0.0398,0.0986,0.2287,-0.5009,0.1359,0.1243,-0.1998,0.2185,0.2217,0.01884,-0.00711,-0.2906,-0.8419,-0.4626,-0.0444,-0.01266,0.01397,0.0420,0.0840
8,0.3200,0.0757,0.0000,0.3418,0.0666,0.0097,0.0516,0.0718,-0.3373,-0.0069,-0.1967,0.2199,0.2258,0.01417,-0.01804,-0.0592,-0.1798,-0.0935,0.0759,-0.02325,0.01844,0.0480,0.0959
9,0.3600,0.0806,0.0000,0.3607,0.0757,-0.0547,0.0068,0.2574,-0.4395,0.5644,-0.1952,0.2173,0.2249,-0.00091,-0.00936,0.0089,-0.1371,-0.1751,0.0691,-0.01473,0.02058,0.0540,0.1079
10,0.4000,0.0853,0.0000,0.3775,0.0548,0.0079,0.0406,-0.0438,0.0345,0.3287,-0.1936,0.2150,0.2243,-0.00852,-0.00348,0.0139,-0.1606,-0.1267,-0.0483,-0.00110,0.02116,0.0600,0.1199
11,0.4400,0.0901,0.0000,0.3922,0.0550,0.0257,0.0430,-0.1301,0.0601,0.3242,-0.1912,0.2151,0.2248,-0.00519,-0.00891,-0.0099,-0.1332,-0.1215,0.0372,-0.00170,0.01937,0.0660,0.1318
12,0.4800,0.0947,0.0000,0.4051,0.0697,-0.0007,0.0105,-0.0021,-0.1586,0.2323,-0.1888,0.2144,0.2242,-0.00813,-0.01131,-0.0090,-0.1190,-0.1027,0.0247,-0.00477,0.01645,0.0720,0.1438
13,0.5200,0.0992,0.0000,0.4165,0.0727,-0.0277,0.0575,0.1313,-0.1429,0.3186,-0.1867,0.2126,0.2241,-0.01378,-0.00756,-0.0021,-0.1302,-0.1438,0.0942,-0.00233,0.01773,0.0780,0.1557
14,0.5600,0.1035,0.0000,0.4265,0.0733,-0.0092,0.0521,0.0438,-0.1124,0.2681,-0.1845,0.2106,0.2250,-0.01964,-0.00300,-0.0040,-0.1463,-0.1097,-0.0239,0.00317,0.01445,0.0840,0.1676
15,0.6000,0.1076,0.0000,0.4353,0.0653,0.0091,0.0303,-0.0490,0.0017,0.2704,-0.1821,0.2096,0.2252,-0.02098,-0.00355,0.0107,-0.1203,-0.1100,0.0467,0.00479,0.01501,0.0899,0.1796
16,0.6400,0.1116,0.0000,0.4431,0.0647,-0.0040,0.0210,0.0181,0.0073,0.3589,-0.1797,0.2087,0.2247,-0.02009,-0.00393,-0.0194,-0.1189,-0.1330,0.0516,0.00258,0.01463,0.0959,0.1915
17,0.6800,0.1157,0.0000,0.4499,0.0698,-0.0014,0.0301,0.0008,-0.0827,0.3202,-0.1773,0.2075,0.2243,-0.02262,-0.00344,-0.0085,-0.1312,-0.1082,0.0301,0.00326,0.01279,0.1019,0.2034
18,0.7200,0.1198,0.0000,0.4559,0.0520,0.0121,0.0393,-0.0636,0.2718,0.3444,-0.1750,0.2067,0.2243,-0.01711,-0.00475,-0.0137,-0.1448,-0.1323,-0.0192,0.00605,0.01257,0.1079,0.2153
19,0.7600,0.1240,0.0000,0.4612,0.0603,-0.0005,0.0175,-0.0199,0.1171,0.3538,-0.1727,0.2062,0.2239,-0.00957,-0.00670,-0.0372,-0.1225,-0.1106,0.0453,-0.00100,0.00853,0.1139,0.2271
20,0.8000,0.1283,0.0000,0.4659,0.0721,-0.0131,0.0249,0.0579,-0.0642,0.3473,-0.1703,0.2050,0.2232,-0.00930,-0.00507,-0.0186,-0.1131,-0.1124,0.0351,-0.00471,0.00644,0.1199,0.2390
21,0.8400,0.1327,0.0000,0.4700,0.0708,-0.0052,0.0676,0.0154,0.0444,0.3097,-0.1678,0.2036,0.2237,-0.00953,-0.00287,-0.0076,-0.1501,-0.1355,0.0361,-0.00303,0.00769,0.1259,0.2508
22,0.8800,0.1373,0.0000,0.4736,0.0744,-0.0040,0.0485,0.0173,0.0163,0.3461,-0.1651,0.2025,0.2247,-0.00826,-0.00239,-0.0142,-0.1276,-0.1166,0.0232,-0.00554,0.00598,0.1318,0.2626
23,0.9200,0.1418,0.0000,0.4767,0.0783,0.0040,0.0255,0.0037,-0.0264,0.3481,-0.1623,0.2015,0.2246,-0.00931,-0.00248,-0.0213,-0.1461,-0.1214,0.0298,-0.00607,0.00454,0.1378,0.2744
24,0.9600,0.1464,0.0000,0.4795,0.0779,0.0124,0.0285,-0.0704,0.0340,0.4000,-0.1592,0.2010,0.2242,-0.00901,-0.00406,-0.0205,-0.1444,-0.1124,0.0157,-0.00440,0.00336,0.1438,0.2862
25,1.0000,0.1513,0.0000,0.4820,0.0741,0.0150,0.0411,-0.0712,0.1912,0.3387,-0.1561,0.2007,0.2241,-0.00385,-0.00652,-0.0052,-0.1452,-0.1180,0.0261,-0.00512,0.00331,0.1497,0.2980
26,1.0400,0.1563,0.0000,0.4842,0.0844,-0.0036,0.0358,0.0157,0.0855,0.3709,-0.1529,0.2001,0.2242,0.00172,-0.00742,-0.0232,-0.1326,-0.1197,0.0263,-0.01012,0.00243,0.1557,0.3098
27,1.0800,0.1613,0.0000,0.4861,0.1034,-0.0032,0.0281,0.0280,-0.1943,0.3323,-0.1493,0.1989,0.2239,-0.00242,-0.00684,-0.0086,-0.1339,-0.0935,0.0198,-0.01184,-0.00020,0.1617,0.3215
28,1.1200,0.1664,0.0000,0.4877,0.0940,0.0199,0.0442,-0.1047,0.0791,0.3035,-0.1454,0.1982,0.2239,-0.00381,-0.00837,0.0091,-0.1529,-0.1070,-0.0180,-0.00531,0.00171,0.1676,0.3332
29,1.1600,0.1716,0.0000,0.4892,0.0976,0.0004,0.0392,-0.0108,0.0981,0.3990,-0.1416,0.1979,0.2242,0.00089,-0.01055,-0.0194,-0.1322,-0.1171,0.0618,-0.00660,0.00268,0.1736,0.3449
30,1.2000,0.1768,0.0000,0.4905,0.1062,-0.0107,0.0352,0.0219,0.0519,0.3750,-0.1376,0.1967,0.2241,0.00335,-0.00912,-0.0107,-0.1440,-0.1101,0.0189,-0.00579,0.00175,0.1796,0.3566
31,1.2400,0.1822,0.0000,0.4916,0.1173,-0.0049,0.0414,0.0324,-0.0586,0.3124,-0.1333,0.1955,0.2241,0.00276,-0.00773,-0.0012,-0.1286,-0.1025,0.0398,-0.00653,-0.00058,0.1855,0.3682
32,1.2800,0.1877,0.0000,0.4926,0.1238,0.0042,0.0432,-0.0347,-0.0829,0.3135,-0.1287,0.1946,0.2244,-0.00016,-0.00780,0.0007,-0.1449,-0.1180,0.0041,-0.00362,0.00046,0.1915,0.3798
33,1.3200,0.1931,0.0000,0.4935,0.1173,-0.0036,0.0415,0.0088,0.1503,0.4461,-0.1239,0.1937,0.2247,0.00261,-0.00781,-0.0261,-0.1524,-0.1419,0.0236,-0.00414,0.00424,0.1974,0.3914
34,1.3600,0.1986,0.0000,0.4943,0.1227,0.0035,0.0315,-0.0265,0.1710,0.2766,-0.1191,0.1930,0.2244,0.00844,-0.00801,-0.0108,-0.1451,-0.0919,0.0417,-0.00650,0.00322,0.2034,0.4030
35,1.4000,0.2042,0.0000,0.4950,0.1409,-0.0065,0.0274,0.0203,-0.0624,0.3407,-0.1138,0.1922,0.2241,0.01042,-0.00815,-0.0198,-0.1219,-0.1116,0.0299,-0.01010,0.00189,0.2093,0.4145
36,1.4400,0.2097,0.0000,0.4956,0.1599,-0.0129,0.0367,0.0527,-0.3051,0.4320,-0.1080,0.1910,0.2239,0.00161,-0.00624,-0.0219,-0.1456,-0.1245,0.0303,-0.00917,0.00189,0.2153,0.4261
37,1.4800,0.2154,0.0000,0.4961,0.1342,0.0120,0.0687,-0.0711,0.3380,0.3990,-0.1022,0.1901,0.2246,0.00502,-0.00571,0.0117,-0.1667,-0.1508,-0.0195,-0.00234,0.00782,0.2212,0.4375
38,1.5200,0.2212,0.0000,0.4966,0.1536,0.0209,0.0125,-0.1106,0.0535,0.2745,-0.0963,0.1905,0.2246,0.01164,-0.01016,-0.0144,-0.1210,-0.0666,0.0141,-0.00920,0.00238,0.2271,0.4490
39,1.5600,0.2269,0.0000,0.4970,0.1659,-0.0070,0.0141,0.0156,-0.0536,0.4679,-0.0899,0.1902,0.2235,0.01168,-0.01130,-0.0336,-0.1442,-0.1310,0.0250,-0.01286,0.00300,0.2331,0.4604
40,1.6000,0.2327,0.0000,0.4974,0.1698,0.0010,0.0438,-0.0198,0.0536,0.3462,-0.0832,0.1895,0.2230,0.01145,-0.01048,-0.0237,-0.1613,-0.1060,-0.0105,-0.00956,0.00300,0.2390,0.4718
41,1.6400,0.2387,0.0000,0.4977,0.1833,-0.0167,0.0521,0.0663,-0.0652,0.4427,-0.0762,0.1889,0.2236,0.01182,-0.00949,-0.0467,-0.1447,-0.1377,0.0387,-0.01238,0.00305,0.2449,0.4832
42,1.6800,0.2446,0.0000,0.4980,0.1986,-0.0059,0.0488,0.0192,-0.2192,0.3592,-0.0686,0.1880,0.2240,0.00456,-0.00704,0.0035,-0.1497,-0.1039,0.0165,-0.01075,0.00265,0.2508,0.4946
43,1.7200,0.2507,0.0000,0.4982,0.2001,0.0187,0.0397,-0.0997,-0.1477,0.2978,-0.0608,0.1882,0.2243,-0.00254,-0.00878,0.0088,-0.1425,-0.0932,-0.0062,-0.00521,0.00344,0.2567,0.5059
44,1.7600,0.2565,0.0000,0.4984,0.1913,0.0063,0.0433,-0.0466,0.1233,0.4377,-0.0530,0.1886,0.2245,-0.00080,-0.01147,-0.0132,-0.1565,-0.1440,0.0348,-0.00273,0.00628,0.2626,0.5172
45,1.8000,0.2624,0.0000,0.4986,0.2019,0.0039,0.0156,-0.0300,0.0184,0.3607,-0.0451,0.1889,0.2241,0.00122,-0.01273,-0.0198,-0.1449,-0.0890,-0.0166,-0.00570,0.00297,0.2685,0.5284
46,1.8400,0.2683,0.0000,0.4988,0.2019,-0.0095,0.0352,0.0379,0.1370,0.3637,-0.0370,0.1889,0.2235,0.00535,-0.01232,-0.0235,-0.1412,-0.1224,0.0462,-0.00615,0.00571,0.2744,0.5396
47,1.8800,0.2742,0.0000,0.4989,0.2180,-0.0003,0.0469,-0.0088,-0.0446,0.3628,-0.0286,0.1890,0.2237,0.00613,-0.01168,0.0058,-0.1447,-0.0902,-0.0022,-0.00724,0.00303,0.2803,0.5508
48,1.9200,0.2800,0.0000,0.4990,0.2239,0.0132,0.0310,-0.0751,-0.0542,0.3467,-0.0198,0.1898,0.2237,0.00397,-0.01327,0.0038,-0.1435,-0.0866,-0.0215,-0.00472,0.00188,0.2862,0.5620
49,1.9600,0.2858,0.0000,0.4992,0.2369,-0.0038,0.0284,0.0061,-0.2224,0.4499,-0.0107,0.1907,0.2234,-0.00148,-0.01489,-0.0223,-0.1435,-0.1223,0.0309,-0.00654,0.00228,0.2921,0.5731
50,2.0000,0.2916,0.0000,0.4993,0.2333,-0.0143,0.0344,0.0608,-0.0402,0.4310,-0.0014,0.1909,0.2232,-0.00598,-0.01284,-0.0317,-0.1496,-0.1241,-0.0176,-0.00368,0.00590,0.2980,0.5841
51,2.0400,0.2975,0.0000,0.4994,0.2295,0.0151,0.0508,-0.0826,0.1152,0.3245,0.0078,0.1919,0.2235,-0.00425,-0.01338,0.0095,-0.1630,-0.0942,-0.0132,-0.00064,0.00503,0.3039,0.5952
52,2.0800,0.3034,0.0000,0.4994,0.2395,0.0044,0.0299,-0.0318,-0.0159,0.3366,0.0170,0.1936,0.2237,-0.00183,-0.01630,-0.0080,-0.1276,-0.0893,0.0278,-0.00316,0.00334,0.3098,0.6062
53,2.1200,0.3091,0.0000,0.4995,0.2435,-0.0194,0.0318,0.0861,0.0014,0.3887,0.0266,0.1944,0.2234,-0.00169,-0.01458,-0.0155,-0.1375,-0.1265,0.0195,-0.00502,0.00521,0.3156,0.6171
54,2.1600,0.3148,0.0000,0.4996,0.2395,-0.0006,0.0499,-0.0082,0.1868,0.4398,0.0363,0.1953,0.2236,0.00231,-0.01262,-0.0130,-0.1731,-0.1187,-0.0409,-0.00305,0.00486,0.3215,0.6280
55,2.2000,0.3205,0.0000,0.4996,0.2433,0.0182,0.0324,-0.1012,0.2146,0.3502,0.0459,0.1973,0.2237,0.01047,-0.01525,-0.0114,-0.1570,-0.0874,-0.0093,-0.00421,0.00174,0.3273,0.6389
56,2.2400,0.3262,0.0000,0.4997,0.2667,-0.0204,0.0226,0.0854,-0.1149,0.4319,0.0559,0.1992,0.2231,0.01220,-0.01568,-0.0459,-0.1305,-0.1212,0.0575,-0.00838,-0.00067,0.3332,0.6497
57,2.2800,0.3319,0.0000,0.4997,0.2619,-0.0169,0.0542,0.0720,0.1801,0.4587,0.0665,0.2002,0.2230,0.01389,-0.01093,-0.0233,-0.1700,-0.1246,-0.0387,-0.00415,0.00072,0.3390,0.6605
58,2.3200,0.3377,0.0000,0.4997,0.2740,0.0104,0.0415,-0.0649,0.0851,0.4329,0.0771,0.2025,0.2234,0.01878,-0.01127,-0.0244,-0.1536,-0.0924,-0.0189,-0.00568,-0.00489,0.3449,0.6713
59,2.3600,0.3435,0.0000,0.4998,0.2935,0.0046,0.0289,-0.0363,-0.1342,0.3714,0.0880,0.2055,0.2229,0.01730,-0.01338,-0.0098,-0.1289,-0.0996,0.0271,-0.00948,-0.00468,0.3507,0.6820
60,2.4000,0.3492,0.0000,0.4998,0.2944,0.0006,0.0584,-0.0155,0.0572,0.3651,0.0994,0.2084,0.2231,0.01657,-0.01367,0.0018,-0.1519,-0.1188,-0.0047,-0.00662,-0.00165,0.3566,0.6927
61,2.4400,0.3548,0.0000,0.4998,0.3029,0.0003,0.0611,-0.0154,0.0690,0.4122,0.1110,0.2116,0.2239,0.01920,-0.01420,-0.0055,-0.1615,-0.1096,0.0056,-0.00700,-0.00166,0.3624,0.7033
62,2.4800,0.3602,0.0000,0.4998,0.3149,0.0066,0.0241,-0.0445,-0.0021,0.3350,0.1229,0.2151,0.2237,0.02007,-0.01508,-0.0018,-0.1364,-0.0825,-0.0296,-0.00964,-0.00275,0.3682,0.7139
63,2.5200,0.3655,0.0000,0.4999,0.3239,-0.0071,0.0361,0.0193,-0.0041,0.4220,0.1351,0.2188,0.2231,0.02052,-0.01528,-0.0188,-0.1390,-0.1205,0.0322,-0.01079,-0.00126,0.3740,0.7244
64,2.5600,0.3706,0.0000,0.4999,0.3420,-0.0176,0.0415,0.0713,-0.1666,0.4549,0.1479,0.2223,0.2230,0.01640,-0.01282,-0.0301,-0.1405,-0.1100,-0.0008,-0.01186,-0.00128,0.3798,0.7349
65,2.6000,0.3756,0.0000,0.4999,0.3464,-0.0030,0.0470,0.0033,-0.0899,0.3997,0.1611,0.2263,0.2231,0.01118,-0.01070,-0.0104,-0.1450,-0.1016,-0.0107,-0.00630,0.00017,0.3856,0.7453
66,2.6400,0.3806,0.0000,0.4999,0.3491,-0.0043,0.0411,0.0049,-0.0177,0.5021,0.1741,0.2309,0.2233,0.01029,-0.01051,-0.0278,-0.1351,-0.1324,-0.0036,-0.00457,0.00287,0.3914,0.7557
67,2.6800,0.3855,0.0000,0.4999,0.3573,0.0007,0.0425,-0.0168,-0.0366,0.4604,0.1873,0.2358,0.2233,0.00856,-0.01048,-0.0068,-0.1453,-0.1031,0.0237,-0.00338,0.00180,0.3972,0.7661
68,2.7200,0.3904,0.0000,0.4999,0.3720,-0.0103,0.0486,0.0388,-0.2017,0.4008,0.2008,0.2411,0.2236,0.00383,-0.01011,-0.0131,-0.1293,-0.1232,0.0476,-0.00475,0.00200,0.4030,0.7763
69,2.7600,0.3952,0.0000,0.4999,0.3555,-0.0011,0.0500,-0.0049,0.2686,0.4149,0.2144,0.2464,0.2241,0.00680,-0.00833,-0.0088,-0.1507,-0.1249,-0.0455,-0.00091,0.00646,0.4088,0.7866
70,2.8000,0.3998,0.0000,0.4999,0.3641,-0.0059,0.0309,0.0124,0.2064,0.4685,0.2277,0.2523,0.2240,0.01656,-0.00853,-0.0537,-0.1479,-0.1342,0.0339,-0.00533,0.00403,0.4145,0.7968
71,2.8400,0.4043,0.0000,0.4999,0.3899,-0.0040,0.0353,0.0037,-0.1453,0.4505,0.2415,0.2585,0.2234,0.01579,-0.00777,-0.0163,-0.1451,-0.1105,0.0167,-0.01051,-0.00027,0.4203,0.8069
72,2.8800,0.4087,0.0000,0.5000,0.3845,0.0147,0.0547,-0.0840,0.1508,0.3782,0.2553,0.2655,0.2236,0.01663,-0.00891,-0.0147,-0.1659,-0.1133,-0.0311,-0.00630,0.00122,0.4261,0.8170
73,2.9200,0.4128,0.0000,0.5000,0.4092,0.0001,0.0371,-0.0191,-0.1999,0.5122,0.2692,0.2731,0.2238,0.01506,-0.01176,-0.0275,-0.1375,-0.1115,0.0333,-0.00882,0.00020,0.4318,0.8270
74,2.9600,0.4168,0.0000,0.5000,0.4246,-0.0066,0.0278,0.0208,-0.3630,0.4036,0.2839,0.2807,0.2232,0.00284,-0.01074,0.0167,-0.1095,-0.0917,0.0173,-0.00607,0.00134,0.4375,0.8370
75,3.0000,0.4207,0.0000,0.5000,0.4142,-0.0055,0.0617,0.0155,-0.0481,0.4320,0.2985,0.2884,0.2237,-0.00340,-0.00945,-0.0028,-0.1430,-0.1560,0.0027,0.00160,0.00661,0.4433,0.8470
76,3.0400,0.4242,0.0000,0.5000,0.4143,-0.0033,0.0326,0.0046,0.0295,0.3991,0.3130,0.2966,0.2242,-0.00376,-0.00908,-0.0331,-0.1420,-0.1108,-0.0100,0.00128,0.00558,0.4490,0.8568
77,3.0800,0.4273,0.0000,0.5000,0.4127,-0.0008,0.0300,-0.0091,0.1257,0.4370,0.3272,0.3051,0.2239,-0.00036,-0.00907,-0.0274,-0.1550,-0.1216,0.0276,0.00041,0.00321,0.4547,0.8667
78,3.1200,0.4300,0.0000,0.5000,0.4234,0.0056,0.0157,-0.0226,0.0020,0.3907,0.3413,0.3141,0.2233,0.00166,-0.01029,-0.0133,-0.1129,-0.0681,0.0034,-0.00316,0.00078,0.4604,0.8764
79,3.1600,0.4324,0.0000,0.5000,0.4274,-0.0152,0.0248,0.0617,0.0197,0.4672,0.3557,0.3231,0.2225,0.00305,-0.00926,-0.0349,-0.1082,-0.1250,0.0287,-0.00366,0.00333,0.4662,0.8861
80,3.2000,0.4345,0.0000,0.5000,0.4385,0.0029,0.0485,-0.0219,-0.0723,0.3377,0.3702,0.3325,0.2225,0.00049,-0.00801,0.0112,-0.1240,-0.0683,0.0173,-0.00261,0.00227,0.4719,0.8958
81,3.2400,0.4364,0.0000,0.5000,0.4348,-0.0012,0.0392,-0.0050,0.0911,0.4208,0.3845,0.3425,0.2229,0.00241,-0.00860,-0.0342,-0.1230,-0.1140,-0.0134,-0.00221,0.00346,0.4775,0.9054
82,3.2800,0.4380,0.0000,0.5000,0.4438,-0.0119,0.0289,0.0457,0.0082,0.5050,0.3989,0.3526,0.2226,0.00389,-0.00721,-0.0305,-0.1204,-0.1022,0.0400,-0.00473,0.00299,0.4832,0.9149
83,3.3200,0.4395,0.0000,0.5000,0.4590,-0.0140,0.0496,0.0579,-0.1826,0.4312,0.4136,0.3630,0.2226,-0.00029,-0.00429,-0.0195,-0.1259,-0.1230,0.0524,-0.00562,0.00150,0.4889,0.9244
84,3.3600,0.4407,0.0000,0.4971,0.4558,0.0079,0.0419,-0.0483,-0.0231,0.4773,0.4281,0.3741,0.2232,-0.00434,-0.00349,-0.0157,-0.1365,-0.0972,-0.0564,-0.00100,0.00197,0.4946,0.9338
85,3.4000,0.4418,0.0000,0.4914,0.4536,0.0188,0.0334,-0.1007,0.0680,0.3778,0.4417,0.3860,0.2231,-0.00276,-0.00775,0.0058,-0.1192,-0.0985,0.0508,-0.00148,0.00254,0.5002,0.9432
86,3.4400,0.4428,0.0000,0.4833,0.4610,0.0053,0.0294,-0.0355,0.0176,0.3444,0.4554,0.3982,0.2229,-0.00079,-0.01132,-0.0091,-0.1129,-0.0970,0.0094,-0.00383,0.00224,0.5059,0.9525
87,3.4800,0.4437,0.0000,0.4736,0.4685,-0.0169,0.0374,0.0716,-0.0336,0.4627,0.4696,0.4101,0.2228,-0.00131,-0.00981,-0.0281,-0.1272,-0.1116,0.0318,-0.00542,0.00316,0.5115,0.9617
88,3.5200,0.4444,0.0000,0.4620,0.4613,0.0173,0.0547,-0.0894,0.2112,0.2296,0.4836,0.4225,0.2231,0.00216,-0.00952,0.0319,-0.1366,-0.0671,-0.0055,-0.00338,0.00112,0.5172,0.9709
89,3.5600,0.4451,0.0000,0.4492,0.4742,0.0020,0.0315,-0.0204,0.0338,0.3489,0.4970,0.4357,0.2234,0.00786,-0.01357,-0.0298,-0.1135,-0.1089,0.0195,-0.00864,-0.00090,0.5228,0.9800
90,3.6000,0.4457,0.0000,0.4358,0.4827,-0.0026,0.0243,0.0013,-0.0096,0.4562,0.5111,0.4487,0.2227,0.00712,-0.01287,0.0058,-0.1245,-0.0738,-0.0001,-0.00767,-0.00069,0.5284,0.9891
91,3.6400,0.4462,0.0000,0.4210,0.4918,-0.0085,0.0294,0.0303,-0.0924,0.4409,0.5250,0.4621,0.2221,0.00558,-0.01195,-0.0181,-0.0967,-0.0992,0.0254,-0.00683,0.00057,0.5340,0.9981
92,3.6800,0.4467,0.0000,0.4046,0.4960,0.0089,0.0412,-0.0539,-0.0608,0.4172,0.5389,0.4761,0.2220,0.00202,-0.01213,0.0032,-0.1264,-0.0836,-0.0377,-0.00493,-0.00010,0.5396,1.0070
93,3.7200,0.4471,0.0000,0.3870,0.4892,-0.0176,0.0417,0.0765,0.1780,0.3630,0.5526,0.4902,0.2222,0.00666,-0.01129,-0.0461,-0.0989,-0.1321,0.0493,-0.00516,0.00406,0.5452,1.0159
94,3.7600,0.4473,0.0000,0.3686,0.5069,0.0037,0.0679,-0.0265,-0.0421,0.3089,0.5665,0.5047,0.2227,0.00721,-0.00941,0.0312,-0.1400,-0.0816,0.0152,-0.00685,0.00025,0.5508,1.0247
95,3.8000,0.4471,0.0000,0.3498,0.5126,0.0104,0.0452,-0.0581,-0.0702,0.2539,0.5798,0.5200,0.2234,0.00542,-0.01216,0.0264,-0.0969,-0.0808,0.0082,-0.00537,0.00155,0.5564,1.0334
96,3.8400,0.4465,0.0000,0.3310,0.5141,-0.0132,0.0255,0.0541,-0.0054,0.3806,0.5934,0.5353,0.2232,0.00476,-0.01165,-0.0120,-0.0987,-0.1209,0.0279,-0.00591,0.00468,0.5619,1.0420
97,3.8800,0.4455,0.0000,0.3119,0.5249,-0.0037,0.0297,0.0103,-0.1360,0.3096,0.6073,0.5508,0.2227,0.00072,-0.00915,0.0109,-0.1025,-0.0842,0.0137,-0.00323,0.00361,0.5675,1.0506
98,3.9200,0.4441,0.0000,0.2924,0.5194,0.0079,0.0451,-0.0465,0.0416,0.3016,0.6205,0.5669,0.2228,-0.00012,-0.01018,0.0062,-0.1127,-0.1097,-0.0092,0.00029,0.00619,0.5731,1.0592
99,3.9600,0.4425,0.0000,0.2727,0.5270,0.0084,0.0312,-0.0506,-0.0588,0.3212,0.6334,0.5833,0.2228,-0.00070,-0.01361,0.0035,-0.1113,-0.1018,-0.0083,-0.00270,0.00547,0.5786,1.0676
100,4.0000,0.4405,0.0000,0.2528,0.5350,0.0005,0.0264,-0.0105,-0.1701,0.3123,0.6464,0.6001,0.2225,-0.00578,-0.01546,0.0182,-0.0953,-0.0844,0.0252,-0.00166,0.00755,0.5841,1.0760
101,4.0400,0.4382,0.0000,0.2327,0.5358,-0.0076,0.0405,0.0310,-0.1578,0.2480,0.6595,0.6168,0.2225,-0.01162,-0.01446,0.0316,-0.0844,-0.1118,0.0237,0.00036,0.01215,0.5896,1.0844
102,4.0800,0.4355,0.0000,0.2127,0.5307,0.0039,0.0420,-0.0247,-0.0546,0.2479,0.6724,0.6337,0.2231,-0.01581,-0.01407,0.0253,-0.1159,-0.1063,-0.0295,0.00347,0.01154,0.5952,1.0926
103,4.1200,0.4326,0.0000,0.1928,0.5256,0.0135,0.0354,-0.0704,0.0051,0.1791,0.6846,0.6508,0.2235,-0.01653,-0.01786,0.0408,-0.1096,-0.0910,0.0300,0.00557,0.01175,0.6007,1.1008
104,4.1600,0.4293,0.0000,0.1733,0.5313,-0.0048,0.0145,0.0172,-0.1513,0.2376,0.6968,0.6680,0.2233,-0.01923,-0.02014,0.0099,-0.0968,-0.1131,0.0036,0.00238,0.01065,0.6062,1.1089
105,4.2000,0.4257,0.0000,0.1542,0.5353,-0.0157,0.0240,0.0719,-0.2836,0.2443,0.7095,0.6850,0.2231,-0.02863,-0.01681,0.0265,-0.1040,-0.1142,0.0353,0.00474,0.01101,0.6116,1.1170
106,4.2400,0.4219,0.0000,0.1351,0.5167,-0.0106,0.0147,0.0479,-0.0074,0.2173,0.7220,0.7017,0.2231,-0.03291,-0.01212,0.0130,-0.0788,-0.1064,-0.0332,0.00866,0.01478,0.6171,1.1249
107,4.2800,0.4179,0.0000,0.1163,0.5183,0.0215,0.0202,-0.1069,-0.2000,0.1119,0.7333,0.7189,0.2229,-0.03825,-0.01558,0.0676,-0.0949,-0.0794,0.0258,0.01025,0.01265,0.6226,1.1328
108,4.3200,0.4136,0.0000,0.0979,0.5009,0.0037,0.0153,-0.0205,0.0243,0.0775,0.7442,0.7359,0.2230,-0.03978,-0.02026,0.0171,-0.0844,-0.1157,0.0094,0.01083,0.01657,0.6280,1.1407
109,4.3600,0.4091,0.0000,0.0804,0.4990,-0.0198,0.0167,0.0931,-0.0747,0.1708,0.7556,0.7523,0.2230,-0.04092,-0.01752,0.0052,-0.1002,-0.1271,0.0260,0.01076,0.01724,0.6335,1.1484
110,4.4000,0.4044,0.0000,0.0633,0.4886,-0.0007,0.0214,0.0013,-0.0283,0.1613,0.7670,0.7684,0.2231,-0.04360,-0.01380,0.0322,-0.1127,-0.0897,-0.0175,0.01232,0.01442,0.6389,1.1561
111,4.4400,0.3995,0.0000,0.0465,0.4833,0.0006,0.0145,-0.0042,-0.1208,0.0619,0.7774,0.7846,0.2232,-0.04591,-0.01506,0.0279,-0.0791,-0.1116,0.0473,0.01181,0.01327,0.6443,1.1637
112,4.4800,0.3945,0.0000,0.0303,0.4715,0.0063,0.0005,-0.0326,-0.0574,0.0474,0.7877,0.8006,0.2229,-0.04958,-0.01583,0.0320,-0.0834,-0.0788,-0.0295,0.01186,0.01429,0.6497,1.1712
113,4.5200,0.3894,0.0000,0.0149,0.4488,-0.0077,0.0088,0.0353,0.2067,0.1420,0.7977,0.8160,0.2224,-0.04455,-0.01576,-0.0076,-0.0879,-0.1332,0.0220,0.01303,0.01728,0.6551,1.1787
114,4.5600,0.3842,0.0000,-0.0003,0.4560,0.0126,0.0334,-0.0627,-0.0901,0.0003,0.8073,0.8314,0.2226,-0.04435,-0.01745,0.0502,-0.1163,-0.0816,0.0202,0.01113,0.01271,0.6605,1.1861
115,4.6000,0.3789,0.0000,-0.0149,0.4437,-0.0072,0.0216,0.0329,-0.0031,0.0500,0.8168,0.8465,0.2231,-0.04481,-0.01842,0.0051,-0.0897,-0.1153,0.0043,0.01077,0.01645,0.6659,1.1934
116,4.6400,0.3735,0.0000,-0.0288,0.4177,0.0013,0.0139,-0.0079,0.3719,0.0492,0.8263,0.8610,0.2230,-0.03657,-0.01610,0.0056,-0.1154,-0.1036,-0.0301,0.01192,0.01748,0.6713,1.2006
117,4.6800,0.3681,0.0000,-0.0423,0.4181,0.0334,0.0258,-0.1636,0.2352,-0.0966,0.8345,0.8758,0.2227,-0.02541,-0.02392,0.0348,-0.1239,-0.0683,0.0032,0.00676,0.00959,0.6767,1.2078
118,4.7200,0.3626,0.0000,-0.0549,0.4192,0.0096,0.0265,-0.0478,0.1746,-0.0707,0.8427,0.8906,0.2227,-0.01663,-0.03195,0.0108,-0.1084,-0.0994,0.0004,-0.00037,0.00855,0.6820,1.2149
119,4.7600,0.3571,0.0000,-0.0665,0.4366,-0.0109,0.0365,0.0537,-0.1774,-0.0630,0.8520,0.9050,0.2227,-0.01858,-0.03100,0.0304,-0.1191,-0.0964,0.0229,-0.00417,0.00493,0.6873,1.2219
120,4.8000,0.3514,0.0000,-0.0774,0.4288,-0.0157,0.0418,0.0768,-0.0381,-0.0885,0.8618,0.9191,0.2232,-0.02230,-0.02472,0.0328,-0.0996,-0.0977,-0.0037,0.00020,0.00876,0.6927,1.2288
121,4.8400,0.3457,0.0000,-0.0875,0.4234,-0.0033,0.0352,0.0155,-0.0036,-0.0363,0.8714,0.9331,0.2237,-0.02301,-0.02120,0.0262,-0.1155,-0.1125,-0.0006,0.00342,0.00822,0.6980,1.2356
122,4.8800,0.3398,0.0000,-0.0970,0.4323,-0.0135,0.0088,0.0655,-0.2648,-0.0561,0.8809,0.9473,0.2235,-0.02902,-0.01856,0.0091,-0.0814,-0.1025,0.0452,0.00269,0.00884,0.7033,1.2424
123,4.9200,0.3340,0.0000,-0.1062,0.4210,-0.0059,0.0160,0.0280,-0.1134,-0.0312,0.8906,0.9612,0.2230,-0.03666,-0.01387,0.0167,-0.1018,-0.0890,0.0025,0.00847,0.01098,0.7086,1.2491
124,4.9600,0.3280,0.0000,-0.1151,0.4146,0.0021,0.0159,-0.0104,-0.1234,-0.1139,0.8996,0.9750,0.2228,-0.04064,-0.01345,0.0330,-0.0638,-0.0864,0.0400,0.01083,0.01271,0.7139,1.2557
125,5.0000,0.3221,0.0000,-0.1235,0.4060,0.0049,0.0213,-0.0243,-0.0707,-0.1476,0.9085,0.9887,0.2228,-0.04459,-0.01399,0.0188,-0.0998,-0.0960,0.0160,0.01190,0.01309,0.7191,1.2622
126,5.0400,0.3160,0.0000,-0.1314,0.3906,-0.0037,0.0172,0.0168,0.0960,-0.0748,0.9173,1.0019,0.2228,-0.04283,-0.01342,0.0046,-0.0866,-0.1047,0.0117,0.01014,0.01464,0.7244,1.2687
127,5.0800,0.3100,0.0000,-0.1387,0.3966,0.0071,0.0093,-0.0343,-0.1876,-0.1655,0.9260,1.0151,0.2224,-0.04629,-0.01380,0.0211,-0.0972,-0.0837,0.0153,0.00784,0.01059,0.7296,1.2750
128,5.1200,0.3039,0.0000,-0.1457,0.3728,-0.0152,0.0326,0.0732,0.1608,0.0287,0.9347,1.0275,0.2226,-0.04433,-0.01136,-0.0139,-0.1013,-0.1515,0.0219,0.01076,0.01699,0.7349,1.2813
129,5.1600,0.2979,0.0000,-0.1528,0.3703,-0.0025,0.0169,0.0123,0.0689,-0.1056,0.9435,1.0397,0.2227,-0.04091,-0.00774,0.0023,-0.0966,-0.0852,0.0019,0.00711,0.01306,0.7401,1.2875
130,5.2000,0.2919,0.0000,-0.1599,0.3569,0.0259,0.0245,-0.1272,0.1980,-0.1800,0.9513,1.0520,0.2226,-0.03548,-0.01156,0.0228,-0.1102,-0.0754,-0.0056,0.00611,0.01136,0.7453,1.2936
131,5.2400,0.2859,0.0000,-0.1666,0.3637,0.0067,0.0210,-0.0322,-0.0424,-0.1790,0.9588,1.0644,0.2225,-0.03228,-0.01763,0.0055,-0.0894,-0.1072,0.0472,-0.00066,0.01100,0.7505,1.2996
132,5.2800,0.2799,0.0000,-0.1727,0.3653,-0.0090,0.0455,0.0435,-0.1230,-0.1056,0.9672,1.0762,0.2229,-0.03635,-0.01567,0.0367,-0.1137,-0.1092,0.0294,-0.00127,0.01141,0.7557,1.3056
133,5.3200,0.2739,0.0000,-0.1787,0.3483,-0.0025,0.0366,0.0123,0.1133,-0.1991,0.9757,1.0876,0.2236,-0.03563,-0.01235,0.0253,-0.0969,-0.0977,0.0008,0.00342,0.01360,0.7609,1.3115
134,5.3600,0.2680,0.0000,-0.1843,0.3462,0.0062,0.0319,-0.0296,0.0290,-0.1973,0.9837,1.0989,0.2239,-0.03305,-0.01292,0.0229,-0.1159,-0.1158,0.0366,0.00314,0.01094,0.7661,1.3172
135,5.4000,0.2620,0.0000,-0.1895,0.3431,0.0107,0.0229,-0.0516,-0.0129,-0.2268,0.9915,1.1103,0.2239,-0.03289,-0.01492,0.0457,-0.0948,-0.0926,0.0091,0.00371,0.01168,0.7712,1.3229
136,5.4400,0.2560,0.0000,-0.1942,0.3357,-0.0030,0.0041,0.0138,0.0367,-0.1024,0.9995,1.1213,0.2234,-0.03215,-0.01543,-0.0054,-0.0941,-0.0946,0.0113,0.00194,0.01216,0.7763,1.3286
137,5.4800,0.2500,0.0000,-0.1988,0.3315,0.0002,0.0115,-0.0009,0.0256,-0.1292,1.0076,1.1319,0.2225,-0.03114,-0.01418,0.0120,-0.0945,-0.0903,0.0162,0.00319,0.01149,0.7815,1.3341
138,5.5200,0.2441,0.0000,-0.2037,0.3302,0.0064,0.0403,-0.0303,-0.0067,-0.2301,1.0155,1.1425,0.2226,-0.03102,-0.01498,0.0200,-0.1072,-0.0920,0.0352,0.00460,0.01029,0.7866,1.3395
139,5.5600,0.2383,0.0000,-0.2086,0.3281,0.0080,0.0539,-0.0386,-0.0419,-0.1938,1.0232,1.1531,0.2235,-0.03178,-0.01662,0.0477,-0.1157,-0.1130,0.0041,0.00565,0.00931,0.7917,1.3449
140,5.6000,0.2324,0.0000,-0.2131,0.3108,0.0139,0.0064,-0.0673,0.2018,-0.2436,1.0308,1.1634,0.2235,-0.02794,-0.01863,0.0261,-0.0875,-0.0718,-0.0472,0.00672,0.00990,0.7968,1.3502
141,5.6400,0.2265,0.0000,-0.2173,0.3257,0.0092,0.0073,-0.0431,-0.2159,-0.2223,1.0383,1.1737,0.2225,-0.02978,-0.02262,0.0260,-0.0959,-0.0927,0.0540,0.00379,0.00729,0.8019,1.3553
142,5.6800,0.2207,0.0000,-0.2214,0.3138,-0.0145,0.0305,0.0718,-0.0105,-0.1634,1.0465,1.1834,0.2223,-0.03325,-0.01996,-0.0015,-0.1027,-0.1186,-0.0144,0.00663,0.01003,0.8069,1.3604
143,5.7200,0.2148,0.0000,-0.2256,0.3197,0.0115,0.0364,-0.0559,-0.2496,-0.2834,1.0545,1.1931,0.2226,-0.04043,-0.01891,0.0596,-0.1027,-0.0551,0.0020,0.00765,0.00614,0.8120,1.3654
144,5.7600,0.2090,0.0000,-0.2295,0.2979,0.0010,0.0144,-0.0051,0.0244,-0.2091,1.0622,1.2026,0.2227,-0.04247,-0.01968,0.0247,-0.0647,-0.1039,-0.0129,0.01103,0.01242,0.8170,1.3704
145,5.8000,0.2032,0.0000,-0.2333,0.2972,0.0130,0.0252,-0.0624,-0.1257,-0.3119,1.0697,1.2118,0.2224,-0.04582,-0.02094,0.0586,-0.0998,-0.0898,0.0225,0.01146,0.01145,0.8220,1.3752
146,5.8400,0.1974,0.0000,-0.2371,0.2760,-0.0102,0.0333,0.0508,0.1659,-0.2488,1.0771,1.2203,0.2227,-0.04292,-0.01991,0.0031,-0.0884,-0.1244,0.0026,0.01162,0.01596,0.8270,1.3800
147,5.8800,0.1916,0.0000,-0.2405,0.2766,-0.0146,0.0216,0.0717,-0.0041,-0.1568,1.0850,1.2282,0.2228,-0.04090,-0.01533,0.0010,-0.1076,-0.1074,-0.0010,0.01015,0.01245,0.8320,1.3846
148,5.9200,0.1859,0.0000,-0.2443,0.2749,0.0076,0.0398,-0.0360,-0.1390,-0.2608,1.0924,1.2362,0.2229,-0.04473,-0.01375,0.0561,-0.1054,-0.0972,0.0293,0.01063,0.01028,0.8370,1.3892
149,5.9600,0.1803,0.0000,-0.2483,0.2438,0.0029,0.0328,-0.0121,0.3418,-0.2396,1.0993,1.2439,0.2235,-0.03787,-0.01400,0.0187,-0.0823,-0.1153,-0.0147,0.01107,0.01482,0.8420,1.3937
150,6.0000,0.1748,0.0000,-0.2523,0.2396,0.0078,0.0202,-0.0340,0.2997,-0.2756,1.1059,1.2513,0.2232,-0.02573,-0.01500,0.0293,-0.0922,-0.0830,0.0269,0.00452,0.00971,0.8470,1.3981
151,6.0400,0.1693,0.0000,-0.2563,0.2520,0.0159,0.0462,-0.0706,-0.0318,-0.3828,1.1123,1.2589,0.2232,-0.02179,-0.01810,0.0772,-0.0967,-0.0921,0.0413,-0.00008,0.00507,0.8519,1.4024
152,6.0800,0.1639,0.0000,-0.2600,0.2484,-0.0063,0.0367,0.0360,0.0062,-0.3117,1.1193,1.2661,0.2238,-0.02197,-0.01816,0.0251,-0.0926,-0.1074,-0.0102,-0.00081,0.00711,0.8568,1.4066
153,6.1200,0.1584,0.0000,-0.2634,0.2442,0.0011,0.0289,-0.0009,0.0066,-0.3060,1.1265,1.2729,0.2237,-0.02255,-0.01619,0.0468,-0.1049,-0.0913,0.0079,0.00110,0.00750,0.8618,1.4107
154,6.1600,0.1530,0.0000,-0.2667,0.2335,0.0004,0.0450,0.0040,0.1502,-0.2957,1.1333,1.2795,0.2239,-0.01812,-0.01576,0.0403,-0.1003,-0.1345,0.0290,0.00128,0.00846,0.8667,1.4147
155,6.2000,0.1477,0.0000,-0.2702,0.2388,0.0025,0.0441,-0.0037,0.0125,-0.4107,1.1402,1.2861,0.2244,-0.01601,-0.01546,0.0530,-0.1021,-0.0994,0.0271,-0.00102,0.00548,0.8716,1.4187
156,6.2400,0.1424,0.0000,-0.2735,0.2488,-0.0033,0.0414,0.0205,-0.2520,-0.2796,1.1473,1.2926,0.2249,-0.02187,-0.01482,0.0551,-0.1058,-0.1149,0.0306,-0.00352,0.00545,0.8764,1.4225
157,6.2800,0.1371,0.0000,-0.2767,0.2415,-0.0061,0.0234,0.0322,-0.2027,-0.2360,1.1547,1.2988,0.2249,-0.03079,-0.01242,0.0544,-0.0869,-0.1131,0.0154,0.00046,0.00879,0.8813,1.4263
158,6.3200,0.1318,0.0000,-0.2804,0.2196,0.0188,0.0176,-0.0872,0.1098,-0.3635,1.1615,1.3050,0.2244,-0.03196,-0.01300,0.0507,-0.0981,-0.0918,-0.0094,0.00542,0.00930,0.8861,1.4300
159,6.3600,0.1266,0.0000,-0.2844,0.2121,0.0070,0.0250,-0.0290,0.1473,-0.3074,1.1676,1.3111,0.2241,-0.02563,-0.01619,0.0323,-0.0822,-0.1150,0.0494,0.00259,0.00953,0.8910,1.4335
160,6.4000,0.1215,0.0000,-0.2885,0.2016,0.0008,0.0827,0.0096,0.3290,-0.5609,1.1741,1.3165,0.2248,-0.01526,-0.01543,0.1291,-0.0854,-0.1339,0.0952,-0.00139,0.00644,0.8958,1.4370
161,6.4400,0.1163,0.0000,-0.2921,0.2044,-0.0206,0.0511,0.1062,0.2598,-0.3176,1.1809,1.3214,0.2265,-0.00350,-0.01214,0.0211,-0.1021,-0.1455,-0.0369,-0.00531,0.00302,0.9006,1.4404
162,6.4800,0.1112,0.0000,-0.2954,0.1928,0.0203,0.0887,-0.0746,0.4485,-0.7662,1.1875,1.3262,0.2273,0.00995,-0.01067,0.2106,-0.0990,-0.1129,0.1384,-0.00675,-0.00346,0.9054,1.4437
163,6.5200,0.1060,0.0000,-0.2978,0.2368,-0.0132,0.0178,0.0544,-0.4287,-0.2033,1.1942,1.3318,0.2285,0.00796,-0.01314,0.0101,-0.0876,-0.1341,-0.0184,-0.01393,-0.00966,0.9102,1.4469
164,6.5600,0.1007,0.0000,-0.2999,0.2200,-0.0038,-0.0161,0.0256,-0.0933,-0.3299,1.2020,1.3364,0.2263,-0.00338,-0.00854,0.1049,-0.0821,-0.0870,0.0380,-0.00572,-0.00371,0.9149,1.4501
165,6.6000,0.0956,0.0000,-0.3030,0.2139,0.0104,0.0504,-0.0406,-0.0192,-0.3278,1.2089,1.3415,0.2258,-0.00378,-0.01005,0.0498,-0.1026,-0.1714,0.0569,-0.00550,-0.00168,0.9197,1.4531
166,6.6400,0.0905,0.0000,-0.3070,0.2281,0.0029,0.0343,-0.0045,-0.2923,-0.4138,1.2160,1.3467,0.2261,-0.01186,-0.01110,0.0645,-0.0904,-0.0997,0.0114,-0.00740,0.00004,0.9244,1.4560
167,6.6800,0.0854,0.0000,-0.3111,0.2161,0.0112,0.0256,-0.0469,-0.1318,-0.4362,1.2233,1.3517,0.2259,-0.02031,-0.01138,0.0800,-0.0979,-0.1005,0.0174,-0.00071,0.00472,0.9291,1.4588
168,6.7200,0.0803,0.0000,-0.3152,0.1984,-0.0024,0.0264,0.0167,0.1412,-0.2902,1.2301,1.3562,0.2257,-0.01804,-0.01174,0.0361,-0.0908,-0.1412,0.0403,0.00062,0.01001,0.9338,1.4616
169,6.7600,0.0752,0.0000,-0.3200,0.1928,0.0136,0.0504,-0.0544,0.1863,-0.5080,1.2368,1.3605,0.2257,-0.01183,-0.01206,0.1218,-0.0861,-0.1058,0.0546,0.00002,0.00709,0.9385,1.4642
170,6.8000,0.0702,0.0000,-0.3249,0.2108,-0.0030,0.0183,0.0246,-0.2342,-0.4338,1.2436,1.3649,0.2259,-0.01413,-0.01322,0.0308,-0.0833,-0.1178,0.0012,-0.00379,0.00417,0.9432,1.4668
171,6.8400,0.0652,0.0000,-0.3297,0.1972,-0.0009,0.0243,0.0101,-0.0360,-0.3259,1.2508,1.3686,0.2252,-0.01983,-0.01107,0.0683,-0.1089,-0.1173,0.0106,0.00231,0.00756,0.9478,1.4693
172,6.8800,0.0603,0.0000,-0.3352,0.1937,0.0100,0.0329,-0.0402,-0.0733,-0.4181,1.2575,1.3726,0.2251,-0.02188,-0.01190,0.0619,-0.0882,-0.1097,0.0419,0.00358,0.00742,0.9525,1.4716
173,6.9200,0.0554,0.0000,-0.3411,0.1953,-0.0104,0.0248,0.0563,-0.1975,-0.3142,1.2642,1.3761,0.2250,-0.02722,-0.01112,0.0344,-0.0857,-0.1386,0.0195,0.00277,0.00877,0.9571,1.4739
174,6.9600,0.0506,0.0000,-0.3477,0.1862,-0.0057,0.0337,0.0329,-0.1314,-0.3527,1.2712,1.3791,0.2249,-0.03428,-0.00807,0.0630,-0.0935,-0.1153,0.0313,0.00711,0.01061,0.9617,1.4761
175,7.0000,0.0458,0.0000,-0.3550,0.1750,0.0032,0.0251,-0.0108,-0.0804,-0.3625,1.2776,1.3822,0.2249,-0.03785,-0.00715,0.0496,-0.0730,-0.1146,0.0109,0.01002,0.01230,0.9663,1.4782
176,7.0400,0.0412,0.0000,-0.3628,0.1601,0.0171,0.0196,-0.0840,0.0866,-0.4613,1.2834,1.3854,0.2245,-0.03718,-0.00833,0.0626,-0.0809,-0.1074,0.0152,0.01072,0.01255,0.9709,1.4802
177,7.0800,0.0367,0.0000,-0.3709,0.1640,-0.0050,0.0172,0.0244,-0.0789,-0.3842,1.2892,1.3884,0.2240,-0.03702,-0.00943,0.0097,-0.0818,-0.1389,0.0629,0.00607,0.01120,0.9755,1.4821
178,7.1200,0.0322,0.0000,-0.3793,0.1548,0.0122,0.0328,-0.0616,0.0269,-0.5417,1.2951,1.3910,0.2236,-0.03879,-0.00866,0.0824,-0.0832,-0.0891,0.0125,0.00757,0.01025,0.9800,1.4839
179,7.1600,0.0278,0.0000,-0.3877,0.1584,0.0050,0.0202,-0.0258,-0.1874,-0.3543,1.3005,1.3938,0.2237,-0.04189,-0.01051,0.0231,-0.0793,-0.1356,0.0264,0.00389,0.01042,0.9846,1.4856
180,7.2000,0.0235,0.0000,-0.3962,0.1352,-0.0115,0.0310,0.0547,0.2084,-0.3354,1.3061,1.3956,0.2233,-0.04006,-0.00828,0.0309,-0.0862,-0.1497,0.0608,0.00619,0.01584,0.9891,1.4872
181,7.2400,0.0194,0.0000,-0.4057,0.1445,0.0142,0.0318,-0.0710,-0.1033,-0.4635,1.3114,1.3978,0.2233,-0.03993,-0.00843,0.0578,-0.0827,-0.0922,0.0282,0.00422,0.00974,0.9936,1.4887
182,7.2800,0.0154,0.0000,-0.4155,0.1433,0.0103,0.0337,-0.0525,-0.2011,-0.4463,1.3164,1.4002,0.2234,-0.04610,-0.01046,0.0463,-0.0931,-0.1400,0.0599,0.00523,0.01188,0.9981,1.4901
183,7.3200,0.0114,0.0000,-0.4254,0.1415,0.0126,0.0222,-0.0666,-0.3159,-0.5193,1.3215,1.4024,0.2233,-0.05734,-0.01173,0.0585,-0.0849,-0.1141,0.0324,0.00729,0.01384,1.0025,1.4915
184,7.3600,0.0076,0.0000,-0.4344,0.1139,-0.0038,0.0288,0.0141,0.0759,-0.3642,1.3261,1.4039,0.2232,-0.05980,-0.01131,0.0198,-0.0893,-0.1665,0.0520,0.00981,0.02006,1.0070,1.4927
185,7.4000,0.0039,0.0000,-0.4423,0.1039,0.0078,0.0090,-0.0426,0.0789,-0.4504,1.3304,1.4053,0.2226,-0.05748,-0.01082,0.0277,-0.0781,-0.1018,0.0217,0.00901,0.01601,1.0114,1.4938
186,7.4400,0.0003,0.0000,-0.4492,0.0781,0.0159,0.0259,-0.0809,0.4523,-0.5718,1.3339,1.4067,0.2219,-0.04491,-0.01207,0.0467,-0.0632,-0.1141,0.0493,0.00820,0.01774,1.0159,1.4949
187,7.4800,-0.0031,0.0000,-0.4553,0.0952,-0.0012,0.0230,0.0037,0.0135,-0.5193,1.3373,1.4081,0.2217,-0.03722,-0.01344,0.0214,-0.0576,-0.1119,0.0727,-0.00072,0.01117,1.0203,1.4958
188,7.5200,-0.0063,0.0000,-0.4606,0.0812,0.0019,0.0404,-0.0061,0.1915,-0.5258,1.3409,1.4087,0.2215,-0.03373,-0.01179,0.0520,-0.0811,-0.1010,0.0328,0.00219,0.01176,1.0247,1.4967
189,7.5600,-0.0094,0.0000,-0.4654,0.0740,-0.0070,0.0447,0.0391,0.2075,-0.4229,1.3440,1.4093,0.2219,-0.02480,-0.01083,0.0153,-0.0717,-0.1440,0.0635,-0.00003,0.01041,1.0290,1.4974
190,7.6000,-0.0123,0.0000,-0.4695,0.0842,0.0018,0.0404,-0.0024,-0.0928,-0.5003,1.3472,1.4099,0.2221,-0.02482,-0.00962,0.0561,-0.0804,-0.1071,0.0518,-0.00235,0.00499,1.0334,1.4981
191,7.6400,-0.0151,0.0000,-0.4732,0.0828,0.0028,0.0328,-0.0072,-0.1762,-0.5335,1.3504,1.4105,0.2222,-0.03066,-0.00942,0.0363,-0.0708,-0.1174,0.0375,-0.00049,0.00791,1.0377,1.4986
192,7.6800,-0.0177,0.0000,-0.4764,0.0750,0.0015,0.0337,-0.0053,-0.1336,-0.4171,1.3534,1.4110,0.2222,-0.03722,-0.00887,0.0255,-0.0900,-0.1126,0.0523,0.00227,0.00800,1.0420,1.4991
193,7.7200,-0.0202,0.0000,-0.4792,0.0538,0.0265,0.0474,-0.1255,0.1377,-0.5983,1.3558,1.4119,0.2223,-0.03601,-0.01046,0.0919,-0.0726,-0.0914,0.0488,0.00478,0.00935,1.0464,1.4995
194,7.7600,-0.0224,0.0000,-0.4817,0.0468,0.0135,0.0300,-0.0606,0.1433,-0.5806,1.3577,1.4131,0.2226,-0.02949,-0.01380,0.0348,-0.0636,-0.1202,0.0449,0.00289,0.00843,1.0506,1.4997
195,7.8000,-0.0245,0.0000,-0.4839,0.0551,-0.0072,0.0316,0.0407,-0.1192,-0.5418,1.3598,1.4134,0.2223,-0.03068,-0.01332,0.0411,-0.0802,-0.1245,0.0807,0.00038,0.00763,1.0549,1.4999
196,7.8400,-0.0264,0.0000,-0.4858,0.0428,-0.0095,0.0402,0.0498,0.0337,-0.4247,1.3618,1.4130,0.2224,-0.03216,-0.01035,0.0187,-0.0929,-0.1310,0.0173,0.00338,0.00795,1.0592,1.5000
197,7.8800,-0.0282,0.0000,-0.4875,0.0367,0.0039,0.0418,-0.0139,0.0138,-0.5384,1.3633,1.4130,0.2225,-0.03131,-0.00914,0.0494,-0.0738,-0.1219,0.0745,0.00240,0.00756,1.0634,1.5000
198,7.9200,-0.0297,0.0000,-0.4890,0.0288,-0.0015,0.0357,0.0118,0.0709,-0.4856,1.3646,1.4131,0.2227,-0.02920,-0.00851,0.0197,-0.0753,-0.1317,0.0469,0.00249,0.00728,1.0676,1.4999
199,7.9600,-0.0310,0.0000,-0.4904,0.0234,0.0064,0.0306,-0.0262,0.0705,-0.5652,1.3658,1.4132,0.2224,-0.02698,-0.00806,0.0487,-0.0660,-0.0985,0.0659,0.00230,0.00463,1.0718,1.4997
200,8.0000,-0.0321,0.0000,-0.4915,0.0242,-0.0054,0.0379,0.0309,-0.0432,-0.4209,1.3667,1.4133,0.2224,-0.02616,-0.00765,0.0223,-0.0699,-0.1479,0.0696,0.00017,0.00571,1.0760,1.4994
201,8.0400,-0.0331,0.0000,-0.4925,0.0148,0.0030,0.0384,-0.0100,0.0637,-0.4302,1.3675,1.4131,0.2225,-0.02620,-0.00628,0.0313,-0.0891,-0.1238,0.0285,0.00023,0.00652,1.0802,1.4990
202,8.0800,-0.0338,0.0000,-0.4934,0.0055,0.0067,0.0419,-0.0261,0.1613,-0.5648,1.3679,1.4133,0.2226,-0.02108,-0.00671,0.0363,-0.0661,-0.1171,0.0914,-0.00151,0.00637,1.0844,1.4985
203,8.1200,-0.0343,0.0000,-0.4942,0.0069,-0.0027,0.0243,0.0185,0.0813,-0.4472,1.3683,1.4134,0.2225,-0.01652,-0.00641,0.0090,-0.0670,-0.1176,0.0345,-0.00217,0.00377,1.0885,1.4979
204,8.1600,-0.0346,0.0000,-0.4949,-0.0032,0.0129,0.0395,-0.0542,0.2459,-0.6423,1.3685,1.4135,0.2220,-0.01020,-0.00647,0.0602,-0.0684,-0.0936,0.0862,-0.00161,0.00318,1.0926,1.4972
205,8.2000,-0.0347,0.0000,-0.4955,0.0108,-0.0000,0.0282,0.0081,-0.0412,-0.5498,1.3688,1.4139,0.2221,-0.00670,-0.00780,0.0083,-0.0549,-0.1072,0.0582,-0.00744,0.00130,1.0967,1.4964
206,8.2400,-0.0346,0.0000,-0.4961,0.0125,-0.0069,0.0523,0.0409,-0.0616,-0.4663,1.3692,1.4136,0.2222,-0.00935,-0.00604,0.0417,-0.0930,-0.1466,0.0783,-0.00709,0.00149,1.1008,1.4955
207,8.2800,-0.0344,0.0000,-0.4965,0.0067,0.0157,0.0410,-0.0711,0.0414,-0.5075,1.3697,1.4137,0.2226,-0.01016,-0.00637,0.0372,-0.0846,-0.0920,0.0110,-0.00392,-0.00035,1.1049,1.4946
208,8.3200,-0.0339,0.0000,-0.4969,0.0143,0.0159,0.0288,-0.0684,-0.1636,-0.6054,1.3702,1.4144,0.2224,-0.01316,-0.00953,0.0466,-0.0671,-0.1091,0.1003,-0.00613,-0.00165,1.1089,1.4935
209,8.3600,-0.0334,0.0000,-0.4973,0.0118,-0.0135,0.0388,0.0710,-0.0915,-0.4428,1.3706,1.4143,0.2224,-0.01765,-0.00871,0.0049,-0.0833,-0.1486,0.0563,-0.00388,0.00409,1.1130,1.4923
210,8.4000,-0.0326,0.0000,-0.4976,-0.0073,-0.0017,0.0481,0.0138,0.2768,-0.4403,1.3707,1.4138,0.2226,-0.01323,-0.00598,0.0271,-0.0959,-0.1233,0.0410,-0.00039,0.00486,1.1170,1.4911
211,8.4400,-0.0317,0.0000,-0.4979,-0.0029,0.0044,0.0291,-0.0149,0.1607,-0.5034,1.3707,1.4140,0.2226,-0.00476,-0.00644,0.0213,-0.0617,-0.0991,0.0910,-0.00514,0.00146,1.1210,1.4897
212,8.4800,-0.0307,0.0000,-0.4982,0.0031,-0.0082,0.0229,0.0483,0.0822,-0.4840,1.3708,1.4138,0.2221,-0.00014,-0.00547,0.0122,-0.0598,-0.1233,0.0683,-0.00805,0.00168,1.1249,1.4883
213,8.5200,-0.0295,0.0000,-0.4984,0.0186,-0.0017,0.0415,0.0140,-0.1936,-0.3689,1.3712,1.4135,0.2220,-0.00413,-0.00421,0.0163,-0.0932,-0.1289,0.0497,-0.00692,-0.00073,1.1289,1.4867
214,8.5600,-0.0281,0.0000,-0.4986,0.0042,0.0094,0.0448,-0.0388,0.1248,-0.4876,1.3716,1.4135,0.2222,-0.00445,-0.00426,0.0255,-0.0798,-0.1189,0.0433,-0.00351,0.00352,1.1328,1.4851
215,8.6000,-0.0267,0.0000,-0.4988,0.0005,0.0126,0.0351,-0.0564,0.2381,-0.4847,1.3720,1.4139,0.2224,0.00315,-0.00638,0.0154,-0.0807,-0.1010,0.0680,-0.00411,0.00263,1.1368,1.4833
216,8.6400,-0.0251,0.0000,-0.4989,0.0290,-0.0046,0.0201,0.0329,-0.2780,-0.6067,1.3727,1.4140,0.2218,0.00026,-0.00734,0.0340,-0.0370,-0.0881,0.1215,-0.01109,-0.00085,1.1407,1.4815
217,8.6800,-0.0234,0.0000,-0.4990,0.0317,-0.0177,0.0564,0.0921,-0.2504,-0.3895,1.3735,1.4130,0.2220,-0.01032,-0.00397,0.0093,-0.0977,-0.1598,0.0427,-0.00790,0.00280,1.1446,1.4796
218,8.7200,-0.0216,0.0000,-0.4991,0.0164,0.0234,0.0529,-0.1097,0.0370,-0.5266,1.3744,1.4127,0.2228,-0.01459,-0.00380,0.0519,-0.0975,-0.0929,0.0211,-0.00086,0.00511,1.1484,1.4776
219,8.7600,-0.0197,0.0000,-0.4993,0.0139,0.0126,0.0198,-0.0586,0.0393,-0.3968,1.3753,1.4134,0.2227,-0.01170,-0.00781,0.0055,-0.0674,-0.1267,0.0815,-0.00449,0.00504,1.1523,1.4754
220,8.8000,-0.0177,0.0000,-0.4993,0.0162,0.0109,0.0220,-0.0477,0.0080,-0.5337,1.3761,1.4135,0.2218,-0.01197,-0.00939,0.0445,-0.0728,-0.0850,0.0737,-0.00543,0.00308,1.1561,1.4732
221,8.8400,-0.0155,0.0000,-0.4994,0.0195,0.0050,0.0467,-0.0180,-0.0506,-0.5318,1.3769,1.4136,0.2219,-0.01261,-0.01079,0.0365,-0.0703,-0.1125,0.0664,-0.00462,0.00234,1.1599,1.4709
222,8.8800,-0.0133,0.0000,-0.4995,0.0164,-0.0086,0.0402,0.0481,0.0400,-0.5728,1.3775,1.4131,0.2221,-0.01282,-0.00941,0.0125,-0.0777,-0.1154,0.0574,-0.00269,0.00445,1.1637,1.4685
223,8.9200,-0.0109,0.0000,-0.4996,0.0233,-0.0004,0.0390,0.0066,-0.1229,-0.5109,1.3781,1.4126,0.2223,-0.01562,-0.00794,0.0321,-0.0819,-0.1040,0.0633,-0.00337,0.00411,1.1675,1.4660
224,8.9600,-0.0085,0.0000,-0.4996,0.0104,0.0083,0.0144,-0.0356,0.0939,-0.4729,1.3788,1.4124,0.2218,-0.01518,-0.00797,0.0077,-0.0665,-0.1137,0.0021,0.00158,0.00704,1.1713,1.4634
225,9.0000,-0.0059,0.0000,-0.4997,0.0172,0.0174,0.0321,-0.0788,-0.0938,-0.4675,1.3796,1.4127,0.2212,-0.01609,-0.01090,0.0298,-0.0853,-0.1228,0.0682,-0.00069,0.00694,1.1750,1.4608
226,9.0400,-0.0032,0.0000,-0.4997,0.0223,0.0064,0.0396,-0.0263,-0.2087,-0.5041,1.3805,1.4128,0.2212,-0.02277,-0.01298,0.0329,-0.0683,-0.0996,0.0439,-0.00145,0.00946,1.1787,1.4580
227,9.0800,-0.0004,0.0000,-0.4997,0.0122,-0.0171,0.0544,0.0885,-0.0452,-0.4395,1.3808,1.4123,0.2217,-0.02668,-0.01050,0.0083,-0.0849,-0.1625,0.0666,0.00190,0.01359,1.1824,1.4551
228,9.1200,0.0025,0.0000,-0.4998,0.0015,-0.0013,0.0434,0.0102,0.0999,-0.4883,1.3808,1.4117,0.2222,-0.02588,-0.00721,0.0266,-0.0796,-0.1040,0.0232,0.00522,0.01396,1.1861,1.4522
229,9.1600,0.0056,0.0000,-0.4998,-0.0040,0.0077,0.0078,-0.0334,0.0947,-0.4395,1.3809,1.4118,0.2216,-0.02179,-0.00763,-0.0044,-0.0593,-0.1034,0.0361,0.00241,0.01206,1.1898,1.4491
230,9.2000,0.0088,0.0000,-0.4998,-0.0086,0.0100,0.0187,-0.0453,0.1394,-0.4267,1.3810,1.4123,0.2205,-0.01732,-0.00911,-0.0018,-0.0761,-0.1049,0.0568,-0.00050,0.01004,1.1934,1.4460
231,9.2400,0.0121,0.0000,-0.4998,-0.0004,0.0040,0.0375,-0.0134,-0.0282,-0.5169,1.3811,1.4127,0.2202,-0.01577,-0.01054,0.0110,-0.0597,-0.0918,0.0662,-0.00303,0.00794,1.1970,1.4427
232,9.2800,0.0155,0.0000,-0.4999,-0.0056,-0.0040,0.0565,0.0264,0.0936,-0.5455,1.3810,1.4126,0.2207,-0.01412,-0.00940,0.0126,-0.0792,-0.1183,0.0456,-0.00354,0.00898,1.2006,1.4394
233,9.3200,0.0191,0.0000,-0.4999,0.0005,0.0018,0.0478,-0.0034,-0.0435,-0.5432,1.3810,1.4127,0.2213,-0.01430,-0.00867,0.0216,-0.0785,-0.0897,0.0581,-0.00456,0.00687,1.2042,1.4360
234,9.3600,0.0229,0.0000,-0.4999,-0.0039,0.0010,0.0236,0.0002,0.0130,-0.4719,1.3809,1.4128,0.2212,-0.01446,-0.00820,0.0038,-0.0656,-0.1122,0.0324,-0.00339,0.00831,1.2078,1.4325
235,9.4000,0.0268,0.0000,-0.4999,0.0029,0.0149,0.0324,-0.0689,-0.1626,-0.4879,1.3811,1.4131,0.2207,-0.01886,-0.00999,0.0277,-0.0792,-0.0923,0.0633,-0.00368,0.00527,1.2113,1.4289
236,9.4400,0.0308,0.0000,-0.4999,-0.0006,0.0053,0.0464,-0.0215,-0.1089,-0.5256,1.3814,1.4135,0.2209,-0.02367,-0.01194,0.0167,-0.0736,-0.1157,0.0620,-0.00229,0.00893,1.2149,1.4252
237,9.4800,0.0349,0.0000,-0.4999,-0.0035,-0.0115,0.0312,0.0595,-0.0945,-0.4178,1.3811,1.4134,0.2210,-0.02744,-0.00991,-0.0084,-0.0655,-0.1236,0.0269,-0.00175,0.01140,1.2184,1.4214
238,9.5200,0.0391,0.0000,-0.4999,-0.0156,0.0039,0.0343,-0.0155,0.0671,-0.4436,1.3807,1.4135,0.2207,-0.02817,-0.00769,0.0002,-0.0879,-0.1095,0.0399,0.00010,0.01149,1.2219,1.4175
239,9.5600,0.0434,0.0000,-0.4995,-0.0282,0.0153,0.0419,-0.0784,0.2535,-0.4490,1.3805,1.4144,0.2208,-0.02083,-0.00994,0.0044,-0.0814,-0.1002,0.0485,0.00030,0.01223,1.2253,1.4135
240,9.6000,0.0479,0.0000,-0.4976,-0.0190,0.0029,0.0129,-0.0108,0.0363,-0.4563,1.3802,1.4153,0.2203,-0.01589,-0.01226,-0.0069,-0.0499,-0.0767,0.0528,-0.00424,0.00763,1.2288,1.4095
241,9.6400,0.0525,0.0000,-0.4943,-0.0082,0.0062,0.0319,-0.0266,-0.1993,-0.4614,1.3799,1.4158,0.2196,-0.02078,-0.01281,0.0236,-0.0676,-0.0820,0.0536,-0.00292,0.00542,1.2322,1.4053
242,9.6800,0.0572,0.0000,-0.4900,-0.0182,0.0071,0.0632,-0.0310,-0.0092,-0.5413,1.3797,1.4164,0.2202,-0.02410,-0.01385,0.0165,-0.0860,-0.1147,0.0468,0.00217,0.00837,1.2356,1.4011
243,9.7200,0.0620,0.0000,-0.4844,-0.0313,-0.0039,0.0407,0.0226,0.2298,-0.4524,1.3791,1.4171,0.2208,-0.01862,-0.01327,-0.0077,-0.0703,-0.0994,0.0289,0.00268,0.00893,1.2390,1.3967
244,9.7600,0.0670,0.0000,-0.4776,-0.0191,-0.0043,0.0198,0.0249,-0.0655,-0.3952,1.3784,1.4177,0.2204,-0.01697,-0.01174,0.0007,-0.0666,-0.0887,0.0762,-0.00080,0.00335,1.2424,1.3923
245,9.8000,0.0720,0.0000,-0.4702,-0.0316,0.0050,0.0453,-0.0206,0.1953,-0.3908,1.3777,1.4184,0.2202,-0.01359,-0.01082,0.0076,-0.0813,-0.1021,0.0468,0.00077,0.00606,1.2457,1.3878
246,9.8400,0.0772,0.0000,-0.4625,-0.0289,0.0067,0.0362,-0.0338,0.1551,-0.3844,1.3773,1.4195,0.2204,-0.00677,-0.01292,-0.0125,-0.0795,-0.0895,0.0463,-0.00343,0.00324,1.2491,1.3832
247,9.8800,0.0824,0.0000,-0.4544,-0.0084,-0.0039,0.0202,0.0240,-0.2126,-0.4931,1.3769,1.4201,0.2198,-0.00994,-0.01339,-0.0060,-0.0574,-0.0677,0.0863,-0.00728,-0.00020,1.2524,1.3785
248,9.9200,0.0877,0.0000,-0.4456,-0.0114,0.0007,0.0517,0.0004,-0.1147,-0.4017,1.3765,1.4204,0.2199,-0.01607,-0.01165,0.0037,-0.0908,-0.1205,0.0168,-0.00317,0.00130,1.2557,1.3738
249,9.9600,0.0931,0.0000,-0.4363,-0.0248,0.0135,0.0590,-0.0693,0.1593,-0.3435,1.3764,1.4212,0.2208,-0.01441,-0.01355,0.0050,-0.1075,-0.1089,0.0363,-0.00140,0.00237,1.2590,1.3689
250,10.0000,0.0985,0.0000,-0.4269,-0.0263,0.0092,0.0186,-0.0445,0.1960,-0.4770,1.3763,1.4222,0.2206,-0.00713,-0.01746,0.0005,-0.0600,-0.0687,0.0596,-0.00278,0.00221,1.2622,1.3639
251,10.0400,0.1040,0.0000,-0.4170,-0.0107,0.0037,0.0313,-0.0137,-0.0607,-0.4990,1.3762,1.4229,0.2200,-0.00591,-0.01985,0.0286,-0.0615,-0.0651,0.0956,-0.00634,-0.00028,1.2654,1.3589
252,10.0800,0.1096,0.0000,-0.4063,-0.0095,-0.0164,0.0466,0.0841,0.0158,-0.4144,1.3757,1.4230,0.2202,-0.00639,-0.01681,-0.0148,-0.0758,-0.1057,0.0609,-0.00565,0.00168,1.2687,1.3538
253,10.1200,0.1153,0.0000,-0.3952,-0.0158,-0.0057,0.0515,0.0303,0.2106,-0.3667,1.3750,1.4230,0.2208,-0.00176,-0.01173,-0.0025,-0.0984,-0.1013,0.0442,-0.00271,0.00087,1.2718,1.3486
254,10.1600,0.1209,0.0000,-0.3840,-0.0114,0.0205,0.0269,-0.1025,0.1663,-0.4028,1.3751,1.4236,0.2208,0.00510,-0.01541,0.0233,-0.0712,-0.0538,0.0447,-0.00423,-0.00422,1.2750,1.3433
255,10.2000,0.1266,0.0000,-0.3725,-0.0024,0.0029,0.0169,-0.0145,0.1041,-0.2950,1.3755,1.4241,0.2201,0.01061,-0.02057,-0.0051,-0.0590,-0.0797,0.0925,-0.00890,-0.00359,1.2782,1.3379
256,10.2400,0.1323,0.0000,-0.3613,0.0122,-0.0058,0.0331,0.0335,-0.0245,-0.3253,1.3756,1.4237,0.2195,0.01120,-0.01968,-0.0045,-0.0772,-0.0904,0.0538,-0.01165,-0.00513,1.2813,1.3324
257,10.2800,0.1380,0.0000,-0.3505,0.0207,-0.0087,0.0561,0.0473,-0.0408,-0.2655,1.3756,1.4230,0.2200,0.00981,-0.01668,-0.0255,-0.1080,-0.1316,0.0286,-0.01117,-0.00326,1.2844,1.3269
258,10.3200,0.1436,0.0000,-0.3401,0.0243,0.0073,0.0480,-0.0331,0.0202,-0.2803,1.3761,1.4221,0.2206,0.00855,-0.01638,-0.0103,-0.1160,-0.0872,0.0280,-0.01090,-0.00369,1.2875,1.3212
259,10.3600,0.1491,0.0000,-0.3301,0.0313,0.0157,0.0352,-0.0734,-0.0117,-0.3459,1.3772,1.4214,0.2207,0.00857,-0.02236,0.0131,-0.0890,-0.0749,0.0694,-0.01062,-0.00505,1.2906,1.3155
260,10.4000,0.1546,0.0000,-0.3201,0.0444,-0.0100,0.0319,0.0529,-0.1228,-0.2382,1.3780,1.4201,0.2206,0.00575,-0.02391,-0.0248,-0.0912,-0.1143,0.0659,-0.01161,-0.00147,1.2936,1.3097
261,10.4400,0.1600,0.0000,-0.3105,0.0455,-0.0032,0.0435,0.0226,-0.0015,-0.3262,1.3784,1.4183,0.2205,0.00283,-0.01990,0.0064,-0.0973,-0.0882,0.0315,-0.00920,-0.00035,1.2966,1.3038
262,10.4800,0.1653,0.0000,-0.3011,0.0361,0.0100,0.0355,-0.0485,0.2944,-0.2274,1.3793,1.4168,0.2208,0.01006,-0.02176,-0.0174,-0.0970,-0.0970,0.0065,-0.00760,-0.00041,1.2996,1.2978
263,10.5200,0.1706,0.0000,-0.2918,0.0596,0.0061,0.0162,-0.0253,-0.0530,-0.2425,1.3807,1.4152,0.2201,0.01294,-0.02744,-0.0075,-0.0809,-0.0723,0.0822,-0.01095,-0.00420,1.3026,1.2918
264,10.5600,0.1758,0.0000,-0.2829,0.0668,0.0055,0.0579,-0.0197,-0.0029,-0.3441,1.3820,1.4129,0.2200,0.01150,-0.02987,0.0254,-0.1020,-0.0882,0.0641,-0.00886,-0.00346,1.3056,1.2856
265,10.6000,0.1809,0.0000,-0.2742,0.0692,-0.0009,0.0559,0.0099,0.1234,-0.3049,1.3832,1.4104,0.2210,0.01461,-0.03171,0.0028,-0.0984,-0.0948,0.0202,-0.00737,-0.00176,1.3085,1.2794
266,10.6400,0.1859,0.0000,-0.2652,0.0782,-0.0146,0.0243,0.0768,0.1074,-0.2325,1.3841,1.4075,0.2209,0.01884,-0.02831,-0.0152,-0.0869,-0.0915,0.0584,-0.01037,-0.00335,1.3115,1.2731
267,10.6800,0.1908,0.0000,-0.2564,0.1019,-0.0003,0.0236,0.0043,-0.2103,-0.2118,1.3853,1.4040,0.2203,0.01446,-0.02527,-0.0028,-0.0916,-0.0746,0.0419,-0.01176,-0.00581,1.3144,1.2667
268,10.7200,0.1956,0.0000,-0.2480,0.0953,0.0192,0.0480,-0.0893,0.0734,-0.2705,1.3872,1.4005,0.2202,0.01279,-0.03045,0.0109,-0.1027,-0.1009,0.0150,-0.00521,-0.00173,1.3172,1.2603
269,10.7600,0.2003,0.0000,-0.2399,0.1002,-0.0011,0.0393,0.0075,0.1507,-0.1440,1.3891,1.3970,0.2205,0.01809,-0.03648,-0.0370,-0.1075,-0.1196,0.0418,-0.00783,-0.00052,1.3201,1.2537
270,10.8000,0.2048,0.0000,-0.2322,0.1176,0.0047,0.0304,-0.0192,-0.0236,-0.2239,1.3908,1.3928,0.2201,0.01875,-0.03740,0.0202,-0.0901,-0.0642,0.0341,-0.00953,-0.00249,1.3229,1.2471
271,10.8400,0.2093,0.0000,-0.2249,0.1253,0.0113,0.0429,-0.0509,-0.0099,-0.2546,1.3930,1.3884,0.2201,0.01801,-0.04328,0.0138,-0.0925,-0.0817,0.0351,-0.01112,-0.00251,1.3258,1.2404
272,10.8800,0.2136,0.0000,-0.2177,0.1355,-0.0007,0.0399,0.0041,-0.0388,-0.1038,1.3951,1.3836,0.2203,0.01699,-0.04699,-0.0169,-0.1121,-0.1118,0.0126,-0.01134,-0.00117,1.3286,1.2336
273,10.9200,0.2177,0.0000,-0.2110,0.1350,0.0080,0.0467,-0.0358,0.1483,-0.1957,1.3971,1.3784,0.2203,0.01907,-0.04876,0.0144,-0.1158,-0.0881,0.0291,-0.00941,0.00137,1.3313,1.2267
274,10.9600,0.2217,0.0000,-0.2048,0.1576,0.0027,0.0380,-0.0086,-0.1370,-0.2300,1.3995,1.3730,0.2204,0.01833,-0.05500,0.0047,-0.0912,-0.0835,0.0456,-0.01217,0.00007,1.3341,1.2198
275,11.0000,0.2256,0.0000,-0.1986,0.1658,-0.0041,0.0421,0.0232,-0.1204,-0.2027,1.4015,1.3669,0.2204,0.01263,-0.05442,0.0083,-0.1089,-0.0978,0.0192,-0.01034,0.00168,1.3368,1.2127
276,11.0400,0.2293,0.0000,-0.1926,0.1718,-0.0050,0.0406,0.0276,-0.1004,-0.1899,1.4036,1.3605,0.2206,0.00816,-0.05281,-0.0081,-0.1046,-0.1011,0.0287,-0.00902,0.00449,1.3395,1.2056
277,11.0800,0.2329,0.0000,-0.1867,0.1614,0.0028,0.0412,-0.0124,0.2429,-0.1117,1.4056,1.3541,0.2207,0.01209,-0.05171,-0.0067,-0.1177,-0.1042,0.0040,-0.00574,0.00692,1.3422,1.1985
278,11.1200,0.2363,0.0000,-0.1812,0.1852,-0.0011,0.0250,0.0066,-0.1079,-0.0949,1.4081,1.3475,0.2203,0.01335,-0.05517,-0.0172,-0.0994,-0.0917,0.0551,-0.00977,0.00291,1.3449,1.1912
279,11.1600,0.2396,0.0000,-0.1763,0.1867,0.0058,0.0426,-0.0248,0.0260,-0.1921,1.4104,1.3404,0.2200,0.01173,-0.05585,0.0142,-0.1080,-0.0980,-0.0001,-0.00773,0.00580,1.3475,1.1839
280,11.2000,0.2427,0.0000,-0.1718,0.1869,0.0130,0.0447,-0.0567,0.1713,-0.1554,1.4132,1.3334,0.2203,0.01618,-0.06368,-0.0101,-0.1209,-0.0979,-0.0124,-0.00781,0.00394,1.3502,1.1765
281,11.2400,0.2458,0.0000,-0.1673,0.1957,0.0019,0.0350,-0.0071,0.1667,-0.1453,1.4159,1.3260,0.2202,0.02260,-0.07010,-0.0064,-0.1108,-0.0828,0.0465,-0.01093,0.00280,1.3528,1.1690
282,11.2800,0.2487,0.0000,-0.1629,0.2157,0.0125,0.0513,-0.0541,-0.0401,-0.2963,1.4187,1.3181,0.2201,0.02359,-0.07750,0.0546,-0.0998,-0.0610,0.0348,-0.01267,-0.00120,1.3553,1.1614
283,11.3200,0.2514,0.0000,-0.1583,0.2299,-0.0199,0.0580,0.0959,-0.1199,-0.0096,1.4211,1.3096,0.2209,0.02091,-0.07654,-0.0215,-0.1250,-0.1479,0.0214,-0.01394,0.00153,1.3579,1.1538
284,11.3600,0.2540,0.0000,-0.1540,0.2419,-0.0060,0.0512,0.0332,-0.1811,-0.2000,1.4232,1.3003,0.2213,0.01293,-0.06684,0.0357,-0.1206,-0.0825,0.0347,-0.00953,0.00155,1.3604,1.1461
285,11.4000,0.2565,0.0000,-0.1501,0.2385,-0.0032,0.0447,0.0156,0.0153,-0.0699,1.4257,1.2911,0.2218,0.01118,-0.06554,-0.0084,-0.1138,-0.1238,0.0130,-0.00641,0.00571,1.3629,1.1383
286,11.4400,0.2588,0.0000,-0.1464,0.2555,0.0106,0.0271,-0.0485,-0.2186,-0.1958,1.4287,1.2817,0.2214,0.00523,-0.07042,0.0363,-0.1012,-0.0751,0.0461,-0.00638,0.00519,1.3654,1.1305
287,11.4800,0.2609,0.0000,-0.1428,0.2604,-0.0104,0.0429,0.0513,-0.2161,-0.0768,1.4314,1.2720,0.2214,-0.00236,-0.07149,-0.0043,-0.1110,-0.1562,0.0356,-0.00292,0.00930,1.3679,1.1226
288,11.5200,0.2629,0.0000,-0.1395,0.2567,0.0033,0.0366,-0.0157,-0.0634,-0.1151,1.4339,1.2619,0.2216,-0.00866,-0.06784,0.0212,-0.1179,-0.0864,-0.0126,0.00068,0.00997,1.3704,1.1146
289,11.5600,0.2647,0.0000,-0.1365,0.2604,0.0049,0.0227,-0.0224,-0.1705,-0.1300,1.4369,1.2522,0.2213,-0.01358,-0.07453,0.0089,-0.0930,-0.1022,0.0457,-0.00097,0.00961,1.3728,1.1065
290,11.6000,0.2665,0.0000,-0.1335,0.2494,0.0001,0.0264,0.0009,0.0055,-0.1036,1.4396,1.2423,0.2209,-0.01625,-0.07545,0.0096,-0.0995,-0.0933,-0.0078,0.00104,0.01125,1.3752,1.0984
291,11.6400,0.2681,0.0000,-0.1307,0.2413,0.0086,0.0464,-0.0371,0.1017,-0.2130,1.4423,1.2329,0.2210,-0.01387,-0.08024,0.0386,-0.0992,-0.0781,0.0318,0.00187,0.01162,1.3776,1.0901
292,11.6800,0.2697,0.0000,-0.1278,0.2334,-0.0029,0.0452,0.0185,0.2114,-0.1715,1.4447,1.2237,0.2216,-0.00657,-0.08382,0.0154,-0.0993,-0.1035,-0.0057,-0.00136,0.00955,1.3800,1.0819
293,11.7200,0.2712,0.0000,-0.1246,0.2224,-0.0094,0.0769,0.0499,0.4151,-0.1355,1.4467,1.2145,0.2226,0.00675,-0.07820,0.0507,-0.1271,-0.1350,0.0527,-0.00579,0.00486,1.3823,1.0735
294,11.7600,0.2728,0.0000,-0.1214,0.2386,0.0022,0.0806,0.0038,0.1132,-0.3515,1.4489,1.2053,0.2241,0.01568,-0.07956,0.0981,-0.1036,-0.0942,0.0460,-0.01068,-0.00378,1.3846,1.0651
295,11.8000,0.2743,0.0000,-0.1174,0.2354,-0.0026,0.0502,0.0205,0.3054,-0.3444,1.4509,1.1958,0.2252,0.02502,-0.08149,0.0554,-0.1075,-0.1254,-0.0121,-0.01048,-0.00647,1.3869,1.0566
296,11.8400,0.2759,0.0000,-0.1124,0.2434,-0.0014,0.0406,0.0120,0.3056,-0.2238,1.4529,1.1862,0.2251,0.03668,-0.08443,0.0578,-0.1172,-0.1299,0.0508,-0.01466,-0.00956,1.3892,1.0481
297,11.8800,0.2774,0.0000,-0.1067,0.2466,0.0168,0.0939,-0.0626,0.4496,-0.4781,1.4552,1.1763,0.2257,0.05227,-0.09894,0.1663,-0.0989,-0.1351,0.0985,-0.01870,-0.01460,1.3914,1.0395
298,11.9200,0.2790,0.0000,-0.1001,0.2929,-0.0100,0.0351,0.0510,-0.1930,-0.1474,1.4576,1.1654,0.2266,0.05441,-0.11608,0.0157,-0.1169,-0.1303,-0.0312,-0.02712,-0.02038,1.3937,1.0308
299,11.9600,0.2804,0.0000,-0.0927,0.2994,-0.0251,0.0247,0.1234,-0.0425,-0.1067,1.4587,1.1536,0.2252,0.04847,-0.09264,0.0502,-0.1240,-0.1260,0.0882,-0.02222,-0.01526,1.3959,1.0220
300,12.0000,0.2817,0.0000,-0.0862,0.2979,0.0223,0.0618,-0.0977,0.2340,-0.3009,1.4607,1.1416,0.2250,0.05295,-0.09755,0.0860,-0.1201,-0.1010,-0.0020,-0.01807,-0.01503,1.3981,1.0132
301,12.0400,0.2829,0.0000,-0.0795,0.3192,0.0134,0.0639,-0.0594,0.0768,-0.1745,1.4638,1.1294,0.2255,0.05951,-0.13236,0.0652,-0.1109,-0.1451,0.0562,-0.02316,-0.01564,1.4002,1.0043
302,12.0800,0.2839,0.0000,-0.0727,0.3500,-0.0203,0.0215,0.0960,-0.2774,-0.0093,1.4657,1.1160,0.2248,0.05249,-0.13056,0.0240,-0.1092,-0.0946,0.0084,-0.02551,-0.01464,1.4024,0.9954
303,12.1200,0.2847,0.0000,-0.0666,0.3580,-0.0296,0.0446,0.1427,-0.2604,0.0072,1.4667,1.1020,0.2238,0.04128,-0.09416,0.0290,-0.1067,-0.1058,0.0549,-0.01688,-0.00908,1.4045,0.9864
304,12.1600,0.2853,0.0000,-0.0618,0.3653,0.0118,0.0505,-0.0536,-0.2658,-0.1148,1.4685,1.0877,0.2239,0.02992,-0.08523,0.0523,-0.1091,-0.0605,-0.0575,-0.00964,-0.00819,1.4066,0.9773
305,12.2000,0.2858,0.0000,-0.0575,0.3592,0.0018,0.0438,-0.0100,-0.0530,-0.0172,1.4711,1.0736,0.2239,0.02543,-0.09774,0.0212,-0.0973,-0.1060,0.0256,-0.00496,-0.00170,1.4086,0.9682
306,12.2400,0.2860,0.0000,-0.0538,0.3833,0.0050,0.0440,-0.0225,-0.3877,-0.1071,1.4735,1.0590,0.2238,0.01458,-0.10383,0.0741,-0.1009,-0.0714,0.0312,-0.00504,-0.00174,1.4107,0.9590
307,12.2800,0.2861,0.0000,-0.0506,0.3858,-0.0192,0.0489,0.0924,-0.3380,-0.0075,1.4753,1.0440,0.2242,0.00148,-0.09303,0.0322,-0.0959,-0.1504,0.0120,-0.00015,0.00545,1.4127,0.9497
308,12.3200,0.2860,0.0000,-0.0480,0.3802,-0.0160,0.0311,0.0756,-0.1913,0.0434,1.4767,1.0288,0.2244,-0.00911,-0.06511,0.0325,-0.1001,-0.1168,-0.0171,0.00664,0.01019,1.4147,0.9404
309,12.3600,0.2858,0.0000,-0.0462,0.3777,0.0137,0.0194,-0.0674,-0.2108,-0.0177,1.4789,1.0140,0.2240,-0.01750,-0.06563,0.0555,-0.0929,-0.0887,0.0075,0.01018,0.00913,1.4167,0.9310
310,12.4000,0.2854,0.0000,-0.0450,0.3636,0.0091,0.0115,-0.0443,0.0156,-0.0683,1.4816,0.9996,0.2234,-0.01961,-0.08165,0.0300,-0.0713,-0.1056,0.0047,0.01004,0.01397,1.4187,0.9216
311,12.4400,0.2849,0.0000,-0.0442,0.3619,0.0012,0.0254,-0.0064,0.0140,-0.0565,1.4839,0.9852,0.2229,-0.01945,-0.08838,0.0113,-0.1142,-0.1067,0.0075,0.01019,0.01353,1.4206,0.9121
312,12.4800,0.2844,0.0000,-0.0435,0.3694,0.0043,0.0401,-0.0212,-0.1935,-0.0745,1.4862,0.9708,0.2231,-0.02411,-0.09406,0.0428,-0.1145,-0.0890,0.0122,0.00996,0.01137,1.4225,0.9025
313,12.5200,0.2838,0.0000,-0.0430,0.3600,-0.0179,0.0280,0.0857,-0.0811,0.0170,1.4879,0.9565,0.2235,-0.02820,-0.08217,0.0088,-0.0936,-0.1321,0.0019,0.01153,0.01534,1.4244,0.8929
314,12.5600,0.2832,0.0000,-0.0427,0.3575,0.0067,0.0147,-0.0336,-0.1519,-0.0294,1.4896,0.9423,0.2232,-0.03435,-0.07294,0.0356,-0.1110,-0.0770,-0.0240,0.01577,0.01366,1.4263,0.8832
315,12.6000,0.2825,0.0000,-0.0428,0.3292,0.0109,0.0320,-0.0542,0.3017,-0.0330,1.4920,0.9288,0.2231,-0.02854,-0.08523,0.0202,-0.1035,-0.1221,0.0145,0.01771,0.01645,1.4281,0.8735
316,12.6400,0.2818,0.0000,-0.0432,0.3426,-0.0001,0.0196,-0.0001,-0.0418,-0.0515,1.4942,0.9155,0.2230,-0.02471,-0.09717,0.0069,-0.1040,-0.0938,0.0119,0.01050,0.01168,1.4300,0.8637
317,12.6800,0.2812,0.0000,-0.0436,0.3529,-0.0278,0.0187,0.1360,-0.3157,-0.0423,1.4955,0.9018,0.2226,-0.03267,-0.07487,0.0108,-0.0768,-0.1069,0.0459,0.00885,0.01318,1.4318,0.8539
318,12.7200,0.2806,0.0000,-0.0441,0.3396,-0.0254,0.0519,0.1230,-0.1424,0.0493,1.4961,0.8881,0.2232,-0.04121,-0.03151,0.0069,-0.1204,-0.1554,0.0034,0.01492,0.01578,1.4335,0.8440
319,12.7600,0.2800,0.0000,-0.0450,0.3208,0.0062,0.0261,-0.0312,0.0593,0.0343,1.4975,0.8751,0.2239,-0.04238,-0.01866,0.0221,-0.0941,-0.0953,-0.0184,0.01613,0.01580,1.4353,0.8340
320,12.8000,0.2794,0.0000,-0.0463,0.3066,0.0113,0.0051,-0.0554,0.1680,-0.0107,1.4997,0.8627,0.2233,-0.03665,-0.03341,0.0080,-0.0812,-0.1169,0.0397,0.01330,0.01720,1.4370,0.8240
321,12.8400,0.2789,0.0000,-0.0479,0.3009,0.0069,0.0204,-0.0332,0.2068,-0.0565,1.5019,0.8506,0.2227,-0.02944,-0.04583,-0.0060,-0.1062,-0.0979,0.0220,0.00834,0.01552,1.4387,0.8140
322,12.8800,0.2785,0.0000,-0.0495,0.3033,-0.0011,0.0317,0.0038,0.0902,0.0326,1.5037,0.8386,0.2227,-0.02369,-0.05015,-0.0064,-0.1110,-0.1114,-0.0012,0.00451,0.01354,1.4404,0.8039
323,12.9200,0.2782,0.0000,-0.0513,0.3063,0.0050,0.0240,-0.0240,-0.0337,-0.0390,1.5055,0.8265,0.2226,-0.02355,-0.05182,0.0066,-0.1068,-0.0932,-0.0118,0.00210,0.01067,1.4421,0.7937
324,12.9600,0.2779,0.0000,-0.0532,0.2989,0.0092,0.0369,-0.0440,0.0686,-0.0855,1.5075,0.8146,0.2226,-0.02247,-0.06233,0.0131,-0.1083,-0.0964,0.0183,0.00150,0.01154,1.4437,0.7835
325,13.0000,0.2777,0.0000,-0.0549,0.2890,0.0034,0.0377,-0.0187,0.2379,0.0475,1.5094,0.8029,0.2229,-0.01531,-0.07039,-0.0093,-0.1259,-0.1210,-0.0217,-0.00153,0.01064,1.4453,0.7733
326,13.0400,0.2776,0.0000,-0.0567,0.2979,0.0032,0.0245,-0.0152,0.0510,-0.0440,1.5112,0.7912,0.2227,-0.01081,-0.07626,-0.0014,-0.1168,-0.0870,0.0204,-0.00587,0.00686,1.4469,0.7630
327,13.0800,0.2776,0.0000,-0.0586,0.3048,-0.0017,0.0467,0.0078,-0.0641,-0.0077,1.5129,0.7793,0.2228,-0.01128,-0.07783,0.0168,-0.1186,-0.1098,0.0236,-0.00647,0.00806,1.4485,0.7526
328,13.1200,0.2776,0.0000,-0.0606,0.3022,0.0070,0.0441,-0.0310,0.0168,-0.1656,1.5147,0.7673,0.2233,-0.01232,-0.08125,0.0264,-0.1163,-0.0912,-0.0116,-0.00572,0.00833,1.4500,0.7422
329,13.1600,0.2776,0.0000,-0.0622,0.3071,0.0143,0.0348,-0.0693,-0.0933,-0.0939,1.5168,0.7553,0.2236,-0.01449,-0.10245,0.0283,-0.1232,-0.0821,0.0043,-0.00672,0.00755,1.4516,0.7317
330,13.2000,0.2777,0.0000,-0.0631,0.3066,0.0071,0.0123,-0.0355,-0.1105,-0.0213,1.5188,0.7433,0.2232,-0.01842,-0.11931,0.0195,-0.1059,-0.0850,-0.0097,-0.00597,0.00755,1.4531,0.7212
331,13.2400,0.2778,0.0000,-0.0640,0.2916,0.0033,0.0265,-0.0172,0.1850,0.0052,1.5205,0.7315,0.2226,-0.01561,-0.12345,0.0135,-0.1165,-0.1040,-0.0076,-0.00513,0.00998,1.4545,0.7107
332,13.2800,0.2780,0.0000,-0.0652,0.3144,-0.0071,0.0318,0.0355,-0.2760,-0.0984,1.5221,0.7195,0.2225,-0.01904,-0.12709,0.0152,-0.1004,-0.0908,0.0413,-0.00882,0.00604,1.4560,0.7001
333,13.3200,0.2782,0.0000,-0.0663,0.3048,-0.0257,0.0420,0.1255,-0.0623,0.0211,1.5228,0.7072,0.2229,-0.02525,-0.09540,-0.0150,-0.1265,-0.1134,-0.0054,-0.00483,0.01021,1.4574,0.6895
334,13.3600,0.2784,0.0000,-0.0674,0.2948,0.0072,0.0291,-0.0339,0.0723,-0.1333,1.5239,0.6953,0.2230,-0.02524,-0.08123,0.0238,-0.1106,-0.0603,-0.0010,0.00092,0.00903,1.4588,0.6788
335,13.4000,0.2786,0.0000,-0.0684,0.2851,0.0110,0.0132,-0.0553,0.2037,0.0098,1.5258,0.6838,0.2227,-0.01805,-0.10028,-0.0090,-0.1023,-0.1068,-0.0222,-0.00093,0.00949,1.4602,0.6681
336,13.4400,0.2789,0.0000,-0.0692,0.3045,-0.0022,0.0177,0.0117,-0.1929,-0.0472,1.5275,0.6721,0.2219,-0.01966,-0.10997,0.0068,-0.1017,-0.0932,0.0478,-0.00680,0.00636,1.4616,0.6573
337,13.4800,0.2792,0.0000,-0.0703,0.2911,-0.0041,0.0517,0.0216,0.1093,-0.1061,1.5287,0.6602,0.2221,-0.02037,-0.10072,0.0179,-0.1115,-0.0917,-0.0131,-0.00308,0.00961,1.4629,0.6465
338,13.5200,0.2796,0.0000,-0.0711,0.2958,0.0074,0.0438,-0.0358,-0.0215,-0.0852,1.5302,0.6486,0.2229,-0.01937,-0.10962,0.0165,-0.1235,-0.0798,0.0024,-0.00330,0.00580,1.4642,0.6357
339,13.5600,0.2799,0.0000,-0.0716,0.3022,-0.0060,0.0189,0.0291,-0.1972,-0.0200,1.5316,0.6368,0.2228,-0.02407,-0.11263,0.0039,-0.1055,-0.0971,0.0225,-0.00362,0.00494,1.4655,0.6248
340,13.6000,0.2803,0.0000,-0.0722,0.2842,-0.0001,0.0206,0.0011,0.1396,-0.0673,1.5327,0.6252,0.2223,-0.02419,-0.10202,0.0061,-0.1051,-0.0871,-0.0206,0.00163,0.00794,1.4668,0.6138
341,13.6400,0.2808,0.0000,-0.0727,0.2831,0.0017,0.0152,-0.0074,0.1274,-0.0809,1.5341,0.6139,0.2218,-0.01857,-0.10937,-0.0278,-0.1014,-0.0866,-0.0025,-0.00262,0.00640,1.4680,0.6029
342,13.6800,0.2812,0.0000,-0.0731,0.2934,-0.0026,0.0304,0.0125,-0.0797,-0.0115,1.5353,0.6024,0.2215,-0.01864,-0.11011,-0.0071,-0.1175,-0.0929,0.0084,-0.00419,0.00258,1.4693,0.5919
343,13.7200,0.2817,0.0000,-0.0736,0.2908,0.0022,0.0447,-0.0092,-0.0218,-0.1181,1.5366,0.5908,0.2217,-0.02055,-0.10955,0.0191,-0.1047,-0.0829,0.0002,-0.00192,0.00337,1.4705,0.5808
344,13.7600,0.2823,0.0000,-0.0739,0.2912,-0.0036,0.0382,0.0174,-0.0511,-0.0353,1.5378,0.5793,0.2223,-0.02186,-0.11146,-0.0080,-0.1150,-0.1022,-0.0017,-0.00143,0.00323,1.4716,0.5697
345,13.8000,0.2828,0.0000,-0.0742,0.2849,0.0061,0.0283,-0.0303,0.0355,-0.0230,1.5389,0.5679,0.2223,-0.02222,-0.11162,0.0138,-0.1163,-0.0864,-0.0173,-0.00072,0.00276,1.4728,0.5586
346,13.8400,0.2834,0.0000,-0.0746,0.2934,-0.0052,0.0174,0.0257,-0.1856,-0.0314,1.5402,0.5565,0.2219,-0.02544,-0.11766,-0.0076,-0.0888,-0.0943,0.0331,-0.00359,0.00276,1.4739,0.5475
347,13.8800,0.2840,0.0000,-0.0751,0.2850,0.0076,0.0418,-0.0368,-0.0349,-0.1078,1.5414,0.5450,0.2219,-0.03018,-0.11643,0.0271,-0.1222,-0.0775,-0.0093,-0.00066,0.00439,1.4750,0.5363
348,13.9200,0.2846,0.0000,-0.0756,0.2768,-0.0145,0.0329,0.0702,0.0610,0.0427,1.5424,0.5340,0.2225,-0.02784,-0.11276,-0.0334,-0.1047,-0.1273,0.0143,-0.00046,0.00776,1.4761,0.5250
349,13.9600,0.2852,0.0000,-0.0761,0.2817,-0.0004,0.0304,0.0019,-0.0909,-0.0243,1.5431,0.5228,0.2224,-0.03034,-0.09431,0.0221,-0.1207,-0.0717,0.0166,0.00025,0.00473,1.4771,0.5138
350,14.0000,0.2858,0.0000,-0.0770,0.2621,-0.0040,0.0253,0.0189,0.2407,0.0122,1.5441,0.5120,0.2224,-0.02497,-0.08886,-0.0325,-0.1056,-0.1188,-0.0144,0.00245,0.00809,1.4782,0.5025
351,14.0400,0.2865,0.0000,-0.0781,0.2681,0.0051,0.0246,-0.0247,0.0959,-0.0456,1.5453,0.5013,0.2221,-0.01951,-0.09227,-0.0093,-0.1192,-0.0819,0.0145,0.00004,0.00434,1.4792,0.4912
352,14.0800,0.2873,0.0000,-0.0793,0.2681,0.0174,0.0407,-0.0838,0.1019,-0.1528,1.5469,0.4907,0.2221,-0.01577,-0.11985,0.0260,-0.1113,-0.0627,0.0093,0.00084,0.00305,1.4802,0.4798
353,14.1200,0.2881,0.0000,-0.0801,0.2767,-0.0138,0.0263,0.0671,-0.0559,0.0153,1.5480,0.4799,0.2222,-0.01457,-0.12787,-0.0276,-0.0999,-0.1017,0.0196,-0.00199,0.00293,1.4811,0.4684
354,14.1600,0.2889,0.0000,-0.0807,0.2708,0.0025,0.0414,-0.0108,0.0904,-0.1086,1.5486,0.4689,0.2221,-0.01448,-0.10823,0.0304,-0.1190,-0.0739,-0.0013,-0.00035,0.00147,1.4821,0.4570
355,14.2000,0.2897,0.0000,-0.0814,0.2712,0.0013,0.0311,-0.0067,0.0903,-0.0189,1.5498,0.4581,0.2224,-0.01006,-0.12135,-0.0282,-0.1096,-0.0962,-0.0070,-0.00234,0.00148,1.4830,0.4456
356,14.2400,0.2906,0.0000,-0.0819,0.2763,-0.0015,0.0313,0.0088,0.0337,-0.0855,1.5508,0.4471,0.2220,-0.00831,-0.12044,0.0128,-0.1044,-0.0771,0.0394,-0.00434,0.00135,1.4839,0.4341
357,14.2800,0.2915,0.0000,-0.0825,0.2820,-0.0049,0.0425,0.0259,-0.0179,-0.1086,1.5516,0.4360,0.2222,-0.00802,-0.11778,-0.0074,-0.1109,-0.0946,0.0124,-0.00586,0.00104,1.4847,0.4226
358,14.3200,0.2924,0.0000,-0.0827,0.2815,0.0002,0.0463,0.0000,0.0473,-0.0749,1.5524,0.4247,0.2226,-0.00750,-0.11346,0.0084,-0.1200,-0.0908,0.0017,-0.00356,0.00250,1.4856,0.4111
359,14.3600,0.2932,0.0000,-0.0827,0.2866,-0.0055,0.0289,0.0264,-0.0212,-0.0082,1.5533,0.4134,0.2227,-0.00695,-0.11014,-0.0159,-0.1097,-0.1027,0.0155,-0.00506,0.00258,1.4864,0.3995
360,14.4000,0.2941,0.0000,-0.0829,0.2909,0.0067,0.0366,-0.0324,-0.0667,-0.0514,1.5542,0.4019,0.2226,-0.00934,-0.11073,0.0280,-0.1085,-0.0836,0.0160,-0.00400,0.00176,1.4872,0.3879
361,14.4400,0.2950,0.0000,-0.0832,0.2873,0.0085,0.0321,-0.0395,0.0491,-0.1404,1.5555,0.3904,0.2226,-0.00907,-0.13610,0.0025,-0.1009,-0.0831,0.0031,-0.00126,0.00307,1.4880,0.3763
362,14.4800,0.2958,0.0000,-0.0831,0.2975,-0.0028,0.0334,0.0153,-0.1189,-0.0988,1.5565,0.3788,0.2225,-0.01085,-0.15227,0.0049,-0.1056,-0.1028,0.0242,-0.00284,0.00236,1.4887,0.3647
363,14.5200,0.2966,0.0000,-0.0828,0.2910,-0.0053,0.0391,0.0277,0.0570,-0.1042,1.5570,0.3671,0.2226,-0.01178,-0.13968,0.0040,-0.1120,-0.0952,-0.0009,0.00045,0.00451,1.4894,0.3531
364,14.5600,0.2974,0.0000,-0.0823,0.2913,0.0123,0.0336,-0.0600,0.0502,-0.0640,1.5580,0.3554,0.2228,-0.00980,-0.15893,0.0184,-0.1128,-0.0839,-0.0178,0.00094,0.00276,1.4901,0.3414
365,14.6000,0.2981,0.0000,-0.0817,0.2742,0.0113,0.0335,-0.0549,0.4341,-0.0598,1.5592,0.3441,0.2226,0.00180,-0.19589,0.0094,-0.1081,-0.1025,-0.0014,-0.00146,0.00469,1.4908,0.3297
366,14.6400,0.2989,0.0000,-0.0811,0.2991,-0.0107,0.0296,0.0531,0.0318,-0.0249,1.5601,0.3325,0.2223,0.00972,-0.20879,-0.0155,-0.1052,-0.1015,0.0361,-0.00924,0.00005,1.4915,0.3180
367,14.6800,0.2996,0.0000,-0.0807,0.2963,-0.0070,0.0620,0.0392,0.2496,-0.1585,1.5603,0.3203,0.2224,0.01526,-0.17578,0.0247,-0.1225,-0.0930,0.0037,-0.00723,0.00093,1.4921,0.3062
368,14.7200,0.3003,0.0000,-0.0802,0.3275,0.0063,0.0716,-0.0272,-0.2701,-0.1582,1.5612,0.3078,0.2236,0.01296,-0.21174,0.0489,-0.1187,-0.1010,0.0283,-0.01062,-0.00556,1.4927,0.2945
369,14.7600,0.3010,0.0000,-0.0791,0.3334,-0.0169,0.0312,0.0809,-0.2732,-0.0222,1.5615,0.2947,0.2241,0.00212,-0.19406,0.0073,-0.0993,-0.1155,-0.0015,-0.00740,-0.00066,1.4933,0.2827
370,14.8000,0.3015,0.0000,-0.0780,0.3177,0.0035,0.0275,-0.0152,0.1028,-0.0974,1.5617,0.2817,0.2236,-0.00071,-0.15973,0.0235,-0.1110,-0.0925,0.0071,-0.00164,0.00311,1.4938,0.2709
371,14.8400,0.3020,0.0000,-0.0770,0.3098,0.0182,0.0516,-0.0861,0.3169,-0.1229,1.5629,0.2691,0.2237,0.00952,-0.23273,0.0377,-0.1051,-0.1170,0.0243,-0.00356,0.00328,1.4944,0.2591
372,14.8800,0.3025,0.0000,-0.0758,0.3159,0.0056,0.0658,-0.0165,0.3387,-0.3109,1.5640,0.2564,0.2243,0.02291,-0.34960,0.0669,-0.0961,-0.1137,0.0609,-0.01049,0.00153,1.4949,0.2473
373,14.9200,0.3029,0.0000,-0.0738,0.3317,0.0036,0.0781,-0.0101,0.1954,-0.2776,1.5646,0.2431,0.2255,0.03231,-0.52566,0.0852,-0.1242,-0.1057,0.0160,-0.01374,-0.00401,1.4953,0.2354
374,14.9600,0.3032,0.0000,-0.0706,0.3457,-0.0085,0.0550,0.0425,0.0843,-0.0967,1.5647,0.2294,0.2262,0.03754,-0.66837,0.0552,-0.1185,-0.1347,0.0154,-0.01751,-0.00555,1.4958,0.2236
375,15.0000,0.3035,0.0000,-0.0671,0.3637,0.0015,0.0460,-0.0012,-0.0950,-0.1912,1.5648,0.2150,0.2260,0.03554,-0.84472,0.0853,-0.1089,-0.1008,0.0468,-0.01876,-0.00772,1.4962,0.2117
376,15.0400,0.3036,0.0000,-0.0634,0.3750,-0.0021,0.0331,0.0104,-0.1274,-0.0671,1.5649,0.2003,0.2257,0.03065,-1.11843,0.0187,-0.1203,-0.1037,0.0050,-0.01587,-0.00552,1.4967,0.1998
377,15.0800,0.3036,0.0000,-0.0598,0.4015,0.0115,0.0258,-0.0566,-0.5552,-0.0269,1.5653,0.1849,0.2250,0.01469,-1.25011,0.0727,-0.1087,-0.0800,0.0202,-0.01343,-0.00595,1.4970,0.1879
378,15.1200,0.3035,0.0000,-0.0567,0.4015,-0.0140,0.0213,0.0660,-0.4780,0.0277,1.5653,0.1692,0.2244,-0.00433,-1.18854,0.0327,-0.0725,-0.1339,0.0186,-0.00383,0.00415,1.4974,0.1760
379,15.1600,0.3031,0.0000,-0.0544,0.3813,-0.0044,0.0291,0.0220,-0.0493,-0.0527,1.5648,0.1537,0.2240,-0.01371,-1.12394,0.0527,-0.0864,-0.1031,-0.0156,0.00545,0.01209,1.4977,0.1641
380,15.2000,0.3026,0.0000,-0.0527,0.3797,0.0031,0.0130,-0.0156,-0.0763,-0.0320,1.5650,0.1386,0.2237,-0.01606,-1.24146,-0.0043,-0.1005,-0.1085,-0.0057,0.00552,0.01117,1.4981,0.1521
381,15.2400,0.3021,0.0000,-0.0512,0.3693,-0.0001,0.0180,0.0002,0.1077,-0.0475,1.5650,0.1236,0.2229,-0.01492,-1.35187,0.0142,-0.0968,-0.0927,0.0191,0.00720,0.01286,1.4984,0.1402
382,15.2800,0.3014,0.0000,-0.0499,0.3785,0.0040,0.0320,-0.0179,-0.1024,-0.1283,1.5652,0.1087,0.2227,-0.01559,-1.64935,0.0278,-0.0959,-0.0892,0.0197,0.00311,0.01028,1.4986,0.1283
383,15.3200,0.3007,0.0000,-0.0487,0.3731,-0.0174,0.0464,0.0821,-0.0021,0.0683,1.5649,0.0937,0.2232,-0.01677,-1.63778,-0.0082,-0.1228,-0.1484,0.0028,0.00351,0.01279,1.4989,0.1163
384,15.3600,0.2999,0.0000,-0.0479,0.3821,-0.0162,0.0351,0.0770,-0.2369,0.0364,1.5641,0.0787,0.2236,-0.02277,-1.35922,0.0308,-0.0933,-0.1077,0.0363,0.00459,0.01238,1.4991,0.1043
385,15.4000,0.2990,0.0000,-0.0477,0.3719,0.0000,0.0297,-0.0019,-0.1171,0.0593,1.5638,0.0638,0.2238,-0.02952,-0.86339,0.0290,-0.1005,-0.1127,-0.0015,0.00909,0.01421,1.4993,0.0923
386,15.4400,0.2980,0.0000,-0.0482,0.3544,0.0054,0.0269,-0.0264,0.1357,-0.0504,1.5640,0.0493,0.2238,-0.02759,-0.88390,0.0281,-0.0816,-0.1149,0.0436,0.01026,0.01728,1.4995,0.0804
387,15.4800,0.2971,0.0000,-0.0489,0.3581,0.0080,0.0260,-0.0394,-0.0130,-0.0573,1.5644,0.0350,0.2238,-0.02603,-1.22657,0.0141,-0.1121,-0.1048,0.0158,0.00700,0.01435,1.4996,0.0684
388,15.5200,0.2961,0.0000,-0.0496,0.3470,-0.0142,0.0198,0.0675,0.1532,0.0685,1.5643,0.0209,0.2236,-0.02198,-1.01956,-0.0233,-0.1032,-0.1366,0.0103,0.00693,0.01610,1.4997,0.0564
389,15.5600,0.2951,0.0000,-0.0506,0.3600,0.0045,0.0304,-0.0237,-0.1811,0.0314,1.5642,0.0068,0.2233,-0.02483,-0.67311,0.0288,-0.1173,-0.0956,0.0246,0.00630,0.01131,1.4998,0.0444
390,15.6000,0.2942,0.0000,-0.0521,0.3494,0.0023,0.0301,-0.0111,-0.0362,-0.0706,1.5644,-0.0072,0.2235,-0.02778,-0.79955,0.0150,-0.0861,-0.1201,0.0120,0.00802,0.01517,1.4999,0.0324
391,15.6400,0.2932,0.0000,-0.0537,0.3374,0.0140,0.0235,-0.0696,0.1391,-0.0303,1.5648,-0.0210,0.2235,-0.02582,-1.12507,0.0088,-0.1180,-0.0892,-0.0183,0.00794,0.01458,1.5000,0.0204
392,15.6800,0.2922,0.0000,-0.0550,0.3462,0.0131,0.0152,-0.0656,-0.1371,0.0095,1.5656,-0.0347,0.2230,-0.02646,-1.24341,0.0091,-0.1117,-0.1021,0.0234,0.00372,0.01014,1.5000,0.0084
393,15.7200,0.2913,0.0000,-0.0566,0.3372,-0.0032,0.0240,0.0148,-0.0014,-0.0247,1.5657,-0.0482,0.2227,-0.02836,-1.24687,0.0109,-0.0965,-0.1128,0.0017,0.00441,0.01410,1.5000,-0.0036
394,15.7600,0.2903,0.0000,-0.0583,0.3410,0.0120,0.0420,-0.0593,-0.1544,-0.0736,1.5660,-0.0618,0.2230,-0.03271,-1.43471,0.0472,-0.1166,-0.0829,0.0054,0.00428,0.01174,1.5000,-0.0156
395,15.8000,0.2894,0.0000,-0.0598,0.3320,0.0060,0.0263,-0.0299,-0.0898,-0.0742,1.5664,-0.0751,0.2234,-0.03672,-1.68104,0.0276,-0.0989,-0.1013,-0.0026,0.00627,0.01410,1.4999,-0.0276
396,15.8400,0.2886,0.0000,-0.0611,0.3224,-0.0000,0.0178,-0.0008,-0.0198,-0.0506,1.5665,-0.0881,0.2232,-0.03867,-1.82359,0.0210,-0.1062,-0.1024,0.0072,0.00630,0.01480,1.4999,-0.0396
397,15.8800,0.2877,0.0000,-0.0622,0.3082,0.0072,0.0168,-0.0360,0.1412,-0.0211,1.5666,-0.1007,0.2229,-0.03569,-1.87824,0.0069,-0.1178,-0.0992,-0.0328,0.00861,0.01430,1.4998,-0.0516
398,15.9200,0.2870,0.0000,-0.0633,0.3026,0.0018,0.0168,-0.0091,0.1483,-0.0162,1.5668,-0.1130,0.2224,-0.02956,-1.89804,0.0040,-0.0994,-0.0887,0.0165,0.00517,0.01380,1.4997,-0.0636
399,15.9600,0.2863,0.0000,-0.0645,0.3123,-0.0117,0.0323,0.0580,-0.1079,-0.0270,1.5665,-0.1252,0.2223,-0.02956,-1.90758,0.0066,-0.1094,-0.1126,0.0255,0.00086,0.01208,1.4995,-0.0756
400,16.0000,0.2856,0.0000,-0.0659,0.2974,0.0003,0.0507,-0.0008,0.1398,-0.0740,1.5661,-0.1374,0.2229,-0.02851,-2.07714,0.0272,-0.1252,-0.0990,-0.0290,0.00403,0.01292,1.4994,-0.0875
401,16.0400,0.2850,0.0000,-0.0672,0.2940,0.0106,0.0229,-0.0516,0.1076,-0.0767,1.5664,-0.1493,0.2232,-0.02349,-2.21487,0.0130,-0.1056,-0.0826,-0.0085,0.00230,0.00937,1.4992,-0.0995
402,16.0800,0.2845,0.0000,-0.0681,0.3018,0.0136,0.0173,-0.0668,-0.1255,-0.0963,1.5668,-0.1612,0.2226,-0.02497,-2.25054,0.0360,-0.1102,-0.0856,0.0062,0.00080,0.00643,1.4990,-0.1115
403,16.1200,0.2840,0.0000,-0.0688,0.2853,-0.0080,0.0440,0.0397,0.1962,-0.0354,1.5667,-0.1729,0.2227,-0.02185,-2.30914,0.0013,-0.1219,-0.1207,0.0176,0.00292,0.01059,1.4987,-0.1235
404,16.1600,0.2836,0.0000,-0.0695,0.2885,-0.0091,0.0312,0.0437,0.0988,0.0140,1.5662,-0.1844,0.2230,-0.01648,-2.37589,-0.0030,-0.1238,-0.1025,-0.0343,0.00062,0.00731,1.4985,-0.1354
405,16.2000,0.2832,0.0000,-0.0704,0.2896,0.0012,0.0360,-0.0050,0.0515,-0.0531,1.5659,-0.1961,0.2230,-0.01403,-2.41071,0.0221,-0.1222,-0.0977,0.0213,0.00181,0.00572,1.4982,-0.1474
406,16.2400,0.2829,0.0000,-0.0715,0.2879,0.0054,0.0422,-0.0254,0.0973,-0.0655,1.5659,-0.2076,0.2233,-0.01080,-2.45083,0.0133,-0.1267,-0.1007,-0.0058,0.00076,0.00454,1.4979,-0.1593
407,16.2800,0.2826,0.0000,-0.0724,0.2894,-0.0003,0.0289,0.0037,0.0868,-0.1163,1.5658,-0.2192,0.2232,-0.00707,-2.52979,0.0109,-0.1111,-0.0962,0.0020,-0.00090,0.00397,1.4975,-0.1712
408,16.3200,0.2824,0.0000,-0.0730,0.2916,-0.0090,0.0245,0.0440,0.0825,-0.0147,1.5653,-0.2309,0.2229,-0.00380,-2.60318,-0.0218,-0.1280,-0.1143,-0.0201,-0.00238,0.00344,1.4972,-0.1831
409,16.3600,0.2821,0.0000,-0.0736,0.3077,0.0039,0.0492,-0.0185,-0.2105,-0.0681,1.5650,-0.2429,0.2229,-0.00785,-2.63434,0.0407,-0.1263,-0.1063,0.0228,-0.00289,0.00119,1.4968,-0.1950
410,16.4000,0.2819,0.0000,-0.0742,0.3105,-0.0060,0.0470,0.0289,-0.2356,-0.0442,1.5647,-0.2550,0.2237,-0.01651,-2.68321,0.0238,-0.1081,-0.1091,0.0077,0.00185,0.00468,1.4964,-0.2069
411,16.4400,0.2816,0.0000,-0.0748,0.2867,-0.0093,0.0128,0.0448,0.2356,0.0186,1.5639,-0.2669,0.2235,-0.01482,-2.76193,-0.0160,-0.1057,-0.1026,-0.0367,0.00830,0.00808,1.4960,-0.2188
412,16.4800,0.2814,0.0000,-0.0756,0.2915,0.0053,0.0173,-0.0244,0.1239,-0.0800,1.5636,-0.2786,0.2225,-0.00826,-2.77156,0.0111,-0.0953,-0.0766,0.0544,0.00511,0.00583,1.4955,-0.2307
413,16.5200,0.2811,0.0000,-0.0765,0.3010,-0.0027,0.0357,0.0127,-0.0113,-0.0107,1.5634,-0.2905,0.2223,-0.00620,-2.77000,-0.0077,-0.1112,-0.1058,-0.0027,0.00135,0.00395,1.4951,-0.2425
414,16.5600,0.2808,0.0000,-0.0774,0.2947,-0.0117,0.0358,0.0589,0.1827,-0.0632,1.5627,-0.3025,0.2223,-0.00216,-2.84556,-0.0113,-0.1001,-0.0987,0.0022,0.00169,0.00583,1.4946,-0.2544
415,16.6000,0.2805,0.0000,-0.0784,0.3076,0.0062,0.0379,-0.0283,-0.0303,-0.1035,1.5622,-0.3146,0.2223,-0.00045,-2.88124,0.0117,-0.1102,-0.0817,-0.0018,-0.00184,0.00110,1.4940,-0.2662
416,16.6400,0.2802,0.0000,-0.0791,0.3189,-0.0001,0.0392,-0.0005,-0.2023,-0.0369,1.5620,-0.3271,0.2224,-0.00565,-2.87737,0.0133,-0.0991,-0.0896,0.0353,-0.00104,0.00227,1.4935,-0.2780
417,16.6800,0.2799,0.0000,-0.0797,0.3167,0.0039,0.0437,-0.0175,-0.1151,-0.1515,1.5616,-0.3397,0.2227,-0.01176,-2.90267,0.0375,-0.0988,-0.0960,0.0064,0.00267,0.00404,1.4929,-0.2898
418,16.7200,0.2795,0.0000,-0.0802,0.3064,0.0028,0.0379,-0.0130,0.1096,-0.0924,1.5613,-0.3521,0.2231,-0.01080,-2.91778,0.0105,-0.1003,-0.0944,0.0022,0.00536,0.00741,1.4923,-0.3015
419,16.7600,0.2790,0.0000,-0.0802,0.3088,0.0035,0.0311,-0.0171,0.0673,-0.0436,1.5609,-0.3644,0.2230,-0.00757,-2.91260,0.0134,-0.1151,-0.1011,0.0186,0.00295,0.00421,1.4917,-0.3133
420,16.8000,0.2786,0.0000,-0.0803,0.3190,0.0067,0.0129,-0.0338,-0.1246,-0.0492,1.5606,-0.3770,0.2225,-0.00975,-2.89953,0.0042,-0.0999,-0.0731,-0.0228,0.00335,0.00282,1.4911,-0.3250
421,16.8400,0.2780,0.0000,-0.0804,0.3085,-0.0008,0.0380,0.0040,0.1255,-0.0235,1.5601,-0.3895,0.2221,-0.00869,-2.89590,0.0019,-0.1133,-0.1025,0.0296,0.00565,0.00601,1.4904,-0.3367
422,16.8800,0.2775,0.0000,-0.0809,0.3249,-0.0067,0.0515,0.0332,-0.1648,-0.0740,1.5594,-0.4021,0.2226,-0.01025,-2.91283,0.0217,-0.1043,-0.1048,0.0313,0.00333,0.00503,1.4897,-0.3484
423,16.9200,0.2769,0.0000,-0.0814,0.3182,-0.0188,0.0235,0.0918,-0.0032,-0.0195,1.5581,-0.4149,0.2228,-0.01302,-2.98353,-0.0083,-0.0838,-0.0956,-0.0264,0.00586,0.00879,1.4890,-0.3600
424,16.9600,0.2762,0.0000,-0.0818,0.3123,0.0095,0.0429,-0.0456,0.1023,-0.0720,1.5573,-0.4275,0.2227,-0.01142,-3.00272,0.0190,-0.1288,-0.1026,0.0275,0.00927,0.00635,1.4883,-0.3717
425,17.0000,0.2755,0.0000,-0.0825,0.3229,0.0097,0.0276,-0.0498,-0.1136,0.0133,1.5572,-0.4402,0.2229,-0.01191,-2.95871,-0.0022,-0.1050,-0.0926,-0.0089,0.00662,0.00412,1.4875,-0.3833
426,17.0400,0.2748,0.0000,-0.0833,0.3196,-0.0028,0.0236,0.0151,-0.0317,-0.0907,1.5566,-0.4529,0.2224,-0.01460,-2.96091,0.0347,-0.0730,-0.0772,0.0485,0.00879,0.00722,1.4867,-0.3949
427,17.0800,0.2740,0.0000,-0.0841,0.3222,-0.0096,0.0390,0.0483,-0.0740,-0.1259,1.5556,-0.4657,0.2224,-0.01640,-2.99563,0.0089,-0.0878,-0.1136,0.0125,0.00930,0.00872,1.4859,-0.4064
428,17.1200,0.2732,0.0000,-0.0847,0.3181,-0.0010,0.0443,0.0054,-0.0036,-0.1189,1.5546,-0.4784,0.2229,-0.01818,-3.02948,0.0237,-0.1047,-0.0998,-0.0047,0.01120,0.01007,1.4851,-0.4180
429,17.1600,0.2723,0.0000,-0.0849,0.3036,0.0147,0.0208,-0.0716,0.2492,-0.0859,1.5541,-0.4909,0.2229,-0.01256,-3.01850,0.0036,-0.1044,-0.0808,-0.0269,0.01153,0.00930,1.4842,-0.4295
430,17.2000,0.2714,0.0000,-0.0848,0.3114,0.0048,0.0209,-0.0217,0.0851,-0.0925,1.5538,-0.5033,0.2222,-0.00600,-2.99011,0.0105,-0.0861,-0.0962,0.0566,0.00500,0.00714,1.4833,-0.4410
431,17.2400,0.2705,0.0000,-0.0847,0.3247,0.0015,0.0441,-0.0072,-0.1244,-0.0803,1.5530,-0.5160,0.2222,-0.00821,-2.99059,0.0314,-0.1060,-0.0829,0.0005,0.00236,0.00545,1.4824,-0.4524
432,17.2800,0.2696,0.0000,-0.0846,0.3215,-0.0110,0.0434,0.0526,-0.0376,-0.0080,1.5518,-0.5288,0.2227,-0.01083,-3.00966,0.0005,-0.1046,-0.1115,0.0045,0.00309,0.00757,1.4815,-0.4639
433,17.3200,0.2686,0.0000,-0.0847,0.3150,-0.0002,0.0419,0.0004,0.0965,-0.0209,1.5506,-0.5415,0.2230,-0.00955,-3.02817,0.0157,-0.1175,-0.1036,0.0044,0.00537,0.00666,1.4806,-0.4753
434,17.3600,0.2676,0.0000,-0.0852,0.3249,0.0153,0.0395,-0.0729,-0.1096,-0.1532,1.5501,-0.5543,0.2232,-0.01071,-3.00871,0.0463,-0.0990,-0.0805,0.0319,0.00332,0.00416,1.4796,-0.4866
435,17.4000,0.2665,0.0000,-0.0854,0.3396,-0.0067,0.0280,0.0320,-0.4099,-0.0654,1.5493,-0.5674,0.2233,-0.02181,-3.00407,0.0194,-0.0952,-0.1119,0.0251,0.00253,0.00506,1.4786,-0.4980
436,17.4400,0.2654,0.0000,-0.0856,0.3148,-0.0025,0.0230,0.0128,0.0466,-0.0733,1.5478,-0.5803,0.2231,-0.02775,-3.03328,0.0282,-0.0953,-0.0981,-0.0341,0.01022,0.01068,1.4776,-0.5093
437,17.4800,0.2643,0.0000,-0.0857,0.2968,0.0030,0.0239,-0.0150,0.3257,-0.0257,1.5468,-0.5925,0.2229,-0.01849,-3.03152,-0.0087,-0.0987,-0.1197,0.0102,0.00889,0.01262,1.4765,-0.5205
438,17.5200,0.2631,0.0000,-0.0860,0.3033,0.0025,0.0404,-0.0101,0.1881,-0.1095,1.5460,-0.6047,0.2228,-0.00887,-3.02628,0.0308,-0.0987,-0.1015,0.0435,0.00162,0.00855,1.4754,-0.5318
439,17.5600,0.2619,0.0000,-0.0863,0.3262,-0.0074,0.0556,0.0378,-0.2541,-0.1411,1.5449,-0.6172,0.2235,-0.01185,-3.03575,0.0443,-0.1009,-0.1147,0.0401,-0.00369,0.00467,1.4743,-0.5430
440,17.6000,0.2608,0.0000,-0.0864,0.3185,-0.0020,0.0530,0.0097,-0.0932,-0.1364,1.5433,-0.6299,0.2244,-0.01917,-3.05920,0.0421,-0.1240,-0.0983,0.0011,0.00189,0.00570,1.4732,-0.5541
441,17.6400,0.2595,0.0000,-0.0861,0.3033,0.0206,0.0288,-0.0979,0.1360,-0.2302,1.5425,-0.6423,0.2247,-0.01725,-3.04913,0.0627,-0.0922,-0.0768,0.0203,0.00464,0.00569,1.4721,-0.5653
442,17.6800,0.2583,0.0000,-0.0851,0.2922,0.0114,0.0267,-0.0552,0.3318,-0.0643,1.5419,-0.6543,0.2245,-0.00621,-3.02424,0.0287,-0.1104,-0.1311,0.0146,0.00269,0.00628,1.4709,-0.5764
443,17.7200,0.2571,0.0000,-0.0840,0.2927,0.0062,0.0368,-0.0257,0.3713,-0.1727,1.5410,-0.6662,0.2241,0.00776,-3.01614,0.0570,-0.1011,-0.1061,0.0179,-0.00290,0.00177,1.4697,-0.5874
444,17.7600,0.2560,0.0000,-0.0828,0.2905,0.0174,0.0880,-0.0682,0.5145,-0.4562,1.5401,-0.6782,0.2249,0.02586,-3.01135,0.1262,-0.1047,-0.1093,0.0486,-0.00766,-0.00314,1.4685,-0.5984
445,17.8000,0.2548,0.0000,-0.0804,0.3283,-0.0120,0.0596,0.0606,-0.1089,-0.1306,1.5387,-0.6908,0.2264,0.03179,-3.01320,0.0462,-0.1188,-0.1329,-0.0094,-0.01685,-0.01247,1.4673,-0.6094
446,17.8400,0.2536,0.0000,-0.0770,0.3433,-0.0290,0.0250,0.1410,-0.2613,-0.0685,1.5358,-0.7040,0.2259,0.02200,-3.05105,0.0539,-0.1116,-0.0994,0.0558,-0.01326,-0.01062,1.4660,-0.6204
447,17.8800,0.2524,0.0000,-0.0741,0.3483,0.0170,0.0402,-0.0773,-0.3053,-0.2082,1.5336,-0.7175,0.2255,0.00989,-3.06189,0.0946,-0.1082,-0.0837,-0.0040,-0.00626,-0.00948,1.4648,-0.6313
448,17.9200,0.2510,0.0000,-0.0711,0.3398,0.0114,0.0259,-0.0534,-0.0731,-0.1540,1.5323,-0.7310,0.2253,0.00425,-3.04573,0.0376,-0.0889,-0.1117,0.0118,-0.00382,-0.00063,1.4635,-0.6422
449,17.9600,0.2495,0.0000,-0.0679,0.3463,0.0062,0.0110,-0.0282,-0.1605,-0.1617,1.5305,-0.7446,0.2244,-0.00145,-3.04012,0.0516,-0.0984,-0.0792,0.0114,-0.00232,0.00161,1.4621,-0.6530
450,18.0000,0.2480,0.0000,-0.0648,0.3487,-0.0117,0.0283,0.0584,-0.1888,-0.0968,1.5281,-0.7581,0.2238,-0.00793,-3.04721,0.0260,-0.0998,-0.1252,0.0238,-0.00180,0.00450,1.4608,-0.6638
451,18.0400,0.2463,0.0000,-0.0619,0.3525,-0.0195,0.0465,0.0944,-0.2613,-0.0364,1.5252,-0.7717,0.2241,-0.01738,-3.06901,0.0387,-0.1090,-0.1234,0.0233,0.00156,0.00722,1.4594,-0.6745
452,18.0800,0.2446,0.0000,-0.0595,0.3449,-0.0202,0.0231,0.0981,-0.1797,-0.0494,1.5220,-0.7851,0.2244,-0.02545,-3.09540,0.0246,-0.0783,-0.1235,-0.0007,0.00786,0.01132,1.4580,-0.6852
453,18.1200,0.2428,0.0000,-0.0576,0.3398,0.0018,0.0262,-0.0099,-0.2062,0.0138,1.5194,-0.7984,0.2242,-0.03384,-3.10556,0.0419,-0.1081,-0.1139,0.0257,0.01087,0.01086,1.4566,-0.6958
454,18.1600,0.2409,0.0000,-0.0564,0.3189,0.0127,0.0106,-0.0624,0.0689,-0.0571,1.5175,-0.8113,0.2239,-0.03481,-3.09819,0.0394,-0.0703,-0.1023,-0.0074,0.01334,0.01480,1.4551,-0.7065
455,18.2000,0.2390,0.0000,-0.0556,0.3164,0.0092,0.0119,-0.0459,-0.0159,-0.0291,1.5159,-0.8240,0.2233,-0.03403,-3.08427,0.0161,-0.0988,-0.1114,0.0207,0.00933,0.01453,1.4537,-0.7170
456,18.2400,0.2370,0.0000,-0.0553,0.3137,0.0007,0.0273,-0.0033,-0.0669,-0.0979,1.5140,-0.8364,0.2230,-0.03599,-3.08075,0.0324,-0.0941,-0.0959,0.0280,0.00746,0.01609,1.4522,-0.7275
457,18.2800,0.2351,0.0000,-0.0552,0.3047,0.0015,0.0323,-0.0087,-0.0124,-0.0354,1.5119,-0.8485,0.2232,-0.03739,-3.08194,0.0258,-0.1081,-0.1003,-0.0146,0.00850,0.01583,1.4507,-0.7380
458,18.3200,0.2331,0.0000,-0.0553,0.3016,0.0029,0.0295,-0.0139,-0.0982,-0.1332,1.5099,-0.8604,0.2234,-0.03991,-3.08060,0.0344,-0.1042,-0.1032,0.0407,0.00777,0.01378,1.4491,-0.7484
459,18.3600,0.2312,0.0000,-0.0555,0.2936,0.0041,0.0258,-0.0203,-0.0799,-0.0933,1.5080,-0.8720,0.2236,-0.04343,-3.07999,0.0378,-0.1006,-0.0889,-0.0006,0.00727,0.01479,1.4476,-0.7588
460,18.4000,0.2293,0.0000,-0.0555,0.2730,0.0049,0.0261,-0.0240,0.1716,-0.0406,1.5061,-0.8831,0.2236,-0.04027,-3.07766,0.0298,-0.1086,-0.1146,0.0072,0.00880,0.01675,1.4460,-0.7691
461,18.4400,0.2275,0.0000,-0.0558,0.2709,0.0109,0.0089,-0.0531,0.0675,-0.0829,1.5045,-0.8939,0.2231,-0.03615,-3.06932,0.0141,-0.1062,-0.0818,-0.0154,0.00680,0.01336,1.4444,-0.7794
462,18.4800,0.2257,0.0000,-0.0562,0.2652,0.0046,0.0188,-0.0216,0.0718,-0.1075,1.5028,-0.9045,0.2225,-0.03319,-3.06327,0.0187,-0.1033,-0.0936,0.0125,0.00622,0.01353,1.4427,-0.7896
463,18.5200,0.2240,0.0000,-0.0567,0.2624,-0.0019,0.0481,0.0098,0.0551,-0.0561,1.5009,-0.9149,0.2228,-0.03067,-3.06360,0.0293,-0.1221,-0.1064,0.0154,0.00580,0.01247,1.4411,-0.7998
464,18.5600,0.2224,0.0000,-0.0573,0.2616,-0.0217,0.0351,0.1067,-0.0125,-0.0374,1.4984,-0.9250,0.2234,-0.02948,-3.07742,0.0069,-0.0978,-0.1201,0.0149,0.00379,0.01212,1.4394,-0.8099
465,18.6000,0.2208,0.0000,-0.0581,0.2692,-0.0105,0.0254,0.0514,-0.2766,-0.0292,1.4956,-0.9352,0.2234,-0.03722,-3.09487,0.0201,-0.1154,-0.0963,0.0078,0.00481,0.00796,1.4377,-0.8200
466,18.6400,0.2192,0.0000,-0.0592,0.2517,0.0128,0.0232,-0.0630,-0.0823,-0.0344,1.4937,-0.9453,0.2233,-0.04348,-3.09450,0.0297,-0.1069,-0.1010,-0.0206,0.01031,0.01040,1.4360,-0.8300
467,18.6800,0.2177,0.0000,-0.0606,0.2341,0.0077,0.0257,-0.0382,0.1196,-0.0112,1.4923,-0.9548,0.2232,-0.04101,-3.08318,0.0108,-0.1055,-0.1302,0.0200,0.00856,0.01199,1.4342,-0.8400
468,18.7200,0.2162,0.0000,-0.0625,0.2252,-0.0022,0.0279,0.0102,0.1955,0.0122,1.4906,-0.9639,0.2231,-0.03455,-3.08124,-0.0008,-0.1199,-0.1126,-0.0025,0.00681,0.01171,1.4325,-0.8499
469,18.7600,0.2148,0.0000,-0.0647,0.2301,0.0025,0.0169,-0.0112,-0.0189,-0.0776,1.4889,-0.9729,0.2228,-0.03220,-3.08121,0.0081,-0.1072,-0.0828,-0.0082,0.00465,0.00723,1.4307,-0.8598
470,18.8000,0.2135,0.0000,-0.0671,0.2170,0.0025,0.0364,-0.0111,0.1696,-0.0822,1.4872,-0.9817,0.2226,-0.02837,-3.08111,0.0104,-0.1160,-0.1041,0.0074,0.00573,0.00717,1.4289,-0.8696
471,18.8400,0.2123,0.0000,-0.0694,0.2169,0.0084,0.0299,-0.0421,0.0985,-0.0097,1.4858,-0.9903,0.2228,-0.02335,-3.07562,0.0140,-0.1152,-0.0850,-0.0280,0.00496,0.00405,1.4270,-0.8793
472,18.8800,0.2111,0.0000,-0.0718,0.2207,0.0149,0.0311,-0.0693,-0.0419,-0.2154,1.4846,-0.9990,0.2225,-0.02294,-3.06549,0.0518,-0.0994,-0.0782,0.0250,0.00248,0.00081,1.4252,-0.8890
473,18.9200,0.2100,0.0000,-0.0739,0.2114,-0.0164,0.0390,0.0797,0.1226,0.0340,1.4827,-1.0073,0.2229,-0.01967,-3.06876,-0.0210,-0.1198,-0.1449,-0.0266,0.00204,0.00474,1.4233,-0.8987
474,18.9600,0.2089,0.0000,-0.0760,0.2197,-0.0209,0.0248,0.1012,-0.0890,0.0569,1.4801,-1.0156,0.2227,-0.02066,-3.08715,-0.0035,-0.1128,-0.0980,0.0134,-0.00079,0.00237,1.4214,-0.9082
475,19.0000,0.2079,0.0000,-0.0789,0.2179,0.0083,0.0345,-0.0389,-0.1140,-0.1029,1.4781,-1.0241,0.2226,-0.02526,-3.09341,0.0255,-0.1113,-0.0865,-0.0112,0.00205,0.00017,1.4195,-0.9178
476,19.0400,0.2069,0.0000,-0.0819,0.2034,0.0037,0.0516,-0.0167,0.1305,-0.0873,1.4767,-1.0323,0.2231,-0.02295,-3.08800,0.0115,-0.1124,-0.1334,0.0222,0.00296,0.00385,1.4175,-0.9272
477,19.0800,0.2060,0.0000,-0.0848,0.1940,0.0060,0.0287,-0.0285,0.2908,-0.0709,1.4752,-1.0402,0.2234,-0.01438,-3.08638,0.0075,-0.1192,-0.0961,-0.0423,0.00153,0.00400,1.4155,-0.9366
478,19.1200,0.2051,0.0000,-0.0875,0.2010,0.0146,0.0157,-0.0695,0.1215,-0.1225,1.4740,-1.0482,0.2227,-0.00714,-3.07647,0.0175,-0.1092,-0.0773,0.0030,-0.00358,-0.00140,1.4135,-0.9460
479,19.1600,0.2043,0.0000,-0.0901,0.2213,-0.0012,0.0352,0.0057,-0.2595,-0.0181,1.4726,-1.0565,0.2224,-0.01135,-3.06929,0.0148,-0.1165,-0.0931,0.0309,-0.00584,-0.00335,1.4115,-0.9553
480,19.2000,0.2034,0.0000,-0.0928,0.2109,-0.0097,0.0515,0.0488,-0.0183,-0.0476,1.4703,-1.0648,0.2228,-0.01590,-3.07830,0.0211,-0.1190,-0.1150,-0.0190,0.00010,0.00073,1.4095,-0.9645
481,19.2400,0.2026,0.0000,-0.0958,0.2029,0.0037,0.0526,-0.0157,0.1278,-0.1355,1.4684,-1.0728,0.2236,-0.01322,-3.08226,0.0362,-0.1162,-0.0987,0.0078,0.00171,0.00169,1.4074,-0.9736
482,19.2800,0.2018,0.0000,-0.0987,0.2030,-0.0075,0.0346,0.0374,0.1198,-0.0359,1.4666,-1.0808,0.2239,-0.00774,-3.08426,0.0108,-0.1080,-0.1165,0.0203,-0.00153,0.00120,1.4053,-0.9827
483,19.3200,0.2009,0.0000,-0.1015,0.2106,-0.0055,0.0254,0.0289,-0.0167,-0.0911,1.4644,-1.0888,0.2235,-0.00677,-3.09150,0.0281,-0.1031,-0.0935,0.0158,-0.00255,-0.00080,1.4032,-0.9918
484,19.3600,0.2001,0.0000,-0.1044,0.2224,0.0043,0.0448,-0.0200,-0.2251,-0.0750,1.4625,-1.0971,0.2237,-0.01225,-3.09181,0.0194,-0.1346,-0.1346,0.0022,-0.00102,-0.00105,1.4011,-1.0007
485,19.4000,0.1993,0.0000,-0.1074,0.2246,-0.0094,0.0446,0.0471,-0.2112,-0.1015,1.4604,-1.1056,0.2242,-0.02051,-3.09536,0.0133,-0.1128,-0.1484,0.0396,0.00298,0.00474,1.3989,-1.0096
486,19.4400,0.1984,0.0000,-0.1104,0.2278,-0.0135,0.0308,0.0658,-0.2779,-0.0442,1.4578,-1.1141,0.2245,-0.03072,-3.10699,0.0025,-0.1225,-0.1521,0.0110,0.00502,0.00706,1.3968,-1.0185
487,19.4800,0.1974,0.0000,-0.1135,0.2051,0.0270,0.0122,-0.1317,0.1109,-0.1042,1.4560,-1.1226,0.2240,-0.03350,-3.10433,0.0398,-0.1107,-0.0869,-0.0379,0.01098,0.00882,1.3946,-1.0273
488,19.5200,0.1965,0.0000,-0.1165,0.2042,0.0191,0.0004,-0.0928,0.0598,-0.1538,1.4552,-1.1308,0.2229,-0.02908,-3.08320,-0.0032,-0.0864,-0.1173,0.0675,0.00725,0.00997,1.3923,-1.0360
489,19.5600,0.1955,0.0000,-0.1193,0.2107,0.0040,0.0249,-0.0183,-0.0352,-0.1680,1.4536,-1.1390,0.2222,-0.02943,-3.07760,0.0113,-0.1171,-0.1190,0.0032,0.00388,0.00972,1.3901,-1.0446
490,19.6000,0.1946,0.0000,-0.1218,0.2034,-0.0091,0.0368,0.0453,0.1185,-0.1537,1.4514,-1.1469,0.2223,-0.02702,-3.08325,-0.0076,-0.1097,-0.1293,0.0024,0.00428,0.01219,1.3878,-1.0532
491,19.6400,0.1936,0.0000,-0.1240,0.2000,0.0199,0.0213,-0.0971,0.1546,-0.1823,1.4495,-1.1549,0.2221,-0.02260,-3.08180,0.0216,-0.1190,-0.0789,-0.0449,0.00375,0.00767,1.3855,-1.0617
492,19.6800,0.1927,0.0000,-0.1258,0.2117,0.0160,0.0208,-0.0778,-0.1100,-0.1342,1.4483,-1.1631,0.2216,-0.02214,-3.06718,0.0132,-0.1079,-0.1156,0.0500,0.00054,0.00573,1.3832,-1.0702
493,19.7200,0.1917,0.0000,-0.1275,0.2067,0.0040,0.0282,-0.0188,0.0354,-0.1232,1.4464,-1.1712,0.2213,-0.02333,-3.06376,0.0067,-0.1188,-0.1204,-0.0313,0.00068,0.00796,1.3809,-1.0785
494,19.7600,0.1907,0.0000,-0.1293,0.2090,0.0046,0.0396,-0.0201,-0.0007,-0.2280,1.4444,-1.1792,0.2213,-0.02298,-3.06288,0.0221,-0.1126,-0.1111,0.0277,-0.00133,0.00760,1.3785,-1.0868
495,19.8000,0.1898,0.0000,-0.1308,0.2013,0.0035,0.0240,-0.0158,0.1724,-0.1866,1.4422,-1.1872,0.2213,-0.01915,-3.06391,-0.0073,-0.1163,-0.1060,-0.0426,-0.00258,0.00847,1.3762,-1.0951
496,19.8400,0.1888,0.0000,-0.1318,0.2136,0.0080,0.0303,-0.0375,-0.0753,-0.1587,1.4401,-1.1953,0.2210,-0.01854,-3.06073,0.0216,-0.1229,-0.1100,0.0414,-0.00569,0.00482,1.3738,-1.1032
497,19.8800,0.1877,0.0000,-0.1329,0.2062,0.0020,0.0292,-0.0103,0.1151,-0.0513,1.4378,-1.2034,0.2209,-0.01687,-3.05979,-0.0035,-0.1213,-0.1237,-0.0407,-0.00463,0.00606,1.3713,-1.1113
498,19.9200,0.1867,0.0000,-0.1342,0.2158,0.0095,0.0263,-0.0440,-0.0528,-0.2073,1.4356,-1.2116,0.2205,-0.01689,-3.05670,0.0229,-0.1104,-0.0926,0.0321,-0.00469,0.00397,1.3689,-1.1193
499,19.9600,0.1856,0.0000,-0.1357,0.2168,-0.0083,0.0401,0.0403,-0.0690,-0.0580,1.4331,-1.2198,0.2207,-0.01894,-3.05766,0.0000,-0.1197,-0.1343,-0.0041,-0.00324,0.00640,1.3664,-1.1273
500,20.0000,0.1844,0.0000,-0.1374,0.2116,0.0019,0.0356,-0.0081,0.0136,-0.1549,1.4303,-1.2279,0.2208,-0.02058,-3.06244,0.0333,-0.1118,-0.0870,-0.0108,-0.00024,0.00698,1.3640,-1.1352
501,20.0400,0.1832,0.0000,-0.1393,0.2135,-0.0110,0.0274,0.0543,-0.0859,-0.0777,1.4277,-1.2358,0.2208,-0.02141,-3.06531,-0.0120,-0.1037,-0.1388,0.0157,-0.00153,0.00700,1.3614,-1.1430
502,20.0800,0.1820,0.0000,-0.1414,0.2098,-0.0123,0.0363,0.0611,-0.0292,-0.1025,1.4245,-1.2437,0.2207,-0.02429,-3.07512,0.0193,-0.1036,-0.0987,0.0310,0.00036,0.00893,1.3589,-1.1507
503,20.1200,0.1807,0.0000,-0.1439,0.2052,-0.0085,0.0205,0.0420,0.0041,-0.1261,1.4214,-1.2514,0.2206,-0.02455,-3.08259,-0.0155,-0.0901,-0.0949,0.0038,0.00154,0.00893,1.3564,-1.1584
504,20.1600,0.1794,0.0000,-0.1465,0.2008,0.0033,0.0221,-0.0162,0.0323,-0.0780,1.4187,-1.2590,0.2201,-0.02393,-3.08507,0.0040,-0.0973,-0.0938,0.0118,0.00173,0.00770,1.3538,-1.1660
505,20.2000,0.1780,0.0000,-0.1494,0.2029,0.0213,0.0348,-0.1027,-0.0663,-0.2243,1.4167,-1.2669,0.2199,-0.02522,-3.07799,0.0400,-0.0935,-0.0783,0.0200,0.00133,0.00575,1.3512,-1.1735
506,20.2400,0.1767,0.0000,-0.1524,0.2022,-0.0027,0.0342,0.0144,-0.0923,-0.1986,1.4145,-1.2745,0.2201,-0.02767,-3.07451,0.0143,-0.0774,-0.1077,0.0267,-0.00115,0.00946,1.3486,-1.1809
507,20.2800,0.1753,0.0000,-0.1549,0.1896,-0.0152,0.0298,0.0749,0.1139,-0.1136,1.4114,-1.2817,0.2201,-0.02673,-3.08347,0.0020,-0.0909,-0.1080,-0.0044,0.00138,0.01282,1.3459,-1.1883
508,20.3200,0.1740,0.0000,-0.1576,0.1927,0.0101,0.0433,-0.0478,-0.0351,-0.2242,1.4087,-1.2889,0.2202,-0.02648,-3.08546,0.0383,-0.1051,-0.0864,0.0344,0.00186,0.00997,1.3433,-1.1956
509,20.3600,0.1727,0.0000,-0.1603,0.1779,0.0090,0.0355,-0.0435,0.2070,-0.1748,1.4066,-1.2960,0.2206,-0.02160,-3.08195,0.0093,-0.0982,-0.1038,-0.0128,0.00105,0.01031,1.3406,-1.2028
510,20.4000,0.1713,0.0000,-0.1627,0.1790,-0.0004,0.0237,0.0034,0.1532,-0.1909,1.4042,-1.3029,0.2203,-0.01497,-3.08099,0.0171,-0.0854,-0.0747,0.0568,-0.00253,0.00922,1.3379,-1.2099
511,20.4400,0.1700,0.0000,-0.1652,0.1900,-0.0012,0.0238,0.0070,-0.0752,-0.1732,1.4014,-1.3098,0.2198,-0.01457,-3.08278,0.0212,-0.0829,-0.0729,0.0086,-0.00288,0.00640,1.3352,-1.2170
512,20.4800,0.1688,0.0000,-0.1676,0.1939,-0.0039,0.0413,0.0214,-0.1627,-0.2029,1.3986,-1.3168,0.2198,-0.01965,-3.08551,0.0130,-0.1007,-0.1171,0.0203,-0.00161,0.00716,1.3324,-1.2239
513,20.5200,0.1675,0.0000,-0.1702,0.1856,-0.0100,0.0576,0.0485,-0.0036,-0.0497,1.3955,-1.3236,0.2207,-0.02239,-3.09058,-0.0018,-0.1268,-0.1330,0.0101,-0.00067,0.00986,1.3297,-1.2308
514,20.5600,0.1661,0.0000,-0.1733,0.1837,0.0008,0.0202,-0.0033,-0.0321,-0.1579,1.3925,-1.3304,0.2208,-0.02359,-3.09389,0.0140,-0.0850,-0.0772,0.0104,0.00100,0.00903,1.3269,-1.2377
515,20.6000,0.1648,0.0000,-0.1767,0.1814,0.0044,0.0348,-0.0191,-0.0474,-0.2484,1.3899,-1.3371,0.2205,-0.02485,-3.09346,0.0314,-0.0856,-0.1139,0.0586,0.00103,0.01083,1.3241,-1.2444
516,20.6400,0.1635,0.0000,-0.1801,0.1683,-0.0087,0.0398,0.0428,0.2091,-0.0951,1.3870,-1.3435,0.2208,-0.02050,-3.09650,-0.0158,-0.1061,-0.1210,-0.0040,0.00076,0.01327,1.3212,-1.2511
517,20.6800,0.1622,0.0000,-0.1837,0.1754,0.0128,0.0272,-0.0590,0.0182,-0.3454,1.3844,-1.3500,0.2206,-0.01797,-3.09665,0.0399,-0.0895,-0.0526,0.0473,-0.00202,0.00770,1.3184,-1.2576
518,20.7200,0.1609,0.0000,-0.1869,0.1758,0.0105,0.0245,-0.0501,-0.0211,-0.2254,1.3820,-1.3566,0.2204,-0.01752,-3.09225,0.0112,-0.0879,-0.0968,-0.0133,-0.00337,0.00726,1.3155,-1.2641
519,20.7600,0.1596,0.0000,-0.1898,0.1768,-0.0111,0.0366,0.0554,-0.0496,-0.1216,1.3791,-1.3630,0.2202,-0.01897,-3.09382,0.0031,-0.1015,-0.1280,0.0538,-0.00383,0.00974,1.3126,-1.2706
520,20.8000,0.1583,0.0000,-0.1932,0.1661,0.0067,0.0476,-0.0312,0.1646,-0.2025,1.3760,-1.3692,0.2205,-0.01670,-3.09702,0.0257,-0.1146,-0.0911,-0.0222,-0.00013,0.00972,1.3097,-1.2769
521,20.8400,0.1570,0.0000,-0.1968,0.1589,0.0036,0.0292,-0.0158,0.2865,-0.1848,1.3735,-1.3753,0.2207,-0.00651,-3.09491,-0.0017,-0.0882,-0.1034,0.0232,-0.00229,0.00930,1.3068,-1.2831
522,20.8800,0.1558,0.0000,-0.2005,0.1757,0.0121,0.0323,-0.0543,-0.0226,-0.3118,1.3709,-1.3816,0.2203,-0.00337,-3.09226,0.0560,-0.0876,-0.0691,0.0366,-0.00631,0.00421,1.3038,-1.2893
523,20.9200,0.1545,0.0000,-0.2040,0.1799,-0.0064,0.0477,0.0355,-0.0395,-0.2730,1.3679,-1.3880,0.2205,-0.00443,-3.09250,0.0184,-0.0927,-0.1084,0.0344,-0.00706,0.00477,1.3008,-1.2954
524,20.9600,0.1533,0.0000,-0.2073,0.1871,-0.0039,0.0406,0.0209,-0.1513,-0.2086,1.3643,-1.3945,0.2209,-0.00950,-3.09653,0.0252,-0.1102,-0.0971,-0.0080,-0.00634,0.00371,1.2978,-1.3014
525,21.0000,0.1520,0.0000,-0.2107,0.1816,0.0033,0.0358,-0.0143,-0.0530,-0.1864,1.3610,-1.4009,0.2210,-0.01329,-3.09763,0.0255,-0.1032,-0.1039,0.0251,-0.00375,0.00426,1.2948,-1.3073
526,21.0400,0.1507,0.0000,-0.2144,0.1782,0.0077,0.0159,-0.0363,-0.0023,-0.1957,1.3579,-1.4074,0.2206,-0.01417,-3.09617,0.0164,-0.0831,-0.0842,-0.0059,-0.00210,0.00535,1.2918,-1.3132
527,21.0800,0.1493,0.0000,-0.2185,0.1835,-0.0011,0.0343,0.0072,-0.1160,-0.1878,1.3547,-1.4138,0.2202,-0.01695,-3.09529,0.0239,-0.0936,-0.1050,0.0624,-0.00195,0.00645,1.2887,-1.3189
528,21.1200,0.1479,0.0000,-0.2230,0.1820,-0.0146,0.0458,0.0730,-0.0756,-0.1809,1.3509,-1.4200,0.2205,-0.02040,-3.10010,0.0120,-0.0932,-0.1199,0.0119,-0.00140,0.00989,1.2856,-1.3246
529,21.1600,0.1465,0.0000,-0.2279,0.1615,-0.0033,0.0470,0.0188,0.3181,-0.2449,1.3470,-1.4258,0.2211,-0.01447,-3.10579,0.0183,-0.1034,-0.1094,0.0052,0.00154,0.01147,1.2825,-1.3302
530,21.2000,0.1451,0.0000,-0.2331,0.1745,0.0060,0.0253,-0.0255,0.0154,-0.2553,1.3439,-1.4319,0.2210,-0.00892,-3.10482,0.0221,-0.0818,-0.0922,0.0315,-0.00396,0.00652,1.2794,-1.3357
531,21.2400,0.1437,0.0000,-0.2382,0.1804,0.0076,0.0338,-0.0327,-0.0911,-0.3151,1.3406,-1.4382,0.2207,-0.01160,-3.10349,0.0391,-0.0961,-0.0931,0.0362,-0.00277,0.00629,1.2763,-1.3411
532,21.2800,0.1422,0.0000,-0.2432,0.1834,-0.0088,0.0481,0.0459,-0.1349,-0.2438,1.3369,-1.4444,0.2211,-0.01593,-3.10478,0.0121,-0.1006,-0.1253,0.0439,-0.00157,0.00830,1.2731,-1.3465
533,21.3200,0.1408,0.0000,-0.2484,0.1787,-0.0124,0.0474,0.0630,-0.0381,-0.2984,1.3327,-1.4502,0.2216,-0.01954,-3.11081,0.0248,-0.1001,-0.1115,0.0431,0.00164,0.00995,1.2699,-1.3517
534,21.3600,0.1394,0.0000,-0.2535,0.1777,0.0040,0.0228,-0.0178,-0.0779,-0.2822,1.3288,-1.4562,0.2217,-0.02243,-3.11335,0.0171,-0.0917,-0.0886,0.0064,0.00428,0.00900,1.2667,-1.3569
535,21.4000,0.1379,0.0000,-0.2587,0.1608,0.0163,0.0267,-0.0774,0.2051,-0.3107,1.3255,-1.4621,0.2212,-0.01873,-3.11089,0.0382,-0.0857,-0.0958,0.0454,0.00565,0.01034,1.2635,-1.3619
536,21.4400,0.1364,0.0000,-0.2639,0.1525,0.0033,0.0233,-0.0142,0.3812,-0.2062,1.3223,-1.4677,0.2209,-0.00581,-3.10811,-0.0109,-0.0924,-0.1116,0.0128,0.00083,0.01001,1.2603,-1.3669
537,21.4800,0.1350,0.0000,-0.2694,0.1682,-0.0068,0.0238,0.0371,0.1235,-0.2437,1.3186,-1.4732,0.2202,0.00259,-3.10935,0.0095,-0.0831,-0.0827,0.0532,-0.00353,0.00435,1.2570,-1.3718
538,21.5200,0.1336,0.0000,-0.2754,0.1780,-0.0030,0.0480,0.0214,0.0139,-0.3519,1.3144,-1.4788,0.2202,0.00466,-3.11209,0.0372,-0.0767,-0.0958,0.0265,-0.00451,0.00307,1.2537,-1.3766
539,21.5600,0.1321,0.0000,-0.2814,0.1831,0.0053,0.0500,-0.0215,-0.0105,-0.2961,1.3103,-1.4848,0.2208,0.00396,-3.11234,0.0207,-0.1031,-0.0971,-0.0026,-0.00424,0.00394,1.2504,-1.3813
540,21.6000,0.1307,0.0000,-0.2875,0.2008,-0.0001,0.0481,0.0050,-0.3161,-0.3066,1.3060,-1.4911,0.2212,-0.00406,-3.11152,0.0453,-0.0900,-0.0965,0.0947,-0.00400,0.00497,1.2471,-1.3860
541,21.6400,0.1292,0.0000,-0.2938,0.2006,-0.0071,0.0416,0.0378,-0.2765,-0.3048,1.3012,-1.4973,0.2216,-0.01556,-3.11435,0.0342,-0.0873,-0.1251,0.0085,-0.00040,0.00948,1.2437,-1.3905
542,21.6800,0.1276,0.0000,-0.3004,0.1824,0.0080,0.0425,-0.0359,0.0658,-0.3490,1.2966,-1.5033,0.2219,-0.01901,-3.11570,0.0365,-0.1032,-0.1112,0.0260,0.00558,0.01239,1.2404,-1.3950
543,21.7200,0.1260,0.0000,-0.3071,0.1920,0.0220,0.0189,-0.1030,-0.2142,-0.4024,1.2926,-1.5097,0.2218,-0.02319,-3.11096,0.0512,-0.0787,-0.0760,0.0309,0.00266,0.00952,1.2370,-1.3993
544,21.7600,0.1244,0.0000,-0.3136,0.1725,-0.0046,0.0315,0.0248,0.1469,-0.2509,1.2883,-1.5155,0.2214,-0.02244,-3.11017,0.0170,-0.0942,-0.1418,0.0440,0.00488,0.01385,1.2336,-1.4036
545,21.8000,0.1228,0.0000,-0.3204,0.1826,0.0121,0.0150,-0.0545,-0.1185,-0.4801,1.2839,-1.5211,0.2209,-0.02431,-3.11015,0.0492,-0.0723,-0.0453,0.0063,0.00284,0.00933,1.2302,-1.4078
546,21.8400,0.1212,0.0000,-0.3272,0.1688,-0.0054,0.0253,0.0290,0.0932,-0.2602,1.2795,-1.5265,0.2205,-0.02310,-3.11049,-0.0054,-0.0889,-0.1319,0.0131,0.00292,0.01281,1.2267,-1.4119
547,21.8800,0.1197,0.0000,-0.3341,0.1777,0.0017,0.0361,-0.0057,-0.1383,-0.3351,1.2749,-1.5317,0.2203,-0.02607,-3.11189,0.0405,-0.0934,-0.0776,0.0492,0.00223,0.00929,1.2233,-1.4159
548,21.9200,0.1181,0.0000,-0.3416,0.1660,0.0046,0.0409,-0.0208,0.0278,-0.3239,1.2704,-1.5368,0.2207,-0.02739,-3.11223,0.0288,-0.0900,-0.1020,0.0011,0.00384,0.00966,1.2198,-1.4198
549,21.9600,0.1166,0.0000,-0.3494,0.1695,-0.0066,0.0361,0.0343,-0.1207,-0.2957,1.2660,-1.5417,0.2209,-0.02992,-3.11310,0.0155,-0.0945,-0.1091,0.0687,0.00152,0.00913,1.2163,-1.4237
550,22.0000,0.1150,0.0000,-0.3578,0.1578,-0.0027,0.0269,0.0151,0.0424,-0.3910,1.2613,-1.5463,0.2208,-0.03126,-3.11630,0.0269,-0.0783,-0.0860,0.0066,0.00239,0.01147,1.2128,-1.4274
551,22.0400,0.1136,0.0000,-0.3664,0.1563,0.0058,0.0423,-0.0258,-0.0388,-0.3360,1.2570,-1.5509,0.2210,-0.03135,-3.11636,0.0347,-0.0949,-0.1172,0.0474,0.00288,0.01094,1.2092,-1.4310
552,22.0800,0.1121,0.0000,-0.3753,0.1487,-0.0032,0.0317,0.0170,0.0421,-0.3166,1.2528,-1.5552,0.2212,-0.03122,-3.11721,0.0082,-0.0925,-0.1038,0.0291,0.00409,0.01214,1.2057,-1.4346
553,22.1200,0.1107,0.0000,-0.3846,0.1462,0.0104,0.0129,-0.0487,-0.0231,-0.3757,1.2486,-1.5595,0.2207,-0.03172,-3.11732,0.0233,-0.0825,-0.0738,0.0015,0.00336,0.00900,1.2021,-1.4380
554,22.1600,0.1094,0.0000,-0.3942,0.1288,0.0095,0.0361,-0.0424,0.2522,-0.4114,1.2449,-1.5636,0.2203,-0.02574,-3.11574,0.0195,-0.0875,-0.1090,0.0461,0.00342,0.01045,1.1985,-1.4414
555,22.2000,0.1081,0.0000,-0.4040,0.1319,0.0058,0.0454,-0.0229,0.1634,-0.4661,1.2413,-1.5675,0.2206,-0.01812,-3.11461,0.0410,-0.0814,-0.0768,0.0396,-0.00168,0.00686,1.1949,-1.4447
556,22.2400,0.1070,0.0000,-0.4135,0.1421,-0.0055,0.0412,0.0314,-0.0723,-0.4231,1.2372,-1.5712,0.2209,-0.01736,-3.11561,0.0457,-0.0772,-0.0957,0.0429,-0.00461,0.00487,1.1912,-1.4479
557,22.2800,0.1059,0.0000,-0.4230,0.1382,-0.0112,0.0334,0.0580,-0.0121,-0.3993,1.2326,-1.5745,0.2211,-0.01950,-3.11915,0.0068,-0.0962,-0.1076,0.0233,-0.00261,0.00517,1.1876,-1.4510
558,22.3200,0.1050,0.0000,-0.4322,0.1293,0.0053,0.0442,-0.0214,0.1296,-0.4509,1.2284,-1.5778,0.2212,-0.01714,-3.12083,0.0344,-0.0968,-0.0926,0.0450,-0.00041,0.00481,1.1839,-1.4540
559,22.3600,0.1040,0.0000,-0.4404,0.1341,0.0075,0.0281,-0.0324,-0.0001,-0.4266,1.2245,-1.5815,0.2213,-0.01506,-3.11951,0.0240,-0.0808,-0.0814,0.0368,-0.00297,0.00242,1.1802,-1.4569
560,22.4000,0.1032,0.0000,-0.4475,0.1452,0.0005,0.0209,0.0027,-0.2456,-0.4993,1.2203,-1.5850,0.2207,-0.02137,-3.11939,0.0283,-0.0763,-0.0884,0.0534,-0.00393,0.00184,1.1765,-1.4597
561,22.4400,0.1024,0.0000,-0.4538,0.1429,-0.0062,0.0389,0.0320,-0.2272,-0.3910,1.2157,-1.5882,0.2207,-0.03092,-3.12133,0.0192,-0.0880,-0.1048,0.0305,-0.00074,0.00656,1.1728,-1.4624
562,22.4800,0.1017,0.0000,-0.4594,0.1373,-0.0057,0.0387,0.0287,-0.2174,-0.3621,1.2111,-1.5911,0.2210,-0.03965,-3.12379,0.0157,-0.0916,-0.1267,0.0310,0.00143,0.00989,1.1690,-1.4650
563,22.5200,0.1010,0.0000,-0.4642,0.1155,0.0038,0.0419,-0.0179,0.1038,-0.4398,1.2070,-1.5939,0.2213,-0.04085,-3.12542,0.0287,-0.0860,-0.1089,0.0404,0.00567,0.01412,1.1652,-1.4675
564,22.5600,0.1003,0.0000,-0.4685,0.1154,0.0059,0.0135,-0.0271,-0.0440,-0.4833,1.2033,-1.5968,0.2211,-0.04028,-3.12491,0.0071,-0.0665,-0.0794,0.0391,0.00306,0.01020,1.1614,-1.4700
565,22.6000,0.0998,0.0000,-0.4723,0.1038,0.0041,0.0361,-0.0159,0.0793,-0.4576,1.1998,-1.5993,0.2207,-0.03927,-3.12511,0.0282,-0.0884,-0.1012,0.0644,0.00463,0.01105,1.1576,-1.4723
566,22.6400,0.0994,0.0000,-0.4756,0.0936,0.0010,0.0311,-0.0038,0.1913,-0.4487,1.1964,-1.6015,0.2208,-0.03328,-3.12567,0.0070,-0.0742,-0.0849,0.0195,0.00381,0.00945,1.1538,-1.4746
567,22.6800,0.0991,0.0000,-0.4786,0.0842,-0.0042,0.0230,0.0240,0.3036,-0.4441,1.1931,-1.6033,0.2204,-0.02292,-3.12710,0.0001,-0.0661,-0.0964,0.0485,0.00271,0.00685,1.1500,-1.4767
568,22.7200,0.0990,0.0000,-0.4811,0.0916,-0.0022,0.0182,0.0167,0.1167,-0.4028,1.1899,-1.6050,0.2198,-0.01563,-3.12831,-0.0013,-0.0598,-0.0786,0.0266,-0.00062,0.00298,1.1461,-1.4788
569,22.7600,0.0989,0.0000,-0.4834,0.0930,0.0088,0.0502,-0.0354,0.0973,-0.5567,1.1866,-1.6070,0.2196,-0.01206,-3.12825,0.0282,-0.0842,-0.0888,0.0605,-0.00023,0.00188,1.1422,-1.4807
570,22.8000,0.0990,0.0000,-0.4854,0.1031,-0.0078,0.0572,0.0431,-0.0729,-0.3909,1.1832,-1.6089,0.2206,-0.01188,-3.12840,-0.0025,-0.0928,-0.1197,0.0384,-0.00287,0.00211,1.1383,-1.4826
571,22.8400,0.0991,0.0000,-0.4871,0.1064,0.0028,0.0418,-0.0085,-0.1425,-0.5064,1.1794,-1.6106,0.2210,-0.01781,-3.13008,0.0298,-0.0955,-0.0875,0.0394,-0.00091,0.00137,1.1344,-1.4844
572,22.8800,0.0993,0.0000,-0.4887,0.0918,0.0098,0.0442,-0.0425,0.1293,-0.4873,1.1760,-1.6126,0.2214,-0.01665,-3.12926,0.0199,-0.0880,-0.0986,0.0508,0.00297,0.00521,1.1305,-1.4861
573,22.9200,0.0996,0.0000,-0.4900,0.1014,0.0089,0.0129,-0.0370,-0.0930,-0.5509,1.1726,-1.6146,0.2210,-0.01702,-3.12762,0.0291,-0.0522,-0.0631,0.0466,0.00120,0.00378,1.1265,-1.4876
574,22.9600,0.1000,0.0000,-0.4912,0.0945,-0.0051,0.0409,0.0314,0.0535,-0.3912,1.1691,-1.6161,0.2207,-0.01708,-3.12819,0.0116,-0.0912,-0.1311,0.0540,0.00219,0.00779,1.1226,-1.4891
575,23.0000,0.1005,0.0000,-0.4923,0.1090,0.0075,0.0359,-0.0321,-0.2568,-0.5225,1.1653,-1.6178,0.2208,-0.02339,-3.12844,0.0288,-0.0832,-0.0728,0.0245,0.00088,0.00442,1.1186,-1.4905
576,23.0400,0.1010,0.0000,-0.4932,0.0920,0.0062,0.0485,-0.0249,0.0379,-0.4853,1.1618,-1.6194,0.2211,-0.02632,-3.12800,0.0284,-0.0868,-0.1115,0.0515,0.00338,0.00884,1.1146,-1.4918
577,23.0800,0.1016,0.0000,-0.4940,0.0776,-0.0027,0.0249,0.0153,0.2907,-0.3506,1.1585,-1.6206,0.2212,-0.01850,-3.12859,-0.0079,-0.0807,-0.1044,0.0178,0.00479,0.00906,1.1105,-1.4930
578,23.1200,0.1023,0.0000,-0.4947,0.0910,0.0010,0.0204,0.0029,-0.0122,-0.4770,1.1553,-1.6218,0.2205,-0.01475,-3.12890,0.0170,-0.0719,-0.0870,0.0800,0.00048,0.00478,1.1065,-1.4941
579,23.1600,0.1031,0.0000,-0.4954,0.0974,-0.0028,0.0372,0.0182,-0.1219,-0.4181,1.1517,-1.6230,0.2203,-0.01806,-3.12973,0.0023,-0.0806,-0.0996,0.0222,-0.00037,0.00553,1.1024,-1.4952
580,23.2000,0.1039,0.0000,-0.4959,0.0832,0.0105,0.0433,-0.0465,0.1558,-0.5469,1.1482,-1.6241,0.2205,-0.01701,-3.12987,0.0215,-0.0848,-0.0803,0.0340,0.00182,0.00635,1.0984,-1.4961
581,23.2400,0.1048,0.0000,-0.4964,0.0925,-0.0083,0.0335,0.0473,-0.0458,-0.3966,1.1450,-1.6253,0.2207,-0.01489,-3.12951,-0.0085,-0.0705,-0.1091,0.0733,-0.00235,0.00267,1.0943,-1.4969
582,23.2800,0.1057,0.0000,-0.4968,0.0900,0.0107,0.0373,-0.0449,0.0053,-0.5318,1.1413,-1.6262,0.2205,-0.01702,-3.13039,0.0499,-0.0849,-0.0736,0.0094,-0.00009,0.00144,1.0902,-1.4976
583,23.3200,0.1068,0.0000,-0.4972,0.0814,0.0050,0.0441,-0.0199,0.1761,-0.4696,1.1381,-1.6274,0.2209,-0.01212,-3.12903,-0.0023,-0.0844,-0.1093,0.0580,0.00122,0.00383,1.0860,-1.4982
584,23.3600,0.1079,0.0000,-0.4976,0.0969,0.0021,0.0232,-0.0041,-0.1267,-0.5124,1.1346,-1.6284,0.2206,-0.01324,-3.12873,0.0251,-0.0673,-0.0657,0.0499,-0.00407,0.00091,1.0819,-1.4988
585,23.4000,0.1091,0.0000,-0.4979,0.0804,0.0062,0.0480,-0.0267,0.2294,-0.4835,1.1311,-1.6292,0.2206,-0.00999,-3.12886,0.0275,-0.0886,-0.0988,0.0466,-0.00006,0.00310,1.0777,-1.4992
586,23.4400,0.1104,0.0000,-0.4981,0.0880,0.0062,0.0280,-0.0237,0.1038,-0.5800,1.1277,-1.6303,0.2207,-0.00390,-3.12761,0.0203,-0.0576,-0.0688,0.0478,-0.00396,-0.00011,1.0735,-1.4995
587,23.4800,0.1117,0.0000,-0.4983,0.0976,-0.0074,0.0384,0.0412,-0.0334,-0.4126,1.1240,-1.6309,0.2206,-0.00339,-3.12814,0.0163,-0.0830,-0.1087,0.0641,-0.00437,-0.00047,1.0693,-1.4998
588,23.5200,0.1132,0.0000,-0.4985,0.1110,-0.0010,0.0315,0.0107,-0.2635,-0.4992,1.1199,-1.6313,0.2204,-0.01111,-3.12940,0.0163,-0.0780,-0.0860,0.0254,-0.00415,-0.00057,1.0651,-1.4999
589,23.5600,0.1146,0.0000,-0.4987,0.0926,0.0157,0.0493,-0.0714,0.1076,-0.4859,1.1159,-1.6321,0.2207,-0.01300,-3.12856,0.0283,-0.1007,-0.1086,0.0052,0.00237,0.00313,1.0609,-1.5000
590,23.6000,0.1161,0.0000,-0.4989,0.0940,-0.0005,0.0283,0.0070,0.0905,-0.4166,1.1122,-1.6329,0.2208,-0.00869,-3.12716,-0.0078,-0.0764,-0.1065,0.0539,-0.00222,0.00406,1.0566,-1.5000
591,23.6400,0.1176,0.0000,-0.4990,0.1061,-0.0119,0.0232,0.0631,-0.1199,-0.4101,1.1081,-1.6329,0.2203,-0.01079,-3.12907,-0.0023,-0.0796,-0.1001,0.0500,-0.00234,0.00388,1.0524,-1.4998
592,23.6800,0.1192,0.0000,-0.4991,0.0989,0.0068,0.0448,-0.0262,0.0369,-0.4369,1.1040,-1.6331,0.2203,-0.01230,-3.13028,0.0177,-0.0904,-0.1053,-0.0011,-0.00056,0.00465,1.0481,-1.4996
593,23.7200,0.1207,0.0000,-0.4992,0.1109,0.0135,0.0333,-0.0587,-0.2321,-0.4378,1.0999,-1.6340,0.2204,-0.01736,-3.12808,0.0180,-0.0784,-0.0891,0.0361,-0.00249,0.00288,1.0438,-1.4993
594,23.7600,0.1223,0.0000,-0.4993,0.0904,-0.0104,0.0354,0.0583,0.1877,-0.4342,1.0960,-1.6340,0.2203,-0.01592,-3.12909,-0.0069,-0.0718,-0.1425,0.0355,0.00112,0.01039,1.0395,-1.4988
595,23.8000,0.1240,0.0000,-0.4994,0.0985,0.0062,0.0422,-0.0241,0.0187,-0.4949,1.0920,-1.6341,0.2205,-0.01392,-3.12968,0.0283,-0.0846,-0.0656,0.0383,-0.00056,0.00586,1.0351,-1.4983
596,23.8400,0.1257,0.0000,-0.4995,0.1037,-0.0074,0.0345,0.0417,-0.0939,-0.4369,1.0881,-1.6341,0.2206,-0.01531,-3.13025,-0.0025,-0.0751,-0.1177,0.0476,-0.00134,0.00601,1.0308,-1.4977
597,23.8800,0.1274,0.0000,-0.4995,0.0880,-0.0035,0.0414,0.0218,0.2387,-0.4007,1.0841,-1.6337,0.2207,-0.01177,-3.13240,-0.0023,-0.0941,-0.1119,0.0215,0.00186,0.00848,1.0264,-1.4970
598,23.9200,0.1292,0.0000,-0.4996,0.0990,0.0143,0.0233,-0.0608,0.0010,-0.4701,1.0803,-1.6340,0.2205,-0.00852,-3.13101,0.0105,-0.0753,-0.0651,0.0370,-0.00164,0.00247,1.0220,-1.4962
599,23.9600,0.1311,0.0000,-0.4996,0.1028,-0.0049,0.0392,0.0336,-0.0260,-0.4665,1.0763,-1.6340,0.2202,-0.00876,-3.13056,-0.0003,-0.0779,-0.1181,0.0834,-0.00251,0.00555,1.0176,-1.4953
600,24.0000,0.1330,0.0000,-0.4997,0.1089,0.0036,0.0450,-0.0112,-0.0965,-0.5603,1.0720,-1.6336,0.2205,-0.01249,-3.13147,0.0183,-0.0871,-0.0814,0.0110,0.00000,0.00522,1.0132,-1.4942
601,24.0400,0.1350,0.0000,-0.4997,0.0944,-0.0002,0.0457,0.0072,0.2080,-0.4338,1.0679,-1.6333,0.2210,-0.00860,-3.13168,0.0003,-0.0867,-0.1181,0.0481,0.00224,0.00751,1.0088,-1.4932
602,24.0800,0.1370,0.0000,-0.4998,0.1037,0.0031,0.0115,-0.0098,0.0326,-0.3399,1.0639,-1.6330,0.2206,-0.00498,-3.13154,-0.0145,-0.0831,-0.0945,0.0053,-0.00193,0.00188,1.0043,-1.4920
603,24.1200,0.1391,0.0000,-0.4998,0.1089,0.0021,0.0378,-0.0020,-0.0151,-0.4504,1.0596,-1.6326,0.2200,-0.00535,-3.13132,-0.0018,-0.0916,-0.1061,0.0931,-0.00422,0.00132,0.9999,-1.4907
604,24.1600,0.1412,0.0000,-0.4998,0.1116,0.0008,0.0452,0.0018,0.0113,-0.4177,1.0552,-1.6321,0.2204,-0.00521,-3.13148,-0.0056,-0.0842,-0.0994,-0.0040,-0.00374,0.00338,0.9954,-1.4893
605,24.2000,0.1433,0.0000,-0.4998,0.1164,0.0136,0.0328,-0.0566,-0.0583,-0.5717,1.0506,-1.6317,0.2203,-0.00727,-3.13041,0.0243,-0.0771,-0.0735,0.0451,-0.00291,0.00124,0.9909,-1.4878
606,24.2400,0.1454,0.0000,-0.4999,0.1154,0.0142,0.0397,-0.0607,-0.0056,-0.5227,1.0459,-1.6315,0.2204,-0.00821,-3.12793,0.0188,-0.0858,-0.0970,0.0249,-0.00255,0.00297,0.9864,-1.4862
607,24.2800,0.1477,0.0000,-0.4999,0.1093,0.0015,0.0465,0.0014,0.1742,-0.4443,1.0414,-1.6310,0.2207,-0.00434,-3.12679,0.0189,-0.0916,-0.0975,0.0538,-0.00071,0.00449,0.9818,-1.4846
608,24.3200,0.1500,0.0000,-0.4999,0.1250,-0.0040,0.0257,0.0262,-0.0918,-0.4639,1.0367,-1.6299,0.2206,-0.00411,-3.12740,0.0046,-0.0830,-0.0893,0.0184,-0.00389,0.00088,0.9773,-1.4828
609,24.3600,0.1523,0.0000,-0.4999,0.1290,0.0078,0.0478,-0.0292,-0.1243,-0.5877,1.0318,-1.6289,0.2205,-0.00948,-3.12747,0.0312,-0.0978,-0.0919,0.0565,-0.00118,0.00129,0.9727,-1.4809
610,24.4000,0.1546,0.0000,-0.4999,0.1123,0.0004,0.0507,0.0163,0.1645,-0.4854,1.0271,-1.6278,0.2213,-0.00677,-3.12757,0.0157,-0.0770,-0.0918,0.0255,0.00016,0.00493,0.9682,-1.4790
611,24.4400,0.1570,0.0000,-0.4999,0.1149,0.0031,0.0294,0.0029,0.0544,-0.4559,1.0226,-1.6266,0.2213,-0.00342,-3.12792,0.0279,-0.0823,-0.0731,0.0252,-0.00123,0.00123,0.9636,-1.4769
612,24.4800,0.1595,0.0000,-0.4999,0.1287,-0.0047,0.0240,0.0403,-0.2821,-0.4146,1.0180,-1.6253,0.2208,-0.00936,-3.12839,0.0021,-0.0764,-0.0864,0.0338,-0.00347,-0.00103,0.9590,-1.4748
613,24.5200,0.1619,0.0000,-0.4999,0.1180,-0.0010,0.0593,0.0220,-0.1282,-0.4394,1.0135,-1.6236,0.2211,-0.01724,-3.13025,0.0267,-0.1011,-0.1103,0.0140,0.00327,0.00292,0.9544,-1.4726
614,24.5600,0.1644,0.0000,-0.4999,0.1084,-0.0005,0.0551,0.0195,-0.0302,-0.4721,1.0092,-1.6222,0.2221,-0.01997,-3.13120,0.0167,-0.0868,-0.0875,0.0265,0.00580,0.00522,0.9497,-1.4702
615,24.6000,0.1670,0.0000,-0.5000,0.0935,-0.0114,0.0317,0.0709,0.1562,-0.3992,1.0055,-1.6206,0.2224,-0.01660,-3.13357,0.0025,-0.0783,-0.0960,0.0285,0.00521,0.00458,0.9451,-1.4678
616,24.6400,0.1696,0.0000,-0.5000,0.1012,0.0009,0.0293,0.0160,-0.1035,-0.5703,1.0019,-1.6190,0.2220,-0.01728,-3.13544,0.0349,-0.0642,-0.0534,0.0571,0.00303,-0.00004,0.9404,-1.4653
617,24.6800,0.1723,0.0000,-0.5000,0.0963,0.0049,0.0498,-0.0068,-0.1166,-0.4957,0.9982,-1.6177,0.2223,-0.02131,-3.13591,0.0250,-0.0852,-0.0954,0.0029,0.00596,0.00151,0.9357,-1.4627
618,24.7200,0.1751,0.0000,-0.5000,0.0751,-0.0259,0.0485,0.1365,0.2069,-0.2656,0.9953,-1.6159,0.2230,-0.01746,-3.13954,-0.0360,-0.0970,-0.1440,0.0469,0.00604,0.00561,0.9310,-1.4600
619,24.7600,0.1780,0.0000,-0.5000,0.0727,0.0077,0.0253,-0.0216,0.1596,-0.5094,0.9926,-1.6142,0.2228,-0.01182,3.14055,0.0168,-0.0845,-0.0402,0.0070,0.00436,-0.00053,0.9263,-1.4572
620,24.8000,0.1810,0.0000,-0.5000,0.0799,0.0122,0.0288,-0.0477,0.0015,-0.6008,0.9896,-1.6134,0.2224,-0.00821,-3.14029,0.0223,-0.0503,-0.0662,0.0733,-0.00024,-0.00289,0.9216,-1.4543
621,24.8400,0.1841,0.0000,-0.4987,0.0776,-0.0101,0.0406,0.0546,0.1264,-0.3995,0.9867,-1.6120,0.2225,-0.00506,-3.14112,-0.0032,-0.0797,-0.1025,0.0349,-0.00025,-0.00149,0.9168,-1.4513
622,24.8800,0.1873,0.0000,-0.4958,0.0808,0.0028,0.0352,-0.0068,0.1102,-0.5199,0.9839,-1.6103,0.2224,-0.00113,3.14066,0.0112,-0.0803,-0.0706,0.0328,-0.00052,-0.00429,0.9121,-1.4482
623,24.9200,0.1907,0.0000,-0.4914,0.0915,0.0039,0.0284,-0.0092,-0.0460,-0.4674,0.9807,-1.6089,0.2223,-0.00032,3.14151,-0.0129,-0.0821,-0.0860,0.0251,-0.00225,-0.00578,0.9073,-1.4450
624,24.9600,0.1941,0.0000,-0.4856,0.0957,-0.0017,0.0482,0.0166,-0.0419,-0.4177,0.9774,-1.6070,0.2223,-0.00225,3.14115,0.0028,-0.1024,-0.1042,0.0514,-0.00282,-0.00552,0.9025,-1.4418
625,25.0000,0.1975,0.0000,-0.4788,0.0930,0.0043,0.0455,-0.0139,0.0864,-0.4226,0.9741,-1.6051,0.2228,-0.00091,3.14089,0.0056,-0.0905,-0.0881,0.0071,-0.00320,-0.00465,0.8977,-1.4384
626,25.0400,0.2009,0.0000,-0.4712,0.0998,0.0088,0.0364,-0.0362,0.0051,-0.4013,0.9705,-1.6034,0.2229,0.00049,-3.14095,0.0151,-0.0899,-0.0882,0.0430,-0.00452,-0.00469,0.8929,-1.4350
627,25.0800,0.2044,0.0000,-0.4629,0.1094,0.0041,0.0312,-0.0099,-0.1077,-0.5390,0.9668,-1.6014,0.2226,-0.00206,-3.13982,0.0083,-0.0782,-0.0867,0.0442,-0.00645,-0.00380,0.8881,-1.4314
628,25.1200,0.2079,0.0000,-0.4537,0.0978,0.0044,0.0526,-0.0133,0.2188,-0.3908,0.9632,-1.5992,0.2230,0.00138,-3.13971,0.0082,-0.1108,-0.1048,0.0043,-0.00306,-0.00035,0.8832,-1.4278
629,25.1600,0.2113,0.0000,-0.4437,0.1115,0.0049,0.0300,-0.0121,0.0258,-0.5621,0.9595,-1.5970,0.2230,0.00510,-3.13842,0.0252,-0.0676,-0.0450,0.0789,-0.00823,-0.00428,0.8784,-1.4241
630,25.2000,0.2149,0.0000,-0.4327,0.1115,-0.0173,0.0355,0.0917,0.1513,-0.3535,0.9560,-1.5941,0.2229,0.01008,-3.14069,-0.0144,-0.0854,-0.1250,0.0210,-0.00805,-0.00200,0.8735,-1.4202
631,25.2400,0.2184,0.0000,-0.4213,0.1184,0.0119,0.0430,-0.0481,0.1398,-0.4481,0.9522,-1.5911,0.2228,0.01409,3.14149,0.0227,-0.1101,-0.0625,0.0186,-0.00915,-0.00623,0.8686,-1.4163
632,25.2800,0.2218,0.0000,-0.4096,0.1339,0.0128,0.0343,-0.0534,-0.0569,-0.4051,0.9477,-1.5886,0.2229,0.01576,-3.13785,0.0148,-0.0781,-0.0790,0.0416,-0.01241,-0.00737,0.8637,-1.4123
633,25.3200,0.2253,0.0000,-0.3974,0.1354,0.0022,0.0499,-0.0012,0.0874,-0.4133,0.9433,-1.5854,0.2229,0.01670,-3.13674,0.0261,-0.1002,-0.1083,0.0442,-0.01231,-0.00499,0.8588,-1.4082
634,25.3600,0.2286,0.0000,-0.3852,0.1365,0.0068,0.0536,-0.0255,0.2399,-0.3449,0.9387,-1.5820,0.2235,0.02327,-3.13572,0.0052,-0.1263,-0.0930,0.0056,-0.01049,-0.00630,0.8539,-1.4041
635,25.4000,0.2320,0.0000,-0.3729,0.1685,-0.0003,0.0333,0.0110,-0.2462,-0.3871,0.9338,-1.5783,0.2235,0.02113,-3.13411,0.0294,-0.0848,-0.0779,0.0772,-0.01328,-0.01054,0.8490,-1.3998
636,25.4400,0.2352,0.0000,-0.3605,0.1802,0.0000,0.0393,0.0052,-0.3227,-0.2825,0.9286,-1.5738,0.2234,0.00899,-3.13479,0.0187,-0.1139,-0.1120,-0.0192,-0.00874,-0.00828,0.8440,-1.3954
637,25.4800,0.2383,0.0000,-0.3485,0.1720,0.0094,0.0457,-0.0396,-0.0521,-0.3712,0.9233,-1.5694,0.2236,0.00231,-3.13388,0.0238,-0.1049,-0.0961,0.0341,-0.00218,-0.00462,0.8390,-1.3910
638,25.5200,0.2413,0.0000,-0.3366,0.1725,0.0130,0.0521,-0.0563,0.0167,-0.4019,0.9178,-1.5652,0.2241,0.00224,-3.13082,0.0515,-0.0984,-0.0971,0.0435,-0.00073,-0.00390,0.8341,-1.3865
639,25.5600,0.2442,0.0000,-0.3244,0.1651,0.0148,0.0618,-0.0582,0.2613,-0.6214,0.9123,-1.5609,0.2248,0.00879,-3.12759,0.0971,-0.0824,-0.0885,0.0616,-0.00148,-0.00328,0.8291,-1.3818
640,25.6000,0.2470,0.0000,-0.3113,0.1682,-0.0139,0.0255,0.0754,0.3309,-0.3795,0.9074,-1.5561,0.2251,0.02142,-3.12744,0.0077,-0.0833,-0.1097,0.0041,-0.00495,-0.00579,0.8241,-1.3771
641,25.6400,0.2498,0.0000,-0.2973,0.1920,-0.0122,0.0138,0.0663,-0.0278,-0.2814,0.9026,-1.5505,0.2239,0.02468,-3.13122,0.0360,-0.0913,-0.0912,0.0446,-0.01086,-0.01144,0.8190,-1.3723
642,25.6800,0.2525,0.0000,-0.2838,0.1702,0.0086,0.0887,-0.0260,0.5918,-0.4606,0.8974,-1.5450,0.2244,0.03853,-3.13225,0.0752,-0.1202,-0.1441,0.0500,-0.00926,-0.00945,0.8140,-1.3674
643,25.7200,0.2552,0.0000,-0.2704,0.2177,-0.0032,0.0486,0.0257,-0.1425,-0.3073,0.8916,-1.5394,0.2255,0.04470,-3.12910,0.0294,-0.0916,-0.0953,0.0187,-0.01853,-0.01905,0.8090,-1.3625
644,25.7600,0.2577,0.0000,-0.2567,0.2012,0.0033,0.0687,0.0030,0.4391,-0.4872,0.8860,-1.5329,0.2257,0.05203,-3.13089,0.1215,-0.1067,-0.1337,0.0535,-0.01527,-0.01616,0.8039,-1.3574
645,25.8000,0.2601,0.0000,-0.2431,0.2338,0.0169,0.0650,-0.0622,0.0182,-0.4320,0.8794,-1.5266,0.2266,0.05947,-3.12520,0.0771,-0.1065,-0.1104,0.0196,-0.02143,-0.02464,0.7988,-1.3522
646,25.8400,0.2624,0.0000,-0.2288,0.2560,-0.0044,0.0586,0.0374,-0.1340,-0.3893,0.8728,-1.5192,0.2269,0.05583,-3.12306,0.0988,-0.1043,-0.1270,0.0828,-0.02195,-0.02199,0.7937,-1.3470
647,25.8800,0.2644,0.0000,-0.2144,0.2679,-0.0096,0.0442,0.0560,-0.0800,-0.2969,0.8663,-1.5109,0.2270,0.05094,-3.12525,0.0526,-0.1160,-0.1161,0.0041,-0.01844,-0.01887,0.7886,-1.3417
648,25.9200,0.2663,0.0000,-0.2003,0.2794,0.0036,0.0514,-0.0059,-0.0905,-0.3135,0.8595,-1.5023,0.2268,0.04696,-3.12559,0.0845,-0.1128,-0.1155,0.0640,-0.01582,-0.01744,0.7835,-1.3363
649,25.9600,0.2680,0.0000,-0.1866,0.2951,-0.0032,0.0535,0.0217,-0.1810,-0.2017,0.8522,-1.4933,0.2270,0.04161,-3.12486,0.0665,-0.1044,-0.1399,0.0369,-0.01427,-0.01302,0.7784,-1.3308
650,26.0000,0.2695,0.0000,-0.1736,0.2876,-0.0090,0.0358,0.0515,0.2240,-0.2094,0.8453,-1.4838,0.2267,0.04359,-3.12769,0.0412,-0.1074,-0.1323,0.0093,-0.01038,-0.00752,0.7733,-1.3252
651,26.0400,0.2708,0.0000,-0.1615,0.3109,0.0119,0.0517,-0.0474,-0.0661,-0.2673,0.8378,-1.4743,0.2264,0.04495,-3.12592,0.0908,-0.1055,-0.1047,0.0657,-0.01384,-0.01184,0.7681,-1.3195
652,26.0800,0.2719,0.0000,-0.1499,0.3330,-0.0008,0.0266,0.0102,-0.2775,-0.2102,0.8298,-1.4642,0.2260,0.03706,-3.12349,0.0302,-0.0971,-0.1061,-0.0003,-0.01272,-0.01001,0.7630,-1.3138
653,26.1200,0.2728,0.0000,-0.1387,0.3378,-0.0015,0.0127,0.0107,-0.1840,-0.1623,0.8220,-1.4533,0.2247,0.02695,-3.12454,0.0248,-0.1016,-0.0735,0.0146,-0.00714,-0.00537,0.7578,-1.3080
654,26.1600,0.2734,0.0000,-0.1283,0.3381,0.0064,0.0402,-0.0286,-0.0555,-0.1227,0.8140,-1.4426,0.2240,0.02316,-3.12354,0.0422,-0.0978,-0.1063,0.0290,-0.00544,-0.00121,0.7526,-1.3020
655,26.2000,0.2739,0.0000,-0.1188,0.3494,0.0003,0.0423,0.0014,-0.1222,-0.1416,0.8057,-1.4316,0.2239,0.01933,-3.12208,0.0277,-0.0984,-0.1019,0.0149,-0.00512,0.00136,0.7474,-1.2961
656,26.2400,0.2742,0.0000,-0.1102,0.3697,-0.0112,0.0453,0.0551,-0.4137,-0.0662,0.7976,-1.4199,0.2240,0.00733,-3.12390,0.0350,-0.1058,-0.1154,0.0377,-0.00466,0.00273,0.7422,-1.2900
657,26.2800,0.2743,0.0000,-0.1025,0.3646,0.0141,0.0308,-0.0664,-0.2615,-0.2026,0.7892,-1.4080,0.2240,-0.00649,-3.12431,0.0715,-0.0882,-0.0626,-0.0284,0.00311,0.00811,0.7370,-1.2838
658,26.3200,0.2743,0.0000,-0.0953,0.3514,-0.0006,0.0309,0.0028,-0.0060,-0.0640,0.7808,-1.3967,0.2240,-0.00934,-3.12165,0.0129,-0.0946,-0.1454,0.0378,0.00389,0.01302,0.7318,-1.2775
659,26.3600,0.2741,0.0000,-0.0888,0.3590,-0.0004,0.0225,0.0021,-0.1501,-0.0824,0.7727,-1.3850,0.2236,-0.01396,-3.12222,0.0290,-0.1085,-0.0885,0.0009,0.00486,0.01263,0.7265,-1.2712
660,26.4000,0.2738,0.0000,-0.0831,0.3612,-0.0112,0.0222,0.0538,-0.2351,-0.0085,0.7647,-1.3732,0.2233,-0.02161,-3.12424,0.0060,-0.0972,-0.1091,0.0304,0.00671,0.01296,0.7213,-1.2648
661,26.4400,0.2734,0.0000,-0.0782,0.3486,-0.0029,0.0436,0.0141,-0.0266,-0.0536,0.7570,-1.3614,0.2235,-0.02620,-3.12760,0.0480,-0.1006,-0.1026,0.0297,0.00987,0.01587,0.7160,-1.2583
662,26.4800,0.2729,0.0000,-0.0742,0.3362,0.0111,0.0361,-0.0550,0.1339,-0.0398,0.7491,-1.3503,0.2241,-0.02288,-3.12607,0.0382,-0.1005,-0.1144,-0.0192,0.01177,0.01571,0.7107,-1.2517
663,26.5200,0.2724,0.0000,-0.0709,0.3470,0.0071,0.0144,-0.0350,-0.1697,-0.0650,0.7409,-1.3393,0.2238,-0.02509,-3.12219,0.0247,-0.1051,-0.0988,0.0358,0.00769,0.01154,0.7054,-1.2451
664,26.5600,0.2718,0.0000,-0.0680,0.3495,-0.0049,0.0285,0.0238,-0.2949,-0.0681,0.7331,-1.3280,0.2236,-0.03473,-3.12240,0.0418,-0.1004,-0.1114,0.0337,0.00830,0.01312,0.7001,-1.2384
665,26.6000,0.2712,0.0000,-0.0656,0.3331,-0.0174,0.0259,0.0840,-0.0685,-0.0404,0.7260,-1.3165,0.2238,-0.04072,-3.12742,0.0008,-0.1000,-0.1315,-0.0042,0.01073,0.01619,0.6948,-1.2316
666,26.6400,0.2707,0.0000,-0.0635,0.3109,0.0102,0.0174,-0.0495,0.2279,-0.0892,0.7189,-1.3058,0.2236,-0.03705,-3.12938,0.0241,-0.1048,-0.0858,-0.0170,0.01250,0.01654,0.6895,-1.2247
667,26.6800,0.2701,0.0000,-0.0616,0.3067,0.0213,0.0189,-0.1047,0.1738,-0.0340,0.7112,-1.2959,0.2232,-0.02883,-3.12260,0.0143,-0.1133,-0.0982,0.0211,0.00991,0.01362,0.6842,-1.2177
668,26.7200,0.2696,0.0000,-0.0601,0.3120,-0.0010,0.0109,0.0043,0.0015,0.0016,0.7039,-1.2859,0.2226,-0.02563,-3.11900,0.0002,-0.0981,-0.1015,0.0035,0.00459,0.01175,0.6788,-1.2107
669,26.7600,0.2692,0.0000,-0.0591,0.3110,-0.0083,0.0335,0.0431,-0.0129,-0.1197,0.6972,-1.2755,0.2223,-0.02635,-3.12149,0.0220,-0.0981,-0.0901,0.0292,0.00478,0.01224,0.6735,-1.2035
670,26.8000,0.2688,0.0000,-0.0582,0.2933,0.0051,0.0445,-0.0240,0.2978,-0.0993,0.6905,-1.2653,0.2228,-0.01950,-3.12273,0.0111,-0.1164,-0.0971,-0.0451,0.00461,0.01266,0.6681,-1.1963
671,26.8400,0.2685,0.0000,-0.0571,0.2997,0.0102,0.0220,-0.0490,0.1150,-0.0801,0.6835,-1.2556,0.2228,-0.01211,-3.11902,-0.0020,-0.1198,-0.0915,0.0046,-0.00037,0.00591,0.6627,-1.1890
672,26.8800,0.2683,0.0000,-0.0560,0.3136,0.0032,0.0334,-0.0172,-0.1716,0.0165,0.6764,-1.2455,0.2225,-0.01438,-3.11633,0.0262,-0.1204,-0.1012,0.0151,-0.00227,0.00342,0.6573,-1.1817
673,26.9200,0.2681,0.0000,-0.0553,0.3098,-0.0065,0.0470,0.0323,-0.0908,-0.0271,0.6697,-1.2352,0.2229,-0.01901,-3.11757,0.0274,-0.1108,-0.1182,0.0050,0.00017,0.00531,0.6519,-1.1743
674,26.9600,0.2679,0.0000,-0.0551,0.3006,-0.0096,0.0326,0.0467,0.0650,-0.0036,0.6634,-1.2248,0.2233,-0.01881,-3.12096,0.0001,-0.1090,-0.1141,-0.0226,0.00008,0.00709,0.6465,-1.1668
675,27.0000,0.2678,0.0000,-0.0551,0.3063,0.0018,0.0202,-0.0088,-0.1034,-0.0237,0.6567,-1.2146,0.2230,-0.02091,-3.12191,0.0096,-0.1145,-0.0829,0.0201,0.00067,0.00396,0.6411,-1.1592
676,27.0400,0.2678,0.0000,-0.0554,0.3044,0.0006,0.0354,-0.0025,-0.1130,-0.0414,0.6500,-1.2046,0.2229,-0.02451,-3.12140,0.0303,-0.0977,-0.1138,0.0243,0.00305,0.00603,0.6357,-1.1515
677,27.0800,0.2678,0.0000,-0.0558,0.2916,0.0118,0.0333,-0.0576,0.1074,-0.0662,0.6433,-1.1948,0.2232,-0.02442,-3.11974,0.0166,-0.1245,-0.0900,-0.0390,0.00654,0.00707,0.6302,-1.1438
678,27.1200,0.2678,0.0000,-0.0562,0.2883,0.0059,0.0196,-0.0289,0.1068,-0.0462,0.6365,-1.1853,0.2230,-0.01967,-3.11594,-0.0024,-0.1128,-0.0993,0.0138,0.00244,0.00553,0.6248,-1.1360
679,27.1600,0.2680,0.0000,-0.0565,0.2864,0.0094,0.0243,-0.0459,0.1310,-0.0635,0.6299,-1.1758,0.2225,-0.01519,-3.11358,0.0142,-0.1245,-0.0900,-0.0331,-0.00023,0.00328,0.6193,-1.1281
680,27.2000,0.2682,0.0000,-0.0569,0.2917,-0.0085,0.0513,0.0444,0.0351,-0.0985,0.6236,-1.1662,0.2227,-0.01159,-3.11293,0.0213,-0.1077,-0.1151,0.0629,-0.00336,0.00450,0.6138,-1.1202
681,27.2400,0.2684,0.0000,-0.0571,0.3044,-0.0238,0.0322,0.1152,-0.1959,0.0302,0.6177,-1.1558,0.2232,-0.01609,-3.11940,-0.0112,-0.1165,-0.1030,-0.0331,-0.00318,0.00323,0.6084,-1.1122
682,27.2800,0.2687,0.0000,-0.0573,0.2795,0.0057,0.0426,-0.0268,0.2749,-0.0502,0.6118,-1.1457,0.2232,-0.01313,-3.12401,0.0299,-0.1284,-0.1163,-0.0163,0.00186,0.00638,0.6029,-1.1041
683,27.3200,0.2690,0.0000,-0.0579,0.2906,0.0286,0.0291,-0.1387,0.0339,-0.1202,0.6047,-1.1366,0.2234,-0.00792,-3.11544,0.0206,-0.1186,-0.0727,-0.0026,-0.00345,0.00068,0.5974,-1.0959
684,27.3600,0.2694,0.0000,-0.0580,0.3002,0.0007,0.0184,-0.0026,-0.1379,-0.0568,0.5978,-1.1271,0.2228,-0.01018,-3.11006,0.0111,-0.1077,-0.1064,0.0104,-0.00618,0.00191,0.5919,-1.0877
685,27.4000,0.2699,0.0000,-0.0581,0.3024,-0.0089,0.0436,0.0440,-0.1483,-0.0293,0.5916,-1.1168,0.2228,-0.01646,-3.11249,0.0196,-0.1307,-0.1059,0.0020,-0.00393,0.00356,0.5864,-1.0794
686,27.4400,0.2703,0.0000,-0.0582,0.2902,-0.0020,0.0442,0.0102,0.0796,-0.0377,0.5855,-1.1067,0.2234,-0.01666,-3.11496,0.0179,-0.1198,-0.1091,-0.0300,0.00097,0.00643,0.5808,-1.0710
687,27.4800,0.2708,0.0000,-0.0584,0.3012,-0.0021,0.0241,0.0103,-0.1844,-0.0351,0.5792,-1.0968,0.2234,-0.01988,-3.11481,0.0020,-0.1234,-0.1057,0.0166,-0.00093,0.00292,0.5753,-1.0626
688,27.5200,0.2713,0.0000,-0.0587,0.2863,0.0114,0.0382,-0.0554,0.0896,-0.0700,0.5728,-1.0870,0.2233,-0.02098,-3.11399,0.0488,-0.1210,-0.0918,-0.0159,0.00420,0.00659,0.5697,-1.0541
689,27.5600,0.2719,0.0000,-0.0590,0.2880,-0.0060,0.0157,0.0281,0.0015,0.0320,0.5665,-1.0774,0.2232,-0.01843,-3.11204,-0.0149,-0.1026,-0.1170,-0.0059,-0.00100,0.00695,0.5642,-1.0455
690,27.6000,0.2725,0.0000,-0.0593,0.2870,-0.0007,0.0236,0.0049,0.0096,-0.0649,0.5606,-1.0675,0.2226,-0.01929,-3.11427,0.0149,-0.1267,-0.0908,-0.0080,0.00083,0.00526,0.5586,-1.0369
691,27.6400,0.2731,0.0000,-0.0599,0.2829,-0.0055,0.0416,0.0277,0.0766,-0.0328,0.5546,-1.0579,0.2227,-0.01659,-3.11499,-0.0136,-0.1248,-0.1214,-0.0019,0.00147,0.00611,0.5531,-1.0282
692,27.6800,0.2738,0.0000,-0.0604,0.2870,-0.0027,0.0409,0.0133,-0.0215,-0.0149,0.5487,-1.0481,0.2231,-0.01600,-3.11672,0.0210,-0.1238,-0.1122,-0.0162,0.00082,0.00466,0.5475,-1.0194
693,27.7200,0.2745,0.0000,-0.0610,0.2971,-0.0203,0.0303,0.0999,-0.2605,-0.0233,0.5429,-1.0381,0.2232,-0.02203,-3.12067,0.0026,-0.0949,-0.1257,0.0431,-0.00080,0.00571,0.5419,-1.0106
694,27.7600,0.2753,0.0000,-0.0616,0.2850,0.0064,0.0360,-0.0302,-0.0595,-0.0886,0.5372,-1.0281,0.2234,-0.02880,-3.12456,0.0356,-0.1222,-0.0911,-0.0409,0.00714,0.00845,0.5363,-1.0017
695,27.8000,0.2761,0.0000,-0.0621,0.2720,0.0087,0.0146,-0.0434,0.1009,-0.0138,0.5309,-1.0189,0.2232,-0.02659,-3.12073,-0.0068,-0.0955,-0.0882,0.0182,0.00841,0.00991,0.5307,-0.9927
696,27.8400,0.2769,0.0000,-0.0624,0.2730,-0.0117,0.0090,0.0577,0.0350,-0.0126,0.5252,-1.0096,0.2223,-0.02384,-3.12162,-0.0128,-0.0910,-0.1019,0.0419,0.00423,0.00961,0.5251,-0.9837
697,27.8800,0.2778,0.0000,-0.0630,0.2782,0.0026,0.0353,-0.0115,-0.0871,-0.1009,0.5196,-1.0001,0.2220,-0.02626,-3.12367,0.0091,-0.1176,-0.0755,-0.0061,0.00472,0.00663,0.5194,-0.9746
698,27.9200,0.2787,0.0000,-0.0634,0.2585,0.0189,0.0441,-0.0913,0.2609,-0.1710,0.5136,-0.9912,0.2225,-0.02117,-3.11994,0.0321,-0.1012,-0.0736,-0.0160,0.00807,0.00851,0.5138,-0.9654
699,27.9600,0.2797,0.0000,-0.0631,0.2655,-0.0016,0.0086,0.0072,0.0798,-0.0143,0.5077,-0.9824,0.2222,-0.01441,-3.11579,-0.0214,-0.0937,-0.0905,0.0003,0.00253,0.00505,0.5082,-0.9562
700,28.0000,0.2808,0.0000,-0.0626,0.2761,-0.0200,0.0294,0.0992,-0.1091,-0.0074,0.5025,-0.9729,0.2215,-0.01621,-3.12081,-0.0157,-0.1169,-0.1145,0.0449,0.00063,0.00531,0.5025,-0.9470
701,28.0400,0.2819,0.0000,-0.0625,0.2618,0.0122,0.0478,-0.0592,0.2065,-0.1043,0.4972,-0.9635,0.2219,-0.01397,-3.12322,0.0088,-0.1229,-0.0616,-0.0682,0.00491,0.00465,0.4969,-0.9376
702,28.0800,0.2831,0.0000,-0.0622,0.2680,0.0086,0.0205,-0.0409,0.0587,-0.0936,0.4911,-0.9547,0.2219,-0.00829,-3.11751,-0.0146,-0.0930,-0.0860,0.0221,0.00029,0.00359,0.4912,-0.9282
703,28.1200,0.2843,0.0000,-0.0615,0.2733,-0.0026,0.0311,0.0128,0.0125,-0.0226,0.4855,-0.9454,0.2214,-0.00751,-3.11718,0.0045,-0.1105,-0.0862,0.0023,-0.00202,0.00218,0.4855,-0.9188
704,28.1600,0.2856,0.0000,-0.0610,0.2757,0.0057,0.0452,-0.0281,0.0085,-0.0290,0.4798,-0.9360,0.2216,-0.00730,-3.11658,0.0092,-0.1184,-0.0837,-0.0204,-0.00210,0.00070,0.4798,-0.9092
705,28.2000,0.2868,0.0000,-0.0606,0.2755,-0.0032,0.0335,0.0162,0.0530,-0.0425,0.4741,-0.9266,0.2218,-0.00551,-3.11601,-0.0147,-0.1066,-0.0990,-0.0087,-0.00370,0.00159,0.4741,-0.8997
706,28.2400,0.2881,0.0000,-0.0602,0.2697,0.0071,0.0493,-0.0335,0.2414,-0.0869,0.4684,-0.9172,0.2219,0.00039,-3.11575,0.0277,-0.1167,-0.0678,0.0112,-0.00294,0.00251,0.4685,-0.8900
707,28.2800,0.2894,0.0000,-0.0597,0.2944,-0.0072,0.0501,0.0360,-0.1939,-0.0335,0.4625,-0.9076,0.2225,0.00068,-3.11428,0.0187,-0.1024,-0.1134,0.0393,-0.00710,-0.00129,0.4627,-0.8804
708,28.3200,0.2907,0.0000,-0.0592,0.2920,-0.0073,0.0354,0.0374,-0.0475,-0.0801,0.4570,-0.8972,0.2227,-0.00482,-3.11883,0.0050,-0.1216,-0.0830,-0.0368,-0.00368,0.00017,0.4570,-0.8706
709,28.3600,0.2920,0.0000,-0.0587,0.2902,-0.0120,0.0354,0.0585,0.0231,-0.0018,0.4514,-0.8870,0.2227,-0.00449,-3.12211,-0.0209,-0.1113,-0.1085,0.0474,-0.00325,0.00111,0.4513,-0.8608
710,28.4000,0.2933,0.0000,-0.0582,0.2928,0.0095,0.0433,-0.0465,0.0336,-0.0351,0.4456,-0.8769,0.2229,-0.00401,-3.12283,0.0214,-0.1305,-0.0850,-0.0104,-0.00201,-0.00069,0.4456,-0.8510
711,28.4400,0.2945,0.0000,-0.0578,0.2954,-0.0018,0.0264,0.0072,0.0332,0.0396,0.4394,-0.8669,0.2228,-0.00189,-3.12060,-0.0195,-0.1048,-0.1025,0.0142,-0.00389,0.00048,0.4399,-0.8410
712,28.4800,0.2958,0.0000,-0.0577,0.2993,0.0027,0.0235,-0.0111,0.0373,-0.1097,0.4334,-0.8566,0.2222,-0.00119,-3.12111,0.0140,-0.0978,-0.0668,0.0106,-0.00474,0.00149,0.4341,-0.8311
713,28.5200,0.2970,0.0000,-0.0576,0.3034,0.0077,0.0491,-0.0385,0.0330,-0.0130,0.4271,-0.8463,0.2223,0.00044,-3.11852,0.0039,-0.1271,-0.1028,-0.0064,-0.00345,0.00101,0.4284,-0.8211
714,28.5600,0.2982,0.0000,-0.0575,0.3111,-0.0127,0.0425,0.0617,-0.0260,0.0146,0.4210,-0.8356,0.2227,0.00062,-3.11953,-0.0083,-0.1102,-0.1050,0.0370,-0.00674,0.00179,0.4226,-0.8110
715,28.6000,0.2993,0.0000,-0.0575,0.3153,-0.0045,0.0332,0.0232,-0.0257,-0.0734,0.4150,-0.8245,0.2226,-0.00107,-3.12372,0.0129,-0.1022,-0.0722,-0.0029,-0.00479,0.00191,0.4169,-0.8009
716,28.6400,0.3004,0.0000,-0.0575,0.3156,0.0143,0.0464,-0.0707,0.0212,-0.0053,0.4085,-0.8138,0.2228,-0.00100,-3.12128,0.0195,-0.1268,-0.0959,0.0020,-0.00373,0.00165,0.4111,-0.7907
717,28.6800,0.3015,0.0000,-0.0575,0.3164,0.0195,0.0332,-0.0943,0.0757,-0.1206,0.4014,-0.8032,0.2228,0.00117,-3.11413,0.0375,-0.0968,-0.0637,0.0089,-0.00355,0.00255,0.4053,-0.7805
718,28.7200,0.3025,0.0000,-0.0573,0.3341,-0.0085,0.0320,0.0413,-0.2010,-0.0388,0.3947,-0.7922,0.2227,-0.00183,-3.11154,0.0081,-0.1020,-0.1090,0.0366,-0.00511,0.00254,0.3995,-0.7702
719,28.7600,0.3035,0.0000,-0.0569,0.3381,-0.0166,0.0484,0.0798,-0.2007,0.0228,0.3887,-0.7803,0.2229,-0.01049,-3.11800,0.0271,-0.1150,-0.0973,0.0086,-0.00102,0.00467,0.3938,-0.7599
720,28.8000,0.3044,0.0000,-0.0568,0.3354,-0.0146,0.0451,0.0722,-0.1357,-0.0964,0.3827,-0.7684,0.2235,-0.01664,-3.12441,0.0117,-0.1012,-0.1119,0.0408,0.00243,0.00568,0.3880,-0.7495
721,28.8400,0.3052,0.0000,-0.0566,0.3188,0.0114,0.0350,-0.0553,0.1919,-0.0845,0.3763,-0.7569,0.2239,-0.01475,-3.12572,0.0222,-0.1199,-0.0910,-0.0315,0.00592,0.00632,0.3822,-0.7391
722,28.8800,0.3060,0.0000,-0.0560,0.3248,0.0166,0.0214,-0.0808,0.0422,-0.1130,0.3692,-0.7461,0.2236,-0.01030,-3.11864,0.0214,-0.1047,-0.0896,0.0516,0.00209,0.00216,0.3764,-0.7286
723,28.9200,0.3068,0.0000,-0.0551,0.3282,-0.0072,0.0213,0.0341,0.0193,-0.0275,0.3627,-0.7348,0.2230,-0.00872,-3.11750,-0.0009,-0.1029,-0.1142,-0.0020,-0.00146,0.00419,0.3705,-0.7181
724,28.9600,0.3076,0.0000,-0.0541,0.3343,-0.0040,0.0495,0.0198,-0.0657,-0.0206,0.3565,-0.7231,0.2231,-0.01072,-3.12015,0.0327,-0.1215,-0.0964,0.0347,-0.00255,0.00226,0.3647,-0.7076
725,29.0000,0.3083,0.0000,-0.0533,0.3132,0.0125,0.0427,-0.0584,0.3858,-0.1685,0.3500,-0.7117,0.2236,-0.00241,-3.11924,0.0336,-0.1006,-0.0863,-0.0323,-0.00100,0.00486,0.3589,-0.6970
726,29.0400,0.3091,0.0000,-0.0521,0.3234,0.0096,0.0231,-0.0457,0.2286,-0.0969,0.3432,-0.7007,0.2233,0.00926,-3.11313,0.0043,-0.1109,-0.0864,0.0228,-0.00653,0.00119,0.3531,-0.6863
727,29.0800,0.3098,0.0000,-0.0504,0.3433,0.0060,0.0405,-0.0278,-0.0601,-0.1247,0.3364,-0.6890,0.2229,0.01084,-3.10984,0.0485,-0.1140,-0.0752,0.0352,-0.00951,-0.00231,0.3472,-0.6756
728,29.1200,0.3105,0.0000,-0.0484,0.3518,-0.0088,0.0571,0.0421,-0.0956,-0.0232,0.3299,-0.6768,0.2234,0.00773,-3.11067,0.0167,-0.1263,-0.1065,0.0084,-0.00905,-0.00235,0.3414,-0.6649
729,29.1600,0.3111,0.0000,-0.0465,0.3588,-0.0068,0.0449,0.0333,-0.1447,-0.0639,0.3235,-0.6641,0.2238,0.00230,-3.11443,0.0370,-0.1125,-0.0853,0.0186,-0.00629,-0.00115,0.3356,-0.6541
730,29.2000,0.3116,0.0000,-0.0447,0.3488,-0.0045,0.0249,0.0212,0.1217,-0.0164,0.3171,-0.6515,0.2237,0.00334,-3.11737,0.0130,-0.0947,-0.1018,-0.0142,-0.00294,0.00280,0.3297,-0.6433
731,29.2400,0.3121,0.0000,-0.0430,0.3553,0.0096,0.0323,-0.0471,0.0611,-0.0448,0.3102,-0.6391,0.2232,0.00621,-3.11574,0.0301,-0.1127,-0.0848,0.0276,-0.00577,0.00080,0.3239,-0.6324
732,29.2800,0.3126,0.0000,-0.0415,0.3802,0.0054,0.0420,-0.0262,-0.3593,-0.0646,0.3029,-0.6265,0.2232,-0.00126,-3.11134,0.0411,-0.1048,-0.0861,0.0343,-0.00764,-0.00129,0.3180,-0.6215
733,29.3200,0.3129,0.0000,-0.0400,0.3717,-0.0082,0.0295,0.0386,-0.1249,-0.0154,0.2961,-0.6132,0.2233,-0.00996,-3.11366,0.0252,-0.0937,-0.0940,-0.0284,-0.00263,0.00479,0.3121,-0.6106
734,29.3600,0.3132,0.0000,-0.0385,0.3665,-0.0069,0.0242,0.0321,-0.0365,0.0264,0.2895,-0.6001,0.2230,-0.01262,-3.11704,0.0093,-0.1013,-0.1125,0.0081,-0.00229,0.00694,0.3063,-0.5996
735,29.4000,0.3135,0.0000,-0.0375,0.3651,0.0044,0.0329,-0.0219,-0.0046,-0.0492,0.2826,-0.5872,0.2228,-0.01385,-3.11747,0.0188,-0.1113,-0.0833,0.0143,-0.00184,0.00736,0.3004,-0.5886
736,29.4400,0.3136,0.0000,-0.0367,0.3635,-0.0105,0.0389,0.0488,0.0344,0.0557,0.2759,-0.5743,0.2231,-0.01240,-3.11863,-0.0138,-0.1189,-0.1252,0.0206,-0.00247,0.00917,0.2945,-0.5775
737,29.4800,0.3138,0.0000,-0.0361,0.3721,0.0072,0.0363,-0.0361,-0.1415,-0.0161,0.2690,-0.5613,0.2232,-0.01617,-3.11961,0.0433,-0.1188,-0.0749,-0.0011,-0.00322,0.00603,0.2886,-0.5664
738,29.5200,0.3139,0.0000,-0.0358,0.3596,-0.0072,0.0211,0.0316,0.0879,0.1198,0.2621,-0.5485,0.2232,-0.01530,-3.11981,-0.0230,-0.1068,-0.1262,-0.0082,-0.00075,0.00962,0.2827,-0.5553
739,29.5600,0.3140,0.0000,-0.0360,0.3732,0.0074,0.0186,-0.0363,-0.2059,-0.0534,0.2551,-0.5356,0.2226,-0.01974,-3.11955,0.0373,-0.0976,-0.0628,0.0291,0.00027,0.00682,0.2768,-0.5441
740,29.6000,0.3140,0.0000,-0.0365,0.3660,-0.0058,0.0358,0.0266,-0.0849,0.0314,0.2481,-0.5228,0.2227,-0.02397,-3.11943,0.0011,-0.1016,-0.1300,-0.0044,0.00186,0.01066,0.2709,-0.5329
741,29.6400,0.3140,0.0000,-0.0370,0.3658,-0.0085,0.0294,0.0396,-0.1331,0.0433,0.2415,-0.5098,0.2229,-0.02885,-3.12288,0.0132,-0.1037,-0.1033,0.0046,0.00308,0.01148,0.2650,-0.5217
742,29.6800,0.3140,0.0000,-0.0377,0.3535,-0.0094,0.0376,0.0445,0.0343,0.0445,0.2350,-0.4971,0.2231,-0.02977,-3.12699,0.0094,-0.1057,-0.1283,0.0277,0.00482,0.01414,0.2591,-0.5104
743,29.7200,0.3140,0.0000,-0.0388,0.3433,0.0018,0.0251,-0.0090,0.1689,-0.0065,0.2285,-0.4847,0.2233,-0.02551,-3.12869,-0.0018,-0.1076,-0.0975,-0.0092,0.00554,0.01274,0.2532,-0.4991
744,29.7600,0.3140,0.0000,-0.0399,0.3478,0.0070,0.0227,-0.0351,0.0071,-0.0280,0.2216,-0.4727,0.2230,-0.02266,-3.12616,0.0049,-0.1097,-0.0981,0.0336,0.00289,0.01046,0.2473,-0.4878
745,29.8000,0.3140,0.0000,-0.0409,0.3415,0.0123,0.0220,-0.0617,0.1037,-0.0311,0.2146,-0.4607,0.2227,-0.02024,-3.12273,0.0153,-0.1042,-0.0817,-0.0239,0.00313,0.01033,0.2414,-0.4764
746,29.8400,0.3141,0.0000,-0.0417,0.3514,0.0015,0.0296,-0.0075,-0.1284,-0.0524,0.2076,-0.4488,0.2225,-0.02139,-3.11913,0.0063,-0.1072,-0.1018,0.0509,-0.00106,0.00863,0.2354,-0.4651
747,29.8800,0.3141,0.0000,-0.0423,0.3488,-0.0004,0.0373,0.0006,-0.1000,-0.0201,0.2011,-0.4365,0.2228,-0.02588,-3.12003,0.0282,-0.1085,-0.1013,-0.0296,-0.00066,0.01031,0.2295,-0.4536
748,29.9200,0.3142,0.0000,-0.0427,0.3483,-0.0049,0.0299,0.0237,-0.1661,-0.0453,0.1945,-0.4244,0.2230,-0.03138,-3.12100,0.0232,-0.0919,-0.0919,0.0486,0.00206,0.01199,0.2236,-0.4422
749,29.9600,0.3143,0.0000,-0.0429,0.3415,-0.0120,0.0208,0.0576,-0.1261,-0.0013,0.1884,-0.4122,0.2230,-0.03651,-3.12532,0.0138,-0.0857,-0.1158,0.0026,0.00507,0.01544,0.2177,-0.4307
750,30.0000,0.3145,0.0000,-0.0431,0.3314,0.0026,0.0282,-0.0133,-0.0419,-0.0548,0.1823,-0.4003,0.2230,-0.04002,-3.12769,0.0207,-0.1070,-0.1042,0.0160,0.00836,0.01708,0.2117,-0.4192
751,30.0400,0.3146,0.0000,-0.0433,0.3145,0.0117,0.0317,-0.0578,0.1717,-0.0194,0.1758,-0.3891,0.2233,-0.03627,-3.12457,0.0130,-0.1127,-0.1077,0.0008,0.00771,0.01816,0.2058,-0.4077
752,30.0800,0.3148,0.0000,-0.0433,0.3175,-0.0014,0.0101,0.0058,-0.0081,0.0403,0.1696,-0.3781,0.2230,-0.03345,-3.12181,-0.0154,-0.1089,-0.1072,0.0193,0.00171,0.01451,0.1998,-0.3961
753,30.1200,0.3151,0.0000,-0.0435,0.3012,0.0214,0.0273,-0.1043,0.2500,-0.0847,0.1634,-0.3673,0.2226,-0.02870,-3.11886,0.0250,-0.1318,-0.0737,-0.0269,0.00273,0.01331,0.1939,-0.3845
754,30.1600,0.3155,0.0000,-0.0436,0.3059,-0.0017,0.0229,0.0064,0.0875,0.0476,0.1571,-0.3569,0.2226,-0.02108,-3.11308,-0.0445,-0.1228,-0.1337,0.0032,-0.00194,0.01100,0.1879,-0.3729
755,30.2000,0.3159,0.0000,-0.0437,0.3099,0.0021,0.0461,-0.0074,0.0248,-0.1394,0.1513,-0.3459,0.2225,-0.02050,-3.11430,0.0356,-0.1343,-0.0792,0.0253,-0.00390,0.00934,0.1820,-0.3613
756,30.2400,0.3164,0.0000,-0.0437,0.2973,0.0194,0.0444,-0.0933,0.2691,-0.1698,0.1451,-0.3354,0.2233,-0.01367,-3.10965,0.0112,-0.1365,-0.0776,-0.0557,-0.00322,0.00781,0.1760,-0.3496
757,30.2800,0.3170,0.0000,-0.0427,0.3105,-0.0043,0.0186,0.0206,-0.0155,-0.0210,0.1390,-0.3248,0.2231,-0.00888,-3.10525,-0.0001,-0.1102,-0.1070,0.0344,-0.00913,0.00614,0.1701,-0.3379
758,30.3200,0.3176,0.0000,-0.0414,0.3208,-0.0186,0.0257,0.0908,-0.1800,-0.0167,0.1337,-0.3134,0.2225,-0.01387,-3.11152,0.0076,-0.1125,-0.1062,0.0025,-0.00861,0.00645,0.1641,-0.3262
759,30.3600,0.3182,0.0000,-0.0403,0.3167,-0.0061,0.0505,0.0309,-0.0783,-0.0600,0.1284,-0.3019,0.2229,-0.01897,-3.11711,0.0168,-0.1202,-0.0977,0.0068,-0.00203,0.00908,0.1581,-0.3145
760,30.4000,0.3189,0.0000,-0.0391,0.3044,0.0069,0.0356,-0.0340,0.1414,-0.0349,0.1226,-0.2909,0.2234,-0.01656,-3.11689,-0.0028,-0.1292,-0.1141,-0.0373,0.00061,0.00886,0.1522,-0.3028
761,30.4400,0.3196,0.0000,-0.0379,0.3110,-0.0020,0.0269,0.0100,-0.0026,-0.0323,0.1167,-0.2801,0.2233,-0.01427,-3.11496,0.0036,-0.1143,-0.1003,0.0618,-0.00322,0.00807,0.1462,-0.2910
762,30.4800,0.3203,0.0000,-0.0367,0.3169,-0.0065,0.0255,0.0307,-0.1079,-0.0101,0.1112,-0.2689,0.2230,-0.01699,-3.11743,-0.0054,-0.1217,-0.1077,-0.0226,-0.00297,0.00790,0.1402,-0.2792
763,30.5200,0.3210,0.0000,-0.0356,0.3184,-0.0069,0.0344,0.0342,-0.1434,-0.0371,0.1056,-0.2576,0.2230,-0.02234,-3.12031,-0.0028,-0.1190,-0.1029,0.0332,-0.00290,0.00875,0.1342,-0.2674
764,30.5600,0.3217,0.0000,-0.0346,0.2926,0.0163,0.0396,-0.0803,0.3659,-0.0314,0.0999,-0.2467,0.2233,-0.01612,-3.11947,0.0074,-0.1381,-0.1009,-0.0569,0.00094,0.01038,0.1283,-0.2556
765,30.6000,0.3224,0.0000,-0.0335,0.2996,0.0137,0.0203,-0.0673,0.2223,-0.0387,0.0936,-0.2364,0.2230,-0.00452,-3.11106,-0.0144,-0.1237,-0.0929,0.0289,-0.00713,0.00586,0.1223,-0.2438
766,30.6400,0.3232,0.0000,-0.0324,0.3161,-0.0081,0.0185,0.0376,-0.0368,0.0550,0.0878,-0.2254,0.2223,-0.00187,-3.11020,-0.0150,-0.1206,-0.0986,-0.0107,-0.01169,0.00350,0.1163,-0.2319
767,30.6800,0.3239,0.0000,-0.0315,0.3300,-0.0001,0.0429,0.0023,-0.2372,-0.1073,0.0821,-0.2139,0.2221,-0.00888,-3.11237,0.0189,-0.1226,-0.0814,0.0078,-0.00946,0.00168,0.1103,-0.2201
768,30.7200,0.3247,0.0000,-0.0307,0.3131,0.0106,0.0635,-0.0519,0.1589,-0.0510,0.0761,-0.2026,0.2231,-0.00873,-3.11059,0.0144,-0.1448,-0.1081,-0.0399,-0.00281,0.00494,0.1043,-0.2082
769,30.7600,0.3254,0.0000,-0.0296,0.3141,-0.0046,0.0319,0.0197,0.1589,0.0745,0.0701,-0.1915,0.2235,-0.00166,-3.10869,-0.0157,-0.1315,-0.1235,0.0062,-0.00731,0.00382,0.0984,-0.1963
770,30.8000,0.3261,0.0000,-0.0287,0.3342,-0.0143,0.0121,0.0716,-0.1694,-0.0519,0.0646,-0.1797,0.2227,-0.00413,-3.11285,0.0051,-0.0946,-0.0508,0.0579,-0.00902,0.00183,0.0924,-0.1844
771,30.8400,0.3268,0.0000,-0.0279,0.3232,-0.0113,0.0420,0.0551,0.1384,0.0010,0.0592,-0.1678,0.2225,-0.00318,-3.11961,-0.0114,-0.1179,-0.1101,-0.0152,-0.00565,0.00518,0.0864,-0.1725
772,30.8800,0.3274,0.0000,-0.0272,0.3322,-0.0006,0.0406,0.0029,0.0314,-0.0209,0.0533,-0.1560,0.2227,-0.00043,-3.12122,-0.0127,-0.1215,-0.0914,0.0137,-0.00753,0.00217,0.0804,-0.1605
773,30.9200,0.3280,0.0000,-0.0265,0.3317,0.0146,0.0420,-0.0720,0.1261,-0.0274,0.0469,-0.1442,0.2228,0.00268,-3.11830,0.0265,-0.1206,-0.0732,-0.0003,-0.00575,0.00230,0.0744,-0.1486
774,30.9600,0.3286,0.0000,-0.0257,0.3445,0.0022,0.0171,-0.0134,-0.0575,0.0388,0.0403,-0.1324,0.2225,0.00405,-3.11388,-0.0126,-0.0991,-0.0938,-0.0061,-0.00938,0.00175,0.0684,-0.1367
775,31.0000,0.3291,0.0000,-0.0251,0.3527,-0.0111,0.0307,0.0538,-0.1003,-0.0094,0.0342,-0.1199,0.2218,0.00015,-3.11687,-0.0021,-0.1036,-0.0849,0.0340,-0.00957,0.00246,0.0624,-0.1247
776,31.0400,0.3295,0.0000,-0.0248,0.3554,0.0054,0.0552,-0.0263,-0.0602,-0.0759,0.0278,-0.1073,0.2222,-0.00319,-3.11830,0.0208,-0.1173,-0.0789,-0.0147,-0.00790,0.00365,0.0564,-0.1127
777,31.0800,0.3299,0.0000,-0.0242,0.3498,0.0059,0.0516,-0.0295,0.1211,-0.0631,0.0212,-0.0948,0.2229,-0.00098,-3.11568,0.0109,-0.1200,-0.0965,0.0136,-0.00629,0.00559,0.0504,-0.1008
778,31.1200,0.3302,0.0000,-0.0233,0.3608,0.0044,0.0209,-0.0232,-0.0406,-0.0131,0.0145,-0.0823,0.2228,-0.00013,-3.11321,0.0062,-0.1108,-0.0792,-0.0152,-0.00967,0.00299,0.0444,-0.0888
779,31.1600,0.3304,0.0000,-0.0223,0.3775,-0.0202,0.0489,0.0959,-0.3054,0.0872,0.0081,-0.0691,0.2228,-0.00762,-3.11664,0.0123,-0.1158,-0.1340,0.0925,-0.00902,0.00332,0.0384,-0.0768
780,31.2000,0.3305,0.0000,-0.0219,0.3788,-0.0172,0.0420,0.0829,-0.2702,-0.0194,0.0021,-0.0553,0.2234,-0.01932,-3.12625,0.0263,-0.0906,-0.0893,-0.0193,-0.00077,0.00609,0.0324,-0.0648
781,31.2400,0.3306,0.0000,-0.0215,0.3553,-0.0014,0.0179,0.0050,0.1522,0.0626,-0.0042,-0.0421,0.2234,-0.01975,-3.13083,-0.0023,-0.0908,-0.1059,-0.0145,0.00598,0.01050,0.0264,-0.0528
782,31.2800,0.3305,0.0000,-0.0213,0.3541,0.0243,0.0141,-0.1197,0.1363,-0.0193,-0.0113,-0.0297,0.2226,-0.01456,-3.12474,0.0152,-0.1052,-0.0712,0.0240,0.00305,0.00637,0.0204,-0.0408
783,31.3200,0.3304,0.0000,-0.0213,0.3546,0.0212,0.0229,-0.1057,0.1518,-0.0473,-0.0188,-0.0175,0.2220,-0.00845,-3.11439,0.0072,-0.1041,-0.0731,-0.0064,0.00052,0.00611,0.0144,-0.0289
784,31.3600,0.3303,0.0000,-0.0210,0.3632,-0.0034,0.0354,0.0148,0.0369,0.0104,-0.0257,-0.0049,0.2218,-0.00485,-3.11084,0.0020,-0.1076,-0.0952,0.0152,-0.00428,0.00486,0.0084,-0.0169
785,31.4000,0.3302,0.0000,-0.0208,0.3762,-0.0189,0.0318,0.0921,-0.1595,-0.0137,-0.0320,0.0085,0.2218,-0.00829,-3.11653,-0.0043,-0.0949,-0.0848,0.0015,-0.00626,0.00440,0.0024,-0.0049
786,31.4400,0.3299,0.0000,-0.0206,0.3681,0.0005,0.0589,-0.0016,0.0394,-0.0901,-0.0384,0.0219,0.2223,-0.01052,-3.12144,0.0293,-0.1195,-0.0913,0.0117,-0.00364,0.00587,-0.0036,0.0071
787,31.4800,0.3296,0.0000,-0.0201,0.3740,0.0089,0.0330,-0.0453,-0.0815,-0.0101,-0.0455,0.0349,0.2229,-0.01155,-3.11810,0.0108,-0.1029,-0.0754,-0.0045,-0.00580,0.00552,-0.0096,0.0191
788,31.5200,0.3293,0.0000,-0.0193,0.3769,-0.0097,0.0182,0.0462,-0.1399,0.0127,-0.0522,0.0482,0.2225,-0.01582,-3.11886,0.0080,-0.0901,-0.1056,0.0481,-0.00589,0.00809,-0.0156,0.0311
789,31.5600,0.3289,0.0000,-0.0187,0.3723,-0.0121,0.0381,0.0589,-0.0234,-0.0164,-0.0585,0.0618,0.2224,-0.01873,-3.12461,0.0045,-0.0997,-0.1043,0.0163,-0.00297,0.01127,-0.0216,0.0431
790,31.6000,0.3285,0.0000,-0.0181,0.3676,-0.0028,0.0487,0.0116,0.0585,0.0475,-0.0650,0.0750,0.2231,-0.01775,-3.12782,0.0033,-0.1218,-0.1132,0.0094,-0.00036,0.01120,-0.0276,0.0551
791,31.6400,0.3280,0.0000,-0.0177,0.3585,0.0241,0.0336,-0.1169,0.2223,-0.1183,-0.0721,0.0878,0.2234,-0.01213,-3.12331,0.0287,-0.1193,-0.0745,-0.0082,0.00132,0.00920,-0.0336,0.0671
792,31.6800,0.3275,0.0000,-0.0171,0.3676,0.0045,0.0139,-0.0254,0.0450,0.0494,-0.0794,0.1005,0.2230,-0.00669,-3.11585,-0.0202,-0.1083,-0.1002,0.0211,-0.00578,0.00689,-0.0396,0.0791
793,31.7200,0.3269,0.0000,-0.0163,0.3813,-0.0093,0.0328,0.0435,-0.1739,0.0440,-0.0861,0.1139,0.2224,-0.01064,-3.11797,0.0290,-0.1037,-0.0870,0.0506,-0.00602,0.00573,-0.0456,0.0911
794,31.7600,0.3263,0.0000,-0.0159,0.3846,-0.0041,0.0545,0.0201,-0.2080,-0.0752,-0.0927,0.1275,0.2230,-0.01818,-3.12127,0.0403,-0.0983,-0.1003,0.0134,-0.00224,0.00775,-0.0516,0.1031
795,31.8000,0.3257,0.0000,-0.0155,0.3801,0.0063,0.0273,-0.0316,-0.1560,-0.0702,-0.0997,0.1409,0.2236,-0.02552,-3.12101,0.0175,-0.1085,-0.0919,-0.0285,0.00153,0.00853,-0.0576,0.1150
796,31.8400,0.3250,0.0000,-0.0146,0.3759,0.0052,0.0060,-0.0266,-0.1698,-0.0118,-0.1067,0.1542,0.2231,-0.03187,-3.11832,0.0187,-0.0920,-0.0868,0.0322,0.00166,0.01029,-0.0636,0.1270
797,31.8800,0.3243,0.0000,-0.0135,0.3613,0.0057,0.0192,-0.0281,0.0547,-0.0786,-0.1135,0.1672,0.2225,-0.03313,-3.11682,0.0247,-0.0924,-0.0883,0.0149,0.00574,0.01243,-0.0695,0.1389
798,31.9200,0.3235,0.0000,-0.0123,0.3421,0.0177,0.0365,-0.0865,0.3846,-0.1130,-0.1204,0.1796,0.2226,-0.02319,-3.11202,0.0151,-0.1221,-0.0876,-0.0282,0.00523,0.01205,-0.0755,0.1509
799,31.9600,0.3228,0.0000,-0.0107,0.3685,-0.0242,0.0262,0.1152,-0.1984,0.0882,-0.1268,0.1923,0.2228,-0.02059,-3.11179,-0.0234,-0.1065,-0.1330,0.0686,-0.00403,0.00865,-0.0815,0.1628
800,32.0000,0.3221,0.0000,-0.0092,0.3580,-0.0220,0.0416,0.1064,0.0188,0.0497,-0.1322,0.2058,0.2229,-0.02461,-3.12519,0.0199,-0.1216,-0.1036,-0.0177,0.00055,0.01104,-0.0875,0.1747
801,32.0400,0.3214,0.0000,-0.0083,0.3568,0.0160,0.0404,-0.0796,-0.0512,0.0392,-0.1386,0.2185,0.2235,-0.02563,-3.12479,0.0211,-0.1252,-0.0922,-0.0038,0.00162,0.00634,-0.0935,0.1867
802,32.0800,0.3206,0.0000,-0.0076,0.3566,0.0030,0.0066,-0.0185,-0.1308,0.1338,-0.1455,0.2309,0.2233,-0.02882,-3.11995,0.0016,-0.0938,-0.1003,0.0226,0.00261,0.00850,-0.0995,0.1986
803,32.1200,0.3199,0.0000,-0.0074,0.3589,-0.0149,0.0347,0.0721,-0.2313,0.0222,-0.1517,0.2436,0.2230,-0.03611,-3.12325,0.0354,-0.0930,-0.1288,0.0873,0.00224,0.01019,-0.1055,0.2104
804,32.1600,0.3191,0.0000,-0.0078,0.3368,0.0051,0.0290,-0.0261,0.1478,0.0410,-0.1578,0.2561,0.2235,-0.03727,-3.12672,-0.0124,-0.1324,-0.0926,-0.0935,0.00722,0.01062,-0.1115,0.2223
805,32.2000,0.3184,0.0000,-0.0081,0.3397,0.0047,0.0072,-0.0250,-0.0791,0.0737,-0.1644,0.2678,0.2231,-0.03604,-3.12276,-0.0014,-0.0994,-0.1006,0.0705,0.00246,0.00896,-0.1175,0.2342
806,32.2400,0.3176,0.0000,-0.0087,0.3259,0.0155,0.0172,-0.0759,0.1312,-0.0691,-0.1709,0.2794,0.2225,-0.03467,-3.11974,0.0214,-0.1096,-0.0810,-0.0316,0.00360,0.00974,-0.1234,0.2460
807,32.2800,0.3170,0.0000,-0.0091,0.3306,0.0004,0.0337,-0.0038,-0.0527,0.0708,-0.1774,0.2908,0.2226,-0.03305,-3.11488,-0.0050,-0.1180,-0.1139,0.0355,0.00042,0.00900,-0.1294,0.2579
808,32.3200,0.3163,0.0000,-0.0095,0.3175,0.0061,0.0235,-0.0309,0.1398,0.0211,-0.1835,0.3023,0.2226,-0.03115,-3.11523,0.0226,-0.1155,-0.0828,-0.0550,0.00322,0.01097,-0.1354,0.2697
809,32.3600,0.3157,0.0000,-0.0100,0.3147,0.0035,0.0137,-0.0177,0.1040,-0.0060,-0.1896,0.3133,0.2222,-0.02601,-3.11220,-0.0062,-0.0972,-0.0829,0.0211,-0.00086,0.00934,-0.1414,0.2815
810,32.4000,0.3152,0.0000,-0.0104,0.3194,-0.0060,0.0390,0.0295,-0.0185,-0.0038,-0.1955,0.3245,0.2221,-0.02465,-3.11286,0.0192,-0.1108,-0.1029,0.0290,-0.00271,0.00905,-0.1473,0.2932
811,32.4400,0.3146,0.0000,-0.0107,0.3111,-0.0179,0.0455,0.0874,0.1364,0.0270,-0.2009,0.3360,0.2227,-0.02151,-3.11874,-0.0149,-0.1187,-0.1171,-0.0047,-0.00240,0.01050,-0.1533,0.3050
812,32.4800,0.3142,0.0000,-0.0110,0.3081,0.0036,0.0379,-0.0191,0.1519,0.0593,-0.2065,0.3472,0.2231,-0.01634,-3.12185,0.0051,-0.1383,-0.1005,-0.0204,-0.00233,0.00687,-0.1593,0.3167
813,32.5200,0.3137,0.0000,-0.0114,0.3106,0.0233,0.0188,-0.1141,0.0749,-0.0642,-0.2130,0.3578,0.2228,-0.01236,-3.11506,0.0191,-0.1116,-0.0624,0.0015,-0.00508,0.00311,-0.1652,0.3285
814,32.5600,0.3133,0.0000,-0.0115,0.3203,0.0038,0.0256,-0.0210,-0.1038,0.0342,-0.2195,0.3686,0.2224,-0.01300,-3.10880,-0.0003,-0.1179,-0.1055,0.0162,-0.00910,0.00241,-0.1712,0.3402
815,32.6000,0.3129,0.0000,-0.0116,0.3129,-0.0055,0.0442,0.0258,0.1019,0.0014,-0.2253,0.3798,0.2225,-0.01270,-3.11061,0.0090,-0.1291,-0.0907,-0.0028,-0.00523,0.00495,-0.1772,0.3518
816,32.6400,0.3125,0.0000,-0.0117,0.3083,-0.0001,0.0425,-0.0007,0.2184,-0.0018,-0.2311,0.3909,0.2229,-0.00564,-3.11170,0.0035,-0.1242,-0.0892,-0.0088,-0.00542,0.00387,-0.1831,0.3635
817,32.6800,0.3122,0.0000,-0.0116,0.3217,-0.0071,0.0297,0.0312,-0.0169,0.1042,-0.2370,0.4021,0.2229,-0.00227,-3.11266,-0.0052,-0.1233,-0.1091,0.0075,-0.00825,0.00148,-0.1891,0.3751
818,32.7200,0.3118,0.0000,-0.0118,0.3259,-0.0002,0.0433,0.0012,-0.0229,-0.0605,-0.2430,0.4136,0.2228,-0.00372,-3.11467,0.0307,-0.1159,-0.0842,0.0273,-0.00793,0.00257,-0.1950,0.3867
819,32.7600,0.3114,0.0000,-0.0120,0.3294,0.0016,0.0507,-0.0071,-0.0264,-0.1046,-0.2493,0.4251,0.2234,-0.00434,-3.11391,0.0196,-0.1163,-0.1010,0.0042,-0.00818,0.00354,-0.2010,0.3983
820,32.8000,0.3110,0.0000,-0.0115,0.3237,-0.0029,0.0353,0.0132,0.1518,0.0113,-0.2554,0.4367,0.2237,-0.00134,-3.11479,0.0085,-0.1220,-0.0959,-0.0055,-0.00566,0.00604,-0.2069,0.4099
821,32.8400,0.3105,0.0000,-0.0107,0.3226,0.0132,0.0252,-0.0664,0.2282,0.0272,-0.2617,0.4481,0.2232,0.00616,-3.11259,0.0102,-0.1343,-0.0895,-0.0194,-0.00663,0.00298,-0.2128,0.4214
822,32.8800,0.3100,0.0000,-0.0100,0.3426,-0.0100,0.0261,0.0456,-0.0673,0.0640,-0.2683,0.4597,0.2226,0.00884,-3.11073,-0.0165,-0.1076,-0.1026,0.0516,-0.01107,0.00145,-0.2188,0.4329
823,32.9200,0.3095,0.0000,-0.0096,0.3538,-0.0054,0.0699,0.0258,-0.1479,-0.0144,-0.2745,0.4722,0.2230,0.00363,-3.11529,0.0517,-0.1327,-0.1100,0.0096,-0.00769,0.00267,-0.2247,0.4444
824,32.9600,0.3089,0.0000,-0.0093,0.3587,-0.0124,0.0514,0.0599,-0.1650,-0.0426,-0.2809,0.4847,0.2241,-0.00203,-3.11869,0.0121,-0.1021,-0.1186,-0.0019,-0.00431,0.00515,-0.2307,0.4558
825,33.0000,0.3082,0.0000,-0.0087,0.3556,-0.0010,0.0402,0.0027,-0.0689,0.0338,-0.2874,0.4975,0.2245,-0.00708,-3.12223,0.0291,-0.1357,-0.1186,0.0067,-0.00205,0.00594,-0.2366,0.4672
826,33.0400,0.3074,0.0000,-0.0080,0.3555,0.0028,0.0283,-0.0147,-0.0588,0.0031,-0.2942,0.5098,0.2244,-0.00915,-3.12126,0.0144,-0.1124,-0.1149,0.0296,-0.00087,0.00840,-0.2425,0.4786
827,33.0800,0.3065,0.0000,-0.0074,0.3588,0.0062,0.0189,-0.0335,-0.1176,0.0710,-0.3012,0.5222,0.2240,-0.01312,-3.11953,0.0112,-0.1241,-0.1083,-0.0214,-0.00044,0.00758,-0.2484,0.4900
828,33.1200,0.3056,0.0000,-0.0070,0.3636,-0.0047,0.0182,0.0211,-0.2355,0.0403,-0.3081,0.5347,0.2235,-0.02023,-3.11903,0.0151,-0.0941,-0.1068,0.0416,0.00002,0.00877,-0.2543,0.5013
829,33.1600,0.3045,0.0000,-0.0067,0.3471,-0.0080,0.0343,0.0395,0.0972,-0.0488,-0.3145,0.5473,0.2233,-0.02165,-3.12311,0.0082,-0.1050,-0.1158,-0.0011,0.00445,0.01385,-0.2602,0.5126
830,33.2000,0.3035,0.0000,-0.0063,0.3469,0.0018,0.0292,-0.0107,0.0523,0.0176,-0.3212,0.5596,0.2235,-0.01888,-3.12388,-0.0056,-0.1209,-0.1104,-0.0176,0.00339,0.01120,-0.2662,0.5239
831,33.2400,0.3023,0.0000,-0.0057,0.3577,-0.0105,0.0268,0.0482,-0.2215,0.0967,-0.3278,0.5719,0.2234,-0.02293,-3.12519,0.0014,-0.1118,-0.1350,0.0446,0.00218,0.01136,-0.2721,0.5351
832,33.2800,0.3012,0.0000,-0.0055,0.3437,0.0003,0.0439,-0.0021,0.0295,-0.0082,-0.3342,0.5843,0.2237,-0.02611,-3.12860,0.0329,-0.1136,-0.1206,-0.0089,0.00868,0.01446,-0.2780,0.5463
833,33.3200,0.3000,0.0000,-0.0053,0.3463,0.0039,0.0274,-0.0205,-0.1140,0.0024,-0.3411,0.5962,0.2241,-0.02808,-3.12667,0.0030,-0.1109,-0.1150,0.0133,0.00623,0.01317,-0.2838,0.5574
834,33.3600,0.2987,0.0000,-0.0049,0.3496,0.0029,0.0174,-0.0150,-0.2831,-0.0104,-0.3479,0.6081,0.2238,-0.03691,-3.12557,0.0275,-0.1086,-0.1069,0.0246,0.00699,0.01290,-0.2897,0.5686
835,33.4000,0.2975,0.0000,-0.0044,0.3352,-0.0124,0.0079,0.0583,-0.1254,0.0781,-0.3542,0.6201,0.2234,-0.04362,-3.12823,-0.0073,-0.0845,-0.1261,-0.0002,0.00873,0.01760,-0.2956,0.5796
836,33.4400,0.2962,0.0000,-0.0039,0.3237,-0.0036,0.0116,0.0184,-0.0402,-0.0622,-0.3602,0.6317,0.2228,-0.04711,-3.13202,0.0132,-0.0810,-0.0860,0.0381,0.01059,0.01799,-0.3015,0.5907
837,33.4800,0.2949,0.0000,-0.0034,0.3068,0.0125,0.0283,-0.0618,0.1459,-0.0169,-0.3665,0.6426,0.2228,-0.04406,-3.13008,0.0048,-0.1086,-0.1038,-0.0122,0.01164,0.01905,-0.3074,0.6017
838,33.5200,0.2937,0.0000,-0.0025,0.3059,0.0247,0.0182,-0.1206,0.0063,-0.1256,-0.3733,0.6529,0.2227,-0.04194,-3.12179,0.0309,-0.1011,-0.0620,0.0216,0.00702,0.01426,-0.3132,0.6127
839,33.5600,0.2925,0.0000,-0.0010,0.2932,0.0126,0.0163,-0.0618,0.1459,-0.1167,-0.3797,0.6630,0.2223,-0.03796,-3.11470,0.0047,-0.1058,-0.0891,-0.0075,0.00675,0.01422,-0.3191,0.6236
840,33.6000,0.2914,0.0000,0.0011,0.2951,0.0009,0.0219,-0.0052,0.0070,-0.0085,-0.3856,0.6733,0.2221,-0.03550,-3.11193,-0.0013,-0.1200,-0.0925,-0.0027,0.00291,0.01091,-0.3250,0.6345
841,33.6400,0.2903,0.0000,0.0034,0.2782,-0.0054,0.0276,0.0259,0.2769,0.0390,-0.3909,0.6835,0.2220,-0.02890,-3.11398,-0.0208,-0.1262,-0.0965,-0.0194,0.00431,0.01019,-0.3308,0.6454
842,33.6800,0.2893,0.0000,0.0056,0.2805,0.0054,0.0274,-0.0274,0.1762,0.0159,-0.3964,0.6934,0.2218,-0.02044,-3.11331,-0.0062,-0.1218,-0.0723,-0.0032,0.00298,0.00532,-0.3367,0.6562
843,33.7200,0.2883,0.0000,0.0076,0.2889,0.0091,0.0365,-0.0445,-0.0041,-0.0570,-0.4022,0.7032,0.2218,-0.01770,-3.10968,0.0252,-0.1111,-0.0702,0.0153,0.00028,0.00159,-0.3425,0.6669
844,33.7600,0.2874,0.0000,0.0097,0.2890,-0.0003,0.0362,0.0013,0.0088,-0.0354,-0.4079,0.7132,0.2220,-0.01749,-3.10807,0.0090,-0.1119,-0.0770,-0.0093,0.00075,0.00061,-0.3484,0.6777
845,33.8000,0.2865,0.0000,0.0120,0.2778,0.0019,0.0311,-0.0102,0.2393,0.0072,-0.4133,0.7233,0.2220,-0.01178,-3.10852,0.0001,-0.1239,-0.0845,-0.0317,0.00284,0.00063,-0.3542,0.6883
846,33.8400,0.2857,0.0000,0.0143,0.2904,-0.0097,0.0258,0.0479,0.0105,0.0018,-0.4187,0.7333,0.2217,-0.00732,-3.10916,-0.0126,-0.1034,-0.0839,0.0383,-0.00279,-0.00337,-0.3600,0.6990
847,33.8800,0.2848,0.0000,0.0166,0.2915,-0.0075,0.0367,0.0390,0.0649,-0.0875,-0.4239,0.7438,0.2216,-0.00595,-3.11378,0.0113,-0.1006,-0.0743,-0.0163,-0.00257,-0.00255,-0.3658,0.7096
848,33.9200,0.2840,0.0000,0.0192,0.3002,-0.0133,0.0463,0.0610,-0.0745,0.1519,-0.4292,0.7543,0.2220,-0.00613,-3.11744,-0.0210,-0.1248,-0.1262,-0.0058,-0.00444,-0.00275,-0.3717,0.7201
849,33.9600,0.2831,0.0000,0.0213,0.2936,0.0119,0.0382,-0.0591,0.1018,0.0034,-0.4348,0.7648,0.2222,-0.00601,-3.11860,0.0191,-0.1257,-0.0743,-0.0280,-0.00032,-0.00284,-0.3775,0.7306
850,34.0000,0.2822,0.0000,0.0231,0.3004,0.0110,0.0357,-0.0542,-0.0034,-0.0350,-0.4411,0.7749,0.2222,-0.00359,-3.11218,0.0136,-0.0973,-0.0835,0.0323,-0.00187,-0.00250,-0.3833,0.7411
851,34.0400,0.2813,0.0000,0.0250,0.2998,-0.0184,0.0449,0.0879,0.1032,0.0982,-0.4467,0.7856,0.2224,-0.00086,-3.11486,-0.0052,-0.1138,-0.1183,0.0202,-0.00214,0.00108,-0.3891,0.7515
852,34.0800,0.2803,0.0000,0.0267,0.2976,0.0078,0.0428,-0.0383,0.2251,-0.0171,-0.4523,0.7963,0.2226,0.00504,-3.11782,0.0289,-0.1199,-0.0616,-0.0309,-0.00038,-0.00121,-0.3949,0.7619
853,34.1200,0.2793,0.0000,0.0284,0.3240,-0.0032,0.0330,0.0113,-0.2578,0.1072,-0.4587,0.8069,0.2226,0.00357,-3.11471,0.0055,-0.0981,-0.1067,0.0442,-0.00559,-0.00368,-0.4006,0.7722
854,34.1600,0.2783,0.0000,0.0298,0.3291,-0.0204,0.0422,0.0983,-0.2524,0.0410,-0.4644,0.8185,0.2226,-0.00694,-3.12131,0.0259,-0.0931,-0.1063,0.0277,-0.00371,0.00096,-0.4064,0.7824
855,34.2000,0.2771,0.0000,0.0308,0.3257,-0.0084,0.0434,0.0377,-0.1691,0.1463,-0.4702,0.8301,0.2232,-0.01515,-3.12727,0.0003,-0.1172,-0.1171,-0.0300,0.00386,0.00355,-0.4122,0.7926
856,34.2400,0.2759,0.0000,0.0315,0.3248,-0.0015,0.0198,0.0060,-0.1992,0.0501,-0.4764,0.8413,0.2230,-0.02251,-3.12872,0.0084,-0.0873,-0.0975,0.0392,0.00574,0.00422,-0.4180,0.8028
857,34.2800,0.2745,0.0000,0.0319,0.3052,0.0127,0.0273,-0.0626,0.1586,-0.0120,-0.4828,0.8522,0.2228,-0.02178,-3.12718,0.0260,-0.0907,-0.0954,-0.0136,0.00805,0.00975,-0.4237,0.8129
858,34.3200,0.2732,0.0000,0.0324,0.3060,0.0065,0.0259,-0.0348,0.1015,0.0867,-0.4894,0.8625,0.2226,-0.01641,-3.12228,-0.0103,-0.1085,-0.1077,0.0135,0.00490,0.00861,-0.4295,0.8230
859,34.3600,0.2718,0.0000,0.0329,0.3068,0.0027,0.0255,-0.0136,0.0886,-0.0005,-0.4957,0.8731,0.2222,-0.01313,-3.12101,0.0144,-0.0987,-0.0755,0.0122,0.00229,0.00793,-0.4352,0.8330
860,34.4000,0.2703,0.0000,0.0335,0.3039,0.0032,0.0472,-0.0167,0.1564,0.0229,-0.5020,0.8836,0.2224,-0.00765,-3.11987,0.0105,-0.1175,-0.1110,-0.0006,-0.00058,0.00656,-0.4410,0.8429
861,34.4400,0.2689,0.0000,0.0342,0.3287,-0.0020,0.0329,0.0067,-0.3339,0.0720,-0.5085,0.8944,0.2227,-0.01348,-3.11863,0.0149,-0.1090,-0.0811,0.0171,-0.00396,0.00146,-0.4467,0.8528
862,34.4800,0.2674,0.0000,0.0349,0.3073,-0.0039,0.0298,0.0176,0.0927,0.0680,-0.5146,0.9055,0.2226,-0.01650,-3.12162,0.0112,-0.1029,-0.1087,-0.0254,0.00270,0.00672,-0.4524,0.8627
863,34.5200,0.2658,0.0000,0.0354,0.2954,0.0106,0.0428,-0.0528,0.3232,0.0008,-0.5209,0.9158,0.2227,-0.00710,-3.11977,0.0186,-0.1087,-0.1001,0.0149,0.00254,0.00645,-0.4581,0.8725
864,34.5600,0.2642,0.0000,0.0360,0.3138,-0.0000,0.0356,-0.0013,-0.0186,0.0292,-0.5275,0.9262,0.2229,-0.00210,-3.11657,0.0137,-0.1044,-0.1014,0.0194,-0.00339,0.00076,-0.4638,0.8822
865,34.6000,0.2626,0.0000,0.0368,0.3165,-0.0102,0.0517,0.0485,-0.0095,0.0502,-0.5337,0.9372,0.2232,-0.00305,-3.11955,0.0297,-0.1181,-0.1114,0.0254,-0.00497,0.00122,-0.4695,0.8919
866,34.6400,0.2609,0.0000,0.0377,0.3163,0.0100,0.0380,-0.0473,0.0277,-0.1090,-0.5402,0.9481,0.2235,-0.00301,-3.11959,0.0502,-0.0906,-0.0600,-0.0101,-0.00272,0.00144,-0.4752,0.9015
867,34.6800,0.2591,0.0000,0.0391,0.3241,0.0143,0.0326,-0.0730,-0.1358,0.0460,-0.5473,0.9587,0.2235,-0.00547,-3.11394,0.0396,-0.1136,-0.1047,0.0021,-0.00334,0.00085,-0.4809,0.9111
868,34.7200,0.2573,0.0000,0.0408,0.3326,0.0062,0.0274,-0.0297,-0.2868,-0.0956,-0.5543,0.9697,0.2232,-0.01476,-3.11005,0.0552,-0.0929,-0.0790,0.0328,-0.00285,0.00265,-0.4866,0.9206
869,34.7600,0.2555,0.0000,0.0428,0.3219,-0.0262,0.0393,0.1269,-0.0667,0.0280,-0.5604,0.9811,0.2234,-0.01994,-3.11506,-0.0005,-0.1021,-0.1447,0.0137,0.00003,0.00897,-0.4923,0.9300
870,34.8000,0.2536,0.0000,0.0451,0.3197,-0.0134,0.0311,0.0637,-0.0656,0.0456,-0.5661,0.9926,0.2236,-0.02376,-3.12336,0.0055,-0.1268,-0.0962,-0.0068,0.00183,0.00754,-0.4979,0.9394
871,34.8400,0.2516,0.0000,0.0473,0.3141,0.0004,0.0231,-0.0040,-0.0547,0.0651,-0.5723,1.0035,0.2235,-0.02539,-3.12512,0.0196,-0.0958,-0.1104,0.0181,0.00329,0.00877,-0.5036,0.9487
872,34.8800,0.2496,0.0000,0.0494,0.3077,-0.0025,0.0242,0.0104,0.0133,0.0587,-0.5787,1.0141,0.2233,-0.02565,-3.12548,0.0122,-0.0956,-0.1166,0.0229,0.00341,0.01088,-0.5092,0.9580
873,34.9200,0.2476,0.0000,0.0513,0.3018,0.0034,0.0335,-0.0178,0.0791,-0.0067,-0.5850,1.0245,0.2232,-0.02376,-3.12540,0.0220,-0.1048,-0.0998,0.0121,0.00343,0.01140,-0.5149,0.9672
874,34.9600,0.2455,0.0000,0.0533,0.2998,0.0148,0.0266,-0.0735,0.0542,-0.0268,-0.5916,1.0347,0.2233,-0.02140,-3.12161,0.0206,-0.1118,-0.0853,-0.0155,0.00354,0.00974,-0.5205,0.9763
875,35.0000,0.2434,0.0000,0.0556,0.3020,-0.0034,0.0279,0.0145,-0.0381,0.0437,-0.5980,1.0448,0.2231,-0.02089,-3.11911,0.0075,-0.1067,-0.1131,0.0446,0.00094,0.01048,-0.5261,0.9854
876,35.0400,0.2413,0.0000,0.0580,0.2973,0.0125,0.0376,-0.0621,0.0290,-0.0498,-0.6043,1.0550,0.2231,-0.02162,-3.11818,0.0482,-0.1184,-0.0768,-0.0250,0.00190,0.00872,-0.5317,0.9944
877,35.0800,0.2392,0.0000,0.0606,0.2949,0.0022,0.0220,-0.0145,0.0020,0.1122,-0.6108,1.0649,0.2232,-0.01999,-3.11458,-0.0020,-0.1088,-0.1191,-0.0163,0.00127,0.00859,-0.5374,1.0034
878,35.1200,0.2371,0.0000,0.0631,0.2972,-0.0056,0.0273,0.0263,-0.0735,0.0171,-0.6168,1.0750,0.2228,-0.02228,-3.11569,0.0227,-0.1124,-0.0972,0.0398,0.00039,0.00857,-0.5429,1.0123
879,35.1600,0.2350,0.0000,0.0654,0.2823,0.0013,0.0513,-0.0087,0.2001,0.0777,-0.6228,1.0850,0.2233,-0.01836,-3.11699,0.0232,-0.1260,-0.1105,-0.0257,0.00200,0.01106,-0.5485,1.0211
880,35.2000,0.2329,0.0000,0.0676,0.2874,0.0030,0.0272,-0.0162,0.0543,0.0067,-0.6289,1.0946,0.2235,-0.01378,-3.11537,0.0144,-0.1117,-0.0948,0.0104,-0.00089,0.00706,-0.5541,1.0298
881,35.2400,0.2308,0.0000,0.0699,0.2991,-0.0058,0.0364,0.0270,-0.1904,0.0251,-0.6350,1.1046,0.2234,-0.01760,-3.11570,0.0242,-0.1226,-0.1078,0.0394,-0.00326,0.00574,-0.5597,1.0385
882,35.2800,0.2287,0.0000,0.0723,0.2976,-0.0204,0.0299,0.0969,-0.1885,0.1075,-0.6407,1.1149,0.2236,-0.02460,-3.12117,0.0096,-0.0973,-0.1184,-0.0038,-0.00079,0.00903,-0.5653,1.0472
883,35.3200,0.2265,0.0000,0.0746,0.2878,0.0005,0.0202,-0.0039,-0.0810,0.0721,-0.6464,1.1250,0.2233,-0.03007,-3.12535,0.0335,-0.0964,-0.0903,-0.0113,0.00388,0.01034,-0.5708,1.0557
884,35.3600,0.2243,0.0000,0.0767,0.2740,0.0108,0.0194,-0.0548,0.0907,0.0591,-0.6526,1.1343,0.2230,-0.02854,-3.12258,0.0107,-0.0970,-0.1089,0.0020,0.00456,0.01078,-0.5763,1.0642
885,35.4000,0.2221,0.0000,0.0787,0.2600,0.0189,0.0322,-0.0963,0.3172,0.0699,-0.6590,1.1431,0.2228,-0.01973,-3.11708,0.0170,-0.1276,-0.0963,-0.0206,0.00372,0.00982,-0.5819,1.0726
886,35.4400,0.2200,0.0000,0.0806,0.2760,0.0050,0.0276,-0.0261,-0.0417,-0.0019,-0.6653,1.1518,0.2226,-0.01518,-3.11146,0.0235,-0.0995,-0.0853,0.0315,-0.00328,0.00539,-0.5874,1.0810
887,35.4800,0.2179,0.0000,0.0827,0.2735,-0.0061,0.0398,0.0267,0.0114,0.0961,-0.6711,1.1611,0.2227,-0.01583,-3.11281,0.0174,-0.1295,-0.1086,-0.0375,-0.00120,0.00610,-0.5929,1.0893
888,35.5200,0.2157,0.0000,0.0847,0.2691,-0.0075,0.0477,0.0344,0.0723,0.0862,-0.6767,1.1703,0.2232,-0.01369,-3.11526,0.0127,-0.1274,-0.1201,0.0168,0.00093,0.00687,-0.5984,1.0975
889,35.5600,0.2136,0.0000,0.0866,0.2753,-0.0071,0.0412,0.0321,-0.0684,0.0804,-0.6824,1.1796,0.2236,-0.01410,-3.11764,0.0204,-0.1202,-0.1113,0.0056,0.00082,0.00554,-0.6039,1.1056
890,35.6000,0.2114,0.0000,0.0885,0.2802,-0.0008,0.0189,0.0015,-0.2108,0.0779,-0.6883,1.1889,0.2235,-0.02043,-3.11895,0.0210,-0.1069,-0.0942,-0.0179,0.00389,0.00486,-0.6094,1.1137
891,35.6400,0.2093,0.0000,0.0903,0.2749,-0.0083,0.0244,0.0391,-0.1706,0.0557,-0.6942,1.1981,0.2231,-0.02720,-3.12056,0.0281,-0.0826,-0.1132,0.0407,0.00495,0.00905,-0.6149,1.1217
892,35.6800,0.2071,0.0000,0.0922,0.2607,0.0039,0.0425,-0.0206,0.0510,0.0438,-0.6999,1.2070,0.2233,-0.02886,-3.12183,0.0317,-0.1176,-0.1174,-0.0272,0.00929,0.01062,-0.6204,1.1296
893,35.7200,0.2049,0.0000,0.0941,0.2495,0.0153,0.0288,-0.0776,0.1768,0.0536,-0.7060,1.2153,0.2235,-0.02373,-3.11790,0.0212,-0.1168,-0.0961,-0.0183,0.00778,0.00977,-0.6258,1.1375
894,35.7600,0.2027,0.0000,0.0963,0.2458,0.0045,0.0281,-0.0251,0.1940,0.0587,-0.7120,1.2233,0.2233,-0.01587,-3.11411,0.0217,-0.1149,-0.1076,0.0290,0.00330,0.00841,-0.6313,1.1453
895,35.8000,0.2006,0.0000,0.0986,0.2554,-0.0038,0.0264,0.0161,-0.0109,0.0541,-0.7176,1.2316,0.2230,-0.01314,-3.11391,0.0155,-0.1124,-0.0928,-0.0137,0.00102,0.00525,-0.6367,1.1530
896,35.8400,0.1984,0.0000,0.1010,0.2479,0.0040,0.0445,-0.0221,0.1285,0.0666,-0.7233,1.2400,0.2231,-0.01048,-3.11439,0.0364,-0.1265,-0.1010,-0.0146,0.00399,0.00568,-0.6421,1.1606
897,35.8800,0.1963,0.0000,0.1034,0.2548,0.0065,0.0326,-0.0337,-0.0218,0.0109,-0.7292,1.2481,0.2233,-0.00877,-3.11168,0.0290,-0.1086,-0.0841,0.0006,0.00133,0.00259,-0.6475,1.1682
898,35.9200,0.1942,0.0000,0.1062,0.2640,-0.0072,0.0323,0.0334,-0.2100,0.0294,-0.7350,1.2566,0.2232,-0.01385,-3.11180,0.0302,-0.1088,-0.1116,0.0121,0.00078,0.00293,-0.6530,1.1757
899,35.9600,0.1920,0.0000,0.1092,0.2544,-0.0189,0.0432,0.0907,-0.0228,0.0720,-0.7403,1.2654,0.2234,-0.01748,-3.11725,0.0147,-0.1135,-0.1328,-0.0035,0.00461,0.00790,-0.6584,1.1831
900,36.0000,0.1899,0.0000,0.1122,0.2429,-0.0116,0.0396,0.0546,0.1774,0.0901,-0.7454,1.2740,0.2238,-0.01375,-3.12280,0.0100,-0.1146,-0.1124,0.0041,0.00617,0.00969,-0.6637,1.1904
901,36.0400,0.1877,0.0000,0.1153,0.2427,-0.0012,0.0287,0.0032,0.1540,0.0734,-0.7508,1.2822,0.2237,-0.00705,-3.12448,0.0129,-0.1074,-0.1099,0.0110,0.00473,0.00762,-0.6691,1.1977
902,36.0800,0.1856,0.0000,0.1184,0.2553,-0.0043,0.0356,0.0160,-0.1014,0.1422,-0.7565,1.2903,0.2236,-0.00671,-3.12476,0.0171,-0.1123,-0.1319,0.0187,-0.00015,0.00610,-0.6745,1.2049
903,36.1200,0.1834,0.0000,0.1213,0.2578,-0.0101,0.0420,0.0446,-0.1313,0.1617,-0.7622,1.2988,0.2238,-0.01174,-3.12742,0.0009,-0.1282,-0.1374,0.0019,0.00093,0.00754,-0.6798,1.2120
904,36.1600,0.1812,0.0000,0.1237,0.2556,-0.0000,0.0280,-0.0027,-0.1165,0.0947,-0.7679,1.3072,0.2238,-0.01673,-3.12910,0.0078,-0.1111,-0.1151,-0.0170,0.00321,0.00769,-0.6852,1.2190
905,36.2000,0.1789,0.0000,0.1261,0.2528,0.0130,0.0217,-0.0658,-0.1278,0.0407,-0.7741,1.3151,0.2235,-0.02141,-3.12652,0.0317,-0.0952,-0.1082,-0.0056,0.00558,0.01023,-0.6905,1.2260
906,36.2400,0.1767,0.0000,0.1287,0.2565,0.0081,0.0436,-0.0413,-0.2752,0.0239,-0.7804,1.3229,0.2236,-0.02962,-3.12240,0.0496,-0.1068,-0.1312,0.0390,0.00557,0.01167,-0.6958,1.2329
907,36.2800,0.1744,0.0000,0.1317,0.2461,-0.0087,0.0267,0.0401,-0.1616,0.0604,-0.7862,1.3309,0.2239,-0.03758,-3.12319,0.0201,-0.0949,-0.1195,-0.0251,0.01083,0.01628,-0.7011,1.2397
908,36.3200,0.1721,0.0000,0.1350,0.2302,-0.0129,0.0310,0.0607,-0.0025,0.1569,-0.7914,1.3387,0.2239,-0.04001,-3.12704,0.0160,-0.1127,-0.1420,0.0308,0.01288,0.01820,-0.7064,1.2464
909,36.3600,0.1698,0.0000,0.1382,0.2160,-0.0016,0.0177,0.0052,0.1323,0.1507,-0.7964,1.3461,0.2237,-0.03697,-3.12917,-0.0155,-0.1203,-0.1244,-0.0316,0.01101,0.01666,-0.7117,1.2530
910,36.4000,0.1675,0.0000,0.1411,0.2111,0.0081,0.0376,-0.0429,0.0962,0.1178,-0.8018,1.3527,0.2236,-0.03244,-3.12719,0.0187,-0.1269,-0.1248,0.0434,0.00749,0.01308,-0.7170,1.2596
911,36.4400,0.1653,0.0000,0.1439,0.2154,0.0027,0.0323,-0.0138,-0.0830,-0.0354,-0.8072,1.3593,0.2238,-0.03262,-3.12505,0.0157,-0.1098,-0.1142,0.0039,0.00387,0.01120,-0.7223,1.2660
912,36.4800,0.1631,0.0000,0.1472,0.2103,0.0033,0.0459,-0.0177,-0.0857,0.0176,-0.8124,1.3659,0.2242,-0.03619,-3.12446,0.0358,-0.1337,-0.1264,0.0042,0.00514,0.01087,-0.7275,1.2724
913,36.5200,0.1610,0.0000,0.1512,0.1983,-0.0104,0.0137,0.0474,0.0125,0.1714,-0.8172,1.3724,0.2243,-0.03662,-3.12567,-0.0164,-0.1117,-0.1298,-0.0183,0.00432,0.01275,-0.7328,1.2787
914,36.5600,0.1589,0.0000,0.1553,0.1924,0.0082,0.0181,-0.0430,-0.0172,0.1387,-0.8219,1.3786,0.2235,-0.03728,-3.12586,0.0200,-0.1304,-0.1222,-0.0042,0.00467,0.01006,-0.7380,1.2850
915,36.6000,0.1569,0.0000,0.1590,0.1764,0.0138,0.0374,-0.0704,0.2024,0.0486,-0.8269,1.3840,0.2235,-0.03216,-3.12183,0.0118,-0.1221,-0.1199,-0.0034,0.00594,0.01183,-0.7432,1.2911
916,36.6400,0.1549,0.0000,0.1629,0.1760,-0.0041,0.0256,0.0178,0.1425,0.0412,-0.8315,1.3895,0.2235,-0.02555,-3.12003,0.0041,-0.1032,-0.0755,0.0350,0.00260,0.00902,-0.7484,1.2972
917,36.6800,0.1530,0.0000,0.1674,0.1718,-0.0144,0.0284,0.0688,0.1698,0.0983,-0.8355,1.3953,0.2232,-0.01874,-3.12364,0.0165,-0.0980,-0.1100,0.0084,0.00156,0.00679,-0.7536,1.3032
918,36.7200,0.1511,0.0000,0.1721,0.1752,-0.0041,0.0290,0.0183,0.0756,0.0504,-0.8396,1.4010,0.2229,-0.01474,-3.12637,-0.0018,-0.1125,-0.0982,-0.0075,0.00076,0.00314,-0.7588,1.3091
919,36.7600,0.1493,0.0000,0.1770,0.1704,-0.0006,0.0449,-0.0027,0.1641,0.2321,-0.8439,1.4064,0.2231,-0.00944,-3.12688,-0.0092,-0.1393,-0.1275,-0.0003,0.00086,0.00241,-0.7640,1.3149
920,36.8000,0.1476,0.0000,0.1817,0.1841,0.0050,0.0319,-0.0279,-0.1132,0.0923,-0.8486,1.4118,0.2231,-0.00961,-3.12549,0.0294,-0.0997,-0.0861,0.0266,-0.00157,-0.00167,-0.7691,1.3206
921,36.8400,0.1459,0.0000,0.1863,0.1832,-0.0068,0.0361,0.0300,-0.0779,0.1192,-0.8531,1.4174,0.2231,-0.01283,-3.12595,0.0080,-0.1033,-0.1208,0.0067,0.00007,0.00159,-0.7743,1.3263
922,36.8800,0.1441,0.0000,0.1910,0.1844,-0.0052,0.0336,0.0212,-0.1129,0.1840,-0.8576,1.4232,0.2232,-0.01706,-3.12780,0.0034,-0.1167,-0.1111,-0.0074,0.00150,0.00234,-0.7794,1.3318
923,36.9200,0.1424,0.0000,0.1956,0.1792,0.0004,0.0325,-0.0047,-0.0483,0.1067,-0.8622,1.4287,0.2231,-0.01975,-3.12836,0.0120,-0.1043,-0.1149,0.0122,0.00348,0.00377,-0.7845,1.3373
924,36.9600,0.1407,0.0000,0.2003,0.1714,0.0023,0.0316,-0.0148,0.0799,0.1135,-0.8668,1.4340,0.2231,-0.01851,-3.12784,-0.0023,-0.1116,-0.1094,-0.0080,0.00356,0.00438,-0.7896,1.3427
925,37.0000,0.1390,0.0000,0.2051,0.1795,0.0007,0.0424,-0.0068,-0.1156,0.1064,-0.8715,1.4391,0.2232,-0.01999,-3.12672,0.0207,-0.1165,-0.1068,0.0493,0.00191,0.00219,-0.7947,1.3480
926,37.0400,0.1374,0.0000,0.2102,0.1653,-0.0050,0.0358,0.0225,0.1519,0.0942,-0.8759,1.4444,0.2234,-0.01777,-3.12807,0.0119,-0.0994,-0.1110,-0.0177,0.00413,0.00587,-0.7998,1.3532
927,37.0800,0.1357,0.0000,0.2156,0.1760,0.0072,0.0246,-0.0386,-0.1191,0.1223,-0.8805,1.4494,0.2232,-0.01870,-3.12700,0.0241,-0.1065,-0.0795,0.0182,0.00205,0.00119,-0.8049,1.3584
928,37.1200,0.1340,0.0000,0.2214,0.1630,-0.0100,0.0381,0.0456,0.1170,0.2191,-0.8849,1.4545,0.2231,-0.01678,-3.12765,0.0013,-0.1059,-0.1411,0.0268,0.00139,0.00490,-0.8099,1.3634
929,37.1600,0.1324,0.0000,0.2269,0.1665,-0.0073,0.0420,0.0325,0.0439,0.1597,-0.8891,1.4596,0.2233,-0.01434,-3.13001,0.0001,-0.1232,-0.1145,0.0107,0.00136,0.00342,-0.8150,1.3684
930,37.2000,0.1307,0.0000,0.2322,0.1718,-0.0074,0.0331,0.0337,-0.0772,0.0950,-0.8935,1.4648,0.2234,-0.01548,-3.13181,0.0018,-0.1020,-0.0996,0.0300,0.00066,0.00213,-0.8200,1.3732
931,37.2400,0.1291,0.0000,0.2380,0.1723,0.0029,0.0262,-0.0192,-0.1320,0.2300,-0.8980,1.4698,0.2233,-0.01984,-3.13238,0.0091,-0.1125,-0.1141,-0.0280,0.00215,0.00094,-0.8250,1.3780
932,37.2800,0.1274,0.0000,0.2437,0.1639,0.0061,0.0218,-0.0324,-0.0133,0.0819,-0.9027,1.4744,0.2228,-0.02200,-3.13082,0.0154,-0.0832,-0.1011,0.0309,0.00240,0.00490,-0.8300,1.3827
933,37.3200,0.1258,0.0000,0.2497,0.1555,0.0031,0.0401,-0.0196,0.1285,0.1547,-0.9073,1.4789,0.2228,-0.01872,-3.12941,0.0048,-0.1097,-0.1213,-0.0082,0.00140,0.00660,-0.8350,1.3873
934,37.3600,0.1241,0.0000,0.2560,0.1646,-0.0107,0.0314,0.0491,-0.0884,0.1384,-0.9117,1.4836,0.2228,-0.01866,-3.13005,-0.0032,-0.0974,-0.1096,0.0336,-0.00308,0.00545,-0.8400,1.3919
935,37.4000,0.1225,0.0000,0.2625,0.1574,-0.0124,0.0467,0.0578,0.0323,0.2017,-0.9157,1.4886,0.2231,-0.01945,-3.13377,0.0009,-0.1190,-0.1286,0.0085,-0.00024,0.00777,-0.8449,1.3963
936,37.4400,0.1208,0.0000,0.2691,0.1539,0.0096,0.0435,-0.0510,0.0533,0.1589,-0.9201,1.4930,0.2235,-0.01796,-3.13365,0.0201,-0.1177,-0.1001,0.0031,0.00225,0.00526,-0.8499,1.4006
937,37.4800,0.1192,0.0000,0.2759,0.1695,-0.0047,0.0251,0.0184,-0.3247,0.1891,-0.9248,1.4972,0.2235,-0.02406,-3.13186,0.0083,-0.0908,-0.1190,0.0544,0.00025,0.00420,-0.8548,1.4049
938,37.5200,0.1176,0.0000,0.2828,0.1612,-0.0152,0.0301,0.0704,-0.2150,0.2223,-0.9290,1.5021,0.2233,-0.03449,-3.13527,0.0053,-0.1015,-0.1323,0.0018,0.00558,0.00935,-0.8598,1.4090
939,37.5600,0.1160,0.0000,0.2896,0.1396,0.0100,0.0396,-0.0516,0.1021,0.1491,-0.9331,1.5063,0.2234,-0.03565,-3.13584,0.0220,-0.1069,-0.1096,-0.0060,0.01088,0.01168,-0.8647,1.4131
940,37.6000,0.1144,0.0000,0.2967,0.1433,0.0039,0.0259,-0.0237,-0.1057,0.1896,-0.9375,1.5098,0.2235,-0.03583,-3.13258,0.0021,-0.0973,-0.1103,0.0499,0.00744,0.01018,-0.8696,1.4171
941,37.6400,0.1128,0.0000,0.3041,0.1250,-0.0032,0.0392,0.0134,0.1761,0.1795,-0.9413,1.5135,0.2234,-0.03322,-3.13312,0.0185,-0.1115,-0.1259,0.0147,0.00909,0.01267,-0.8744,1.4210
942,37.6800,0.1113,0.0000,0.3117,0.1184,0.0084,0.0359,-0.0454,0.2154,0.1161,-0.9451,1.5167,0.2236,-0.02532,-3.13193,0.0114,-0.1122,-0.0982,0.0006,0.00772,0.00877,-0.8793,1.4248
943,37.7200,0.1098,0.0000,0.3198,0.1258,-0.0043,0.0252,0.0165,-0.0117,0.1912,-0.9488,1.5198,0.2235,-0.02160,-3.13074,0.0101,-0.0945,-0.1078,0.0395,0.00236,0.00583,-0.8842,1.4285
944,37.7600,0.1084,0.0000,0.3284,0.1139,-0.0062,0.0347,0.0270,0.1941,0.2503,-0.9522,1.5233,0.2233,-0.01722,-3.13267,-0.0006,-0.1200,-0.1339,-0.0181,0.00158,0.00563,-0.8890,1.4321
945,37.8000,0.1070,0.0000,0.3369,0.1235,0.0010,0.0470,-0.0139,-0.0327,0.2381,-0.9558,1.5264,0.2235,-0.01512,-3.13225,0.0152,-0.1187,-0.1062,0.0517,-0.00084,0.00357,-0.8938,1.4356
946,37.8400,0.1057,0.0000,0.3454,0.1186,0.0007,0.0340,-0.0090,0.0522,0.2410,-0.9595,1.5296,0.2237,-0.01422,-3.13210,0.0105,-0.1106,-0.1084,-0.0121,-0.00136,0.00293,-0.8986,1.4390
947,37.8800,0.1044,0.0000,0.3540,0.1173,-0.0085,0.0274,0.0372,0.0677,0.2280,-0.9630,1.5327,0.2235,-0.01161,-3.13276,-0.0202,-0.1141,-0.1216,0.0423,-0.00360,0.00218,-0.9034,1.4424
948,37.9200,0.1032,0.0000,0.3627,0.1245,-0.0009,0.0480,0.0002,-0.0550,0.1913,-0.9666,1.5359,0.2236,-0.01221,-3.13370,0.0202,-0.1215,-0.1027,0.0367,-0.00304,0.00120,-0.9082,1.4456
949,37.9600,0.1020,0.0000,0.3718,0.1167,0.0009,0.0410,-0.0084,0.1134,0.1759,-0.9704,1.5388,0.2240,-0.00996,-3.13370,0.0094,-0.1080,-0.1108,0.0047,-0.00024,0.00261,-0.9130,1.4488
950,38.0000,0.1008,0.0000,0.3814,0.1292,-0.0039,0.0256,0.0135,-0.1458,0.2311,-0.9742,1.5419,0.2238,-0.01153,-3.13346,0.0003,-0.1097,-0.1161,0.0337,-0.00239,-0.00116,-0.9177,1.4519
951,38.0400,0.0996,0.0000,0.3914,0.1114,0.0007,0.0480,-0.0114,0.2410,0.3195,-0.9779,1.5450,0.2239,-0.00813,-3.13434,0.0090,-0.1353,-0.1372,0.0015,0.00200,0.00303,-0.9225,1.4548
952,38.0800,0.0984,0.0000,0.4013,0.1178,-0.0022,0.0340,0.0025,0.1357,0.2725,-0.9817,1.5477,0.2241,-0.00053,-3.13361,-0.0096,-0.1121,-0.1221,0.0332,-0.00258,0.00053,-0.9272,1.4577
953,38.1200,0.0973,0.0000,0.4112,0.1316,0.0015,0.0381,-0.0164,-0.0878,0.2530,-0.9857,1.5507,0.2240,-0.00095,-3.13348,0.0223,-0.1228,-0.1125,0.0189,-0.00246,-0.00190,-0.9319,1.4605
954,38.1600,0.0962,0.0000,0.4212,0.1374,-0.0117,0.0377,0.0461,-0.1658,0.3113,-0.9898,1.5539,0.2241,-0.00562,-3.13436,-0.0064,-0.1109,-0.1459,0.0177,-0.00106,0.00099,-0.9366,1.4632
955,38.2000,0.0950,0.0000,0.4307,0.1261,-0.0199,0.0488,0.0901,0.1086,0.3555,-0.9937,1.5576,0.2244,-0.00581,-3.13856,-0.0182,-0.1308,-0.1613,0.0292,0.00175,0.00482,-0.9413,1.4658
956,38.2400,0.0939,0.0000,0.4390,0.1344,0.0049,0.0454,-0.0320,-0.0375,0.2272,-0.9979,1.5607,0.2248,-0.00562,-3.13966,0.0215,-0.1202,-0.1062,0.0323,0.00253,0.00135,-0.9460,1.4683
957,38.2800,0.0928,0.0000,0.4463,0.1272,-0.0024,0.0461,0.0008,0.1345,0.3224,-1.0022,1.5635,0.2252,-0.00197,-3.13903,0.0055,-0.1177,-0.1604,0.0403,0.00199,0.00382,-0.9506,1.4707
958,38.3200,0.0916,0.0000,0.4528,0.1377,0.0016,0.0224,-0.0171,-0.0318,0.2936,-1.0067,1.5664,0.2250,-0.00137,-3.13878,0.0005,-0.1200,-0.1136,0.0134,-0.00075,0.00022,-0.9552,1.4730
959,38.3600,0.0905,0.0000,0.4584,0.1278,0.0008,0.0317,-0.0140,0.2192,0.2957,-1.0112,1.5692,0.2246,0.00389,-3.13854,0.0042,-0.1090,-0.1390,0.0305,0.00035,0.00316,-0.9599,1.4752
960,38.4000,0.0893,0.0000,0.4634,0.1457,-0.0052,0.0548,0.0153,-0.0580,0.2223,-1.0159,1.5721,0.2248,0.00613,-3.13828,0.0188,-0.1164,-0.1441,0.0780,-0.00522,0.00022,-0.9645,1.4773
961,38.4400,0.0881,0.0000,0.4678,0.1538,-0.0116,0.0439,0.0460,-0.1335,0.3080,-1.0208,1.5755,0.2254,0.00171,-3.14038,0.0010,-0.1231,-0.1420,-0.0110,-0.00406,0.00066,-0.9690,1.4794
962,38.4800,0.0869,0.0000,0.4717,0.1496,-0.0007,0.0284,-0.0070,-0.0180,0.3776,-1.0259,1.5788,0.2253,-0.00129,3.14154,-0.0048,-0.1290,-0.1399,0.0216,-0.00013,0.00221,-0.9736,1.4813
963,38.5200,0.0856,0.0000,0.4751,0.1562,0.0205,0.0443,-0.1070,-0.1332,0.2408,-1.0314,1.5813,0.2252,-0.00466,-3.13855,0.0495,-0.1180,-0.1292,0.0516,0.00090,0.00121,-0.9782,1.4831
964,38.5600,0.0844,0.0000,0.4781,0.1555,0.0086,0.0277,-0.0517,-0.0807,0.2781,-1.0371,1.5836,0.2253,-0.00822,-3.13509,0.0045,-0.1139,-0.1295,-0.0091,0.00209,0.00284,-0.9827,1.4849
965,38.6000,0.0830,0.0000,0.4807,0.1487,0.0063,0.0405,-0.0374,0.1337,0.1932,-1.0426,1.5863,0.2251,-0.00633,-3.13357,0.0616,-0.1131,-0.1100,0.0657,0.00326,0.00413,-0.9872,1.4865
966,38.6400,0.0816,0.0000,0.4830,0.1601,-0.0163,0.0251,0.0692,0.0106,0.3419,-1.0480,1.5893,0.2251,-0.00292,-3.13427,0.0116,-0.1095,-0.1520,0.0018,0.00182,0.00174,-0.9917,1.4881
967,38.6800,0.0802,0.0000,0.4851,0.1686,-0.0191,0.0478,0.0855,-0.0331,0.3109,-1.0535,1.5930,0.2250,-0.00425,-3.13835,0.0516,-0.1354,-0.1599,0.0586,0.00133,-0.00186,-0.9962,1.4896
968,38.7200,0.0788,0.0000,0.4868,0.1740,-0.0171,0.0327,0.0760,-0.0249,0.2899,-1.0593,1.5967,0.2253,-0.00548,3.14126,0.0165,-0.1178,-0.1361,0.0021,0.00189,-0.00146,-1.0007,1.4909
969,38.7600,0.0773,0.0000,0.4884,0.1684,-0.0047,0.0227,0.0153,0.1846,0.3465,-1.0653,1.6001,0.2248,-0.00168,3.13896,0.0314,-0.1259,-0.1438,0.0140,0.00420,-0.00100,-1.0052,1.4922
970,38.8000,0.0758,0.0000,0.4898,0.1714,0.0066,0.0408,-0.0423,0.2551,0.2677,-1.0716,1.6029,0.2245,0.00763,3.13979,0.0609,-0.1192,-0.1473,0.0485,0.00289,-0.00417,-1.0096,1.4934
971,38.8400,0.0742,0.0000,0.4910,0.2099,-0.0160,0.0133,0.0646,-0.3995,0.3349,-1.0785,1.6060,0.2242,0.00221,3.13982,0.0203,-0.1095,-0.1455,0.0101,-0.00321,-0.00913,-1.0141,1.4944
972,38.8800,0.0726,0.0000,0.4921,0.2204,-0.0252,0.0091,0.1139,-0.5493,0.3359,-1.0858,1.6102,0.2230,-0.01842,3.13496,0.0430,-0.1035,-0.1234,0.0217,0.00355,-0.00342,-1.0185,1.4954
973,38.9200,0.0709,0.0000,0.4931,0.1900,-0.0160,0.0380,0.0708,0.0089,0.4368,-1.0927,1.6142,0.2228,-0.02621,3.13080,0.0063,-0.1154,-0.1779,-0.0067,0.01242,0.00476,-1.0229,1.4963
974,38.9600,0.0691,0.0000,0.4939,0.1723,0.0244,0.0407,-0.1263,0.2648,0.2819,-1.0996,1.6166,0.2231,-0.02033,3.13249,0.0572,-0.1181,-0.1242,-0.0017,0.01186,0.00379,-1.0272,1.4971
975,39.0000,0.0673,0.0000,0.4946,0.1492,0.0337,0.0902,-0.1662,0.6679,-0.0178,-1.1063,1.6177,0.2242,0.00144,3.13897,0.1389,-0.1040,-0.1641,0.0964,0.00587,0.00068,-1.0316,1.4978
976,39.0400,0.0655,0.0000,0.4953,0.2024,-0.0221,0.0119,0.0920,-0.4116,0.2790,-1.1131,1.6198,0.2250,0.00263,3.14142,0.0146,-0.0914,-0.1481,-0.0274,-0.00894,-0.00823,-1.0360,1.4984
977,39.0800,0.0636,0.0000,0.4958,0.1889,-0.0440,0.0284,0.2047,-0.1731,0.3580,-1.1197,1.6242,0.2240,-0.00989,3.13290,0.0499,-0.1271,-0.1764,0.0708,-0.00024,-0.00137,-1.0403,1.4989
978,39.1200,0.0618,0.0000,0.4963,0.1740,0.0017,0.0543,-0.0154,0.0562,0.3029,-1.1262,1.6274,0.2245,-0.01145,3.12929,0.0349,-0.1322,-0.1574,-0.0203,0.00637,-0.00053,-1.0446,1.4993
979,39.1600,0.0599,0.0000,0.4968,0.1455,0.0289,0.0833,-0.1444,0.5890,0.0498,-1.1326,1.6288,0.2257,0.00424,3.13285,0.1120,-0.1311,-0.1711,0.0885,0.00480,-0.00121,-1.0489,1.4996
980,39.2000,0.0581,0.0000,0.4972,0.1671,0.0118,0.0423,-0.0591,0.1749,0.0006,-1.1391,1.6298,0.2267,0.01863,3.13784,0.0924,-0.0920,-0.1420,0.0378,-0.00679,-0.00805,-1.0532,1.4999
981,39.2400,0.0561,0.0000,0.4975,0.1812,-0.0208,0.0358,0.0858,-0.0610,0.2995,-1.1457,1.6323,0.2266,0.01948,3.13640,0.0758,-0.1295,-0.1967,0.0449,-0.01061,-0.01027,-1.0574,1.5000
982,39.2800,0.0542,0.0000,0.4978,0.1686,-0.0030,0.0668,0.0092,0.2716,0.1452,-1.1523,1.6351,0.2270,0.02400,3.13340,0.1078,-0.1403,-0.1694,0.0531,-0.00639,-0.00956,-1.0617,1.5000
983,39.3200,0.0523,0.0000,0.4981,0.1780,0.0218,0.0767,-0.1093,0.1280,0.0937,-1.1593,1.6367,0.2283,0.03181,3.13613,0.1392,-0.1271,-0.1659,0.0516,-0.00925,-0.01504,-1.0659,1.4999
984,39.3600,0.0503,0.0000,0.4983,0.2127,-0.0209,-0.0017,0.0802,-0.4880,0.3501,-1.1667,1.6388,0.2281,0.02231,3.13679,0.0235,-0.1115,-0.1854,0.0240,-0.01494,-0.01426,-1.0701,1.4998
985,39.4000,0.0483,0.0000,0.4985,0.2022,-0.0113,-0.0117,0.0425,-0.2303,0.3686,-1.1743,1.6420,0.2259,0.00685,3.13243,0.0481,-0.1312,-0.1402,-0.0025,-0.00505,-0.00773,-1.0743,1.4995
986,39.4400,0.0464,0.0000,0.4987,0.1977,0.0095,0.0254,-0.0574,-0.1619,0.3113,-1.1818,1.6440,0.2247,-0.00013,3.13343,0.0279,-0.1198,-0.1520,0.0549,0.00114,-0.00502,-1.0785,1.4991
987,39.4800,0.0444,0.0000,0.4988,0.1890,-0.0009,0.0345,-0.0087,0.0338,0.3333,-1.1892,1.6457,0.2246,-0.00118,3.13448,0.0238,-0.1232,-0.1798,-0.0047,0.00241,-0.00131,-1.0827,1.4987
988,39.5200,0.0425,0.0000,0.4990,0.2018,-0.0064,0.0305,0.0230,-0.2502,0.2091,-1.1967,1.6477,0.2243,-0.00701,3.13424,0.0592,-0.0966,-0.1394,0.0573,0.00048,-0.00146,-1.0868,1.4981
989,39.5600,0.0406,0.0000,0.4991,0.1818,0.0042,0.0499,-0.0286,0.1292,0.2676,-1.2041,1.6497,0.2246,-0.00824,3.13371,0.0628,-0.1302,-0.1561,-0.0046,0.00709,0.00224,-1.0909,1.4975
990,39.6000,0.0387,0.0000,0.4992,0.1832,0.0090,0.0310,-0.0519,0.0399,0.2264,-1.2113,1.6509,0.2248,-0.00489,3.13588,0.0514,-0.1122,-0.1445,0.0376,0.00351,0.00035,-1.0951,1.4967
991,39.6400,0.0369,0.0000,0.4993,0.1810,-0.0008,0.0464,-0.0047,0.0692,0.2172,-1.2185,1.6523,0.2248,-0.00257,3.13677,0.0698,-0.1244,-0.1631,0.0581,0.00241,0.00098,-1.0991,1.4959
992,39.6800,0.0350,0.0000,0.4994,0.1814,-0.0112,0.0623,0.0495,0.0682,0.1088,-1.2255,1.6540,0.2255,0.00040,3.13565,0.0720,-0.1201,-0.1695,0.0647,0.00099,0.00096,-1.1032,1.4950
993,39.7200,0.0332,0.0000,0.4995,0.1962,-0.0180,0.0302,0.0766,-0.2593,0.2709,-1.2328,1.6561,0.2260,-0.00519,3.13301,0.0415,-0.1189,-0.1547,0.0106,-0.00073,-0.00078,-1.1073,1.4939
994,39.7600,0.0313,0.0000,0.4995,0.1904,-0.0073,0.0036,0.0257,-0.2217,0.3723,-1.2401,1.6581,0.2251,-0.01544,3.13053,0.0322,-0.1197,-0.1504,0.0200,0.00503,0.00202,-1.1113,1.4928
995,39.8000,0.0295,0.0000,0.4996,0.1742,0.0018,0.0180,-0.0180,0.0226,0.3593,-1.2471,1.6594,0.2241,-0.01798,3.13060,0.0105,-0.1210,-0.1778,0.0290,0.00918,0.00561,-1.1153,1.4916
996,39.8400,0.0279,0.0000,0.4996,0.1824,0.0139,0.0318,-0.0770,-0.2305,0.3216,-1.2541,1.6601,0.2239,-0.02360,3.13319,0.0512,-0.1199,-0.1341,0.0245,0.00947,0.00538,-1.1193,1.4903
997,39.8800,0.0263,0.0000,0.4997,0.1647,-0.0106,0.0205,0.0411,0.0280,0.3728,-1.2608,1.6610,0.2236,-0.02567,3.13365,0.0073,-0.1021,-0.1741,0.0074,0.01053,0.01046,-1.1233,1.4889
998,39.9200,0.0249,0.0000,0.4997,0.1629,0.0007,0.0316,-0.0111,-0.0516,0.3198,-1.2673,1.6621,0.2233,-0.02749,3.13318,0.0417,-0.1237,-0.1330,0.0307,0.00978,0.00968,-1.1273,1.4874
999,39.9600,0.0236,0.0000,0.4997,0.1588,-0.0011,0.0259,-0.0053,-0.1134,0.3895,-1.2735,1.6628,0.2232,-0.03040,3.13401,0.0173,-0.1117,-0.1570,-0.0021,0.00954,0.00893,-1.1312,1.4857
1000,40.0000,0.0224,0.0000,0.4998,0.1467,-0.0061,0.0310,0.0211,0.0036,0.3740,-1.2795,1.6637,0.2230,-0.03246,3.13375,0.0149,-0.1269,-0.1591,0.0316,0.00984,0.00910,-1.1352,1.4841
1001,40.0400,0.0214,0.0000,0.4998,0.1418,0.0128,0.0323,-0.0699,-0.0392,0.2594,-1.2852,1.6640,0.2229,-0.03378,3.13508,0.0413,-0.1216,-0.1176,-0.0023,0.00962,0.00616,-1.1391,1.4823
1002,40.0800,0.0206,0.0000,0.4998,0.1275,-0.0050,0.0402,0.0130,0.1079,0.3559,-1.2905,1.6642,0.2232,-0.03060,3.13641,0.0159,-0.1223,-0.1812,0.0352,0.01013,0.00783,-1.1430,1.4804
1003,40.1200,0.0199,0.0000,0.4999,0.1194,-0.0098,0.0393,0.0435,0.1649,0.3654,-1.2955,1.6649,0.2234,-0.02543,3.13515,0.0192,-0.1343,-0.1593,0.0029,0.00969,0.00630,-1.1469,1.4784
1004,40.1600,0.0194,0.0000,0.4999,0.1229,0.0041,0.0397,-0.0274,-0.0273,0.2420,-1.3003,1.6652,0.2235,-0.02383,3.13538,0.0483,-0.1241,-0.1351,0.0310,0.00742,0.00220,-1.1507,1.4763
1005,40.2000,0.0190,0.0000,0.4999,0.1187,0.0066,0.0240,-0.0428,-0.0523,0.2825,-1.3051,1.6651,0.2235,-0.02549,3.13682,0.0322,-0.1166,-0.1301,-0.0109,0.00921,0.00292,-1.1545,1.4741
1006,40.2400,0.0188,0.0000,0.4999,0.1028,-0.0086,0.0486,0.0371,0.1734,0.3228,-1.3094,1.6653,0.2235,-0.02148,3.13685,0.0418,-0.1214,-0.1784,0.0724,0.00829,0.00660,-1.1584,1.4719
1007,40.2800,0.0187,0.0000,0.4999,0.0983,-0.0085,0.0436,0.0333,0.2116,0.2290,-1.3135,1.6657,0.2240,-0.01388,3.13543,0.0367,-0.1162,-0.1397,0.0054,0.00520,0.00451,-1.1622,1.4695
1008,40.3200,0.0188,0.0000,0.4999,0.0908,-0.0087,0.0579,0.0340,0.3174,0.2317,-1.3174,1.6661,0.2245,-0.00270,3.13401,0.0490,-0.1302,-0.1713,0.0664,0.00229,0.00079,-1.1660,1.4671
1009,40.3600,0.0190,0.0000,0.4999,0.1106,0.0019,0.0420,-0.0183,-0.1067,0.2348,-1.3216,1.6662,0.2251,-0.00085,3.13411,0.0562,-0.1307,-0.1405,0.0188,-0.00308,-0.00552,-1.1697,1.4645
1010,40.4000,0.0192,0.0000,0.4999,0.1099,0.0001,0.0232,-0.0116,-0.1104,0.3201,-1.3259,1.6661,0.2249,-0.00555,3.13438,0.0386,-0.1250,-0.1478,0.0225,-0.00105,-0.00282,-1.1735,1.4619
1011,40.4400,0.0196,0.0000,0.4999,0.1108,-0.0124,0.0192,0.0441,-0.1628,0.3719,-1.3302,1.6662,0.2242,-0.01089,3.13356,0.0046,-0.1222,-0.1747,0.0397,0.00067,-0.00217,-1.1772,1.4591
1012,40.4800,0.0202,0.0000,0.5000,0.1067,-0.0057,0.0278,0.0331,-0.1131,0.3508,-1.3344,1.6664,0.2237,-0.01685,3.13192,0.0116,-0.1298,-0.1477,0.0099,0.00230,0.00063,-1.1809,1.4563
1013,40.5200,0.0209,0.0000,0.5000,0.0908,0.0120,0.0550,-0.0661,0.1558,0.3016,-1.3383,1.6660,0.2240,-0.01484,3.13273,0.0413,-0.1439,-0.1627,0.0281,0.00618,0.00307,-1.1846,1.4534
1014,40.5600,0.0218,0.0000,0.5000,0.0952,0.0136,0.0381,-0.0727,0.0224,0.2217,-1.3420,1.6651,0.2245,-0.01157,3.13568,0.0527,-0.1158,-0.1279,0.0290,0.00348,0.00121,-1.1883,1.4504
1015,40.6000,0.0228,0.0000,0.5000,0.0857,-0.0068,0.0218,0.0242,0.1933,0.2856,-1.3456,1.6647,0.2242,-0.00614,3.13579,0.0219,-0.1151,-0.1661,0.0065,0.00185,0.00354,-1.1919,1.4473
1016,40.6400,0.0239,0.0000,0.5000,0.0855,-0.0001,0.0700,-0.0025,0.2068,0.1254,-1.3492,1.6646,0.2244,0.00142,3.13517,0.0892,-0.1285,-0.1500,0.1034,-0.00152,-0.00047,-1.1956,1.4441
1017,40.6800,0.0251,0.0000,0.5000,0.1062,-0.0290,0.0241,0.1258,-0.2024,0.3670,-1.3530,1.6647,0.2251,0.00063,3.13277,-0.0198,-0.1118,-0.1755,-0.0230,-0.00584,-0.00211,-1.1992,1.4408
1018,40.7200,0.0263,0.0000,0.5000,0.1010,0.0001,0.0312,-0.0087,-0.1127,0.3700,-1.3572,1.6651,0.2245,-0.00758,3.12951,0.0490,-0.1598,-0.1455,0.0368,0.00132,-0.00045,-1.2028,1.4374
1019,40.7600,0.0278,0.0000,0.5000,0.0868,0.0217,0.0480,-0.1069,0.1618,0.2804,-1.3607,1.6640,0.2247,-0.00449,3.13236,0.0407,-0.1262,-0.1539,0.0358,0.00295,0.00257,-1.2063,1.4339
1020,40.8000,0.0293,0.0000,0.5000,0.0861,0.0092,0.0221,-0.0492,0.2117,0.3114,-1.3642,1.6628,0.2246,0.00331,3.13546,0.0153,-0.1303,-0.1560,0.0005,0.00159,0.00165,-1.2099,1.4303
1021,40.8400,0.0310,0.0000,0.5000,0.1050,-0.0004,0.0144,-0.0103,-0.1373,0.3468,-1.3680,1.6620,0.2237,0.00278,3.13676,0.0266,-0.1246,-0.1339,0.0313,-0.00250,-0.00294,-1.2134,1.4267
1022,40.8800,0.0328,0.0000,0.5000,0.0970,-0.0020,0.0560,0.0032,0.0989,0.2641,-1.3719,1.6614,0.2237,0.00311,3.13637,0.0479,-0.1363,-0.1684,0.0329,0.00093,0.00045,-1.2170,1.4229
1023,40.9200,0.0347,0.0000,0.5000,0.1036,0.0006,0.0594,-0.0090,0.0335,0.2521,-1.3759,1.6607,0.2246,0.00545,3.13677,0.0468,-0.1356,-0.1515,0.0156,-0.00190,-0.00238,-1.2205,1.4191
1024,40.9600,0.0367,0.0000,0.5000,0.1132,-0.0069,0.0219,0.0266,-0.1012,0.2811,-1.3802,1.6600,0.2247,0.00338,3.13624,0.0267,-0.1249,-0.1503,0.0117,-0.00356,-0.00258,-1.2239,1.4152
1025,41.0000,0.0386,0.0000,0.5000,0.1224,0.0070,0.0417,-0.0381,-0.2373,0.2295,-1.3847,1.6591,0.2244,-0.00464,3.13654,0.0773,-0.1327,-0.1384,0.0586,-0.00093,-0.00278,-1.2274,1.4111
1026,41.0400,0.0406,0.0000,0.5000,0.1187,-0.0116,0.0274,0.0508,-0.1106,0.3048,-1.3893,1.6582,0.2244,-0.01017,3.13621,0.0099,-0.1122,-0.1661,0.0110,0.00341,0.00228,-1.2308,1.4070
1027,41.0800,0.0426,0.0000,0.5000,0.1121,-0.0127,0.0128,0.0594,0.0399,0.3780,-1.3939,1.6578,0.2237,-0.01154,3.13339,0.0057,-0.1239,-0.1527,0.0069,0.00577,0.00500,-1.2342,1.4028
1028,41.1200,0.0448,0.0000,0.5000,0.1163,0.0159,0.0352,-0.0806,-0.0436,0.2201,-1.3983,1.6566,0.2231,-0.01262,3.13423,0.0509,-0.1262,-0.1221,0.0413,0.00613,0.00165,-1.2376,1.3985
1029,41.1600,0.0470,0.0000,0.5000,0.1182,0.0028,0.0258,-0.0189,-0.0614,0.2742,-1.4026,1.6550,0.2231,-0.01404,3.13661,0.0071,-0.1127,-0.1465,0.0017,0.00432,0.00307,-1.2410,1.3941
1030,41.2000,0.0492,0.0000,0.5000,0.1262,-0.0089,0.0334,0.0390,-0.2248,0.2858,-1.4073,1.6539,0.2228,-0.02074,3.13601,0.0323,-0.1240,-0.1554,0.0473,0.00449,0.00464,-1.2444,1.3897
1031,41.2400,0.0515,0.0000,0.5000,0.0966,-0.0018,0.0616,0.0171,0.3872,0.3627,-1.4117,1.6532,0.2234,-0.01504,3.13429,0.0180,-0.1566,-0.1833,-0.0160,0.00960,0.00883,-1.2477,1.3851
1032,41.2800,0.0539,0.0000,0.5000,0.1035,0.0096,0.0339,-0.0464,0.2466,0.2733,-1.4156,1.6516,0.2238,-0.00357,3.13591,0.0115,-0.1441,-0.1335,0.0278,0.00451,0.00322,-1.2510,1.3804
1033,41.3200,0.0565,0.0000,0.5000,0.1180,-0.0004,0.0441,-0.0031,0.0085,0.2248,-1.4198,1.6501,0.2238,0.00083,3.13708,0.0637,-0.1200,-0.1471,0.0796,0.00104,0.00102,-1.2543,1.3757
1034,41.3600,0.0590,0.0000,0.5000,0.1186,-0.0069,0.0344,0.0285,0.0956,0.2829,-1.4245,1.6489,0.2240,0.00295,3.13587,0.0202,-0.1309,-0.1500,-0.0204,0.00092,0.00136,-1.2576,1.3709
1035,41.4000,0.0616,0.0000,0.5000,0.1197,-0.0031,0.0312,0.0089,0.1409,0.3952,-1.4291,1.6476,0.2237,0.00758,3.13485,0.0127,-0.1436,-0.1618,0.0283,-0.00085,0.00006,-1.2609,1.3660
1036,41.4400,0.0643,0.0000,0.5000,0.1375,-0.0034,-0.0003,0.0065,-0.1240,0.4415,-1.4340,1.6460,0.2228,0.00612,3.13444,-0.0206,-0.1199,-0.1128,0.0062,-0.00217,-0.00133,-1.2641,1.3610
1037,41.4800,0.0672,0.0000,0.5000,0.1471,-0.0084,0.0292,0.0336,-0.2164,0.3274,-1.4393,1.6443,0.2217,-0.00122,3.13319,-0.0019,-0.1231,-0.1464,0.0779,-0.00119,0.00050,-1.2673,1.3559
1038,41.5200,0.0703,0.0000,0.5000,0.1556,-0.0066,0.0551,0.0265,-0.2778,0.3746,-1.4449,1.6425,0.2222,-0.01167,3.13182,0.0012,-0.1344,-0.1336,0.0209,0.00135,0.00254,-1.2705,1.3507
1039,41.5600,0.0734,0.0000,0.5000,0.1514,0.0005,0.0314,-0.0056,-0.1805,0.2875,-1.4505,1.6405,0.2225,-0.02061,3.13113,0.0078,-0.1201,-0.1316,0.0254,0.00620,0.00463,-1.2737,1.3454
1040,41.6000,0.0765,0.0000,0.5000,0.1410,0.0145,0.0123,-0.0747,0.0058,0.4198,-1.4557,1.6380,0.2220,-0.02356,3.13303,-0.0004,-0.1226,-0.1204,-0.0077,0.00948,0.00704,-1.2769,1.3401
1041,41.6400,0.0797,0.0000,0.5000,0.1379,0.0022,0.0143,-0.0160,0.0585,0.3456,-1.4606,1.6354,0.2210,-0.02154,3.13538,-0.0088,-0.1034,-0.1353,0.0689,0.00659,0.00913,-1.2800,1.3347
1042,41.6800,0.0830,0.0000,0.5000,0.1366,-0.0044,0.0364,0.0187,0.1277,0.3553,-1.4657,1.6332,0.2207,-0.01781,3.13508,-0.0116,-0.1246,-0.1296,0.0008,0.00446,0.00952,-1.2831,1.3291
1043,41.7200,0.0865,0.0000,0.5000,0.1334,0.0033,0.0450,-0.0165,0.2148,0.3491,-1.4707,1.6309,0.2210,-0.01100,3.13494,0.0092,-0.1255,-0.1110,0.0252,0.00382,0.00723,-1.2862,1.3235
1044,41.7600,0.0900,0.0000,0.5000,0.1536,-0.0090,0.0324,0.0372,-0.1733,0.3508,-1.4758,1.6285,0.2211,-0.01122,3.13485,0.0023,-0.1050,-0.1354,0.0518,-0.00054,0.00353,-1.2893,1.3178
1045,41.8000,0.0937,0.0000,0.5000,0.1496,-0.0172,0.0428,0.0800,-0.0405,0.4105,-1.4815,1.6264,0.2212,-0.01552,3.13140,-0.0117,-0.1296,-0.1516,0.0238,0.00164,0.00680,-1.2924,1.3121
1046,41.8400,0.0974,0.0000,0.5000,0.1444,0.0017,0.0436,-0.0121,0.0691,0.3444,-1.4868,1.6240,0.2216,-0.01480,3.12987,-0.0017,-0.1288,-0.1374,0.0222,0.00362,0.00782,-1.2954,1.3062
1047,41.8800,0.1013,0.0000,0.5000,0.1465,0.0197,0.0291,-0.1015,0.0314,0.3286,-1.4916,1.6207,0.2216,-0.01337,3.13292,0.0069,-0.1316,-0.1168,0.0099,0.00108,0.00594,-1.2984,1.3003
1048,41.9200,0.1052,0.0000,0.5000,0.1441,0.0075,0.0168,-0.0431,0.1137,0.3259,-1.4964,1.6174,0.2211,-0.00998,3.13626,-0.0101,-0.1137,-0.1172,0.0373,-0.00031,0.00689,-1.3014,1.2942
1049,41.9600,0.1091,0.0000,0.5000,0.1682,0.0122,0.0161,-0.0632,-0.3496,0.2236,-1.5015,1.6138,0.2202,-0.01720,3.13904,0.0241,-0.1069,-0.0819,0.0150,-0.00278,0.00283,-1.3044,1.2881
1050,42.0000,0.1130,0.0000,0.5000,0.1536,-0.0003,0.0573,-0.0034,-0.0294,0.3660,-1.5068,1.6105,0.2205,-0.02295,3.14030,0.0096,-0.1409,-0.1557,0.0197,0.00460,0.00829,-1.3073,1.2819
1051,42.0400,0.1169,0.0000,0.5000,0.1437,-0.0129,0.0453,0.0605,0.1666,0.4010,-1.5120,1.6077,0.2213,-0.01924,3.13889,-0.0206,-0.1381,-0.1443,0.0173,0.00386,0.00998,-1.3103,1.2757
1052,42.0800,0.1210,0.0000,0.5000,0.1434,-0.0006,0.0242,0.0012,0.1645,0.4112,-1.5171,1.6048,0.2212,-0.01343,3.13729,-0.0145,-0.1448,-0.1093,0.0083,0.00238,0.00621,-1.3132,1.2693
1053,42.1200,0.1252,0.0000,0.5000,0.1623,-0.0078,0.0152,0.0308,-0.2194,0.3720,-1.5222,1.6016,0.2205,-0.01555,3.13724,-0.0161,-0.1052,-0.1181,0.0609,-0.00104,0.00399,-1.3161,1.2629
1054,42.1600,0.1296,0.0000,0.5000,0.1570,-0.0011,0.0397,-0.0000,-0.0691,0.3935,-1.5275,1.5983,0.2203,-0.02147,3.13590,-0.0138,-0.1466,-0.1293,-0.0114,0.00533,0.00578,-1.3189,1.2564
1055,42.2000,0.1341,0.0000,0.5000,0.1557,0.0072,0.0390,-0.0415,-0.0697,0.3796,-1.5324,1.5946,0.2206,-0.02395,3.13758,-0.0034,-0.1280,-0.1211,0.0211,0.00796,0.00603,-1.3218,1.2498
1056,42.2400,0.1387,0.0000,0.5000,0.1553,-0.0140,0.0230,0.0617,-0.0939,0.4491,-1.5374,1.5911,0.2204,-0.02672,3.13722,-0.0282,-0.1153,-0.1453,0.0297,0.00582,0.00743,-1.3246,1.2431
1057,42.2800,0.1434,0.0000,0.5000,0.1407,0.0114,0.0315,-0.0602,0.1704,0.3942,-1.5423,1.5877,0.2201,-0.02512,3.13674,0.0021,-0.1417,-0.1150,-0.0343,0.00883,0.00753,-1.3274,1.2363
1058,42.3200,0.1484,0.0000,0.5000,0.1474,0.0146,0.0368,-0.0795,-0.0050,0.3478,-1.5463,1.5835,0.2202,-0.02211,-3.14131,-0.0006,-0.1279,-0.1070,0.0569,0.00458,0.00361,-1.3302,1.2295
1059,42.3600,0.1534,0.0000,0.5000,0.1348,-0.0148,0.0331,0.0706,0.2631,0.4593,-1.5508,1.5801,0.2203,-0.01539,3.14123,-0.0370,-0.1356,-0.1473,-0.0063,0.00351,0.00691,-1.3330,1.2226
1060,42.4000,0.1586,0.0000,0.5000,0.1482,0.0128,0.0289,-0.0682,-0.0006,0.3056,-1.5552,1.5764,0.2199,-0.01282,3.14126,0.0202,-0.1325,-0.0648,0.0013,0.00102,-0.00033,-1.3357,1.2156
1061,42.4400,0.1638,0.0000,0.5000,0.1511,-0.0067,0.0353,0.0262,-0.0446,0.3940,-1.5595,1.5724,0.2199,-0.01272,-3.14019,-0.0240,-0.1215,-0.1333,0.0434,-0.00010,0.00061,-1.3384,1.2085
1062,42.4800,0.1691,0.0000,0.5000,0.1392,-0.0100,0.0546,0.0484,0.2619,0.4071,-1.5642,1.5689,0.2203,-0.00760,3.13982,-0.0135,-0.1565,-0.1380,0.0050,0.00189,0.00264,-1.3411,1.2014
1063,42.5200,0.1745,0.0000,0.5000,0.1485,-0.0013,0.0381,-0.0007,0.1177,0.4153,-1.5686,1.5650,0.2208,-0.00076,3.13885,-0.0258,-0.1458,-0.1139,0.0104,-0.00174,-0.00125,-1.3438,1.1942
1064,42.5600,0.1801,0.0000,0.5000,0.1524,0.0079,0.0234,-0.0468,0.1202,0.3313,-1.5730,1.5607,0.2203,0.00347,3.13978,-0.0064,-0.1318,-0.0920,0.0160,-0.00305,-0.00361,-1.3465,1.1869
1065,42.6000,0.1857,0.0000,0.5000,0.1603,-0.0046,0.0318,0.0116,0.0737,0.4056,-1.5774,1.5563,0.2200,0.00764,3.14076,-0.0292,-0.1289,-0.1208,0.0368,-0.00631,-0.00432,-1.3491,1.1795
1066,42.6400,0.1913,0.0000,0.5000,0.1804,0.0069,0.0455,-0.0449,-0.2127,0.3849,-1.5821,1.5514,0.2200,0.00291,3.14124,0.0193,-0.1403,-0.0974,0.0045,-0.00600,-0.00714,-1.3517,1.1720
1067,42.6800,0.1970,0.0000,0.5000,0.1807,-0.0065,0.0432,0.0206,-0.1349,0.4055,-1.5870,1.5463,0.2204,-0.00305,-3.14151,-0.0180,-0.1299,-0.1387,0.0165,-0.00377,-0.00218,-1.3543,1.1645
1068,42.7200,0.2028,0.0000,0.5000,0.1885,-0.0086,0.0290,0.0321,-0.2434,0.4432,-1.5922,1.5412,0.2203,-0.01164,3.13976,-0.0194,-0.1357,-0.1108,0.0108,0.00011,-0.00085,-1.3569,1.1569
1069,42.7600,0.2086,0.0000,0.5000,0.1791,0.0020,0.0338,-0.0174,-0.0522,0.3622,-1.5971,1.5360,0.2201,-0.01650,3.13907,0.0081,-0.1162,-0.1155,0.0177,0.00359,0.00381,-1.3594,1.1492
1070,42.8000,0.2144,0.0000,0.5000,0.1586,0.0105,0.0395,-0.0627,0.3827,0.4341,-1.6013,1.5307,0.2203,-0.00796,3.14150,-0.0309,-0.1571,-0.1419,-0.0337,0.00494,0.00673,-1.3619,1.1415
1071,42.8400,0.2203,0.0000,0.5000,0.1716,0.0052,0.0212,-0.0091,0.1604,0.3362,-1.6053,1.5252,0.2199,0.00190,-3.13808,-0.0121,-0.1203,-0.0862,0.0451,-0.00204,0.00366,-1.3644,1.1337
1072,42.8800,0.2262,0.0000,0.5000,0.1873,-0.0025,0.0383,0.0017,-0.0616,0.3420,-1.6099,1.5196,0.2196,0.00261,-3.13749,0.0045,-0.1328,-0.0919,0.0222,-0.00525,-0.00060,-1.3669,1.1258
1073,42.9200,0.2321,0.0000,0.5000,0.1951,-0.0092,0.0455,0.0353,-0.1354,0.3356,-1.6148,1.5139,0.2199,-0.00150,-3.13906,-0.0165,-0.1386,-0.1174,0.0036,-0.00296,0.00047,-1.3694,1.1178
1074,42.9600,0.2379,0.0000,0.5000,0.1983,-0.0106,0.0484,0.0403,-0.1506,0.4317,-1.6199,1.5080,0.2204,-0.00737,3.14131,-0.0215,-0.1556,-0.1355,0.0074,0.00056,0.00160,-1.3718,1.1097
1075,43.0000,0.2437,0.0000,0.5000,0.1967,-0.0062,0.0385,0.0193,-0.0972,0.4397,-1.6248,1.5020,0.2207,-0.01217,3.13914,-0.0167,-0.1433,-0.1231,0.0188,0.00214,0.00246,-1.3742,1.1016
1076,43.0400,0.2496,0.0000,0.5000,0.1983,-0.0024,0.0281,0.0206,-0.1344,0.4667,-1.6294,1.4957,0.2207,-0.01689,3.13860,-0.0292,-0.1465,-0.1286,0.0094,0.00253,0.00308,-1.3766,1.0935
1077,43.0800,0.2556,0.0000,0.5000,0.1898,0.0095,0.0227,-0.0553,0.0270,0.3316,-1.6337,1.4893,0.2202,-0.01852,3.14036,-0.0049,-0.1260,-0.0993,-0.0073,0.00484,0.00570,-1.3790,1.0852
1078,43.1200,0.2616,0.0000,0.5000,0.1784,0.0082,0.0371,-0.0325,0.2569,0.4058,-1.6374,1.4829,0.2201,-0.01151,-3.13867,-0.0216,-0.1466,-0.1218,0.0060,0.00256,0.00710,-1.3814,1.0769
1079,43.1600,0.2676,0.0000,0.5000,0.1812,0.0010,0.0296,-0.0173,0.2374,0.3768,-1.6412,1.4766,0.2200,-0.00192,-3.13612,-0.0370,-0.1564,-0.1100,-0.0091,-0.00162,0.00392,-1.3837,1.0685
1080,43.2000,0.2736,0.0000,0.5000,0.1910,-0.0001,0.0417,-0.0101,0.1148,0.3230,-1.6452,1.4702,0.2199,0.00433,-3.13517,-0.0064,-0.1475,-0.0902,0.0267,-0.00708,0.00032,-1.3860,1.0601
1081,43.2400,0.2796,0.0000,0.5000,0.2088,-0.0163,0.0438,0.0659,-0.1602,0.4127,-1.6495,1.4635,0.2202,0.00275,-3.13741,-0.0225,-0.1399,-0.1158,0.0207,-0.00884,-0.00086,-1.3883,1.0515
1082,43.2800,0.2855,0.0000,0.5000,0.2085,-0.0038,0.0463,0.0055,-0.0773,0.4428,-1.6541,1.4567,0.2205,-0.00249,3.14154,-0.0102,-0.1647,-0.1135,-0.0217,-0.00311,0.00003,-1.3905,1.0429
1083,43.3200,0.2915,0.0000,0.5000,0.1807,0.0255,0.0519,-0.1409,0.5565,0.4005,-1.6576,1.4496,0.2210,0.00983,-3.13656,0.0017,-0.1720,-0.1204,-0.0311,-0.00092,0.00345,-1.3928,1.0343
1084,43.3600,0.2975,0.0000,0.4994,0.2263,-0.0056,0.0046,0.0115,-0.2734,0.3374,-1.6607,1.4419,0.2204,0.01262,-3.12820,-0.0390,-0.1168,-0.0765,0.0709,-0.01337,-0.00568,-1.3950,1.0256
1085,43.4000,0.3034,0.0000,0.4972,0.2242,-0.0224,0.0651,0.0983,-0.0671,0.3688,-1.6657,1.4344,0.2202,0.00599,-3.13668,0.0078,-0.1693,-0.1307,0.0229,-0.00915,-0.00115,-1.3972,1.0168
1086,43.4400,0.3093,0.0000,0.4933,0.2180,-0.0073,0.0626,0.0233,0.1674,0.3721,-1.6702,1.4268,0.2215,0.00915,3.14058,-0.0383,-0.1718,-0.1252,-0.0419,-0.00634,-0.00043,-1.3994,1.0079
1087,43.4800,0.3151,0.0000,0.4881,0.2355,-0.0019,0.0261,0.0155,-0.1165,0.3636,-1.6742,1.4186,0.2215,0.00891,3.13992,-0.0013,-0.1326,-0.0934,0.0486,-0.00869,-0.00144,-1.4015,0.9990
1088,43.5200,0.3208,0.0000,0.4818,0.2359,-0.0015,0.0236,-0.0066,-0.0248,0.4443,-1.6782,1.4102,0.2209,0.00637,3.13868,-0.0272,-0.1503,-0.1190,-0.0230,-0.00647,0.00022,-1.4036,0.9900
1089,43.5600,0.3265,0.0000,0.4741,0.2265,0.0119,0.0542,-0.0744,0.2852,0.3918,-1.6817,1.4015,0.2209,0.01246,-3.14135,-0.0058,-0.1697,-0.1077,0.0216,-0.00464,0.00199,-1.4057,0.9810
1090,43.6000,0.3322,0.0000,0.4651,0.2430,0.0120,0.0288,-0.0577,0.0708,0.3072,-1.6848,1.3925,0.2209,0.01907,-3.13325,-0.0107,-0.1361,-0.0745,-0.0167,-0.00989,-0.00278,-1.4078,0.9718
1091,43.6400,0.3377,0.0000,0.4555,0.2535,-0.0125,0.0331,0.0303,0.0049,0.3873,-1.6886,1.3833,0.2204,0.02049,-3.13348,-0.0186,-0.1432,-0.1120,0.0150,-0.01137,-0.00197,-1.4099,0.9627
1092,43.6800,0.3431,0.0000,0.4452,0.2626,-0.0102,0.0544,0.0400,0.0063,0.2544,-1.6928,1.3738,0.2205,0.02021,-3.14022,-0.0050,-0.1438,-0.0875,0.0205,-0.01008,-0.00079,-1.4119,0.9534
1093,43.7200,0.3484,0.0000,0.4346,0.2705,-0.0019,0.0581,-0.0060,0.0267,0.4172,-1.6968,1.3639,0.2213,0.02111,3.13995,-0.0231,-0.1712,-0.1247,-0.0310,-0.00847,-0.00201,-1.4139,0.9441
1094,43.7600,0.3535,0.0000,0.4235,0.2846,0.0022,0.0346,-0.0216,-0.0731,0.3057,-1.7004,1.3534,0.2212,0.01935,3.14076,0.0005,-0.1353,-0.0863,0.0357,-0.00903,-0.00231,-1.4159,0.9348
1095,43.8000,0.3584,0.0000,0.4120,0.2960,-0.0044,0.0299,0.0084,-0.1156,0.3673,-1.7042,1.3425,0.2208,0.01557,3.14027,-0.0278,-0.1403,-0.1094,-0.0093,-0.00749,-0.00074,-1.4179,0.9254
1096,43.8400,0.3632,0.0000,0.4000,0.2871,0.0063,0.0445,-0.0466,0.2506,0.4249,-1.7078,1.3314,0.2207,0.01935,3.13962,-0.0210,-0.1669,-0.1216,-0.0409,-0.00560,0.00121,-1.4198,0.9159
1097,43.8800,0.3679,0.0000,0.3874,0.3092,0.0033,0.0337,-0.0315,-0.0076,0.3614,-1.7109,1.3197,0.2204,0.02327,-3.13736,-0.0298,-0.1408,-0.0947,0.0210,-0.01006,-0.00116,-1.4218,0.9064
1098,43.9200,0.3724,0.0000,0.3742,0.3216,-0.0032,0.0449,0.0050,-0.0299,0.2846,-1.7145,1.3076,0.2202,0.02206,-3.13816,0.0056,-0.1281,-0.0815,0.0137,-0.00865,0.00030,-1.4237,0.8968
1099,43.9600,0.3768,0.0000,0.3611,0.3371,-0.0191,0.0427,0.0826,-0.1435,0.3167,-1.7184,1.2951,0.2203,0.01869,3.13694,-0.0280,-0.1160,-0.1114,0.0094,-0.00979,0.00085,-1.4255,0.8871
1100,44.0000,0.3808,0.0000,0.3480,0.3421,0.0013,0.0501,-0.0162,-0.0714,0.3106,-1.7223,1.2821,0.2204,0.01365,3.12814,0.0121,-0.1370,-0.0919,-0.0195,-0.00648,0.00181,-1.4274,0.8774
1101,44.0400,0.3847,0.0000,0.3348,0.3414,0.0289,0.0454,-0.1512,0.0885,0.2722,-1.7248,1.2686,0.2207,0.01428,-3.14085,-0.0014,-0.1598,-0.0912,-0.0320,-0.00446,0.00013,-1.4292,0.8677
1102,44.0800,0.3883,0.0000,0.3218,0.3501,0.0198,0.0421,-0.1071,0.0811,0.2410,-1.7269,1.2548,0.2207,0.01790,-3.11711,0.0126,-0.1421,-0.0797,0.0313,-0.00672,0.00089,-1.4310,0.8578
1103,44.1200,0.3916,0.0000,0.3090,0.3708,0.0028,0.0318,-0.0213,-0.1485,0.2083,-1.7296,1.2407,0.2203,0.01560,-3.10579,0.0229,-0.1196,-0.0582,-0.0040,-0.00989,-0.00130,-1.4328,0.8480
1104,44.1600,0.3947,0.0000,0.2968,0.3684,-0.0201,0.0550,0.0870,0.0721,0.3798,-1.7331,1.2263,0.2205,0.01542,-3.11465,-0.0122,-0.1513,-0.1338,-0.0020,-0.00722,0.00212,-1.4346,0.8380
1105,44.2000,0.3975,0.0000,0.2844,0.3905,-0.0109,0.0417,0.0454,-0.2256,0.2654,-1.7367,1.2116,0.2207,0.01062,-3.12777,0.0087,-0.1266,-0.0805,-0.0017,-0.00826,-0.00169,-1.4363,0.8281
1106,44.2400,0.4002,0.0000,0.2719,0.3932,-0.0160,0.0466,0.0703,-0.1623,0.2906,-1.7402,1.1965,0.2209,0.00358,3.14097,-0.0047,-0.1270,-0.1292,0.0162,-0.00495,0.00085,-1.4380,0.8180
1107,44.2800,0.4026,0.0000,0.2594,0.3906,0.0081,0.0347,-0.0441,-0.0072,0.1690,-1.7431,1.1811,0.2210,-0.00003,3.13558,0.0194,-0.1220,-0.0708,-0.0249,-0.00197,0.00226,-1.4397,0.8079
1108,44.3200,0.4047,0.0000,0.2474,0.3940,0.0147,0.0393,-0.0781,-0.0175,0.1855,-1.7451,1.1656,0.2210,-0.00002,-3.13043,0.0129,-0.1368,-0.1098,0.0178,-0.00060,0.00213,-1.4414,0.7978
1109,44.3600,0.4066,0.0000,0.2360,0.4023,-0.0016,0.0184,0.0012,-0.1004,0.2097,-1.7473,1.1498,0.2206,-0.00258,-3.12172,-0.0028,-0.1138,-0.0870,-0.0195,-0.00182,0.00253,-1.4431,0.7876
1110,44.4000,0.4082,0.0000,0.2251,0.4036,-0.0248,0.0303,0.1122,-0.0652,0.3782,-1.7503,1.1341,0.2202,-0.00560,-3.14014,-0.0412,-0.1418,-0.1404,0.0106,-0.00102,0.00319,-1.4447,0.7774
1111,44.4400,0.4097,0.0000,0.2138,0.4022,0.0081,0.0462,-0.0431,0.0354,0.1549,-1.7529,1.1181,0.2203,-0.00704,3.12991,0.0143,-0.1426,-0.0722,-0.0197,0.00143,0.00245,-1.4463,0.7671
1112,44.4800,0.4111,0.0000,0.2026,0.3990,0.0058,0.0398,-0.0347,0.1443,0.2083,-1.7545,1.1022,0.2208,-0.00192,-3.13819,-0.0249,-0.1365,-0.1180,-0.0042,0.00084,0.00415,-1.4479,0.7568
1113,44.5200,0.4122,0.0000,0.1919,0.4141,-0.0036,0.0259,0.0106,-0.0893,0.2297,-1.7564,1.0860,0.2205,-0.00209,-3.13594,0.0079,-0.1208,-0.0880,0.0144,-0.00259,0.00128,-1.4494,0.7464
1114,44.5600,0.4132,0.0000,0.1814,0.4169,0.0079,0.0442,-0.0435,-0.0770,0.1631,-1.7582,1.0696,0.2205,-0.00562,-3.13279,0.0236,-0.1384,-0.1065,-0.0205,-0.00191,0.00138,-1.4510,0.7359
1115,44.6000,0.4140,0.0000,0.1712,0.4202,-0.0040,0.0287,0.0141,-0.0939,0.1737,-1.7598,1.0530,0.2206,-0.00873,-3.12555,-0.0078,-0.1100,-0.0899,0.0037,-0.00005,0.00226,-1.4525,0.7255
1116,44.6400,0.4146,0.0000,0.1615,0.4188,-0.0020,0.0126,0.0055,-0.0404,0.1802,-1.7616,1.0364,0.2200,-0.01169,-3.13461,0.0041,-0.1088,-0.0714,-0.0187,0.00030,0.00270,-1.4540,0.7149
1117,44.6800,0.4150,0.0000,0.1522,0.4224,-0.0022,0.0251,0.0079,-0.0950,0.1218,-1.7631,1.0197,0.2194,-0.01437,-3.13528,0.0061,-0.0959,-0.0743,0.0411,-0.00052,0.00281,-1.4554,0.7044
1118,44.7200,0.4153,0.0000,0.1434,0.4257,-0.0044,0.0328,0.0181,-0.1362,0.1474,-1.7647,1.0029,0.2195,-0.01910,3.13972,0.0024,-0.1107,-0.0847,-0.0141,0.00166,0.00310,-1.4569,0.6937
1119,44.7600,0.4153,0.0000,0.1350,0.4062,0.0048,0.0402,-0.0267,0.2587,0.1345,-1.7661,0.9863,0.2198,-0.01534,3.13500,-0.0083,-0.1382,-0.1011,-0.0244,0.00439,0.00530,-1.4583,0.6831
1120,44.8000,0.4153,0.0000,0.1269,0.4084,0.0080,0.0140,-0.0432,0.2279,0.1087,-1.7669,0.9699,0.2195,-0.00571,-3.12377,-0.0267,-0.1148,-0.0610,-0.0131,0.00096,0.00186,-1.4597,0.6724
1121,44.8400,0.4152,0.0000,0.1195,0.4116,0.0038,0.0356,-0.0214,0.2525,0.0592,-1.7677,0.9533,0.2189,0.00382,-3.10696,-0.0027,-0.1261,-0.0791,0.0227,-0.00218,-0.00097,-1.4610,0.6616
1122,44.8800,0.4149,0.0000,0.1125,0.4313,0.0057,0.0534,-0.0317,-0.0139,0.0670,-1.7685,0.9364,0.2192,0.00741,-3.08640,0.0146,-0.1275,-0.0662,-0.0157,-0.00666,-0.00612,-1.4624,0.6508
1123,44.9200,0.4144,0.0000,0.1063,0.4550,-0.0304,0.0417,0.1450,-0.3811,0.1291,-1.7701,0.9189,0.2196,-0.00118,-3.12467,-0.0114,-0.0987,-0.1160,0.0445,-0.00889,-0.00407,-1.4637,0.6400
1124,44.9600,0.4138,0.0000,0.1004,0.4369,-0.0017,0.0443,0.0042,0.0621,0.1861,-1.7721,0.9012,0.2200,-0.00717,3.07605,0.0153,-0.1363,-0.0949,-0.0907,-0.00023,0.00011,-1.4650,0.6291
1125,45.0000,0.4131,0.0000,0.0945,0.4315,0.0107,0.0219,-0.0568,0.1791,0.1462,-1.7725,0.8838,0.2198,-0.00114,3.10836,-0.0239,-0.1045,-0.0891,0.0296,-0.00014,0.00006,-1.4663,0.6182
1126,45.0400,0.4124,0.0000,0.0886,0.4526,-0.0042,0.0242,0.0148,-0.1624,0.1762,-1.7730,0.8662,0.2192,-0.00210,3.12514,-0.0022,-0.1028,-0.0867,0.0256,-0.00256,-0.00164,-1.4675,0.6073
1127,45.0800,0.4115,0.0000,0.0826,0.4496,0.0012,0.0461,-0.0089,-0.0160,0.0900,-1.7738,0.8482,0.2192,-0.00552,3.09580,0.0266,-0.1016,-0.0733,-0.0161,0.00047,0.00101,-1.4688,0.5963
1128,45.1200,0.4105,0.0000,0.0768,0.4428,-0.0110,0.0431,0.0503,0.1743,0.1224,-1.7745,0.8304,0.2197,-0.00090,3.05351,-0.0226,-0.1019,-0.1098,0.0120,0.00103,0.00351,-1.4700,0.5852
1129,45.1600,0.4095,0.0000,0.0712,0.4478,0.0116,0.0444,-0.0612,0.1292,0.0930,-1.7750,0.8124,0.2198,0.00372,3.03056,0.0195,-0.1298,-0.0690,-0.0167,-0.00147,0.00017,-1.4712,0.5742
1130,45.2000,0.4083,0.0000,0.0659,0.4581,0.0249,0.0580,-0.1231,-0.0971,-0.0230,-1.7744,0.7943,0.2203,0.00392,-3.06362,0.0295,-0.1004,-0.0706,0.0376,-0.00219,-0.00166,-1.4723,0.5631
1131,45.2400,0.4070,0.0000,0.0612,0.4739,-0.0035,0.0457,0.0139,-0.3370,0.0408,-1.7743,0.7758,0.2210,-0.00482,-2.96050,0.0330,-0.0975,-0.1068,0.0137,-0.00335,0.00040,-1.4735,0.5519
1132,45.2800,0.4055,0.0000,0.0573,0.4776,-0.0296,0.0326,0.1419,-0.3761,0.0969,-1.7755,0.7571,0.2213,-0.01939,3.13268,0.0192,-0.0929,-0.1122,0.0353,0.00053,0.00619,-1.4746,0.5407
1133,45.3200,0.4039,0.0000,0.0536,0.4533,0.0042,0.0258,-0.0224,0.0564,0.0885,-1.7766,0.7386,0.2214,-0.02463,2.90669,0.0378,-0.1006,-0.0875,-0.0501,0.01105,0.01091,-1.4757,0.5295
1134,45.3600,0.4022,0.0000,0.0501,0.4503,0.0280,0.0062,-0.1388,0.0100,0.0368,-1.7758,0.7205,0.2209,-0.02323,-3.06307,0.0207,-0.0942,-0.0689,0.0168,0.00990,0.00901,-1.4767,0.5183
1135,45.4000,0.4005,0.0000,0.0468,0.4420,-0.0027,0.0191,0.0104,0.1653,0.0615,-1.7755,0.7027,0.2202,-0.01823,-2.78277,-0.0012,-0.0930,-0.1105,0.0308,0.00631,0.01215,-1.4778,0.5070
1136,45.4400,0.3987,0.0000,0.0438,0.4355,-0.0004,0.0555,-0.0003,0.2615,0.0376,-1.7758,0.6849,0.2205,-0.01037,-2.75982,-0.0020,-0.1321,-0.0926,-0.0116,0.00458,0.00988,-1.4788,0.4957
1137,45.4800,0.3969,0.0000,0.0409,0.4513,0.0049,0.0628,-0.0253,-0.1511,-0.0031,-1.7756,0.6672,0.2217,-0.00915,-2.55822,0.0196,-0.1049,-0.1045,0.0316,-0.00165,0.00485,-1.4798,0.4844
1138,45.5200,0.3950,0.0000,0.0386,0.4400,0.0128,0.0487,-0.0644,0.0202,-0.0086,-1.7755,0.6494,0.2226,-0.01183,-2.41744,0.0199,-0.1173,-0.0901,-0.0201,0.00058,0.00648,-1.4807,0.4730
1139,45.5600,0.3931,0.0000,0.0368,0.4279,0.0091,0.0431,-0.0479,0.1852,0.0711,-1.7750,0.6321,0.2231,-0.00654,-1.97964,-0.0118,-0.1205,-0.1167,0.0363,-0.00110,0.00736,-1.4817,0.4616
1140,45.6000,0.3911,0.0000,0.0352,0.4252,0.0249,0.0318,-0.1244,0.2195,0.0170,-1.7743,0.6149,0.2231,0.00122,-1.71414,0.0190,-0.1157,-0.0706,-0.0270,-0.00351,0.00457,-1.4826,0.4502
1141,45.6400,0.3891,0.0000,0.0338,0.4498,0.0010,0.0331,-0.0066,-0.2124,0.0155,-1.7736,0.5974,0.2228,0.00042,-1.57714,0.0248,-0.0947,-0.1037,0.0756,-0.00910,0.00358,-1.4835,0.4387
1142,45.6800,0.3872,0.0000,0.0326,0.4531,-0.0208,0.0346,0.0983,-0.1686,0.0849,-1.7741,0.5794,0.2228,-0.00754,-1.34681,0.0016,-0.1055,-0.0940,-0.0168,-0.00488,0.00483,-1.4844,0.4272
1143,45.7200,0.3852,0.0000,0.0314,0.4468,0.0060,0.0420,-0.0298,-0.0412,-0.0155,-1.7744,0.5615,0.2230,-0.01164,-1.12954,0.0396,-0.1071,-0.0835,0.0070,0.00049,0.00527,-1.4852,0.4157
1144,45.7600,0.3831,0.0000,0.0304,0.4333,0.0136,0.0295,-0.0697,0.2348,0.0618,-1.7738,0.5439,0.2232,-0.00598,-1.12145,0.0085,-0.1043,-0.1025,-0.0226,0.00101,0.00848,-1.4861,0.4041
1145,45.8000,0.3810,0.0000,0.0296,0.4462,-0.0017,0.0257,0.0045,0.0093,0.0944,-1.7733,0.5262,0.2227,-0.00192,-0.93032,0.0103,-0.1062,-0.1023,0.0486,-0.00255,0.00642,-1.4869,0.3926
1146,45.8400,0.3790,0.0000,0.0286,0.4645,-0.0142,0.0434,0.0687,-0.2865,-0.0064,-1.7735,0.5081,0.2227,-0.00870,-0.75696,0.0329,-0.0928,-0.0968,0.0418,-0.00290,0.00656,-1.4877,0.3810
1147,45.8800,0.3769,0.0000,0.0276,0.4617,-0.0156,0.0522,0.0719,-0.2126,0.1583,-1.7740,0.4897,0.2237,-0.01844,-0.44357,0.0109,-0.1259,-0.1332,-0.0195,0.00328,0.00958,-1.4884,0.3694
1148,45.9200,0.3748,0.0000,0.0265,0.4612,-0.0010,0.0165,0.0040,-0.2896,0.0235,-1.7740,0.4714,0.2238,-0.02888,-0.30565,0.0356,-0.0817,-0.0878,0.0337,0.00513,0.01052,-1.4891,0.3577
1149,45.9600,0.3726,0.0000,0.0253,0.4495,0.0150,0.0179,-0.0746,-0.1683,0.0243,-1.7733,0.4534,0.2236,-0.03726,-0.34865,0.0494,-0.0929,-0.1041,0.0078,0.00773,0.01386,-1.4898,0.3460
1150,46.0000,0.3704,0.0000,0.0242,0.4385,0.0167,0.0063,-0.0831,-0.0916,0.0030,-1.7722,0.4358,0.2233,-0.04177,-0.47555,0.0347,-0.0870,-0.0950,-0.0042,0.00996,0.01576,-1.4905,0.3344
1151,46.0400,0.3682,0.0000,0.0234,0.4126,0.0099,0.0153,-0.0507,0.3095,0.0539,-1.7713,0.4188,0.2229,-0.03582,-0.51527,0.0095,-0.1145,-0.1053,-0.0117,0.01148,0.01805,-1.4912,0.3227
1152,46.0800,0.3661,0.0000,0.0227,0.4243,0.0054,0.0127,-0.0271,-0.0410,-0.0363,-1.7705,0.4020,0.2225,-0.03178,-0.57584,0.0136,-0.1033,-0.0790,0.0172,0.00602,0.01160,-1.4918,0.3109
1153,46.1200,0.3639,0.0000,0.0222,0.4143,-0.0094,0.0390,0.0449,0.1000,0.0208,-1.7703,0.3853,0.2226,-0.02997,-0.53295,0.0154,-0.1193,-0.1102,0.0074,0.00545,0.01416,-1.4924,0.2992
1154,46.1600,0.3618,0.0000,0.0220,0.4218,-0.0020,0.0412,0.0086,-0.1439,-0.0195,-1.7700,0.3686,0.2233,-0.03200,-0.50133,0.0422,-0.1145,-0.0887,0.0179,0.00348,0.01027,-1.4930,0.2874
1155,46.2000,0.3597,0.0000,0.0220,0.4090,-0.0055,0.0203,0.0261,0.0066,-0.0418,-1.7699,0.3521,0.2236,-0.03375,-0.48440,0.0277,-0.0901,-0.0987,0.0028,0.00782,0.01253,-1.4936,0.2756
1156,46.2400,0.3576,0.0000,0.0225,0.4050,-0.0004,0.0108,0.0001,-0.0333,0.0279,-1.7696,0.3358,0.2232,-0.03464,-0.45689,0.0095,-0.1109,-0.0995,0.0023,0.00907,0.01094,-1.4941,0.2638
1157,46.2800,0.3555,0.0000,0.0232,0.3997,0.0088,0.0232,-0.0443,-0.0401,0.0089,-1.7690,0.3198,0.2230,-0.03615,-0.46877,0.0306,-0.1128,-0.0946,0.0131,0.00744,0.01102,-1.4947,0.2520
1158,46.3200,0.3535,0.0000,0.0238,0.3938,0.0039,0.0157,-0.0217,-0.0318,0.0624,-1.7683,0.3040,0.2229,-0.03730,-0.48629,0.0050,-0.1113,-0.0924,-0.0147,0.00736,0.01027,-1.4952,0.2402
1159,46.3600,0.3516,0.0000,0.0243,0.3755,0.0033,0.0202,-0.0180,0.2344,0.0476,-1.7678,0.2886,0.2226,-0.03214,-0.45324,0.0095,-0.1164,-0.0993,-0.0085,0.00889,0.01139,-1.4956,0.2283
1160,46.4000,0.3498,0.0000,0.0246,0.3862,-0.0003,0.0275,0.0002,-0.0636,0.0167,-1.7672,0.2734,0.2225,-0.02972,-0.45657,0.0107,-0.1137,-0.0916,0.0271,0.00280,0.00793,-1.4961,0.2164
1161,46.4400,0.3480,0.0000,0.0250,0.3812,0.0001,0.0437,-0.0024,-0.0188,0.0325,-1.7667,0.2581,0.2230,-0.03140,-0.42763,0.0406,-0.1235,-0.0944,-0.0027,0.00297,0.00806,-1.4965,0.2046
1162,46.4800,0.3464,0.0000,0.0253,0.3764,-0.0082,0.0148,0.0394,-0.0235,-0.0387,-1.7664,0.2431,0.2231,-0.03161,-0.41103,0.0125,-0.0826,-0.0913,0.0044,0.00183,0.00962,-1.4969,0.1927
1163,46.5200,0.3447,0.0000,0.0259,0.3676,0.0056,0.0230,-0.0291,0.0674,0.0228,-1.7661,0.2281,0.2228,-0.03110,-0.38373,0.0075,-0.1399,-0.1074,-0.0284,0.00217,0.00807,-1.4973,0.1807
1164,46.5600,0.3431,0.0000,0.0266,0.3723,-0.0080,0.0413,0.0369,-0.1085,0.0871,-1.7655,0.2135,0.2232,-0.03186,-0.36664,0.0064,-0.1238,-0.1229,0.0673,0.00115,0.00814,-1.4976,0.1688
1165,46.6000,0.3417,0.0000,0.0270,0.3651,-0.0193,0.0164,0.0926,-0.0374,0.0449,-1.7657,0.1988,0.2233,-0.03423,-0.26046,0.0026,-0.0939,-0.1107,-0.0350,0.00147,0.01029,-1.4979,0.1569
1166,46.6400,0.3403,0.0000,0.0273,0.3444,0.0222,0.0196,-0.1098,0.2786,0.0132,-1.7651,0.1845,0.2230,-0.02946,-0.25194,0.0033,-0.1460,-0.0892,-0.0513,0.00636,0.00878,-1.4982,0.1450
1167,46.6800,0.3390,0.0000,0.0275,0.3621,0.0129,0.0325,-0.0649,-0.1642,0.0078,-1.7635,0.1705,0.2229,-0.02782,-0.35914,0.0093,-0.1238,-0.1103,0.0823,0.00022,0.00498,-1.4985,0.1330
1168,46.7200,0.3377,0.0000,0.0279,0.3519,-0.0096,0.0202,0.0455,0.0241,0.0473,-1.7630,0.1563,0.2229,-0.02997,-0.33904,0.0198,-0.0984,-0.0805,-0.0460,0.00246,0.00849,-1.4988,0.1211
1169,46.7600,0.3365,0.0000,0.0284,0.3396,-0.0026,0.0119,0.0115,0.1850,0.0467,-1.7627,0.1424,0.2224,-0.02530,-0.29066,-0.0146,-0.1147,-0.0948,-0.0154,0.00177,0.00674,-1.4990,0.1091
1170,46.8000,0.3354,0.0000,0.0286,0.3557,-0.0008,0.0380,0.0016,-0.1870,0.0833,-1.7620,0.1286,0.2223,-0.02671,-0.27924,0.0097,-0.1279,-0.1029,0.0482,-0.00040,0.00289,-1.4992,0.0971
1171,46.8400,0.3344,0.0000,0.0286,0.3456,-0.0131,0.0362,0.0641,-0.0009,-0.0058,-1.7617,0.1146,0.2227,-0.02951,-0.23561,0.0142,-0.0936,-0.0869,0.0069,0.00085,0.00655,-1.4994,0.0851
1172,46.8800,0.3334,0.0000,0.0287,0.3302,-0.0083,0.0287,0.0396,0.2485,0.0434,-1.7616,0.1011,0.2229,-0.02358,-0.18216,-0.0163,-0.1181,-0.1085,-0.0079,0.00216,0.00716,-1.4996,0.0732
1173,46.9200,0.3325,0.0000,0.0289,0.3455,0.0028,0.0152,-0.0145,-0.1158,-0.0068,-1.7609,0.0875,0.2225,-0.02267,-0.18184,0.0027,-0.1028,-0.0731,0.0322,-0.00135,0.00160,-1.4997,0.0612
1174,46.9600,0.3316,0.0000,0.0292,0.3362,0.0024,0.0378,-0.0124,0.0629,0.0141,-1.7602,0.0740,0.2225,-0.02292,-0.18204,0.0090,-0.1165,-0.1029,0.0115,-0.00044,0.00368,-1.4998,0.0492
1175,47.0000,0.3307,0.0000,0.0296,0.3327,0.0035,0.0237,-0.0199,0.1050,0.1142,-1.7593,0.0606,0.2226,-0.01937,-0.18707,-0.0111,-0.1128,-0.0848,-0.0252,-0.00120,0.00367,-1.4999,0.0372
1176,47.0400,0.3299,0.0000,0.0298,0.3255,0.0028,0.0193,-0.0167,0.2408,0.1250,-1.7584,0.0474,0.2220,-0.01198,-0.17843,-0.0223,-0.1230,-0.0999,0.0022,-0.00133,0.00378,-1.4999,0.0252
1177,47.0800,0.3292,0.0000,0.0295,0.3335,0.0113,0.0316,-0.0554,0.1335,-0.0354,-1.7572,0.0341,0.2216,-0.00529,-0.20200,0.0028,-0.1110,-0.0592,0.0130,-0.00540,-0.00008,-1.5000,0.0132
1178,47.1200,0.3286,0.0000,0.0292,0.3507,-0.0163,0.0476,0.0786,-0.1329,0.0114,-1.7564,0.0205,0.2219,-0.00540,-0.19562,-0.0104,-0.1059,-0.1161,0.0403,-0.01031,-0.00060,-1.5000,0.0012
1179,47.1600,0.3279,0.0000,0.0292,0.3506,-0.0088,0.0499,0.0409,-0.0553,0.0784,-1.7562,0.0064,0.2225,-0.00996,-0.14022,0.0128,-0.1277,-0.0869,-0.0357,-0.00441,0.00150,-1.5000,-0.0108
1180,47.2000,0.3272,0.0000,0.0292,0.3512,0.0102,0.0254,-0.0513,-0.0865,0.0166,-1.7552,-0.0075,0.2227,-0.01276,-0.14468,0.0073,-0.1055,-0.0829,0.0056,-0.00340,0.00003,-1.5000,-0.0228
1181,47.2400,0.3265,0.0000,0.0291,0.3557,0.0025,0.0211,-0.0155,-0.1715,0.0926,-1.7539,-0.0214,0.2223,-0.01784,-0.15954,-0.0071,-0.1116,-0.1069,0.0080,-0.00230,0.00034,-1.4999,-0.0348
1182,47.2800,0.3258,0.0000,0.0289,0.3550,-0.0068,0.0284,0.0321,-0.1541,0.0299,-1.7531,-0.0355,0.2220,-0.02420,-0.14462,0.0130,-0.0894,-0.0878,0.0240,-0.00049,0.00375,-1.4998,-0.0468
1183,47.3200,0.3251,0.0000,0.0286,0.3409,-0.0008,0.0387,0.0019,0.1032,0.0707,-1.7523,-0.0493,0.2224,-0.02422,-0.12547,-0.0023,-0.1177,-0.1036,-0.0231,0.00242,0.00664,-1.4997,-0.0588
1184,47.3600,0.3244,0.0000,0.0282,0.3403,0.0053,0.0168,-0.0288,0.0627,0.1007,-1.7511,-0.0629,0.2223,-0.02119,-0.13131,-0.0194,-0.1140,-0.0795,-0.0052,0.00245,0.00499,-1.4996,-0.0708
1185,47.4000,0.3237,0.0000,0.0277,0.3430,0.0050,0.0288,-0.0249,-0.0091,-0.0254,-1.7497,-0.0765,0.2218,-0.02032,-0.14197,0.0154,-0.1018,-0.0825,0.0426,0.00243,0.00437,-1.4994,-0.0828
1186,47.4400,0.3230,0.0000,0.0272,0.3399,0.0043,0.0425,-0.0212,0.0726,-0.0845,-1.7485,-0.0901,0.2221,-0.01863,-0.15472,0.0125,-0.1075,-0.0836,-0.0157,0.00328,0.00416,-1.4993,-0.0948
1187,47.4800,0.3222,0.0000,0.0273,0.3316,0.0034,0.0333,-0.0193,0.2333,0.0802,-1.7473,-0.1036,0.2225,-0.01214,-0.16167,-0.0081,-0.1280,-0.0866,-0.0229,0.00474,0.00376,-1.4991,-0.1067
1188,47.5200,0.3215,0.0000,0.0277,0.3394,0.0178,0.0227,-0.0884,0.0771,-0.0204,-1.7457,-0.1170,0.2220,-0.00689,-0.18967,0.0323,-0.1071,-0.0549,0.0073,0.00125,-0.00101,-1.4988,-0.1187
1189,47.5600,0.3207,0.0000,0.0281,0.3333,0.0060,0.0387,-0.0304,0.2743,-0.0104,-1.7441,-0.1304,0.2218,0.00145,-0.21703,-0.0002,-0.1185,-0.0985,-0.0155,0.00052,0.00016,-1.4986,-0.1307
1190,47.6000,0.3199,0.0000,0.0287,0.3580,-0.0170,0.0356,0.0819,-0.1221,0.0117,-1.7431,-0.1443,0.2218,0.00290,-0.20591,-0.0081,-0.1079,-0.0851,0.0219,-0.00532,-0.00349,-1.4983,-0.1426
1191,47.6400,0.3191,0.0000,0.0295,0.3547,-0.0236,0.0611,0.1127,0.0517,0.1139,-1.7430,-0.1586,0.2223,0.00190,-0.14037,0.0006,-0.1323,-0.1198,-0.0016,-0.00215,-0.00073,-1.4980,-0.1546
1192,47.6800,0.3182,0.0000,0.0300,0.3620,-0.0037,0.0472,0.0165,-0.0322,0.0263,-1.7423,-0.1729,0.2230,0.00180,-0.10905,0.0108,-0.1108,-0.0914,0.0015,-0.00310,-0.00199,-1.4977,-0.1665
1193,47.7200,0.3173,0.0000,0.0304,0.3636,0.0115,0.0234,-0.0582,-0.0061,0.0205,-1.7409,-0.1874,0.2228,0.00091,-0.11870,0.0198,-0.0964,-0.0699,-0.0092,0.00041,-0.00130,-1.4973,-0.1784
1194,47.7600,0.3163,0.0000,0.0309,0.3692,0.0046,0.0296,-0.0241,-0.0596,0.0007,-1.7392,-0.2018,0.2223,0.00007,-0.13734,0.0281,-0.0824,-0.0991,0.0344,-0.00091,0.00138,-1.4970,-0.1903
1195,47.8000,0.3153,0.0000,0.0314,0.3718,0.0009,0.0525,-0.0049,-0.0150,-0.0363,-1.7378,-0.2166,0.2226,-0.00156,-0.14048,0.0288,-0.1113,-0.0997,-0.0003,-0.00092,0.00242,-1.4966,-0.2022
1196,47.8400,0.3142,0.0000,0.0322,0.3721,-0.0025,0.0567,0.0127,0.0410,-0.0870,-1.7365,-0.2314,0.2233,-0.00077,-0.14136,0.0392,-0.1014,-0.0935,0.0297,-0.00167,0.00423,-1.4962,-0.2141
1197,47.8800,0.3130,0.0000,0.0336,0.3754,-0.0192,0.0439,0.0891,0.0196,0.1230,-1.7357,-0.2464,0.2240,0.00091,-0.11204,0.0019,-0.1162,-0.1423,0.0071,-0.00358,0.00489,-1.4957,-0.2260
1198,47.9200,0.3117,0.0000,0.0349,0.3796,0.0004,0.0319,-0.0035,-0.0236,0.0262,-1.7348,-0.2615,0.2238,-0.00049,-0.08576,0.0408,-0.1046,-0.0798,0.0191,-0.00399,0.00352,-1.4953,-0.2378
1199,47.9600,0.3104,0.0000,0.0359,0.3809,0.0170,0.0315,-0.0834,-0.0292,-0.0400,-1.7330,-0.2766,0.2236,-0.00108,-0.10941,0.0462,-0.0867,-0.0901,0.0068,-0.00433,0.00517,-1.4948,-0.2497
1200,48.0000,0.3089,0.0000,0.0371,0.3954,-0.0168,0.0312,0.0768,-0.2753,0.1417,-1.7315,-0.2919,0.2235,-0.00744,-0.10851,-0.0039,-0.1025,-0.1410,0.0468,-0.00530,0.00814,-1.4942,-0.2615
1201,48.0400,0.3075,0.0000,0.0380,0.3884,0.0021,0.0234,-0.0123,-0.1238,0.0406,-1.7305,-0.3075,0.2232,-0.01612,-0.08052,0.0445,-0.0969,-0.0709,-0.0450,0.00174,0.01071,-1.4937,-0.2733
1202,48.0800,0.3060,0.0000,0.0386,0.3863,0.0005,0.0297,-0.0046,-0.1499,0.0672,-1.7288,-0.3227,0.2231,-0.02049,-0.08781,0.0067,-0.0936,-0.1311,0.0475,0.00196,0.01182,-1.4931,-0.2851
1203,48.1200,0.3044,0.0000,0.0390,0.3722,0.0024,0.0356,-0.0134,0.1149,0.0235,-1.7273,-0.3377,0.2233,-0.02049,-0.08328,0.0281,-0.1057,-0.1074,-0.0164,0.00409,0.01463,-1.4926,-0.2969
1204,48.1600,0.3028,0.0000,0.0394,0.3705,0.0029,0.0288,-0.0176,0.0877,0.1096,-1.7256,-0.3525,0.2234,-0.01636,-0.08923,0.0056,-0.1116,-0.1083,0.0096,0.00229,0.01204,-1.4920,-0.3086
1205,48.2000,0.3012,0.0000,0.0396,0.3685,0.0160,0.0210,-0.0801,0.0983,0.0084,-1.7236,-0.3672,0.2230,-0.01329,-0.10393,0.0331,-0.1080,-0.0693,-0.0068,0.00190,0.00937,-1.4913,-0.3204
1206,48.2400,0.2996,0.0000,0.0397,0.3791,0.0021,0.0433,-0.0123,-0.1270,0.0366,-1.7215,-0.3819,0.2230,-0.01393,-0.12328,0.0326,-0.1065,-0.1143,0.0564,-0.00007,0.00914,-1.4907,-0.3321
1207,48.2800,0.2979,0.0000,0.0399,0.3681,-0.0065,0.0318,0.0284,0.1145,0.0927,-1.7201,-0.3969,0.2234,-0.01365,-0.10918,0.0081,-0.1186,-0.1006,-0.0565,0.00321,0.01146,-1.4900,-0.3438
1208,48.3200,0.2962,0.0000,0.0400,0.3699,0.0155,0.0391,-0.0759,0.0340,-0.0460,-1.7182,-0.4115,0.2233,-0.01132,-0.11909,0.0536,-0.1176,-0.0883,0.0317,0.00420,0.00860,-1.4893,-0.3554
1209,48.3600,0.2945,0.0000,0.0403,0.3732,-0.0030,0.0283,0.0119,-0.0260,0.0452,-1.7161,-0.4262,0.2235,-0.01053,-0.13195,0.0131,-0.0979,-0.1053,-0.0037,0.00338,0.01043,-1.4886,-0.3671
1210,48.4000,0.2927,0.0000,0.0408,0.3770,-0.0215,0.0240,0.1035,-0.1034,0.0523,-1.7151,-0.4412,0.2231,-0.01348,-0.10395,0.0231,-0.0876,-0.1072,0.0331,0.00237,0.01201,-1.4878,-0.3787
1211,48.4400,0.2909,0.0000,0.0412,0.3827,-0.0015,0.0414,0.0065,-0.2465,-0.0114,-1.7138,-0.4562,0.2232,-0.02169,-0.08317,0.0356,-0.1169,-0.1011,-0.0047,0.00600,0.01093,-1.4870,-0.3903
1212,48.4800,0.2891,0.0000,0.0417,0.3683,0.0040,0.0414,-0.0208,-0.0202,-0.0078,-1.7120,-0.4710,0.2239,-0.02563,-0.08538,0.0263,-0.1107,-0.1198,0.0056,0.00895,0.01306,-1.4862,-0.4019
1213,48.5200,0.2872,0.0000,0.0426,0.3692,0.0094,0.0127,-0.0484,-0.1398,0.0657,-1.7099,-0.4855,0.2238,-0.02958,-0.09747,0.0266,-0.1100,-0.0860,-0.0054,0.00721,0.01113,-1.4854,-0.4134
1214,48.5600,0.2853,0.0000,0.0434,0.3652,-0.0071,0.0105,0.0322,-0.1743,0.0984,-1.7081,-0.4999,0.2232,-0.03517,-0.09598,0.0138,-0.0964,-0.1266,0.0317,0.00700,0.01278,-1.4846,-0.4249
1215,48.6000,0.2835,0.0000,0.0439,0.3584,0.0067,0.0208,-0.0340,-0.1487,-0.0008,-1.7064,-0.5142,0.2228,-0.04207,-0.09267,0.0498,-0.0923,-0.0729,-0.0188,0.01016,0.01362,-1.4837,-0.4364
1216,48.6400,0.2816,0.0000,0.0445,0.3410,0.0102,0.0272,-0.0506,0.0380,-0.0652,-1.7043,-0.5278,0.2230,-0.04283,-0.10707,0.0441,-0.0865,-0.0992,0.0118,0.01307,0.01617,-1.4828,-0.4479
1217,48.6800,0.2797,0.0000,0.0455,0.3357,0.0014,0.0231,-0.0087,-0.0130,0.0391,-1.7024,-0.5412,0.2231,-0.04234,-0.11612,0.0172,-0.1160,-0.1157,-0.0137,0.01251,0.01591,-1.4819,-0.4593
1218,48.7200,0.2779,0.0000,0.0466,0.3144,-0.0191,0.0221,0.0927,0.2929,0.0834,-1.7012,-0.5542,0.2230,-0.03539,-0.09577,-0.0208,-0.1153,-0.1232,0.0193,0.01118,0.01813,-1.4809,-0.4707
1219,48.7600,0.2761,0.0000,0.0476,0.3128,0.0025,0.0236,-0.0133,0.2174,0.0394,-1.7000,-0.5668,0.2228,-0.02607,-0.08232,0.0058,-0.1208,-0.0837,-0.0237,0.00688,0.01243,-1.4800,-0.4821
1220,48.8000,0.2744,0.0000,0.0484,0.3206,-0.0000,0.0269,-0.0021,-0.0470,0.0681,-1.6981,-0.5793,0.2226,-0.02303,-0.08826,0.0077,-0.1036,-0.1023,0.0312,0.00267,0.00932,-1.4790,-0.4935
1221,48.8400,0.2728,0.0000,0.0492,0.3092,0.0035,0.0333,-0.0196,0.1509,0.0936,-1.6965,-0.5919,0.2226,-0.02057,-0.08481,0.0085,-0.1262,-0.1071,-0.0444,0.00226,0.00960,-1.4780,-0.5048
1222,48.8800,0.2712,0.0000,0.0498,0.3224,-0.0016,0.0412,0.0053,-0.1679,0.0900,-1.6945,-0.6043,0.2229,-0.02196,-0.08993,0.0153,-0.1179,-0.1032,0.0628,-0.00002,0.00684,-1.4769,-0.5161
1223,48.9200,0.2698,0.0000,0.0500,0.3201,-0.0088,0.0387,0.0421,-0.1549,0.0251,-1.6931,-0.6169,0.2234,-0.02807,-0.07840,0.0405,-0.0961,-0.1039,-0.0006,0.00190,0.01054,-1.4759,-0.5273
1224,48.9600,0.2683,0.0000,0.0503,0.3052,-0.0082,0.0292,0.0382,0.0601,0.0979,-1.6917,-0.6292,0.2237,-0.02895,-0.06398,-0.0007,-0.1146,-0.1276,-0.0109,0.00352,0.01233,-1.4748,-0.5386
1225,49.0000,0.2669,0.0000,0.0504,0.3002,0.0182,0.0240,-0.0894,0.0661,-0.0059,-1.6897,-0.6412,0.2235,-0.02718,-0.07188,0.0331,-0.1184,-0.0745,0.0094,0.00390,0.01065,-1.4737,-0.5497
1226,49.0400,0.2655,0.0000,0.0507,0.2881,0.0006,0.0259,-0.0063,0.2559,0.1082,-1.6875,-0.6528,0.2233,-0.01874,-0.08442,-0.0168,-0.1184,-0.1334,0.0061,0.00207,0.01243,-1.4725,-0.5609
1227,49.0800,0.2642,0.0000,0.0509,0.3049,-0.0047,0.0250,0.0219,-0.0932,0.0327,-1.6858,-0.6646,0.2229,-0.01761,-0.08125,0.0165,-0.1127,-0.0804,0.0278,-0.00204,0.00792,-1.4714,-0.5720
1228,49.1200,0.2630,0.0000,0.0511,0.2917,0.0168,0.0415,-0.0835,0.1634,-0.0016,-1.6838,-0.6764,0.2231,-0.01572,-0.08599,0.0280,-0.1364,-0.0844,-0.0478,0.00123,0.00673,-1.4702,-0.5831
1229,49.1600,0.2617,0.0000,0.0515,0.2958,0.0130,0.0281,-0.0629,0.0585,-0.0797,-1.6812,-0.6879,0.2231,-0.01100,-0.11098,0.0221,-0.1029,-0.0829,0.0281,-0.00088,0.00527,-1.4690,-0.5941
1230,49.2000,0.2605,0.0000,0.0525,0.3115,-0.0136,0.0300,0.0627,-0.2490,0.1312,-1.6794,-0.6998,0.2230,-0.01567,-0.10873,0.0098,-0.1242,-0.1287,-0.0086,-0.00433,0.00366,-1.4678,-0.6051
1231,49.2400,0.2592,0.0000,0.0535,0.2965,-0.0087,0.0304,0.0423,0.0523,0.0134,-1.6781,-0.7119,0.2228,-0.01909,-0.08785,0.0144,-0.1142,-0.0951,-0.0276,0.00063,0.00624,-1.4665,-0.6161
1232,49.2800,0.2580,0.0000,0.0543,0.3002,0.0021,0.0304,-0.0132,-0.0762,0.0881,-1.6762,-0.7236,0.2229,-0.01976,-0.08718,-0.0020,-0.1234,-0.1031,-0.0025,0.00067,0.00292,-1.4653,-0.6270
1233,49.3200,0.2568,0.0000,0.0551,0.3069,-0.0091,0.0312,0.0441,-0.2527,0.0267,-1.6744,-0.7354,0.2228,-0.02656,-0.08266,0.0313,-0.0938,-0.1061,0.0460,0.00054,0.00504,-1.4640,-0.6379
1234,49.3600,0.2556,0.0000,0.0559,0.2954,-0.0222,0.0259,0.1069,-0.0762,0.1061,-1.6733,-0.7473,0.2229,-0.03207,-0.05992,0.0031,-0.0851,-0.1110,-0.0119,0.00482,0.01077,-1.4627,-0.6487
1235,49.4000,0.2543,0.0000,0.0566,0.2767,0.0018,0.0188,-0.0100,0.1974,0.0679,-1.6719,-0.7587,0.2226,-0.02914,-0.04573,-0.0049,-0.1106,-0.0974,-0.0231,0.00606,0.01025,-1.4613,-0.6595
1236,49.4400,0.2532,0.0000,0.0572,0.2832,0.0095,0.0280,-0.0482,-0.0087,0.0545,-1.6695,-0.7697,0.2224,-0.02587,-0.05784,-0.0001,-0.1132,-0.0980,0.0430,0.00287,0.00684,-1.4599,-0.6703
1237,49.4800,0.2520,0.0000,0.0577,0.2718,-0.0016,0.0158,0.0070,0.2791,0.0184,-1.6675,-0.7807,0.2220,-0.01941,-0.05832,-0.0016,-0.1044,-0.0815,-0.0322,0.00152,0.00768,-1.4586,-0.6810
1238,49.5200,0.2509,0.0000,0.0584,0.2905,-0.0027,0.0350,0.0122,-0.0368,0.0320,-1.6655,-0.7918,0.2217,-0.01613,-0.05867,0.0217,-0.1217,-0.0847,0.0549,-0.00174,0.00216,-1.4571,-0.6917
1239,49.5600,0.2498,0.0000,0.0592,0.2990,-0.0146,0.0230,0.0696,-0.1412,0.0996,-1.6639,-0.8034,0.2217,-0.01976,-0.04721,0.0201,-0.0971,-0.0897,-0.0294,-0.00010,0.00278,-1.4557,-0.7023
1240,49.6000,0.2486,0.0000,0.0600,0.2853,-0.0081,0.0175,0.0382,0.1745,0.0877,-1.6624,-0.8150,0.2211,-0.01809,-0.03115,0.0109,-0.1044,-0.0992,-0.0207,0.00452,0.00529,-1.4542,-0.7129
1241,49.6400,0.2475,0.0000,0.0606,0.3030,-0.0071,0.0207,0.0327,-0.1407,0.1047,-1.6604,-0.8266,0.2207,-0.01854,-0.02711,-0.0011,-0.1110,-0.0994,0.0241,0.00357,0.00186,-1.4528,-0.7234
1242,49.6800,0.2464,0.0000,0.0610,0.3072,-0.0061,0.0328,0.0295,-0.2675,0.0210,-1.6584,-0.8385,0.2205,-0.02738,-0.01904,0.0175,-0.0956,-0.0941,-0.0088,0.00494,0.00272,-1.4513,-0.7339
1243,49.7200,0.2452,0.0000,0.0613,0.2858,-0.0051,0.0454,0.0229,0.0764,0.1003,-1.6565,-0.8501,0.2211,-0.02941,-0.01141,0.0077,-0.1047,-0.1220,-0.0157,0.00908,0.00871,-1.4497,-0.7443
1244,49.7600,0.2440,0.0000,0.0617,0.2803,0.0044,0.0326,-0.0234,0.0549,0.0736,-1.6543,-0.8611,0.2215,-0.02701,-0.01252,0.0031,-0.1161,-0.1004,0.0101,0.00932,0.00683,-1.4482,-0.7547
1245,49.8000,0.2428,0.0000,0.0620,0.2742,0.0024,0.0148,-0.0120,0.0918,-0.0226,-1.6519,-0.8720,0.2211,-0.02371,-0.01568,0.0068,-0.0798,-0.0758,0.0094,0.00822,0.00816,-1.4466,-0.7651
1246,49.8400,0.2416,0.0000,0.0627,0.2616,0.0147,0.0328,-0.0727,0.2954,-0.0383,-1.6495,-0.8826,0.2207,-0.01559,-0.02315,0.0136,-0.1121,-0.0773,-0.0145,0.00641,0.00554,-1.4450,-0.7754
1247,49.8800,0.2403,0.0000,0.0639,0.2804,-0.0034,0.0396,0.0153,-0.1166,0.0323,-1.6470,-0.8931,0.2209,-0.01266,-0.03245,0.0037,-0.1006,-0.1141,0.0352,-0.00175,0.00253,-1.4434,-0.7856
1248,49.9200,0.2391,0.0000,0.0654,0.2738,-0.0071,0.0434,0.0350,0.0263,-0.0110,-1.6452,-0.9041,0.2212,-0.01475,-0.02231,0.0224,-0.1073,-0.0873,-0.0209,-0.00020,0.00497,-1.4417,-0.7958
1249,49.9600,0.2378,0.0000,0.0671,0.2825,0.0116,0.0379,-0.0579,-0.1445,0.0173,-1.6428,-0.9148,0.2217,-0.01798,-0.02772,0.0308,-0.1294,-0.0841,0.0026,0.00123,0.00165,-1.4401,-0.8060
1250,50.0000,0.2365,0.0000,0.0691,0.2725,0.0094,0.0193,-0.0472,0.0972,0.0049,-1.6402,-0.9256,0.2214,-0.01765,-0.03678,0.0357,-0.1070,-0.0877,-0.0153,0.00415,0.00460,-1.4384,-0.8161
1251,50.0400,0.2351,0.0000,0.0713,0.2774,-0.0239,0.0105,0.1310,0.0548,0.1527,-1.6383,-0.9364,0.2207,-0.01413,-0.02939,-0.0286,-0.1080,-0.1174,0.0273,-0.00033,0.00451,-1.4367,-0.8261
1252,50.0800,0.2338,0.0000,0.0732,0.2903,-0.0006,0.0267,0.0024,-0.1233,0.0201,-1.6366,-0.9477,0.2200,-0.01762,-0.01542,0.0430,-0.1246,-0.0632,-0.0303,0.00086,0.00099,-1.4349,-0.8361
1253,50.1200,0.2325,0.0000,0.0749,0.2867,-0.0150,0.0306,0.0721,-0.0037,0.0891,-1.6344,-0.9589,0.2201,-0.01851,-0.00950,-0.0136,-0.1077,-0.1206,0.0080,0.00473,0.00390,-1.4332,-0.8460
1254,50.1600,0.2311,0.0000,0.0766,0.2834,-0.0024,0.0307,0.0111,0.0650,0.0420,-1.6325,-0.9702,0.2199,-0.01802,0.00130,0.0158,-0.1195,-0.0884,-0.0271,0.00508,0.00365,-1.4314,-0.8559
1255,50.2000,0.2297,0.0000,0.0782,0.2812,0.0034,0.0475,-0.0186,0.0766,0.0635,-1.6300,-0.9812,0.2203,-0.01466,-0.00150,0.0103,-0.1236,-0.1139,0.0220,0.00505,0.00341,-1.4296,-0.8657
1256,50.2400,0.2283,0.0000,0.0799,0.2873,-0.0098,0.0273,0.0456,-0.0479,0.0911,-1.6277,-0.9923,0.2205,-0.01451,0.00136,-0.0042,-0.1087,-0.1016,-0.0045,0.00437,0.00230,-1.4278,-0.8755
1257,50.2800,0.2268,0.0000,0.0815,0.2857,-0.0084,0.0303,0.0385,-0.0377,0.1097,-1.6256,-1.0035,0.2202,-0.01642,0.01054,0.0143,-0.1062,-0.1019,0.0101,0.00688,0.00274,-1.4259,-0.8852
1258,50.3200,0.2254,0.0000,0.0829,0.2797,0.0055,0.0274,-0.0294,0.0554,0.0854,-1.6231,-1.0145,0.2201,-0.01573,0.01121,-0.0011,-0.1121,-0.1031,-0.0348,0.00686,0.00236,-1.4240,-0.8949
1259,50.3600,0.2239,0.0000,0.0841,0.2906,-0.0027,0.0327,0.0085,-0.1943,0.1684,-1.6204,-1.0255,0.2201,-0.01934,0.00686,0.0006,-0.1143,-0.1112,0.0380,0.00493,0.00168,-1.4221,-0.9045
1260,50.4000,0.2224,0.0000,0.0851,0.2806,-0.0053,0.0307,0.0250,-0.0198,0.0447,-1.6180,-1.0366,0.2200,-0.02266,0.01258,0.0261,-0.0830,-0.1032,-0.0208,0.00943,0.00594,-1.4202,-0.9140
1261,50.4400,0.2209,0.0000,0.0859,0.2760,0.0019,0.0387,-0.0112,0.0101,0.0706,-1.6154,-1.0474,0.2202,-0.02284,0.01289,0.0159,-0.1049,-0.1035,0.0103,0.00936,0.00566,-1.4183,-0.9235
1262,50.4800,0.2193,0.0000,0.0869,0.2692,0.0057,0.0359,-0.0287,0.0893,0.0190,-1.6127,-1.0579,0.2205,-0.02047,0.00985,0.0230,-0.1052,-0.1034,0.0030,0.00835,0.00618,-1.4163,-0.9329
1263,50.5200,0.2178,0.0000,0.0882,0.2748,0.0013,0.0368,-0.0075,-0.0780,0.0342,-1.6099,-1.0684,0.2207,-0.02075,0.00599,0.0278,-0.1050,-0.1047,0.0247,0.00545,0.00560,-1.4143,-0.9423
1264,50.5600,0.2162,0.0000,0.0897,0.2659,-0.0008,0.0245,0.0031,0.0592,0.0172,-1.6073,-1.0789,0.2206,-0.02091,0.00766,0.0075,-0.1076,-0.0941,-0.0198,0.00634,0.00619,-1.4123,-0.9516
1265,50.6000,0.2145,0.0000,0.0916,0.2666,-0.0160,0.0341,0.0757,-0.0072,0.1256,-1.6051,-1.0892,0.2205,-0.01953,0.01343,-0.0125,-0.1113,-0.1339,0.0493,0.00510,0.00755,-1.4103,-0.9609
1266,50.6400,0.2129,0.0000,0.0934,0.2655,0.0027,0.0463,-0.0144,-0.0330,0.0500,-1.6028,-1.0997,0.2209,-0.02137,0.01970,0.0246,-0.1299,-0.1004,-0.0190,0.00800,0.00511,-1.4082,-0.9700
1267,50.6800,0.2113,0.0000,0.0951,0.2561,-0.0047,0.0236,0.0178,0.0678,0.2040,-1.6002,-1.1097,0.2211,-0.01930,0.01888,-0.0256,-0.1048,-0.1277,-0.0086,0.00596,0.00639,-1.4061,-0.9792
1268,50.7200,0.2097,0.0000,0.0966,0.2509,0.0142,0.0347,-0.0683,0.1155,-0.0624,-1.5974,-1.1195,0.2207,-0.01620,0.01580,0.0589,-0.0916,-0.0784,0.0451,0.00397,0.00409,-1.4040,-0.9882
1269,50.7600,0.2081,0.0000,0.0982,0.2598,0.0064,0.0491,-0.0315,-0.1007,-0.0236,-1.5942,-1.1291,0.2213,-0.01584,0.00585,0.0122,-0.1127,-0.1269,0.0057,-0.00013,0.00170,-1.4019,-0.9972
1270,50.8000,0.2065,0.0000,0.1006,0.2500,-0.0014,0.0616,0.0085,0.0855,-0.0915,-1.5916,-1.1390,0.2222,-0.01562,0.00699,0.0613,-0.1147,-0.1206,0.0345,0.00226,0.00400,-1.3998,-1.0062
1271,50.8400,0.2048,0.0000,0.1037,0.2569,-0.0155,0.0220,0.0901,-0.0440,0.1327,-1.5894,-1.1488,0.2226,-0.01475,0.01342,0.0101,-0.1109,-0.1383,-0.0192,0.00037,0.00351,-1.3976,-1.0150
1272,50.8800,0.2031,0.0000,0.1070,0.2423,0.0109,0.0318,-0.0520,0.2277,-0.0396,-1.5870,-1.1586,0.2220,-0.01143,0.01787,0.0691,-0.1134,-0.0969,0.0333,0.00375,0.00383,-1.3954,-1.0238
1273,50.9200,0.2014,0.0000,0.1104,0.2232,0.0358,0.0853,-0.1645,0.5992,-0.2992,-1.5835,-1.1675,0.2230,0.00800,-0.00109,0.1214,-0.1007,-0.1285,0.0427,-0.00002,0.00069,-1.3932,-1.0326
1274,50.9600,0.1996,0.0000,0.1151,0.2489,-0.0180,0.0362,0.0684,0.1710,0.0821,-1.5805,-1.1769,0.2241,0.02241,-0.01012,0.0046,-0.1169,-0.1535,-0.0034,-0.01091,-0.00600,-1.3910,-1.0412
1275,51.0000,0.1977,0.0000,0.1206,0.2268,0.0005,0.1045,0.0130,0.7564,-0.3237,-1.5788,-1.1867,0.2247,0.04184,0.00391,0.1929,-0.1324,-0.1431,0.1194,-0.00982,-0.00985,-1.3887,-1.0498
1276,51.0400,0.1957,0.0000,0.1269,0.2868,-0.0080,0.0489,0.0234,-0.2979,0.0619,-1.5759,-1.1969,0.2264,0.04764,-0.00192,0.0177,-0.1236,-0.1432,-0.0476,-0.02153,-0.02030,-1.3864,-1.0584
1277,51.0800,0.1937,0.0000,0.1341,0.2950,-0.0208,0.0140,0.1028,-0.2578,-0.0549,-1.5740,-1.2084,0.2250,0.03435,0.01553,0.0864,-0.1095,-0.1083,0.1026,-0.01621,-0.01501,-1.3841,-1.0668
1278,51.1200,0.1915,0.0000,0.1412,0.2945,0.0088,0.0436,-0.0441,-0.1137,0.0287,-1.5714,-1.2198,0.2246,0.02770,0.01969,0.0485,-0.1296,-0.1306,-0.0153,-0.00825,-0.01058,-1.3818,-1.0752
1279,51.1600,0.1892,0.0000,0.1484,0.3065,0.0112,0.0186,-0.0565,-0.2396,0.0486,-1.5680,-1.2312,0.2240,0.02017,0.00943,0.0479,-0.0978,-0.1033,0.0312,-0.00745,-0.00835,-1.3795,-1.0836
1280,51.2000,0.1868,0.0000,0.1554,0.3085,-0.0132,0.0302,0.0588,-0.1653,0.1471,-1.5651,-1.2430,0.2233,0.01288,0.01145,0.0343,-0.1056,-0.1504,0.0527,-0.00321,-0.00250,-1.3771,-1.0919
1281,51.2400,0.1844,0.0000,0.1618,0.3222,0.0035,0.0313,-0.0193,-0.3797,0.0333,-1.5622,-1.2552,0.2229,0.00017,0.01543,0.0576,-0.1090,-0.0981,-0.0128,-0.00095,-0.00113,-1.3747,-1.1000
1282,51.2800,0.1819,0.0000,0.1679,0.3237,0.0009,0.0287,-0.0075,-0.4387,0.0895,-1.5589,-1.2673,0.2228,-0.01575,0.01275,0.0539,-0.0902,-0.1237,0.0320,0.00348,0.00462,-1.3723,-1.1082
1283,51.3200,0.1793,0.0000,0.1739,0.3110,-0.0044,0.0169,0.0180,-0.2589,0.1393,-1.5559,-1.2794,0.2225,-0.02877,0.01535,0.0484,-0.0880,-0.1257,0.0008,0.01045,0.01090,-1.3699,-1.1162
1284,51.3600,0.1766,0.0000,0.1794,0.2959,-0.0024,0.0103,0.0083,-0.0961,0.1520,-1.5530,-1.2910,0.2219,-0.03488,0.01720,0.0321,-0.0854,-0.1250,0.0066,0.01441,0.01493,-1.3674,-1.1242
1285,51.4000,0.1740,0.0000,0.1845,0.2688,0.0127,0.0234,-0.0652,0.3171,0.1339,-1.5498,-1.3018,0.2215,-0.02888,0.01350,0.0324,-0.1061,-0.1182,-0.0200,0.01635,0.01764,-1.3649,-1.1321
1286,51.4400,0.1713,0.0000,0.1890,0.2758,0.0111,0.0316,-0.0581,0.0572,0.0986,-1.5461,-1.3122,0.2214,-0.02212,0.00134,0.0285,-0.1138,-0.1178,0.0332,0.00852,0.01112,-1.3624,-1.1399
1287,51.4800,0.1687,0.0000,0.1933,0.2893,-0.0163,0.0439,0.0737,-0.2902,0.1897,-1.5431,-1.3229,0.2218,-0.02798,0.00246,0.0242,-0.1296,-0.1531,0.0254,0.00636,0.01008,-1.3599,-1.1477
1288,51.5200,0.1661,0.0000,0.1972,0.2742,-0.0191,0.0222,0.0897,-0.0988,0.2068,-1.5409,-1.3339,0.2220,-0.03552,0.01653,0.0208,-0.0995,-0.1074,-0.0255,0.01236,0.01345,-1.3574,-1.1554
1289,51.5600,0.1636,0.0000,0.2008,0.2669,0.0041,0.0256,-0.0218,-0.1450,0.0946,-1.5380,-1.3441,0.2217,-0.04043,0.01921,0.0446,-0.1008,-0.1212,0.0460,0.01499,0.01230,-1.3548,-1.1630
1290,51.6000,0.1611,0.0000,0.2041,0.2431,0.0108,0.0352,-0.0558,0.1936,0.1223,-1.5347,-1.3537,0.2220,-0.03764,0.01381,0.0262,-0.1165,-0.1344,-0.0168,0.01599,0.01551,-1.3522,-1.1706
1291,51.6400,0.1586,0.0000,0.2075,0.2379,0.0024,0.0162,-0.0162,0.1513,0.1620,-1.5314,-1.3629,0.2218,-0.03079,0.00790,0.0070,-0.1119,-0.1158,0.0160,0.00985,0.01231,-1.3496,-1.1780
1292,51.6800,0.1563,0.0000,0.2108,0.2463,-0.0162,0.0107,0.0745,-0.1444,0.1850,-1.5287,-1.3721,0.2210,-0.03160,0.01124,0.0041,-0.0945,-0.1254,0.0264,0.00600,0.01117,-1.3470,-1.1854
1293,51.7200,0.1540,0.0000,0.2139,0.2377,-0.0021,0.0464,0.0072,-0.0769,0.1518,-1.5262,-1.3814,0.2211,-0.03644,0.01698,0.0295,-0.1298,-0.1312,-0.0074,0.00917,0.01156,-1.3443,-1.1927
1294,51.7600,0.1517,0.0000,0.2168,0.2263,0.0066,0.0339,-0.0360,0.0005,0.1670,-1.5231,-1.3900,0.2217,-0.03734,0.01363,0.0049,-0.1213,-0.1246,-0.0176,0.01174,0.01205,-1.3417,-1.2000
1295,51.8000,0.1496,0.0000,0.2197,0.2168,0.0121,0.0164,-0.0632,0.0384,0.1515,-1.5198,-1.3982,0.2214,-0.03671,0.00716,0.0221,-0.1184,-0.1002,0.0086,0.01127,0.01052,-1.3390,-1.2071
1296,51.8400,0.1475,0.0000,0.2226,0.2062,0.0131,0.0254,-0.0686,0.1251,0.1275,-1.5164,-1.4059,0.2210,-0.03270,-0.00116,0.0343,-0.1084,-0.1004,0.0088,0.00977,0.01009,-1.3362,-1.2142
1297,51.8800,0.1455,0.0000,0.2257,0.1967,-0.0076,0.0288,0.0322,0.2353,0.2061,-1.5136,-1.4135,0.2209,-0.02454,-0.00303,-0.0084,-0.1185,-0.1264,-0.0018,0.00510,0.00969,-1.3335,-1.2212
1298,51.9200,0.1436,0.0000,0.2286,0.2059,-0.0083,0.0286,0.0354,-0.0239,0.2009,-1.5111,-1.4213,0.2207,-0.02185,0.00075,0.0044,-0.1271,-0.1129,-0.0108,0.00183,0.00349,-1.3307,-1.2281
1299,51.9600,0.1419,0.0000,0.2314,0.1959,0.0046,0.0574,-0.0263,0.1289,0.1491,-1.5083,-1.4288,0.2211,-0.01939,0.00149,0.0376,-0.1352,-0.1156,0.0124,0.00473,0.00416,-1.3280,-1.2350
1300,52.0000,0.1402,0.0000,0.2342,0.2053,0.0041,0.0314,-0.0248,-0.1264,0.1393,-1.5051,-1.4361,0.2216,-0.01996,-0.00280,0.0249,-0.1100,-0.1022,-0.0096,0.00188,0.00111,-1.3252,-1.2418
1301,52.0400,0.1385,0.0000,0.2374,0.1945,-0.0027,0.0255,0.0076,0.0273,0.2247,-1.5023,-1.4435,0.2213,-0.02136,-0.00245,0.0239,-0.1203,-0.1244,-0.0074,0.00440,0.00332,-1.3223,-1.2485
1302,52.0800,0.1370,0.0000,0.2404,0.1990,-0.0067,0.0221,0.0281,-0.1358,0.1848,-1.4995,-1.4507,0.2209,-0.02406,-0.00139,0.0025,-0.1121,-0.1176,0.0078,0.00496,0.00297,-1.3195,-1.2551
1303,52.1200,0.1355,0.0000,0.2434,0.1865,-0.0041,0.0463,0.0152,0.0548,0.2316,-1.4968,-1.4579,0.2211,-0.02491,0.00158,0.0274,-0.1243,-0.1280,-0.0052,0.00720,0.00557,-1.3166,-1.2616
1304,52.1600,0.1340,0.0000,0.2464,0.1890,0.0041,0.0327,-0.0242,-0.0834,0.1424,-1.4938,-1.4648,0.2214,-0.02618,-0.00008,0.0192,-0.1192,-0.1031,-0.0017,0.00821,0.00331,-1.3138,-1.2681
1305,52.2000,0.1327,0.0000,0.2495,0.1689,-0.0095,0.0381,0.0413,0.2446,0.2351,-1.4912,-1.4714,0.2215,-0.02074,0.00160,0.0079,-0.1190,-0.1579,-0.0029,0.00898,0.00750,-1.3108,-1.2744
1306,52.2400,0.1314,0.0000,0.2526,0.1831,-0.0029,0.0375,0.0099,-0.0962,0.1305,-1.4885,-1.4779,0.2216,-0.01995,0.00303,0.0283,-0.1214,-0.1031,0.0307,0.00503,0.00322,-1.3079,-1.2807
1307,52.2800,0.1302,0.0000,0.2560,0.1714,0.0108,0.0360,-0.0567,0.0874,0.1354,-1.4855,-1.4843,0.2217,-0.01979,0.00124,0.0312,-0.1292,-0.0967,-0.0313,0.00773,0.00336,-1.3050,-1.2869
1308,52.3200,0.1289,0.0000,0.2600,0.1688,-0.0029,0.0180,0.0062,0.0708,0.2272,-1.4824,-1.4904,0.2214,-0.01579,-0.00181,-0.0109,-0.1171,-0.1316,0.0115,0.00475,0.00270,-1.3020,-1.2930
1309,52.3600,0.1278,0.0000,0.2640,0.1729,-0.0053,0.0350,0.0207,-0.0300,0.1946,-1.4797,-1.4967,0.2210,-0.01589,0.00005,0.0315,-0.1176,-0.1069,0.0226,0.00276,0.00193,-1.2990,-1.2991
1310,52.4000,0.1267,0.0000,0.2681,0.1660,-0.0038,0.0544,0.0161,0.0990,0.0945,-1.4770,-1.5029,0.2215,-0.01367,0.00195,0.0381,-0.1088,-0.1145,0.0206,0.00461,0.00404,-1.2960,-1.3050
1311,52.4400,0.1256,0.0000,0.2727,0.1822,-0.0090,0.0368,0.0385,-0.2762,0.1876,-1.4742,-1.5091,0.2220,-0.01862,0.00359,0.0185,-0.1199,-0.1308,-0.0024,0.00140,0.00130,-1.2930,-1.3109
1312,52.4800,0.1245,0.0000,0.2777,0.1655,-0.0109,0.0410,0.0493,0.0088,0.2405,-1.4717,-1.5155,0.2222,-0.02313,0.00867,0.0186,-0.1328,-0.1448,0.0178,0.00686,0.00614,-1.2899,-1.3167
1313,52.5200,0.1235,0.0000,0.2827,0.1516,0.0188,0.0377,-0.0986,0.2169,0.2231,-1.4686,-1.5211,0.2225,-0.01811,0.00590,0.0238,-0.1470,-0.1199,-0.0336,0.00917,0.00474,-1.2868,-1.3224
1314,52.5600,0.1226,0.0000,0.2877,0.1626,0.0204,0.0133,-0.1067,-0.0785,0.1861,-1.4648,-1.5262,0.2220,-0.01622,-0.00479,0.0328,-0.1122,-0.0939,0.0165,0.00453,0.00038,-1.2838,-1.3280
1315,52.6000,0.1217,0.0000,0.2929,0.1593,-0.0234,0.0346,0.1104,-0.0076,0.1765,-1.4619,-1.5318,0.2215,-0.01689,-0.00346,0.0068,-0.1083,-0.1537,0.0630,0.00374,0.00483,-1.2806,-1.3336
1316,52.6400,0.1208,0.0000,0.2984,0.1507,-0.0139,0.0445,0.0649,0.1722,0.2438,-1.4598,-1.5378,0.2219,-0.01398,0.00534,-0.0049,-0.1505,-0.1214,-0.0696,0.00501,0.00268,-1.2775,-1.3390
1317,52.6800,0.1200,0.0000,0.3041,0.1632,-0.0028,0.0355,0.0076,-0.1606,0.2102,-1.4570,-1.5434,0.2220,-0.01471,0.00645,0.0285,-0.1096,-0.1209,0.0583,0.00097,-0.00108,-1.2743,-1.3444
1318,52.7200,0.1192,0.0000,0.3100,0.1456,-0.0018,0.0380,0.0018,0.1903,0.2820,-1.4542,-1.5489,0.2221,-0.01274,0.00777,0.0045,-0.1366,-0.1484,-0.0327,0.00413,0.00270,-1.2712,-1.3497
1319,52.7600,0.1185,0.0000,0.3158,0.1518,0.0014,0.0305,-0.0165,0.0369,0.2638,-1.4511,-1.5540,0.2220,-0.00891,0.00619,0.0080,-0.1238,-0.1198,0.0323,-0.00039,-0.00014,-1.2680,-1.3549
1320,52.8000,0.1178,0.0000,0.3217,0.1585,-0.0016,0.0235,-0.0009,-0.1005,0.2534,-1.4479,-1.5593,0.2216,-0.01084,0.00574,0.0072,-0.1182,-0.1203,-0.0095,-0.00080,-0.00005,-1.2648,-1.3600
1321,52.8400,0.1172,0.0000,0.3276,0.1548,0.0002,0.0333,-0.0068,-0.0195,0.2231,-1.4447,-1.5647,0.2213,-0.01352,0.00560,0.0021,-0.1283,-0.1027,0.0212,0.00016,0.00101,-1.2615,-1.3650
1322,52.8800,0.1167,0.0000,0.3338,0.1584,-0.0049,0.0418,0.0192,-0.0982,0.1914,-1.4415,-1.5699,0.2215,-0.01580,0.00563,0.0129,-0.1148,-0.1115,0.0440,0.00174,0.00173,-1.2583,-1.3699
1323,52.9200,0.1161,0.0000,0.3404,0.1534,-0.0031,0.0272,0.0106,-0.0033,0.2415,-1.4384,-1.5753,0.2215,-0.01791,0.00729,-0.0002,-0.1208,-0.0949,-0.0153,0.00404,0.00094,-1.2550,-1.3748
1324,52.9600,0.1155,0.0000,0.3475,0.1488,0.0038,0.0267,-0.0256,0.0527,0.2920,-1.4352,-1.5803,0.2211,-0.01667,0.00625,-0.0077,-0.1336,-0.1168,0.0182,0.00632,0.00017,-1.2517,-1.3795
1325,53.0000,0.1149,0.0000,0.3546,0.1421,0.0150,0.0299,-0.0812,0.1933,0.2265,-1.4316,-1.5850,0.2208,-0.01123,0.00235,0.0138,-0.1226,-0.0930,-0.0152,0.00748,0.00020,-1.2484,-1.3842
1326,53.0400,0.1144,0.0000,0.3619,0.1546,-0.0153,0.0226,0.0653,-0.0461,0.3322,-1.4282,-1.5899,0.2205,-0.00828,0.00125,-0.0281,-0.1059,-0.1326,0.0275,0.00179,-0.00109,-1.2450,-1.3888
1327,53.0800,0.1140,0.0000,0.3693,0.1559,-0.0198,0.0473,0.0900,-0.0198,0.3592,-1.4254,-1.5955,0.2204,-0.01055,0.00805,-0.0114,-0.1409,-0.1273,0.0049,0.00272,-0.00001,-1.2417,-1.3933
1328,53.1200,0.1136,0.0000,0.3765,0.1554,0.0111,0.0580,-0.0591,0.0058,0.2012,-1.4219,-1.6006,0.2212,-0.01131,0.00849,0.0286,-0.1295,-0.0847,0.0150,0.00393,-0.00287,-1.2383,-1.3977
1329,53.1600,0.1132,0.0000,0.3840,0.1598,0.0182,0.0233,-0.0952,-0.1036,0.1952,-1.4176,-1.6052,0.2214,-0.01316,0.00249,0.0280,-0.1022,-0.0874,-0.0118,0.00494,-0.00238,-1.2349,-1.4020
1330,53.2000,0.1128,0.0000,0.3924,0.1665,-0.0110,0.0232,0.0474,-0.2491,0.2840,-1.4137,-1.6102,0.2208,-0.02037,0.00090,0.0087,-0.1041,-0.1268,0.0597,0.00371,0.00082,-1.2315,-1.4062
1331,53.2400,0.1123,0.0000,0.4011,0.1544,-0.0122,0.0453,0.0544,-0.0165,0.3590,-1.4104,-1.6156,0.2210,-0.02501,0.00513,0.0010,-0.1366,-0.1390,-0.0342,0.00623,0.00415,-1.2281,-1.4103
1332,53.2800,0.1119,0.0000,0.4097,0.1506,0.0003,0.0243,-0.0078,-0.0213,0.3318,-1.4068,-1.6205,0.2210,-0.02593,0.00577,-0.0071,-0.1150,-0.0987,-0.0021,0.00602,0.00331,-1.2246,-1.4144
1333,53.3200,0.1116,0.0000,0.4184,0.1468,-0.0023,0.0301,0.0076,0.0133,0.3315,-1.4032,-1.6250,0.2207,-0.02549,0.00526,0.0039,-0.1153,-0.1304,0.0295,0.00438,0.00435,-1.2211,-1.4183
1334,53.3600,0.1113,0.0000,0.4271,0.1466,0.0009,0.0418,-0.0061,0.0418,0.2661,-1.3995,-1.6296,0.2208,-0.02471,0.00489,-0.0014,-0.1359,-0.1217,-0.0016,0.00542,0.00388,-1.2176,-1.4222
1335,53.4000,0.1111,0.0000,0.4359,0.1488,-0.0020,0.0288,0.0070,-0.0115,0.3317,-1.3957,-1.6341,0.2210,-0.02432,0.00435,-0.0095,-0.1248,-0.1122,-0.0017,0.00557,0.00320,-1.2141,-1.4259
1336,53.4400,0.1109,0.0000,0.4436,0.1567,-0.0043,0.0247,0.0189,-0.1845,0.2508,-1.3918,-1.6387,0.2206,-0.02910,0.00479,0.0011,-0.1182,-0.1149,0.0345,0.00724,0.00227,-1.2106,-1.4296
1337,53.4800,0.1106,0.0000,0.4503,0.1379,-0.0053,0.0559,0.0247,0.2113,0.3402,-1.3882,-1.6432,0.2210,-0.02674,0.00633,0.0012,-0.1379,-0.1479,0.0063,0.00885,0.00637,-1.2070,-1.4332
1338,53.5200,0.1105,0.0000,0.4563,0.1389,0.0084,0.0223,-0.0435,0.1698,0.2375,-1.3843,-1.6473,0.2212,-0.01963,0.00510,0.0029,-0.1145,-0.0913,-0.0125,0.00598,0.00291,-1.2035,-1.4367
1339,53.5600,0.1103,0.0000,0.4615,0.1454,0.0071,0.0171,-0.0386,0.0575,0.2712,-1.3801,-1.6512,0.2205,-0.01580,0.00220,-0.0051,-0.1240,-0.1019,0.0268,0.00347,0.00047,-1.1999,-1.4401
1340,53.6000,0.1101,0.0000,0.4662,0.1595,-0.0054,0.0384,0.0233,-0.1655,0.2851,-1.3759,-1.6555,0.2202,-0.01869,0.00147,0.0138,-0.1135,-0.1119,0.0463,0.00056,-0.00005,-1.1963,-1.4434
1341,53.6400,0.1099,0.0000,0.4702,0.1566,-0.0153,0.0572,0.0687,-0.0831,0.3514,-1.3719,-1.6603,0.2209,-0.02382,0.00435,0.0078,-0.1312,-0.1349,0.0196,0.00392,0.00170,-1.1926,-1.4466
1342,53.6800,0.1097,0.0000,0.4738,0.1576,-0.0124,0.0346,0.0765,-0.2317,0.3754,-1.3680,-1.6650,0.2214,-0.03086,0.00725,0.0019,-0.1170,-0.1115,0.0246,0.00516,0.00116,-1.1890,-1.4498
1343,53.7200,0.1096,0.0000,0.4769,0.1424,0.0009,0.0204,-0.0161,-0.0881,0.4581,-1.3640,-1.6693,0.2212,-0.03676,0.00797,-0.0054,-0.1299,-0.1271,-0.0156,0.01012,0.00217,-1.1853,-1.4528
1344,53.7600,0.1096,0.0000,0.4797,0.1177,0.0151,0.0325,-0.0865,0.2634,0.3934,-1.3600,-1.6725,0.2209,-0.03169,0.00438,-0.0057,-0.1394,-0.1283,0.0110,0.01161,0.00270,-1.1816,-1.4557
1345,53.8000,0.1097,0.0000,0.4821,0.1307,0.0093,0.0185,-0.0557,-0.1377,0.3346,-1.3558,-1.6753,0.2206,-0.03059,-0.00074,0.0011,-0.1140,-0.0926,0.0048,0.00744,-0.00089,-1.1779,-1.4586
1346,53.8400,0.1099,0.0000,0.4843,0.1194,-0.0196,0.0384,0.0894,-0.0222,0.3406,-1.3524,-1.6788,0.2203,-0.03310,0.00066,-0.0126,-0.1257,-0.1323,0.0381,0.00803,0.00145,-1.1742,-1.4613
1347,53.8800,0.1102,0.0000,0.4862,0.1096,-0.0181,0.0467,0.0846,0.0457,0.4468,-1.3495,-1.6824,0.2209,-0.03229,0.00585,-0.0229,-0.1408,-0.1279,-0.0198,0.00945,0.00133,-1.1705,-1.4640
1348,53.9200,0.1106,0.0000,0.4878,0.0955,0.0057,0.0403,-0.0401,0.1921,0.4020,-1.3465,-1.6852,0.2212,-0.02743,0.00691,-0.0108,-0.1516,-0.1176,0.0002,0.00898,-0.00087,-1.1667,-1.4666
1349,53.9600,0.1112,0.0000,0.4893,0.0895,0.0099,0.0330,-0.0572,0.2092,0.3422,-1.3433,-1.6871,0.2212,-0.01896,0.00355,0.0074,-0.1176,-0.0933,0.0476,0.00548,-0.00094,-1.1629,-1.4690
1350,54.0000,0.1119,0.0000,0.4906,0.0980,-0.0159,0.0272,0.0681,-0.0305,0.4152,-1.3404,-1.6895,0.2210,-0.01553,0.00435,-0.0014,-0.0997,-0.1208,0.0427,0.00162,-0.00217,-1.1591,-1.4714
1351,54.0400,0.1127,0.0000,0.4917,0.0878,-0.0100,0.0475,0.0427,0.1501,0.4195,-1.3378,-1.6923,0.2211,-0.01345,0.00846,-0.0174,-0.1533,-0.1303,-0.0135,0.00550,-0.00112,-1.1553,-1.4737
1352,54.0800,0.1137,0.0000,0.4927,0.0958,-0.0037,0.0445,0.0136,-0.0775,0.4371,-1.3349,-1.6945,0.2216,-0.01275,0.00921,-0.0180,-0.1340,-0.1272,0.0350,0.00351,-0.00182,-1.1515,-1.4759
1353,54.1200,0.1147,0.0000,0.4936,0.0819,0.0022,0.0454,-0.0244,0.1840,0.3397,-1.3321,-1.6967,0.2218,-0.00994,0.00969,0.0069,-0.1346,-0.1214,0.0239,0.00453,0.00098,-1.1476,-1.4780
1354,54.1600,0.1159,0.0000,0.4943,0.0797,0.0162,0.0241,-0.0703,0.2046,0.3391,-1.3291,-1.6981,0.2218,-0.00238,0.00664,-0.0063,-0.1284,-0.0921,-0.0025,0.00119,-0.00260,-1.1437,-1.4800
1355,54.2000,0.1172,0.0000,0.4950,0.0975,-0.0014,0.0237,-0.0138,-0.1683,0.3978,-1.3259,-1.6996,0.2212,-0.00271,0.00424,-0.0019,-0.1197,-0.1229,0.0628,-0.00251,-0.00437,-1.1398,-1.4819
1356,54.2400,0.1185,0.0000,0.4956,0.0858,-0.0057,0.0485,0.0109,0.1050,0.4224,-1.3230,-1.7018,0.2212,-0.00311,0.00589,-0.0100,-0.1481,-0.1325,-0.0171,0.00058,-0.00178,-1.1359,-1.4837
1357,54.2800,0.1199,0.0000,0.4961,0.0962,-0.0040,0.0391,0.0121,-0.1197,0.3439,-1.3199,-1.7038,0.2215,-0.00460,0.00623,-0.0073,-0.1210,-0.1056,0.0424,-0.00068,-0.00278,-1.1320,-1.4854
1358,54.3200,0.1214,0.0000,0.4966,0.0997,-0.0185,0.0477,0.0796,-0.1995,0.4083,-1.3169,-1.7061,0.2218,-0.01132,0.00864,-0.0206,-0.1415,-0.1490,0.0511,0.00097,-0.00060,-1.1281,-1.4870
1359,54.3600,0.1230,0.0000,0.4970,0.0794,-0.0042,0.0524,0.0025,0.1951,0.4861,-1.3142,-1.7084,0.2225,-0.01014,0.01151,-0.0190,-0.1625,-0.1498,-0.0147,0.00515,0.00244,-1.1241,-1.4886
1360,54.4000,0.1246,0.0000,0.4974,0.0878,0.0150,0.0204,-0.0686,-0.0263,0.3492,-1.3110,-1.7096,0.2223,-0.00794,0.00909,0.0005,-0.1214,-0.0948,0.0456,0.00316,-0.00013,-1.1201,-1.4900
1361,54.4400,0.1263,0.0000,0.4977,0.0852,0.0027,0.0234,-0.0141,0.0174,0.4599,-1.3078,-1.7108,0.2217,-0.00769,0.00752,-0.0262,-0.1389,-0.1350,0.0157,0.00194,0.00100,-1.1161,-1.4913
1362,54.4800,0.1281,0.0000,0.4980,0.0882,-0.0007,0.0416,-0.0149,-0.0471,0.4179,-1.3047,-1.7123,0.2216,-0.00883,0.00677,-0.0009,-0.1344,-0.1186,0.0415,0.00136,0.00209,-1.1121,-1.4926
1363,54.5200,0.1300,0.0000,0.4982,0.0854,-0.0050,0.0394,0.0196,-0.0036,0.2973,-1.3016,-1.7139,0.2217,-0.00963,0.00753,-0.0112,-0.1230,-0.1191,0.0206,0.00042,0.00344,-1.1081,-1.4937
1364,54.5600,0.1319,0.0000,0.4984,0.0761,-0.0040,0.0498,0.0066,0.1801,0.4193,-1.2988,-1.7154,0.2222,-0.00556,0.00841,-0.0163,-0.1539,-0.1351,0.0250,0.00014,0.00434,-1.1040,-1.4948
1365,54.6000,0.1339,0.0000,0.4986,0.0899,0.0123,0.0286,-0.0641,-0.1256,0.3652,-1.2956,-1.7165,0.2222,-0.00631,0.00682,0.0026,-0.1425,-0.0998,0.0197,-0.00431,0.00008,-1.0999,-1.4957
1366,54.6400,0.1359,0.0000,0.4988,0.0758,-0.0027,0.0350,-0.0057,0.1554,0.4449,-1.2926,-1.7176,0.2220,-0.00383,0.00600,-0.0126,-0.1308,-0.1434,0.0325,-0.00296,0.00505,-1.0959,-1.4966
1367,54.6800,0.1380,0.0000,0.4989,0.0825,0.0126,0.0350,-0.0647,0.0352,0.3401,-1.2894,-1.7186,0.2218,-0.00177,0.00444,0.0070,-0.1465,-0.0892,0.0148,-0.00267,0.00199,-1.0917,-1.4973
1368,54.7200,0.1401,0.0000,0.4991,0.0804,0.0144,0.0367,-0.0714,0.0985,0.2891,-1.2861,-1.7191,0.2218,0.00105,0.00157,0.0032,-0.1411,-0.0990,0.0195,-0.00296,0.00039,-1.0876,-1.4980
1369,54.7600,0.1422,0.0000,0.4992,0.0956,-0.0189,0.0241,0.0799,-0.1982,0.4131,-1.2829,-1.7203,0.2215,-0.00143,0.00183,-0.0197,-0.1119,-0.1264,0.0391,-0.00801,0.00015,-1.0835,-1.4986
1370,54.8000,0.1443,0.0000,0.4993,0.0828,-0.0076,0.0472,0.0245,0.0833,0.4677,-1.2798,-1.7223,0.2215,-0.00345,0.00567,-0.0008,-0.1581,-0.1373,-0.0272,-0.00215,0.00358,-1.0793,-1.4991
1371,54.8400,0.1465,0.0000,0.4994,0.0780,0.0153,0.0444,-0.0801,0.1861,0.3674,-1.2766,-1.7230,0.2219,0.00190,0.00380,-0.0196,-0.1589,-0.1127,0.0118,-0.00308,0.00135,-1.0751,-1.4994
1372,54.8800,0.1488,0.0000,0.4994,0.0852,-0.0047,0.0256,0.0063,0.0657,0.4242,-1.2734,-1.7237,0.2217,0.00720,0.00218,-0.0193,-0.1271,-0.1210,0.0423,-0.00859,-0.00061,-1.0710,-1.4997
1373,54.9200,0.1511,0.0000,0.4995,0.0842,-0.0002,0.0380,-0.0197,0.1630,0.3950,-1.2701,-1.7249,0.2214,0.01117,0.00282,-0.0048,-0.1562,-0.1126,0.0044,-0.00735,-0.00115,-1.0667,-1.4999
1374,54.9600,0.1535,0.0000,0.4996,0.0992,-0.0035,0.0368,0.0413,-0.0749,0.3844,-1.2665,-1.7258,0.2214,0.01223,0.00265,-0.0228,-0.1342,-0.1116,0.0377,-0.00813,-0.00247,-1.0625,-1.5000
1375,55.0000,0.1560,0.0000,0.4996,0.0976,0.0013,0.0489,-0.0167,0.0483,0.3603,-1.2628,-1.7269,0.2216,0.01150,0.00361,0.0048,-0.1526,-0.1193,0.0016,-0.00501,-0.00157,-1.0583,-1.5000
1376,55.0400,0.1584,0.0000,0.4997,0.1047,-0.0073,0.0498,0.0517,-0.0234,0.3449,-1.2589,-1.7279,0.2221,0.01212,0.00370,-0.0162,-0.1408,-0.1322,0.0553,-0.00477,-0.00096,-1.0540,-1.4999
1377,55.0800,0.1608,0.0000,0.4997,0.1162,0.0006,0.0362,-0.0167,-0.1889,0.4062,-1.2546,-1.7291,0.2223,0.00649,0.00438,0.0074,-0.1476,-0.1102,-0.0152,-0.00500,-0.00268,-1.0497,-1.4997
1378,55.1200,0.1632,0.0000,0.4997,0.1092,0.0009,0.0298,-0.0281,-0.0284,0.4735,-1.2503,-1.7299,0.2221,0.00325,0.00375,-0.0161,-0.1427,-0.1442,0.0069,-0.00195,-0.00049,-1.0454,-1.4994
1379,55.1600,0.1656,0.0000,0.4998,0.1099,0.0121,0.0269,-0.0691,-0.0052,0.3583,-1.2460,-1.7304,0.2216,0.00217,0.00191,0.0020,-0.1375,-0.0958,0.0056,-0.00130,-0.00055,-1.0411,-1.4990
1380,55.2000,0.1681,0.0000,0.4998,0.1099,-0.0014,0.0328,-0.0055,0.0207,0.4112,-1.2417,-1.7309,0.2214,0.00346,0.00068,-0.0105,-0.1266,-0.1257,0.0140,-0.00355,0.00096,-1.0368,-1.4985
1381,55.2400,0.1705,0.0000,0.4998,0.1154,-0.0132,0.0460,0.0538,-0.0249,0.4587,-1.2373,-1.7319,0.2215,0.00277,0.00223,-0.0137,-0.1484,-0.1297,0.0244,-0.00620,0.00093,-1.0325,-1.4979
1382,55.2800,0.1731,0.0000,0.4998,0.1121,0.0005,0.0526,-0.0071,0.1214,0.3772,-1.2328,-1.7329,0.2220,0.00476,0.00340,-0.0184,-0.1755,-0.1317,-0.0134,-0.00393,0.00086,-1.0281,-1.4973
1383,55.3200,0.1756,0.0000,0.4999,0.1272,-0.0003,0.0335,-0.0132,-0.1059,0.3716,-1.2280,-1.7333,0.2222,0.00425,0.00259,-0.0251,-0.1516,-0.1160,0.0302,-0.00523,-0.00002,-1.0237,-1.4965
1384,55.3600,0.1782,0.0000,0.4999,0.1207,0.0065,0.0347,-0.0440,0.1512,0.3515,-1.2231,-1.7338,0.2220,0.00579,0.00241,0.0055,-0.1496,-0.1071,-0.0004,-0.00222,0.00192,-1.0193,-1.4956
1385,55.4000,0.1806,0.0000,0.4999,0.1364,0.0054,0.0282,-0.0400,-0.0585,0.3795,-1.2179,-1.7339,0.2217,0.00715,0.00050,-0.0147,-0.1421,-0.1161,0.0119,-0.00572,-0.00060,-1.0149,-1.4947
1386,55.4400,0.1831,0.0000,0.4999,0.1457,0.0009,0.0433,-0.0148,-0.1059,0.3317,-1.2123,-1.7342,0.2216,0.00313,-0.00014,0.0115,-0.1485,-0.1084,0.0290,-0.00306,0.00014,-1.0105,-1.4936
1387,55.4800,0.1855,0.0000,0.4999,0.1477,-0.0081,0.0431,0.0298,-0.0339,0.3011,-1.2065,-1.7347,0.2219,0.00113,0.00051,-0.0038,-0.1323,-0.1227,0.0066,-0.00050,0.00261,-1.0060,-1.4924
1388,55.5200,0.1878,0.0000,0.4999,0.1544,-0.0086,0.0360,0.0334,-0.0870,0.4003,-1.2006,-1.7354,0.2220,-0.00194,0.00201,-0.0083,-0.1472,-0.1194,0.0092,0.00168,0.00124,-1.0016,-1.4912
1389,55.5600,0.1901,0.0000,0.4999,0.1552,-0.0122,0.0278,0.0495,-0.0490,0.4490,-1.1945,-1.7360,0.2218,-0.00419,0.00385,-0.0255,-0.1367,-0.1443,0.0080,0.00124,0.00264,-0.9971,-1.4898
1390,55.6000,0.1923,0.0000,0.4999,0.1586,0.0060,0.0381,-0.0381,-0.0517,0.3545,-1.1882,-1.7363,0.2216,-0.00690,0.00410,0.0146,-0.1343,-0.1038,0.0158,0.00424,0.00290,-0.9926,-1.4884
1391,55.6400,0.1946,0.0000,0.5000,0.1576,0.0052,0.0334,-0.0361,0.0120,0.3486,-1.1820,-1.7360,0.2216,-0.00685,0.00246,-0.0035,-0.1258,-0.1240,-0.0024,0.00258,0.00417,-0.9881,-1.4869
1392,55.6800,0.1968,0.0000,0.5000,0.1632,-0.0104,0.0306,0.0397,-0.0558,0.4471,-1.1756,-1.7360,0.2214,-0.00816,0.00267,-0.0228,-0.1400,-0.1331,0.0215,0.00075,0.00342,-0.9836,-1.4852
1393,55.7200,0.1990,0.0000,0.5000,0.1543,0.0073,0.0463,-0.0430,0.1848,0.2835,-1.1692,-1.7360,0.2215,-0.00536,0.00308,0.0149,-0.1471,-0.1054,0.0015,0.00360,0.00457,-0.9791,-1.4835
1394,55.7600,0.2012,0.0000,0.5000,0.1646,-0.0039,0.0283,0.0052,0.0171,0.4111,-1.1629,-1.7355,0.2216,-0.00110,0.00189,-0.0333,-0.1330,-0.1294,-0.0001,-0.00200,0.00274,-0.9745,-1.4817
1395,55.8000,0.2034,0.0000,0.5000,0.1649,-0.0075,0.0342,0.0251,0.0996,0.3789,-1.1562,-1.7355,0.2212,0.00064,0.00331,-0.0113,-0.1500,-0.1202,0.0236,-0.00267,0.00205,-0.9699,-1.4798
1396,55.8400,0.2056,0.0000,0.5000,0.1653,0.0001,0.0406,-0.0129,0.1831,0.3913,-1.1495,-1.7351,0.2213,0.00694,0.00364,-0.0295,-0.1510,-0.1369,-0.0282,-0.00324,0.00198,-0.9654,-1.4777
1397,55.8800,0.2078,0.0000,0.5000,0.1790,0.0009,0.0353,-0.0186,0.0241,0.4077,-1.1426,-1.7343,0.2213,0.00980,0.00305,-0.0273,-0.1572,-0.1173,0.0146,-0.00635,-0.00094,-0.9608,-1.4756
1398,55.9200,0.2100,0.0000,0.5000,0.1854,0.0064,0.0492,-0.0427,0.0348,0.3260,-1.1353,-1.7334,0.2213,0.01074,0.00219,0.0143,-0.1432,-0.1050,0.0253,-0.00602,0.00009,-0.9561,-1.4734
1399,55.9600,0.2121,0.0000,0.5000,0.2018,-0.0063,0.0415,0.0177,-0.1692,0.3896,-1.1277,-1.7324,0.2217,0.00760,0.00176,-0.0150,-0.1399,-0.1304,0.0086,-0.00600,-0.00173,-0.9515,-1.4711
1400,56.0000,0.2142,0.0000,0.5000,0.1936,0.0158,0.0389,-0.0860,0.1240,0.2848,-1.1199,-1.7312,0.2217,0.00675,0.00130,0.0275,-0.1488,-0.0930,-0.0334,-0.00217,-0.00091,-0.9469,-1.4687
1401,56.0400,0.2162,0.0000,0.5000,0.2085,0.0079,0.0307,-0.0522,-0.0942,0.3792,-1.1121,-1.7293,0.2216,0.00742,-0.00212,0.0030,-0.1238,-0.1092,0.0357,-0.00560,-0.00197,-0.9422,-1.4663
1402,56.0800,0.2182,0.0000,0.5000,0.2200,-0.0207,0.0335,0.0877,-0.2118,0.4275,-1.1037,-1.7283,0.2212,0.00088,-0.00058,-0.0078,-0.1330,-0.1417,0.0172,-0.00648,0.00004,-0.9375,-1.4637
1403,56.1200,0.2201,0.0000,0.5000,0.2081,-0.0055,0.0597,0.0184,0.1382,0.3780,-1.0951,-1.7275,0.2217,-0.00016,0.00234,-0.0195,-0.1850,-0.1421,-0.0285,0.00040,0.00132,-0.9328,-1.4610
1404,56.1600,0.2220,0.0000,0.5000,0.2258,0.0042,0.0353,-0.0311,-0.1769,0.3449,-1.0867,-1.7256,0.2222,-0.00183,0.00132,0.0018,-0.1328,-0.1026,0.0241,-0.00183,-0.00344,-0.9281,-1.4582
1405,56.2000,0.2239,0.0000,0.5000,0.2188,-0.0039,0.0336,0.0067,0.0256,0.4227,-1.0781,-1.7238,0.2220,-0.00376,0.00152,-0.0055,-0.1526,-0.1603,-0.0136,0.00214,0.00086,-0.9234,-1.4554
1406,56.2400,0.2257,0.0000,0.5000,0.2199,0.0030,0.0270,-0.0266,0.0700,0.3586,-1.0695,-1.7218,0.2217,-0.00222,0.00119,-0.0195,-0.1494,-0.1137,-0.0113,0.00045,-0.00008,-0.9187,-1.4524
1407,56.2800,0.2275,0.0000,0.5000,0.2332,0.0064,0.0337,-0.0402,-0.1450,0.2602,-1.0608,-1.7194,0.2214,-0.00453,-0.00045,0.0102,-0.1375,-0.1123,0.0206,0.00045,-0.00126,-0.9139,-1.4494
1408,56.3200,0.2293,0.0000,0.5000,0.2310,-0.0065,0.0347,0.0212,-0.0421,0.3957,-1.0519,-1.7171,0.2215,-0.00760,-0.00051,-0.0144,-0.1421,-0.1308,-0.0289,0.00244,0.00053,-0.9091,-1.4463
1409,56.3600,0.2309,0.0000,0.5000,0.2264,-0.0093,0.0341,0.0330,0.0816,0.4850,-1.0430,-1.7151,0.2214,-0.00664,0.00090,-0.0389,-0.1712,-0.1486,-0.0085,0.00311,0.00007,-0.9044,-1.4430
1410,56.4000,0.2327,0.0000,0.5000,0.2346,-0.0068,0.0391,0.0218,-0.0471,0.4096,-1.0341,-1.7127,0.2214,-0.00631,0.00189,-0.0055,-0.1368,-0.1263,0.0264,0.00148,0.00009,-0.8996,-1.4397
1411,56.4400,0.2344,0.0000,0.5000,0.2463,-0.0095,0.0458,0.0350,-0.2466,0.4237,-1.0250,-1.7102,0.2218,-0.01296,0.00296,0.0052,-0.1395,-0.1373,0.0139,0.00042,0.00002,-0.8948,-1.4363
1412,56.4800,0.2362,0.0000,0.5000,0.2351,-0.0096,0.0361,0.0362,-0.0277,0.3817,-1.0159,-1.7076,0.2221,-0.01748,0.00489,-0.0022,-0.1271,-0.1407,-0.0150,0.00578,0.00474,-0.8899,-1.4328
1413,56.5200,0.2380,0.0000,0.5000,0.2252,0.0094,0.0308,-0.0565,0.1189,0.3701,-1.0072,-1.7046,0.2221,-0.01535,0.00435,-0.0094,-0.1472,-0.1327,-0.0231,0.00692,0.00590,-0.8851,-1.4292
1414,56.5600,0.2398,0.0000,0.5000,0.2237,0.0113,0.0282,-0.0674,0.1171,0.3565,-0.9989,-1.7009,0.2218,-0.01050,0.00133,-0.0061,-0.1350,-0.1130,0.0183,0.00359,0.00584,-0.8803,-1.4255
1415,56.6000,0.2416,0.0000,0.5000,0.2207,0.0209,0.0407,-0.1117,0.1896,0.2174,-0.9908,-1.6970,0.2217,-0.00443,-0.00230,0.0199,-0.1504,-0.1044,-0.0167,0.00321,0.00438,-0.8754,-1.4217
1416,56.6400,0.2433,0.0000,0.5000,0.2350,-0.0029,0.0319,0.0029,-0.0842,0.3080,-0.9825,-1.6932,0.2218,-0.00273,-0.00497,-0.0271,-0.1419,-0.1269,-0.0009,-0.00138,0.00146,-0.8705,-1.4178
1417,56.6800,0.2450,0.0000,0.5000,0.2370,-0.0196,0.0442,0.0859,-0.0924,0.3472,-0.9736,-1.6902,0.2218,-0.00673,-0.00218,-0.0106,-0.1508,-0.1357,0.0156,0.00100,0.00309,-0.8656,-1.4139
1418,56.7200,0.2467,0.0000,0.5000,0.2312,-0.0042,0.0456,0.0112,0.0323,0.3712,-0.9648,-1.6870,0.2223,-0.00771,0.00015,-0.0124,-0.1484,-0.1163,-0.0216,0.00395,0.00423,-0.8607,-1.4098
1419,56.7600,0.2484,0.0000,0.5000,0.2379,0.0139,0.0357,-0.0786,-0.1320,0.3447,-0.9565,-1.6829,0.2225,-0.01027,-0.00189,0.0047,-0.1473,-0.1205,0.0038,0.00365,0.00235,-0.8558,-1.4057
1420,56.8000,0.2502,0.0000,0.5000,0.2309,-0.0077,0.0297,0.0213,-0.0003,0.4953,-0.9482,-1.6789,0.2225,-0.01144,-0.00296,-0.0397,-0.1432,-0.1580,-0.0064,0.00301,0.00571,-0.8509,-1.4015
1421,56.8400,0.2520,0.0000,0.5000,0.2311,0.0074,0.0318,-0.0486,-0.0584,0.4170,-0.9399,-1.6749,0.2222,-0.01367,-0.00341,-0.0151,-0.1482,-0.1118,-0.0144,0.00360,0.00269,-0.8459,-1.3971
1422,56.8800,0.2539,0.0000,0.5000,0.2246,0.0106,0.0535,-0.0640,0.0148,0.2893,-0.9321,-1.6704,0.2226,-0.01334,-0.00631,0.0022,-0.1286,-0.1303,0.0300,0.00392,0.00520,-0.8409,-1.3927
1423,56.9200,0.2559,0.0000,0.5000,0.2189,0.0049,0.0465,-0.0372,0.0972,0.3668,-0.9244,-1.6659,0.2233,-0.01071,-0.00839,-0.0200,-0.1534,-0.1277,-0.0306,0.00276,0.00385,-0.8360,-1.3882
1424,56.9600,0.2579,0.0000,0.5000,0.2105,0.0075,0.0314,-0.0499,0.2217,0.3560,-0.9169,-1.6616,0.2233,-0.00382,-0.01014,-0.0207,-0.1511,-0.1224,-0.0098,0.00065,0.00287,-0.8310,-1.3836
1425,57.0000,0.2599,0.0000,0.5000,0.2036,0.0114,0.0408,-0.0687,0.3844,0.2753,-0.9097,-1.6571,0.2232,0.00906,-0.01277,-0.0154,-0.1493,-0.1091,0.0096,-0.00295,0.00186,-0.8260,-1.3789
1426,57.0400,0.2620,0.0000,0.5000,0.2295,-0.0030,0.0469,-0.0020,-0.0769,0.3240,-0.9023,-1.6524,0.2234,0.01401,-0.01475,-0.0132,-0.1384,-0.1225,0.0247,-0.00971,-0.00289,-0.8210,-1.3742
1427,57.0800,0.2641,0.0000,0.5000,0.2449,-0.0237,0.0470,0.1033,-0.2612,0.4069,-0.8940,-1.6481,0.2238,0.00642,-0.01177,-0.0085,-0.1272,-0.1116,0.0309,-0.00895,-0.00094,-0.8159,-1.3693
1428,57.1200,0.2662,0.0000,0.5000,0.2364,-0.0003,0.0419,-0.0063,0.0154,0.3447,-0.8855,-1.6436,0.2240,0.00195,-0.00864,0.0091,-0.1357,-0.0994,-0.0160,-0.00326,0.00169,-0.8109,-1.3644
1429,57.1600,0.2683,0.0000,0.4992,0.2330,0.0077,0.0247,-0.0484,0.1696,0.3304,-0.8777,-1.6383,0.2238,0.00697,-0.01050,-0.0299,-0.1271,-0.1107,0.0182,-0.00309,0.00265,-0.8058,-1.3593
1430,57.2000,0.2704,0.0000,0.4970,0.2407,0.0045,0.0176,-0.0372,0.1516,0.4260,-0.8699,-1.6328,0.2230,0.01323,-0.01225,-0.0387,-0.1445,-0.1082,-0.0185,-0.00682,-0.00037,-0.8008,-1.3542
1431,57.2400,0.2726,0.0000,0.4933,0.2671,-0.0042,0.0373,0.0062,-0.2348,0.4244,-0.8616,-1.6270,0.2224,0.01008,-0.01322,-0.0118,-0.1294,-0.1015,0.0485,-0.01011,-0.00349,-0.7957,-1.3490
1432,57.2800,0.2748,0.0000,0.4880,0.2654,-0.0254,0.0598,0.1121,-0.0357,0.4590,-0.8526,-1.6215,0.2229,0.00619,-0.00933,-0.0295,-0.1294,-0.1477,0.0065,-0.00638,0.00215,-0.7906,-1.3437
1433,57.3200,0.2770,0.0000,0.4810,0.2745,0.0011,0.0454,-0.0144,-0.1112,0.3611,-0.8436,-1.6155,0.2235,0.00188,-0.00678,-0.0112,-0.1466,-0.1018,-0.0242,-0.00336,-0.00085,-0.7855,-1.3384
1434,57.3600,0.2791,0.0000,0.4731,0.2684,0.0126,0.0272,-0.0746,0.0828,0.4580,-0.8353,-1.6086,0.2235,0.00267,-0.00926,-0.0162,-0.1282,-0.1117,-0.0091,-0.00129,0.00280,-0.7804,-1.3329
1435,57.4000,0.2813,0.0000,0.4641,0.2873,0.0019,0.0211,-0.0215,-0.2064,0.3823,-0.8269,-1.6014,0.2228,-0.00084,-0.01220,-0.0160,-0.1185,-0.1030,0.0523,-0.00488,0.00056,-0.7752,-1.3274
1436,57.4400,0.2834,0.0000,0.4541,0.2907,-0.0091,0.0412,0.0352,-0.1714,0.3553,-0.8179,-1.5944,0.2226,-0.00792,-0.01138,-0.0096,-0.1199,-0.1188,-0.0097,-0.00344,0.00299,-0.7701,-1.3217
1437,57.4800,0.2854,0.0000,0.4435,0.2784,-0.0126,0.0485,0.0539,0.1333,0.3718,-0.8089,-1.5875,0.2232,-0.00720,-0.00874,-0.0241,-0.1274,-0.1311,0.0025,-0.00018,0.00670,-0.7649,-1.3160
1438,57.5200,0.2874,0.0000,0.4325,0.2796,-0.0085,0.0309,0.0324,0.1567,0.3611,-0.8001,-1.5804,0.2233,-0.00141,-0.00662,-0.0418,-0.1305,-0.1176,0.0083,-0.00347,0.00448,-0.7598,-1.3102
1439,57.5600,0.2893,0.0000,0.4211,0.2867,0.0165,0.0309,-0.0880,0.0943,0.2638,-0.7918,-1.5726,0.2229,0.00251,-0.00837,0.0070,-0.1253,-0.0671,0.0147,-0.00418,0.00122,-0.7546,-1.3043
1440,57.6000,0.2912,0.0000,0.4097,0.3104,0.0062,0.0375,-0.0382,-0.3010,0.2366,-0.7835,-1.5641,0.2228,-0.00223,-0.01284,0.0039,-0.1105,-0.1105,0.0425,-0.00835,-0.00074,-0.7494,-1.2983
1441,57.6400,0.2929,0.0000,0.3985,0.2941,-0.0056,0.0624,0.0229,0.1571,0.2187,-0.7746,-1.5561,0.2234,-0.00364,-0.01189,0.0029,-0.1436,-0.1237,0.0017,-0.00221,0.00440,-0.7442,-1.2923
1442,57.6800,0.2945,0.0000,0.3876,0.2967,-0.0082,0.0294,0.0298,0.1547,0.3729,-0.7658,-1.5480,0.2239,0.00305,-0.01076,-0.0403,-0.1338,-0.1180,-0.0198,-0.00562,0.00259,-0.7390,-1.2862
1443,57.7200,0.2960,0.0000,0.3767,0.3161,-0.0072,0.0105,0.0235,-0.1755,0.4178,-0.7568,-1.5396,0.2229,0.00081,-0.00934,-0.0157,-0.1140,-0.0924,0.0388,-0.00910,-0.00094,-0.7338,-1.2799
1444,57.7600,0.2975,0.0000,0.3651,0.3088,0.0039,0.0416,-0.0257,0.0770,0.2612,-0.7480,-1.5309,0.2225,-0.00002,-0.00896,-0.0010,-0.1122,-0.1062,0.0085,-0.00415,0.00340,-0.7285,-1.2737
1445,57.8000,0.2990,0.0000,0.3532,0.3056,0.0081,0.0510,-0.0494,0.2510,0.3084,-0.7397,-1.5217,0.2230,0.00750,-0.01142,-0.0200,-0.1346,-0.1106,-0.0172,-0.00476,0.00360,-0.7233,-1.2673
1446,57.8400,0.3004,0.0000,0.3415,0.3263,0.0068,0.0261,-0.0420,-0.0585,0.2588,-0.7313,-1.5121,0.2228,0.00963,-0.01446,0.0057,-0.1101,-0.0639,0.0273,-0.00783,-0.00048,-0.7180,-1.2608
1447,57.8800,0.3016,0.0000,0.3299,0.3326,-0.0066,0.0360,0.0219,-0.0660,0.3400,-0.7224,-1.5025,0.2224,0.00772,-0.01461,-0.0107,-0.1165,-0.1204,0.0008,-0.00747,0.00177,-0.7127,-1.2543
1448,57.9200,0.3028,0.0000,0.3181,0.3363,-0.0017,0.0421,0.0011,-0.0128,0.2584,-0.7133,-1.4927,0.2224,0.00592,-0.01355,-0.0013,-0.1133,-0.0886,-0.0028,-0.00459,0.00275,-0.7074,-1.2476
1449,57.9600,0.3039,0.0000,0.3064,0.3407,-0.0022,0.0555,0.0031,-0.0007,0.2452,-0.7044,-1.4826,0.2228,0.00621,-0.01366,0.0059,-0.1188,-0.1195,0.0267,-0.00273,0.00398,-0.7021,-1.2409
1450,58.0000,0.3049,0.0000,0.2949,0.3537,0.0122,0.0492,-0.0671,-0.1697,0.2383,-0.6955,-1.4718,0.2234,0.00158,-0.01581,0.0350,-0.1285,-0.0905,-0.0177,-0.00335,0.00188,-0.6968,-1.2342
1451,58.0400,0.3057,0.0000,0.2836,0.3487,-0.0156,0.0331,0.0655,-0.0101,0.3660,-0.6865,-1.4613,0.2236,-0.00010,-0.01573,-0.0155,-0.1071,-0.1449,0.0268,-0.00189,0.00683,-0.6915,-1.2273
1452,58.0800,0.3065,0.0000,0.2722,0.3449,0.0093,0.0267,-0.0509,0.1430,0.1985,-0.6775,-1.4506,0.2231,0.00184,-0.01452,0.0245,-0.1155,-0.0701,-0.0294,0.00108,0.00542,-0.6862,-1.2204
1453,58.1200,0.3072,0.0000,0.2609,0.3531,0.0160,0.0511,-0.0848,0.0344,0.1606,-0.6694,-1.4392,0.2232,0.00584,-0.02031,0.0355,-0.1104,-0.1031,0.0476,-0.00248,0.00407,-0.6809,-1.2133
1454,58.1600,0.3078,0.0000,0.2501,0.3620,-0.0168,0.0270,0.0727,-0.0300,0.2701,-0.6605,-1.4280,0.2233,0.00616,-0.02025,-0.0172,-0.1046,-0.1165,-0.0239,-0.00572,0.00561,-0.6755,-1.2063
1455,58.2000,0.3083,0.0000,0.2397,0.3711,-0.0168,0.0410,0.0745,-0.1411,0.2894,-0.6509,-1.4169,0.2230,0.00148,-0.01480,0.0139,-0.1188,-0.1031,0.0415,-0.00510,0.00403,-0.6701,-1.1991
1456,58.2400,0.3087,0.0000,0.2290,0.3770,0.0032,0.0462,-0.0216,-0.2170,0.2174,-0.6418,-1.4052,0.2234,-0.00577,-0.01342,0.0321,-0.1040,-0.1007,-0.0097,-0.00104,0.00362,-0.6648,-1.1918
1457,58.2800,0.3090,0.0000,0.2185,0.3619,0.0071,0.0340,-0.0397,0.1163,0.1862,-0.6332,-1.3933,0.2236,-0.00620,-0.01536,0.0162,-0.1036,-0.1098,-0.0030,0.00142,0.00658,-0.6594,-1.1845
1458,58.3200,0.3092,0.0000,0.2083,0.3564,0.0081,0.0331,-0.0464,0.2658,0.2126,-0.6250,-1.3814,0.2234,0.00207,-0.01858,0.0126,-0.1163,-0.1016,0.0130,-0.00077,0.00494,-0.6540,-1.1771
1459,58.3600,0.3093,0.0000,0.1985,0.3796,0.0054,0.0371,-0.0308,-0.1414,0.1049,-0.6167,-1.3691,0.2232,0.00296,-0.02207,0.0462,-0.0972,-0.0838,0.0419,-0.00742,0.00180,-0.6486,-1.1696
1460,58.4000,0.3094,0.0000,0.1891,0.3840,-0.0114,0.0401,0.0497,-0.1489,0.1752,-0.6078,-1.3568,0.2234,-0.00272,-0.02068,0.0136,-0.1102,-0.1148,-0.0142,-0.00683,0.00414,-0.6432,-1.1621
1461,58.4400,0.3093,0.0000,0.1803,0.3736,0.0123,0.0321,-0.0643,0.0841,0.1361,-0.5991,-1.3444,0.2233,-0.00389,-0.02050,0.0365,-0.1173,-0.0789,-0.0399,-0.00233,0.00539,-0.6377,-1.1545
1462,58.4800,0.3092,0.0000,0.1719,0.3792,-0.0009,0.0321,0.0011,-0.0042,0.0921,-0.5909,-1.3319,0.2231,-0.00164,-0.02396,0.0096,-0.0964,-0.1080,0.0696,-0.00526,0.00487,-0.6323,-1.1468
1463,58.5200,0.3090,0.0000,0.1640,0.3968,-0.0054,0.0339,0.0204,-0.3100,0.1849,-0.5820,-1.3192,0.2231,-0.00955,-0.02287,0.0304,-0.1172,-0.0961,-0.0298,-0.00493,0.00304,-0.6269,-1.1390
1464,58.5600,0.3087,0.0000,0.1565,0.3910,-0.0141,0.0379,0.0669,-0.2011,0.0829,-0.5730,-1.3065,0.2232,-0.01890,-0.01927,0.0309,-0.0881,-0.1131,0.0478,-0.00083,0.00789,-0.6214,-1.1311
1465,58.6000,0.3083,0.0000,0.1493,0.3784,-0.0001,0.0283,-0.0029,0.0098,0.1471,-0.5642,-1.2940,0.2235,-0.02204,-0.01656,0.0105,-0.1150,-0.1112,-0.0536,0.00476,0.00940,-0.6159,-1.1232
1466,58.6400,0.3079,0.0000,0.1425,0.3636,0.0172,0.0214,-0.0885,0.2376,0.1672,-0.5564,-1.2813,0.2232,-0.01623,-0.02057,0.0173,-0.1184,-0.0994,-0.0008,0.00608,0.00910,-0.6105,-1.1152
1467,58.6800,0.3074,0.0000,0.1359,0.3819,0.0031,0.0241,-0.0201,-0.1622,0.1439,-0.5489,-1.2685,0.2228,-0.01568,-0.02610,0.0237,-0.0985,-0.0994,0.0473,-0.00044,0.00689,-0.6050,-1.1072
1468,58.7200,0.3070,0.0000,0.1293,0.3813,-0.0102,0.0328,0.0472,-0.1457,0.0784,-0.5405,-1.2559,0.2228,-0.02197,-0.02392,0.0275,-0.1017,-0.0995,-0.0157,0.00389,0.00965,-0.5995,-1.0990
1469,58.7600,0.3065,0.0000,0.1230,0.3757,-0.0001,0.0316,-0.0024,-0.1055,0.0975,-0.5322,-1.2433,0.2230,-0.02700,-0.02224,0.0248,-0.1088,-0.0923,-0.0158,0.00789,0.01091,-0.5940,-1.0908
1470,58.8000,0.3060,0.0000,0.1172,0.3587,-0.0103,0.0256,0.0473,0.1511,0.1466,-0.5243,-1.2311,0.2230,-0.02415,-0.02056,0.0043,-0.0940,-0.1258,0.0183,0.00854,0.01498,-0.5885,-1.0826
1471,58.8400,0.3055,0.0000,0.1116,0.3596,-0.0098,0.0192,0.0436,0.0767,0.1786,-0.5163,-1.2190,0.2227,-0.02017,-0.01747,-0.0208,-0.1190,-0.1180,-0.0161,0.00669,0.01248,-0.5829,-1.0742
1472,58.8800,0.3050,0.0000,0.1058,0.3701,0.0050,0.0460,-0.0269,-0.1869,0.0938,-0.5088,-1.2066,0.2229,-0.02390,-0.01770,0.0375,-0.1205,-0.0951,0.0481,0.00597,0.00909,-0.5774,-1.0658
1473,58.9200,0.3046,0.0000,0.1001,0.3704,-0.0016,0.0367,0.0061,-0.2589,0.0403,-0.5013,-1.1941,0.2236,-0.03235,-0.01859,0.0322,-0.0937,-0.1100,0.0022,0.00856,0.01093,-0.5719,-1.0573
1474,58.9600,0.3041,0.0000,0.0950,0.3536,-0.0039,0.0279,0.0171,-0.0329,0.0843,-0.4938,-1.1819,0.2238,-0.03726,-0.01679,0.0227,-0.1119,-0.1273,-0.0014,0.01234,0.01360,-0.5663,-1.0488
1475,59.0000,0.3037,0.0000,0.0902,0.3432,0.0124,0.0076,-0.0633,0.0249,0.1337,-0.4869,-1.1698,0.2236,-0.03745,-0.01918,0.0163,-0.1096,-0.0893,-0.0241,0.01247,0.01313,-0.5607,-1.0402
1476,59.0400,0.3033,0.0000,0.0856,0.3389,0.0102,0.0030,-0.0507,-0.0336,-0.0093,-0.4805,-1.1578,0.2226,-0.03729,-0.02430,0.0274,-0.0783,-0.0880,0.0333,0.00992,0.01329,-0.5552,-1.0315
1477,59.0800,0.3030,0.0000,0.0813,0.3221,0.0038,0.0378,-0.0206,0.2419,0.0619,-0.4739,-1.1463,0.2225,-0.03230,-0.02661,-0.0130,-0.1460,-0.1199,-0.0283,0.01099,0.01286,-0.5496,-1.0228
1478,59.1200,0.3027,0.0000,0.0775,0.3143,0.0064,0.0396,-0.0316,0.3278,-0.0312,-0.4677,-1.1350,0.2230,-0.02067,-0.02879,0.0138,-0.1232,-0.0795,0.0079,0.00702,0.00937,-0.5440,-1.0139
1479,59.1600,0.3026,0.0000,0.0743,0.3293,-0.0129,0.0271,0.0608,-0.0143,0.0866,-0.4611,-1.1239,0.2230,-0.01515,-0.02834,-0.0052,-0.1163,-0.1120,0.0166,0.00283,0.00456,-0.5384,-1.0051
1480,59.2000,0.3024,0.0000,0.0714,0.3198,0.0069,0.0293,-0.0354,0.1752,0.0354,-0.4543,-1.1127,0.2228,-0.01230,-0.02599,0.0266,-0.1276,-0.0798,-0.0520,0.00558,0.00461,-0.5328,-0.9961
1481,59.2400,0.3024,0.0000,0.0687,0.3323,0.0038,0.0371,-0.0207,-0.0968,0.0284,-0.4482,-1.1013,0.2228,-0.01089,-0.03024,0.0185,-0.1037,-0.1028,0.0503,0.00050,0.00358,-0.5272,-0.9871
1482,59.2800,0.3024,0.0000,0.0662,0.3257,-0.0027,0.0427,0.0097,0.0740,0.1259,-0.4416,-1.0899,0.2231,-0.01095,-0.02952,0.0274,-0.1249,-0.1052,-0.0403,0.00214,0.00639,-0.5216,-0.9781
1483,59.3200,0.3024,0.0000,0.0637,0.3294,-0.0047,0.0316,0.0214,-0.0116,0.0646,-0.4350,-1.0786,0.2232,-0.00993,-0.02899,0.0118,-0.1112,-0.0996,0.0256,-0.00104,0.00568,-0.5159,-0.9689
1484,59.3600,0.3025,0.0000,0.0611,0.3301,0.0004,0.0338,-0.0036,-0.0049,0.0485,-0.4285,-1.0671,0.2232,-0.01058,-0.02818,0.0161,-0.1238,-0.0916,-0.0115,0.00127,0.00584,-0.5103,-0.9597
1485,59.4000,0.3027,0.0000,0.0587,0.3333,-0.0084,0.0285,0.0377,-0.0704,0.1291,-0.4219,-1.0557,0.2231,-0.01178,-0.02736,-0.0011,-0.1112,-0.1113,0.0075,0.00038,0.00725,-0.5047,-0.9505
1486,59.4400,0.3028,0.0000,0.0561,0.3291,0.0044,0.0361,-0.0235,0.0268,0.0651,-0.4154,-1.0442,0.2230,-0.01288,-0.02640,0.0281,-0.1233,-0.0905,-0.0088,0.00259,0.00730,-0.4990,-0.9412
1487,59.4800,0.3031,0.0000,0.0533,0.3328,0.0027,0.0318,-0.0163,-0.0567,0.0879,-0.4093,-1.0325,0.2231,-0.01323,-0.02923,0.0049,-0.1157,-0.1047,0.0017,0.00089,0.00555,-0.4933,-0.9318
1488,59.5200,0.3033,0.0000,0.0506,0.3369,-0.0110,0.0327,0.0521,-0.1367,0.0696,-0.4027,-1.0209,0.2231,-0.01724,-0.02757,0.0212,-0.1043,-0.1081,0.0286,-0.00025,0.00640,-0.4877,-0.9224
1489,59.5600,0.3036,0.0000,0.0479,0.3256,0.0116,0.0209,-0.0565,0.0843,-0.0644,-0.3963,-1.0092,0.2229,-0.01847,-0.02680,0.0240,-0.1064,-0.0493,-0.0460,0.00283,0.00684,-0.4820,-0.9129
1490,59.6000,0.3038,0.0000,0.0457,0.3186,0.0046,0.0177,-0.0256,0.1916,0.0897,-0.3906,-0.9977,0.2224,-0.01166,-0.03137,-0.0186,-0.1120,-0.0967,0.0152,0.00096,0.00859,-0.4763,-0.9033
1491,59.6400,0.3041,0.0000,0.0437,0.3355,0.0018,0.0219,-0.0107,-0.1207,0.0165,-0.3845,-0.9860,0.2217,-0.01192,-0.03316,0.0209,-0.1039,-0.0658,0.0085,-0.00344,0.00453,-0.4706,-0.8937
1492,59.6800,0.3045,0.0000,0.0418,0.3351,-0.0143,0.0536,0.0683,-0.0707,0.0994,-0.3780,-0.9744,0.2221,-0.01510,-0.03051,0.0094,-0.1151,-0.1097,0.0230,-0.00266,0.00671,-0.4649,-0.8840
1493,59.7200,0.3048,0.0000,0.0398,0.3304,-0.0074,0.0352,0.0357,0.0349,0.0109,-0.3713,-0.9629,0.2226,-0.01587,-0.02536,0.0154,-0.0986,-0.0651,-0.0131,0.00012,0.00771,-0.4592,-0.8743
1494,59.7600,0.3052,0.0000,0.0380,0.3303,-0.0007,0.0242,0.0023,0.0109,0.0284,-0.3650,-0.9513,0.2224,-0.01482,-0.02438,-0.0017,-0.1074,-0.0926,0.0168,0.00224,0.00636,-0.4535,-0.8645
1495,59.8000,0.3055,0.0000,0.0362,0.3363,0.0131,0.0364,-0.0656,-0.1046,-0.0299,-0.3591,-0.9394,0.2223,-0.01763,-0.02742,0.0333,-0.1171,-0.0703,0.0157,0.00359,0.00456,-0.4478,-0.8547
1496,59.8400,0.3059,0.0000,0.0348,0.3401,-0.0089,0.0232,0.0423,-0.1908,0.0110,-0.3529,-0.9276,0.2224,-0.02289,-0.02842,-0.0048,-0.0916,-0.1014,0.0083,0.00247,0.00627,-0.4420,-0.8448
1497,59.8800,0.3062,0.0000,0.0337,0.3195,-0.0134,0.0306,0.0636,0.2078,0.1201,-0.3462,-0.9162,0.2223,-0.02121,-0.02200,-0.0076,-0.1158,-0.1159,-0.0238,0.00498,0.01005,-0.4363,-0.8349
1498,59.9200,0.3066,0.0000,0.0324,0.3243,0.0163,0.0274,-0.0818,0.0590,0.0491,-0.3404,-0.9047,0.2222,-0.01689,-0.02434,0.0134,-0.1154,-0.0737,-0.0124,0.00366,0.00502,-0.4305,-0.8249
1499,59.9600,0.3071,0.0000,0.0308,0.3218,0.0006,0.0308,-0.0035,0.1191,-0.0069,-0.3348,-0.8930,0.2220,-0.01245,-0.02849,0.0007,-0.0946,-0.0939,0.0382,0.00063,0.00744,-0.4248,-0.8148
1500,60.0000,0.3075,0.0000,0.0294,0.3281,-0.0118,0.0362,0.0568,0.0394,0.0413,-0.3285,-0.8815,0.2220,-0.00980,-0.02566,-0.0128,-0.1179,-0.0986,-0.0087,0.00004,0.00586,-0.4190,-0.8047
1501,60.0400,0.3080,0.0000,0.0281,0.3260,0.0015,0.0432,-0.0066,0.1163,-0.0656,-0.3222,-0.8700,0.2222,-0.00704,-0.02297,0.0085,-0.1197,-0.0773,0.0058,0.00035,0.00406,-0.4133,-0.7946
1502,60.0800,0.3084,0.0000,0.0272,0.3385,-0.0057,0.0373,0.0246,-0.1138,0.0806,-0.3162,-0.8582,0.2226,-0.00706,-0.02313,-0.0035,-0.1074,-0.1099,0.0122,-0.00334,0.00171,-0.4075,-0.7844
1503,60.1200,0.3089,0.0000,0.0264,0.3306,0.0038,0.0352,-0.0195,0.0945,0.0271,-0.3099,-0.8464,0.2225,-0.00745,-0.02157,0.0191,-0.1158,-0.0864,-0.0122,0.00108,0.00361,-0.4017,-0.7741
1504,60.1600,0.3094,0.0000,0.0253,0.3293,0.0037,0.0228,-0.0199,0.1505,0.0373,-0.3041,-0.8345,0.2223,-0.00173,-0.02417,-0.0248,-0.1059,-0.0993,-0.0111,-0.00025,0.00326,-0.3959,-0.7638
1505,60.2000,0.3099,0.0000,0.0243,0.3499,-0.0121,0.0367,0.0575,-0.1875,0.0350,-0.2978,-0.8224,0.2219,-0.00391,-0.02280,0.0012,-0.1030,-0.0977,0.0636,-0.00607,0.00163,-0.3902,-0.7534
1506,60.2400,0.3103,0.0000,0.0233,0.3482,-0.0005,0.0652,0.0002,-0.0834,0.0459,-0.2912,-0.8102,0.2227,-0.00923,-0.01900,0.0340,-0.1255,-0.1081,-0.0257,-0.00124,0.00383,-0.3844,-0.7430
1507,60.2800,0.3108,0.0000,0.0221,0.3460,-0.0101,0.0357,0.0457,-0.0333,0.1450,-0.2849,-0.7979,0.2235,-0.01082,-0.01760,-0.0157,-0.1070,-0.1167,0.0218,0.00028,0.00545,-0.3786,-0.7326
1508,60.3200,0.3112,0.0000,0.0206,0.3499,0.0051,0.0162,-0.0269,-0.1210,0.0541,-0.2786,-0.7856,0.2230,-0.01497,-0.01630,0.0241,-0.1002,-0.0771,0.0095,0.00065,0.00429,-0.3727,-0.7221
1509,60.3600,0.3116,0.0000,0.0188,0.3337,0.0091,0.0298,-0.0466,0.2143,0.0607,-0.2728,-0.7732,0.2226,-0.01123,-0.01967,-0.0072,-0.1080,-0.1096,-0.0026,0.00302,0.00815,-0.3669,-0.7116
1510,60.4000,0.3121,0.0000,0.0169,0.3497,0.0190,0.0320,-0.0944,-0.0898,-0.0239,-0.2675,-0.7606,0.2225,-0.01053,-0.02730,0.0200,-0.1214,-0.0709,0.0069,-0.00076,0.00358,-0.3611,-0.7010
1511,60.4400,0.3125,0.0000,0.0151,0.3492,-0.0103,0.0367,0.0465,-0.0490,0.1122,-0.2615,-0.7481,0.2226,-0.01230,-0.02889,-0.0102,-0.1152,-0.1226,0.0098,0.00028,0.00565,-0.3553,-0.6903
1512,60.4800,0.3129,0.0000,0.0133,0.3473,-0.0065,0.0265,0.0309,0.0085,0.0304,-0.2550,-0.7357,0.2225,-0.01357,-0.02417,0.0130,-0.1003,-0.0730,-0.0106,0.00200,0.00707,-0.3494,-0.6797
1513,60.5200,0.3132,0.0000,0.0114,0.3500,-0.0004,0.0290,0.0013,-0.0608,-0.0027,-0.2489,-0.7233,0.2223,-0.01443,-0.02333,0.0034,-0.0973,-0.0997,0.0131,0.00245,0.00735,-0.3436,-0.6689
1514,60.5600,0.3136,0.0000,0.0096,0.3573,-0.0023,0.0462,0.0092,-0.2048,0.0451,-0.2428,-0.7106,0.2227,-0.02031,-0.02301,0.0245,-0.1123,-0.1093,0.0245,0.00141,0.00801,-0.3378,-0.6582
1515,60.6000,0.3140,0.0000,0.0079,0.3358,-0.0104,0.0389,0.0498,0.2160,0.0499,-0.2365,-0.6983,0.2232,-0.01807,-0.01882,-0.0068,-0.1073,-0.1258,-0.0133,0.00536,0.01266,-0.3319,-0.6474
1516,60.6400,0.3143,0.0000,0.0062,0.3446,0.0128,0.0183,-0.0638,-0.0020,0.0266,-0.2307,-0.6859,0.2230,-0.01577,-0.02060,0.0092,-0.1163,-0.0590,0.0067,0.00391,0.00649,-0.3261,-0.6365
1517,60.6800,0.3146,0.0000,0.0045,0.3356,0.0232,0.0244,-0.1155,0.1605,-0.0209,-0.2256,-0.6732,0.2225,-0.01151,-0.02888,0.0228,-0.1106,-0.0915,-0.0168,0.00445,0.00630,-0.3202,-0.6256
1518,60.7200,0.3150,0.0000,0.0030,0.3464,0.0050,0.0275,-0.0269,-0.0248,0.0161,-0.2204,-0.6606,0.2222,-0.00926,-0.03626,0.0032,-0.1059,-0.0872,0.0121,0.00137,0.00532,-0.3143,-0.6147
1519,60.7600,0.3153,0.0000,0.0017,0.3511,-0.0112,0.0361,0.0532,-0.0768,0.0353,-0.2142,-0.6481,0.2221,-0.01170,-0.03378,0.0076,-0.1147,-0.0963,-0.0054,0.00147,0.00507,-0.3085,-0.6038
1520,60.8000,0.3156,0.0000,0.0004,0.3488,-0.0026,0.0439,0.0104,-0.0200,0.0719,-0.2080,-0.6356,0.2225,-0.01374,-0.03043,0.0038,-0.1320,-0.0975,-0.0230,0.00449,0.00347,-0.3026,-0.5928
1521,60.8400,0.3160,0.0000,-0.0011,0.3418,-0.0114,0.0423,0.0540,0.1254,0.0548,-0.2019,-0.6232,0.2229,-0.01025,-0.02754,-0.0046,-0.1116,-0.1265,0.0291,0.00446,0.00536,-0.2967,-0.5817
1522,60.8800,0.3163,0.0000,-0.0027,0.3477,0.0129,0.0355,-0.0618,0.0334,-0.1150,-0.1960,-0.6106,0.2230,-0.00843,-0.02774,0.0392,-0.1130,-0.0664,-0.0212,0.00330,0.00118,-0.2908,-0.5706
1523,60.9200,0.3166,0.0000,-0.0039,0.3534,-0.0122,0.0300,0.0580,-0.0640,0.0190,-0.1902,-0.5979,0.2230,-0.00830,-0.02855,-0.0110,-0.0978,-0.1227,0.0400,0.00005,0.00380,-0.2849,-0.5595
1524,60.9600,0.3169,0.0000,-0.0047,0.3618,0.0011,0.0372,-0.0066,-0.2065,-0.0013,-0.1839,-0.5851,0.2230,-0.01550,-0.02485,0.0459,-0.1174,-0.0783,-0.0080,0.00227,0.00268,-0.2791,-0.5484
1525,61.0000,0.3171,0.0000,-0.0055,0.3457,-0.0046,0.0312,0.0222,0.0949,-0.0372,-0.1779,-0.5725,0.2231,-0.01536,-0.02374,0.0061,-0.0837,-0.1190,0.0075,0.00686,0.00768,-0.2732,-0.5372
1526,61.0400,0.3174,0.0000,-0.0060,0.3424,0.0268,0.0325,-0.1315,0.1494,-0.0514,-0.1724,-0.5597,0.2231,-0.01157,-0.02869,0.0448,-0.1287,-0.0694,-0.0387,0.00792,0.00520,-0.2673,-0.5260
1527,61.0800,0.3176,0.0000,-0.0063,0.3330,0.0130,0.0274,-0.0640,0.3473,-0.0423,-0.1674,-0.5470,0.2228,0.00022,-0.03862,0.0076,-0.1029,-0.1017,0.0157,0.00296,0.00622,-0.2613,-0.5147
1528,61.1200,0.3178,0.0000,-0.0062,0.3525,-0.0167,0.0436,0.0799,0.0482,0.0604,-0.1615,-0.5345,0.2227,0.00694,-0.03791,0.0155,-0.1155,-0.1121,0.0387,-0.00394,0.00265,-0.2554,-0.5034
1529,61.1600,0.3181,0.0000,-0.0063,0.3664,-0.0126,0.0478,0.0639,-0.1219,-0.1253,-0.1547,-0.5217,0.2229,0.00392,-0.02986,0.0334,-0.1066,-0.0799,-0.0069,-0.00462,0.00076,-0.2495,-0.4921
1530,61.2000,0.3182,0.0000,-0.0061,0.3759,-0.0038,0.0599,0.0166,-0.2743,0.0084,-0.1481,-0.5085,0.2238,-0.00442,-0.02661,0.0429,-0.1183,-0.1147,0.0171,-0.00348,0.00150,-0.2436,-0.4807
1531,61.2400,0.3184,0.0000,-0.0057,0.3669,-0.0095,0.0269,0.0427,-0.0747,0.1107,-0.1415,-0.4954,0.2242,-0.01044,-0.02295,0.0086,-0.1084,-0.1208,-0.0077,0.00107,0.00567,-0.2377,-0.4694
1532,61.2800,0.3185,0.0000,-0.0057,0.3554,0.0275,0.0201,-0.1345,0.1398,-0.0481,-0.1357,-0.4821,0.2235,-0.00923,-0.02703,0.0492,-0.1164,-0.0702,-0.0168,0.00315,0.00464,-0.2318,-0.4579
1533,61.3200,0.3186,0.0000,-0.0058,0.3589,0.0101,0.0236,-0.0533,0.0860,0.0625,-0.1305,-0.4688,0.2231,-0.00377,-0.03765,-0.0081,-0.1141,-0.1089,0.0211,-0.00215,0.00470,-0.2258,-0.4465
1534,61.3600,0.3187,0.0000,-0.0061,0.3793,-0.0101,0.0354,0.0492,-0.2580,-0.0311,-0.1242,-0.4554,0.2228,-0.00893,-0.03702,0.0407,-0.1050,-0.0901,0.0361,-0.00507,0.00365,-0.2199,-0.4350
1535,61.4000,0.3187,0.0000,-0.0065,0.3690,-0.0151,0.0575,0.0739,-0.0017,-0.0608,-0.1173,-0.4422,0.2235,-0.01312,-0.02944,0.0204,-0.1215,-0.1178,-0.0078,0.00031,0.00708,-0.2140,-0.4235
1536,61.4400,0.3187,0.0000,-0.0066,0.3566,0.0142,0.0251,-0.0700,0.2317,-0.0404,-0.1111,-0.4290,0.2239,-0.00837,-0.02878,0.0133,-0.1278,-0.0741,-0.0582,0.00271,0.00596,-0.2080,-0.4120
1537,61.4800,0.3187,0.0000,-0.0063,0.3666,0.0115,0.0110,-0.0587,0.0081,0.0269,-0.1056,-0.4156,0.2230,-0.00369,-0.03655,0.0193,-0.1013,-0.0973,0.0389,-0.00178,0.00402,-0.2021,-0.4005
1538,61.5200,0.3186,0.0000,-0.0061,0.3870,-0.0095,0.0367,0.0440,-0.3430,0.0522,-0.0992,-0.4020,0.2226,-0.01173,-0.03715,0.0370,-0.1035,-0.1051,0.0318,-0.00265,0.00444,-0.1961,-0.3889
1539,61.5600,0.3185,0.0000,-0.0062,0.3786,-0.0154,0.0467,0.0740,-0.1586,0.0325,-0.0922,-0.3886,0.2232,-0.02098,-0.02982,0.0257,-0.1077,-0.1195,-0.0342,0.00253,0.00947,-0.1902,-0.3773
1540,61.6000,0.3184,0.0000,-0.0067,0.3657,-0.0068,0.0431,0.0320,0.0342,0.0136,-0.0856,-0.3754,0.2238,-0.02259,-0.02463,0.0322,-0.1040,-0.1143,0.0248,0.00622,0.01255,-0.1842,-0.3656
1541,61.6400,0.3183,0.0000,-0.0072,0.3525,0.0168,0.0230,-0.0841,0.2379,0.0374,-0.0797,-0.3622,0.2239,-0.01691,-0.02716,0.0133,-0.1339,-0.0967,-0.0421,0.00560,0.01000,-0.1783,-0.3540
1542,61.6800,0.3182,0.0000,-0.0078,0.3652,-0.0000,0.0239,-0.0031,-0.0699,0.0772,-0.0742,-0.3490,0.2235,-0.01386,-0.03330,0.0100,-0.1127,-0.1273,0.0649,-0.00153,0.00730,-0.1723,-0.3423
1543,61.7200,0.3180,0.0000,-0.0089,0.3703,-0.0115,0.0456,0.0550,-0.1399,-0.0059,-0.0677,-0.3358,0.2236,-0.01882,-0.02938,0.0303,-0.1250,-0.1155,0.0080,-0.00158,0.00747,-0.1663,-0.3306
1544,61.7600,0.3179,0.0000,-0.0100,0.3617,-0.0074,0.0281,0.0341,-0.0030,0.0271,-0.0613,-0.3227,0.2241,-0.02137,-0.02435,0.0077,-0.1074,-0.0843,-0.0150,0.00310,0.00907,-0.1604,-0.3189
1545,61.8000,0.3178,0.0000,-0.0110,0.3633,-0.0071,0.0052,0.0343,-0.1155,-0.0247,-0.0550,-0.3097,0.2234,-0.02379,-0.02125,0.0115,-0.0804,-0.0919,0.0466,0.00427,0.00813,-0.1544,-0.3072
1546,61.8400,0.3176,0.0000,-0.0119,0.3504,0.0021,0.0353,-0.0124,0.1082,0.0698,-0.0490,-0.2968,0.2231,-0.02309,-0.01948,0.0066,-0.1269,-0.1283,-0.0168,0.00772,0.01037,-0.1484,-0.2954
1547,61.8800,0.3175,0.0000,-0.0131,0.3517,-0.0026,0.0369,0.0103,0.0386,0.0722,-0.0433,-0.2840,0.2235,-0.02007,-0.02059,-0.0052,-0.1175,-0.1215,0.0286,0.00716,0.00878,-0.1425,-0.2836
1548,61.9200,0.3174,0.0000,-0.0145,0.3504,0.0212,0.0150,-0.1034,0.0279,-0.1075,-0.0378,-0.2710,0.2231,-0.01991,-0.02428,0.0430,-0.0977,-0.0428,-0.0332,0.00591,0.00620,-0.1365,-0.2719
1549,61.9600,0.3173,0.0000,-0.0156,0.3449,0.0239,0.0226,-0.1186,0.0916,-0.0623,-0.0331,-0.2579,0.2227,-0.01681,-0.03570,0.0086,-0.1233,-0.0947,0.0001,0.00381,0.00502,-0.1305,-0.2600
1550,62.0000,0.3173,0.0000,-0.0162,0.3611,-0.0032,0.0202,0.0134,-0.2423,0.0317,-0.0277,-0.2449,0.2223,-0.02077,-0.04099,0.0087,-0.1063,-0.0890,0.0124,-0.00113,0.00412,-0.1245,-0.2482
1551,62.0400,0.3172,0.0000,-0.0168,0.3470,-0.0166,0.0405,0.0810,0.0362,0.0151,-0.0213,-0.2324,0.2223,-0.02377,-0.03399,0.0174,-0.1106,-0.1135,-0.0083,0.00297,0.00845,-0.1186,-0.2364
1552,62.0800,0.3171,0.0000,-0.0176,0.3423,0.0096,0.0523,-0.0474,0.0807,-0.0433,-0.0155,-0.2198,0.2231,-0.02172,-0.03274,0.0368,-0.1301,-0.0893,-0.0137,0.00445,0.00681,-0.1126,-0.2245
1553,62.1200,0.3171,0.0000,-0.0182,0.3438,-0.0056,0.0203,0.0236,-0.0170,0.1092,-0.0101,-0.2073,0.2234,-0.01991,-0.03479,-0.0094,-0.1138,-0.1198,-0.0043,0.00201,0.00739,-0.1066,-0.2126
1554,62.1600,0.3170,0.0000,-0.0190,0.3394,-0.0035,0.0216,0.0172,0.0516,-0.0092,-0.0042,-0.1949,0.2228,-0.01969,-0.03177,0.0241,-0.1114,-0.0879,0.0188,0.00268,0.00708,-0.1006,-0.2008
1555,62.2000,0.3171,0.0000,-0.0201,0.3401,0.0092,0.0286,-0.0457,0.0126,-0.0605,0.0012,-0.1825,0.2227,-0.01859,-0.03381,0.0168,-0.1058,-0.0666,-0.0107,0.00137,0.00588,-0.0946,-0.1889
1556,62.2400,0.3171,0.0000,-0.0208,0.3447,-0.0123,0.0157,0.0590,-0.0982,0.0156,0.0068,-0.1701,0.2223,-0.02033,-0.03308,-0.0092,-0.0922,-0.0842,0.0310,0.00108,0.00671,-0.0886,-0.1769
1557,62.2800,0.3171,0.0000,-0.0214,0.3380,-0.0025,0.0275,0.0123,0.0276,-0.0854,0.0129,-0.1578,0.2219,-0.02181,-0.02783,0.0178,-0.1020,-0.0742,-0.0094,0.00446,0.00844,-0.0826,-0.1650
1558,62.3200,0.3171,0.0000,-0.0219,0.3397,0.0163,0.0527,-0.0809,-0.0473,-0.0520,0.0180,-0.1454,0.2225,-0.02237,-0.03217,0.0386,-0.1237,-0.0897,0.0084,0.00522,0.00663,-0.0766,-0.1531
1559,62.3600,0.3172,0.0000,-0.0220,0.3395,-0.0130,0.0230,0.0613,-0.0725,0.0759,0.0235,-0.1330,0.2229,-0.02428,-0.03288,-0.0151,-0.1063,-0.1027,0.0156,0.00449,0.00852,-0.0707,-0.1411
1560,62.4000,0.3172,0.0000,-0.0223,0.3320,-0.0149,0.0207,0.0715,0.0379,0.0770,0.0297,-0.1211,0.2225,-0.02488,-0.02502,0.0016,-0.1099,-0.0986,0.0083,0.00661,0.00929,-0.0647,-0.1292
1561,62.4400,0.3173,0.0000,-0.0232,0.3290,0.0009,0.0276,-0.0056,0.0590,0.0245,0.0354,-0.1092,0.2223,-0.02290,-0.02259,-0.0092,-0.1100,-0.0875,0.0008,0.00632,0.00685,-0.0587,-0.1172
1562,62.4800,0.3174,0.0000,-0.0242,0.3237,0.0048,0.0268,-0.0251,0.1488,0.0029,0.0405,-0.0971,0.2222,-0.01839,-0.02441,-0.0094,-0.1089,-0.0811,0.0088,0.00524,0.00692,-0.0527,-0.1053
1563,62.5200,0.3175,0.0000,-0.0253,0.3198,0.0154,0.0217,-0.0790,0.2289,0.0511,0.0454,-0.0850,0.2218,-0.01075,-0.02953,-0.0027,-0.1174,-0.0704,-0.0376,0.00414,0.00458,-0.0467,-0.0933
1564,62.5600,0.3177,0.0000,-0.0265,0.3385,-0.0112,0.0195,0.0536,-0.1154,0.0274,0.0505,-0.0729,0.2212,-0.00914,-0.03201,-0.0232,-0.0887,-0.0979,0.0547,-0.00288,0.00188,-0.0407,-0.0813
1565,62.6000,0.3179,0.0000,-0.0280,0.3355,-0.0012,0.0592,0.0059,0.0301,-0.0096,0.0564,-0.0608,0.2215,-0.01119,-0.02707,0.0278,-0.1239,-0.0847,-0.0316,0.00201,0.00417,-0.0347,-0.0693
1566,62.6400,0.3180,0.0000,-0.0294,0.3410,-0.0070,0.0421,0.0326,-0.0780,0.0183,0.0618,-0.0485,0.2223,-0.01180,-0.02632,-0.0107,-0.1002,-0.1012,0.0151,-0.00095,0.00373,-0.0287,-0.0573
1567,62.6800,0.3182,0.0000,-0.0308,0.3372,-0.0022,0.0358,0.0101,0.0210,0.0088,0.0676,-0.0362,0.2224,-0.01320,-0.02301,0.0168,-0.1130,-0.0889,0.0111,-0.00048,0.00551,-0.0227,-0.0453
1568,62.7200,0.3183,0.0000,-0.0322,0.3409,-0.0057,0.0277,0.0248,-0.0559,0.1197,0.0731,-0.0238,0.2225,-0.01369,-0.02218,-0.0200,-0.1098,-0.1081,0.0082,0.00015,0.00508,-0.0167,-0.0333
1569,62.7600,0.3184,0.0000,-0.0339,0.3342,-0.0110,0.0213,0.0524,0.1019,0.0794,0.0788,-0.0116,0.2220,-0.01224,-0.01734,-0.0167,-0.0920,-0.0936,0.0159,0.00127,0.00726,-0.0107,-0.0213
1570,62.8000,0.3185,0.0000,-0.0362,0.3375,0.0122,0.0444,-0.0608,0.0579,0.0098,0.0841,0.0008,0.2220,-0.00963,-0.01852,0.0117,-0.1194,-0.0892,0.0023,0.00093,0.00466,-0.0047,-0.0093
1571,62.8400,0.3186,0.0000,-0.0385,0.3461,0.0106,0.0460,-0.0513,-0.0779,-0.0976,0.0889,0.0136,0.2225,-0.01023,-0.02507,0.0199,-0.1037,-0.0904,0.0286,-0.00194,0.00327,0.0013,0.0027
1572,62.8800,0.3187,0.0000,-0.0404,0.3614,-0.0187,0.0241,0.0894,-0.3701,0.0145,0.0946,0.0263,0.2227,-0.01995,-0.02247,-0.0021,-0.0869,-0.1035,0.0227,-0.00427,0.00530,0.0073,0.0147
1573,62.9200,0.3187,0.0000,-0.0420,0.3450,-0.0066,0.0345,0.0330,-0.0694,-0.0832,0.1008,0.0389,0.2226,-0.02812,-0.01356,0.0279,-0.0963,-0.1013,0.0052,0.00377,0.01101,0.0133,0.0266
1574,62.9600,0.3187,0.0000,-0.0434,0.3282,0.0255,0.0346,-0.1244,0.1959,-0.0948,0.1057,0.0514,0.2230,-0.02472,-0.01877,0.0108,-0.1171,-0.0828,-0.0217,0.00809,0.01154,0.0193,0.0387
1575,63.0000,0.3187,0.0000,-0.0441,0.3295,0.0035,0.0063,-0.0195,0.1174,0.0384,0.1103,0.0638,0.2225,-0.01802,-0.02686,-0.0385,-0.1118,-0.1077,0.0220,0.00299,0.00913,0.0253,0.0506
1576,63.0400,0.3186,0.0000,-0.0449,0.3353,-0.0006,0.0293,0.0023,0.0277,-0.0362,0.1157,0.0761,0.2218,-0.01629,-0.02654,0.0039,-0.1220,-0.0823,0.0242,0.00098,0.00577,0.0313,0.0626
1577,63.0800,0.3186,0.0000,-0.0457,0.3349,-0.0103,0.0546,0.0487,0.0663,0.0368,0.1212,0.0883,0.2225,-0.01364,-0.02405,-0.0129,-0.1211,-0.1129,0.0167,-0.00010,0.00662,0.0373,0.0746
1578,63.1200,0.3185,0.0000,-0.0466,0.3359,-0.0077,0.0469,0.0375,0.0724,-0.0651,0.1270,0.1004,0.2231,-0.01110,-0.01887,0.0118,-0.1127,-0.1024,0.0187,-0.00108,0.00543,0.0433,0.0866
1579,63.1600,0.3185,0.0000,-0.0474,0.3423,0.0151,0.0303,-0.0736,-0.0525,-0.0945,0.1322,0.1130,0.2233,-0.01179,-0.02094,0.0152,-0.1230,-0.0814,-0.0204,-0.00142,0.00126,0.0493,0.0986
1580,63.2000,0.3184,0.0000,-0.0477,0.3370,0.0190,0.0163,-0.0935,0.0619,-0.1048,0.1370,0.1257,0.2228,-0.01118,-0.02902,0.0142,-0.1024,-0.0657,0.0111,-0.00183,0.00276,0.0553,0.1106
1581,63.2400,0.3182,0.0000,-0.0476,0.3433,-0.0073,0.0128,0.0348,-0.0322,-0.0150,0.1423,0.1382,0.2220,-0.01010,-0.03160,-0.0248,-0.0990,-0.1098,0.0077,-0.00526,0.00329,0.0613,0.1225
1582,63.2800,0.3181,0.0000,-0.0474,0.3444,0.0008,0.0542,-0.0030,0.0196,-0.1169,0.1481,0.1507,0.2220,-0.01121,-0.02848,0.0194,-0.1342,-0.0905,0.0099,-0.00416,0.00281,0.0673,0.1345
1583,63.3200,0.3179,0.0000,-0.0470,0.3415,0.0016,0.0525,-0.0083,0.1160,-0.0857,0.1537,0.1633,0.2230,-0.00770,-0.02907,0.0054,-0.1165,-0.0864,-0.0014,-0.00196,0.00315,0.0733,0.1464
1584,63.3600,0.3177,0.0000,-0.0462,0.3565,-0.0034,0.0177,0.0159,-0.1785,-0.0456,0.1595,0.1759,0.2229,-0.01022,-0.02866,0.0188,-0.0942,-0.0747,0.0204,-0.00533,0.00090,0.0793,0.1584
1585,63.4000,0.3174,0.0000,-0.0452,0.3460,-0.0070,0.0227,0.0326,0.0597,0.0443,0.1656,0.1885,0.2223,-0.01151,-0.02491,-0.0048,-0.1047,-0.1092,-0.0125,-0.00196,0.00526,0.0853,0.1703
1586,63.4400,0.3171,0.0000,-0.0446,0.3539,-0.0093,0.0336,0.0438,-0.0755,0.0524,0.1716,0.2011,0.2222,-0.01225,-0.02194,-0.0127,-0.1048,-0.1037,0.0333,-0.00322,0.00509,0.0913,0.1822
1587,63.4800,0.3167,0.0000,-0.0445,0.3563,-0.0081,0.0545,0.0380,-0.0948,0.0437,0.1778,0.2138,0.2227,-0.01568,-0.01743,0.0179,-0.1135,-0.1173,0.0218,-0.00165,0.00792,0.0973,0.1941
1588,63.5200,0.3163,0.0000,-0.0449,0.3403,0.0134,0.0432,-0.0648,0.2268,-0.0525,0.1835,0.2266,0.2234,-0.01212,-0.01795,0.0217,-0.1155,-0.0972,-0.0350,-0.00040,0.00881,0.1032,0.2060
1589,63.5600,0.3159,0.0000,-0.0454,0.3398,0.0182,0.0182,-0.0907,0.2366,0.0165,0.1884,0.2395,0.2232,-0.00282,-0.02684,-0.0046,-0.1184,-0.0877,0.0039,-0.00210,0.00594,0.1092,0.2179
1590,63.6000,0.3155,0.0000,-0.0458,0.3601,0.0154,0.0311,-0.0760,-0.1229,-0.0541,0.1934,0.2526,0.2226,-0.00219,-0.03559,0.0430,-0.1139,-0.0852,0.0318,-0.00697,0.00146,0.1152,0.2298
1591,63.6400,0.3150,0.0000,-0.0463,0.3640,-0.0107,0.0488,0.0515,-0.1046,-0.0290,0.1992,0.2658,0.2229,-0.00634,-0.03572,0.0141,-0.1100,-0.1060,0.0103,-0.00461,0.00365,0.1212,0.2416
1592,63.6800,0.3145,0.0000,-0.0467,0.3646,-0.0104,0.0370,0.0516,-0.0774,-0.1027,0.2057,0.2788,0.2232,-0.01029,-0.02915,0.0178,-0.1096,-0.0937,-0.0137,-0.00260,0.00383,0.1272,0.2534
1593,63.7200,0.3139,0.0000,-0.0469,0.3609,0.0117,0.0445,-0.0553,-0.0108,-0.1539,0.2117,0.2920,0.2235,-0.01201,-0.02913,0.0464,-0.1188,-0.0969,0.0062,-0.00030,0.00296,0.1332,0.2653
1594,63.7600,0.3132,0.0000,-0.0465,0.3538,0.0014,0.0268,-0.0091,0.1385,0.0061,0.2174,0.3050,0.2237,-0.00830,-0.03210,-0.0033,-0.1171,-0.1153,-0.0134,-0.00119,0.00342,0.1391,0.2771
1595,63.8000,0.3125,0.0000,-0.0459,0.3701,-0.0130,0.0333,0.0616,-0.1811,0.0320,0.2237,0.3181,0.2234,-0.01045,-0.02967,0.0278,-0.1119,-0.1206,0.0635,-0.00273,0.00288,0.1451,0.2888
1596,63.8400,0.3117,0.0000,-0.0458,0.3659,0.0132,0.0328,-0.0642,-0.0732,-0.0853,0.2299,0.3314,0.2235,-0.01629,-0.02844,0.0373,-0.1241,-0.0698,-0.0637,0.00182,0.00226,0.1511,0.3006
1597,63.8800,0.3109,0.0000,-0.0456,0.3619,0.0202,0.0174,-0.0974,-0.0538,-0.1580,0.2352,0.3448,0.2232,-0.01808,-0.03687,0.0396,-0.0870,-0.0721,0.0217,0.00254,0.00382,0.1570,0.3124
1598,63.9200,0.3101,0.0000,-0.0449,0.3685,-0.0134,0.0158,0.0630,-0.2112,0.0590,0.2413,0.3580,0.2227,-0.02327,-0.03812,0.0040,-0.1014,-0.1198,0.0110,0.00169,0.00579,0.1630,0.3241
1599,63.9600,0.3092,0.0000,-0.0444,0.3575,-0.0151,0.0294,0.0734,-0.0300,0.0193,0.2481,0.3707,0.2225,-0.02781,-0.02975,0.0241,-0.1024,-0.1016,-0.0117,0.00581,0.00860,0.1690,0.3358
1600,64.0000,0.3083,0.0000,-0.0443,0.3538,-0.0043,0.0382,0.0199,-0.0444,0.0287,0.2544,0.3834,0.2229,-0.02916,-0.02618,-0.0020,-0.1232,-0.1204,-0.0019,0.00661,0.00646,0.1749,0.3475
1601,64.0400,0.3073,0.0000,-0.0447,0.3454,-0.0046,0.0308,0.0219,0.0509,-0.0068,0.2605,0.3959,0.2231,-0.02862,-0.02385,0.0103,-0.1072,-0.1020,0.0198,0.00608,0.00819,0.1809,0.3591
1602,64.0800,0.3064,0.0000,-0.0452,0.3400,0.0038,0.0244,-0.0197,0.0760,0.0166,0.2662,0.4083,0.2231,-0.02596,-0.02371,0.0190,-0.1063,-0.0965,-0.0064,0.00424,0.00845,0.1868,0.3708
1603,64.1200,0.3054,0.0000,-0.0459,0.3436,0.0040,0.0265,-0.0198,-0.0688,-0.0450,0.2718,0.4208,0.2229,-0.02627,-0.02605,0.0231,-0.1032,-0.1010,0.0311,0.00077,0.00666,0.1928,0.3824
1604,64.1600,0.3045,0.0000,-0.0467,0.3326,-0.0018,0.0349,0.0083,0.1094,-0.0433,0.2775,0.4330,0.2231,-0.02459,-0.02537,0.0090,-0.1133,-0.1176,-0.0151,0.00083,0.00943,0.1987,0.3940
1605,64.2000,0.3036,0.0000,-0.0474,0.3368,0.0095,0.0228,-0.0467,-0.0490,-0.0837,0.2830,0.4453,0.2231,-0.02454,-0.02724,0.0276,-0.1053,-0.0730,-0.0025,-0.00078,0.00757,0.2047,0.4056
1606,64.2400,0.3026,0.0000,-0.0478,0.3355,-0.0056,0.0257,0.0266,-0.0886,-0.0107,0.2886,0.4574,0.2229,-0.02689,-0.02799,0.0010,-0.1108,-0.1196,0.0276,-0.00119,0.00822,0.2106,0.4171
1607,64.2800,0.3017,0.0000,-0.0482,0.3333,-0.0014,0.0407,0.0069,-0.0945,-0.0647,0.2944,0.4693,0.2231,-0.03103,-0.02544,0.0316,-0.1183,-0.0968,0.0124,-0.00009,0.00959,0.2166,0.4286
1608,64.3200,0.3008,0.0000,-0.0485,0.3235,-0.0021,0.0258,0.0099,0.0102,-0.0657,0.3001,0.4811,0.2234,-0.03180,-0.02409,0.0055,-0.1036,-0.1071,-0.0083,0.00059,0.01107,0.2225,0.4401
1609,64.3600,0.2999,0.0000,-0.0487,0.3145,0.0087,0.0137,-0.0440,0.0929,0.0210,0.3055,0.4927,0.2231,-0.02998,-0.02536,-0.0042,-0.1305,-0.0963,-0.0227,0.00168,0.00873,0.2284,0.4516
1610,64.4000,0.2990,0.0000,-0.0490,0.3071,0.0125,0.0211,-0.0618,0.1698,-0.0200,0.3104,0.5042,0.2225,-0.02416,-0.03081,0.0094,-0.1124,-0.0876,0.0190,0.00005,0.00865,0.2344,0.4630
1611,64.4400,0.2982,0.0000,-0.0495,0.3145,0.0108,0.0296,-0.0517,-0.0063,-0.1036,0.3152,0.5157,0.2223,-0.02148,-0.03637,0.0242,-0.1098,-0.0828,-0.0070,-0.00279,0.00605,0.2403,0.4744
1612,64.4800,0.2974,0.0000,-0.0498,0.3174,-0.0077,0.0351,0.0381,-0.0855,-0.0344,0.3206,0.5270,0.2225,-0.02351,-0.03648,0.0049,-0.1178,-0.1027,0.0018,-0.00419,0.00633,0.2462,0.4858
1613,64.5200,0.2966,0.0000,-0.0500,0.3031,-0.0029,0.0489,0.0152,0.1793,-0.0680,0.3263,0.5380,0.2230,-0.02101,-0.03252,0.0266,-0.1284,-0.0974,0.0010,-0.00131,0.00838,0.2521,0.4971
1614,64.5600,0.2958,0.0000,-0.0502,0.3016,0.0049,0.0312,-0.0233,0.1718,-0.0861,0.3315,0.5491,0.2233,-0.01380,-0.03343,0.0157,-0.1111,-0.0821,-0.0025,-0.00511,0.00601,0.2580,0.5084
1615,64.6000,0.2951,0.0000,-0.0501,0.3231,-0.0015,0.0243,0.0075,-0.2851,-0.0780,0.3368,0.5603,0.2231,-0.01794,-0.03472,0.0269,-0.1123,-0.0965,0.0334,-0.00958,0.00237,0.2640,0.5197
1616,64.6400,0.2944,0.0000,-0.0498,0.3188,-0.0145,0.0479,0.0704,-0.1970,-0.0171,0.3428,0.5715,0.2234,-0.02715,-0.02977,0.0254,-0.1215,-0.1223,0.0186,-0.00488,0.00695,0.2699,0.5309
1617,64.6800,0.2936,0.0000,-0.0497,0.3093,-0.0098,0.0362,0.0466,-0.0807,0.0249,0.3487,0.5824,0.2241,-0.03214,-0.02389,0.0132,-0.1194,-0.1185,-0.0114,0.00116,0.00900,0.2758,0.5421
1618,64.7200,0.2929,0.0000,-0.0498,0.3038,0.0119,0.0107,-0.0588,-0.1012,0.0172,0.3540,0.5933,0.2238,-0.03623,-0.02488,0.0247,-0.1148,-0.0861,-0.0064,0.00418,0.00778,0.2817,0.5533
1619,64.7600,0.2921,0.0000,-0.0503,0.2884,-0.0043,0.0173,0.0218,0.1127,-0.0447,0.3590,0.6040,0.2232,-0.03403,-0.02661,-0.0011,-0.0950,-0.1273,0.0515,0.00435,0.01283,0.2875,0.5644
1620,64.8000,0.2914,0.0000,-0.0510,0.2843,0.0065,0.0201,-0.0326,0.1359,-0.0172,0.3641,0.6143,0.2229,-0.02991,-0.02642,-0.0031,-0.1285,-0.0799,-0.0550,0.00371,0.00907,0.2934,0.5755
1621,64.8400,0.2908,0.0000,-0.0517,0.2753,0.0027,0.0172,-0.0152,0.2318,0.0459,0.3689,0.6246,0.2225,-0.02154,-0.02898,-0.0115,-0.1089,-0.1028,0.0028,-0.00095,0.00841,0.2993,0.5866
1622,64.8800,0.2902,0.0000,-0.0527,0.2879,-0.0021,0.0366,0.0111,-0.0307,-0.0505,0.3738,0.6348,0.2222,-0.01872,-0.02970,0.0181,-0.1094,-0.0934,0.0398,-0.00484,0.00536,0.3052,0.5976
1623,64.9200,0.2896,0.0000,-0.0539,0.2823,-0.0179,0.0512,0.0880,0.1053,-0.0096,0.3792,0.6448,0.2228,-0.01642,-0.02419,-0.0113,-0.1196,-0.1216,-0.0011,-0.00334,0.00859,0.3111,0.6086
1624,64.9600,0.2890,0.0000,-0.0551,0.2829,0.0092,0.0346,-0.0437,0.0786,-0.1088,0.3844,0.6549,0.2232,-0.01409,-0.02180,0.0147,-0.1302,-0.0686,-0.0208,-0.00232,0.00458,0.3169,0.6196
1625,65.0000,0.2884,0.0000,-0.0561,0.2849,0.0117,0.0276,-0.0572,0.0192,-0.0627,0.3889,0.6653,0.2231,-0.01168,-0.02739,0.0153,-0.1073,-0.0909,0.0300,-0.00532,0.00348,0.3228,0.6305
1626,65.0400,0.2879,0.0000,-0.0567,0.2973,-0.0086,0.0279,0.0428,-0.1909,-0.0535,0.3940,0.6758,0.2228,-0.01597,-0.02788,0.0047,-0.1070,-0.0934,0.0444,-0.00671,0.00581,0.3287,0.6413
1627,65.0800,0.2873,0.0000,-0.0573,0.2927,0.0022,0.0278,-0.0103,-0.0837,-0.1001,0.3995,0.6861,0.2227,-0.02187,-0.02498,0.0162,-0.1108,-0.0578,-0.0228,-0.00250,0.00655,0.3345,0.6522
1628,65.1200,0.2867,0.0000,-0.0577,0.2864,0.0030,0.0215,-0.0144,-0.0020,-0.0614,0.4045,0.6965,0.2224,-0.02250,-0.02641,-0.0044,-0.1009,-0.0927,0.0144,-0.00190,0.00809,0.3404,0.6629
1629,65.1600,0.2861,0.0000,-0.0579,0.2811,0.0077,0.0321,-0.0383,0.1019,-0.0411,0.4095,0.7067,0.2222,-0.02048,-0.02829,0.0149,-0.1171,-0.0761,0.0068,-0.00174,0.00797,0.3462,0.6737
1630,65.2000,0.2855,0.0000,-0.0582,0.2757,0.0043,0.0304,-0.0212,0.2126,-0.0360,0.4143,0.7168,0.2222,-0.01340,-0.03089,-0.0022,-0.1113,-0.0845,-0.0033,-0.00303,0.00801,0.3520,0.6844
1631,65.2400,0.2849,0.0000,-0.0585,0.2892,-0.0020,0.0305,0.0113,-0.0202,-0.1113,0.4194,0.7270,0.2220,-0.01081,-0.03154,0.0112,-0.1046,-0.0635,0.0390,-0.00698,0.00501,0.3579,0.6951
1632,65.2800,0.2843,0.0000,-0.0587,0.2855,-0.0113,0.0445,0.0573,0.1214,-0.0926,0.4250,0.7371,0.2222,-0.00807,-0.02741,-0.0047,-0.1160,-0.0987,0.0016,-0.00576,0.00718,0.3637,0.7057
1633,65.3200,0.2836,0.0000,-0.0588,0.2930,0.0144,0.0306,-0.0698,0.0023,-0.1118,0.4303,0.7475,0.2223,-0.00698,-0.02805,0.0194,-0.1199,-0.0522,-0.0382,-0.00529,0.00229,0.3695,0.7162
1634,65.3600,0.2830,0.0000,-0.0584,0.2996,-0.0005,0.0370,0.0002,-0.1087,0.0349,0.4354,0.7580,0.2223,-0.00849,-0.03182,0.0088,-0.1120,-0.1178,0.0412,-0.00734,0.00435,0.3753,0.7268
1635,65.4000,0.2822,0.0000,-0.0584,0.2981,-0.0109,0.0451,0.0530,0.0022,-0.0315,0.4412,0.7685,0.2225,-0.01052,-0.02824,0.0158,-0.1126,-0.0958,0.0102,-0.00643,0.00669,0.3811,0.7372
1636,65.4400,0.2815,0.0000,-0.0588,0.2981,-0.0159,0.0362,0.0769,0.0363,-0.0110,0.4473,0.7787,0.2229,-0.00945,-0.02239,-0.0176,-0.1109,-0.1029,0.0097,-0.00521,0.00679,0.3869,0.7477
1637,65.4800,0.2807,0.0000,-0.0594,0.2954,0.0181,0.0268,-0.0887,0.1100,-0.1078,0.4528,0.7894,0.2226,-0.00729,-0.02244,0.0252,-0.1187,-0.0587,-0.0313,-0.00258,0.00464,0.3927,0.7580
1638,65.5200,0.2798,0.0000,-0.0599,0.3008,0.0118,0.0225,-0.0588,0.0272,-0.0618,0.4577,0.8003,0.2222,-0.00382,-0.03008,-0.0046,-0.1021,-0.0978,0.0143,-0.00427,0.00335,0.3985,0.7684
1639,65.5600,0.2789,0.0000,-0.0602,0.3083,0.0033,0.0316,-0.0163,-0.0380,-0.0859,0.4632,0.8112,0.2218,-0.00488,-0.03239,0.0194,-0.1092,-0.0731,-0.0078,-0.00456,0.00354,0.4043,0.7786
1640,65.6000,0.2779,0.0000,-0.0605,0.3145,-0.0068,0.0426,0.0335,-0.1099,-0.0665,0.4691,0.8221,0.2219,-0.00776,-0.03138,0.0102,-0.1043,-0.0965,0.0035,-0.00129,0.00385,0.4101,0.7889
1641,65.6400,0.2768,0.0000,-0.0608,0.3158,-0.0102,0.0499,0.0502,-0.0957,-0.0689,0.4754,0.8330,0.2224,-0.01192,-0.02694,0.0192,-0.1124,-0.1061,0.0063,0.00070,0.00400,0.4158,0.7991
1642,65.6800,0.2757,0.0000,-0.0610,0.3042,-0.0088,0.0373,0.0433,0.1591,-0.0457,0.4817,0.8437,0.2229,-0.00976,-0.02222,0.0024,-0.1028,-0.0887,0.0048,0.00373,0.00648,0.4216,0.8092
1643,65.7200,0.2745,0.0000,-0.0613,0.3179,0.0060,0.0326,-0.0290,-0.1343,-0.0807,0.4876,0.8546,0.2228,-0.01029,-0.02236,0.0387,-0.0988,-0.0947,0.0227,-0.00125,0.00259,0.4273,0.8193
1644,65.7600,0.2733,0.0000,-0.0616,0.3164,-0.0138,0.0263,0.0666,-0.0775,0.0228,0.4938,0.8656,0.2227,-0.01393,-0.02031,-0.0194,-0.1018,-0.1220,0.0019,-0.00231,0.00576,0.4331,0.8293
1645,65.8000,0.2719,0.0000,-0.0622,0.3152,-0.0100,0.0299,0.0491,-0.0556,-0.0205,0.5003,0.8764,0.2225,-0.01700,-0.01471,0.0098,-0.0936,-0.0887,0.0265,-0.00131,0.00707,0.4388,0.8393
1646,65.8400,0.2706,0.0000,-0.0631,0.3114,-0.0001,0.0409,0.0013,-0.0013,-0.0703,0.5065,0.8872,0.2227,-0.01759,-0.01276,0.0118,-0.0964,-0.1078,0.0185,0.00068,0.00798,0.4446,0.8492
1647,65.8800,0.2691,0.0000,-0.0641,0.3193,0.0098,0.0305,-0.0483,-0.2010,-0.0792,0.5123,0.8984,0.2229,-0.02273,-0.01505,0.0273,-0.0972,-0.0826,0.0068,0.00130,0.00664,0.4503,0.8591
1648,65.9200,0.2676,0.0000,-0.0649,0.2961,0.0120,0.0169,-0.0584,0.2218,-0.0942,0.5179,0.9093,0.2226,-0.02055,-0.01810,0.0070,-0.0928,-0.0909,-0.0232,0.00557,0.01154,0.4560,0.8689
1649,65.9600,0.2661,0.0000,-0.0656,0.3096,0.0140,0.0317,-0.0679,-0.0933,-0.1461,0.5232,0.9202,0.2222,-0.01925,-0.02429,0.0251,-0.1062,-0.0881,0.0481,0.00189,0.00844,0.4617,0.8786
1650,66.0000,0.2645,0.0000,-0.0661,0.3015,-0.0150,0.0447,0.0730,0.0773,0.0159,0.5292,0.9308,0.2227,-0.01811,-0.02277,0.0004,-0.1065,-0.1327,-0.0097,0.00274,0.01274,0.4674,0.8883
1651,66.0400,0.2629,0.0000,-0.0666,0.3067,-0.0122,0.0257,0.0586,-0.0612,0.0473,0.5357,0.9411,0.2228,-0.01935,-0.01699,-0.0187,-0.1246,-0.0967,-0.0057,0.00443,0.00863,0.4731,0.8980
1652,66.0800,0.2613,0.0000,-0.0678,0.3043,0.0108,0.0258,-0.0517,-0.0720,-0.0963,0.5417,0.9517,0.2225,-0.02218,-0.01685,0.0247,-0.0967,-0.0769,0.0129,0.00761,0.00763,0.4788,0.9075
1653,66.1200,0.2596,0.0000,-0.0691,0.3055,-0.0023,0.0397,0.0093,-0.1371,0.0442,0.5473,0.9623,0.2227,-0.02559,-0.01920,0.0044,-0.1052,-0.1295,0.0285,0.00534,0.00914,0.4845,0.9171
1654,66.1600,0.2579,0.0000,-0.0707,0.3022,-0.0200,0.0314,0.0969,-0.1200,0.0196,0.5537,0.9725,0.2230,-0.03046,-0.01373,0.0033,-0.0915,-0.1276,0.0176,0.00576,0.01170,0.4902,0.9265
1655,66.2000,0.2562,0.0000,-0.0728,0.2854,0.0108,0.0341,-0.0532,0.1334,-0.0744,0.5597,0.9826,0.2231,-0.03016,-0.01103,0.0202,-0.1151,-0.0891,-0.0248,0.01087,0.01150,0.4958,0.9359
1656,66.2400,0.2545,0.0000,-0.0750,0.2737,0.0265,0.0280,-0.1286,0.2735,-0.1718,0.5644,0.9929,0.2232,-0.02089,-0.01924,0.0193,-0.1025,-0.0920,0.0146,0.00739,0.01050,0.5015,0.9453
1657,66.2800,0.2528,0.0000,-0.0766,0.2848,0.0031,0.0105,-0.0146,0.0313,-0.1541,0.5694,1.0030,0.2226,-0.01557,-0.02500,0.0066,-0.0821,-0.0727,0.0255,0.00120,0.00931,0.5072,0.9546
1658,66.3200,0.2510,0.0000,-0.0776,0.2859,0.0050,0.0487,-0.0238,0.0174,-0.1410,0.5751,1.0129,0.2224,-0.01538,-0.02517,0.0414,-0.1266,-0.0951,0.0066,0.00112,0.00764,0.5128,0.9638
1659,66.3600,0.2493,0.0000,-0.0783,0.2997,-0.0123,0.0435,0.0596,-0.2829,-0.0500,0.5809,1.0229,0.2232,-0.02107,-0.02419,0.0021,-0.1096,-0.1241,0.0099,-0.00101,0.00634,0.5184,0.9730
1660,66.4000,0.2476,0.0000,-0.0790,0.2797,-0.0051,0.0320,0.0251,0.0821,-0.0348,0.5873,1.0325,0.2234,-0.02443,-0.01860,0.0276,-0.1117,-0.0992,-0.0231,0.00486,0.00942,0.5241,0.9821
1661,66.4400,0.2458,0.0000,-0.0799,0.2765,0.0159,0.0409,-0.0747,0.0626,-0.1825,0.5926,1.0423,0.2236,-0.02129,-0.02161,0.0518,-0.0988,-0.0938,0.0556,0.00357,0.00820,0.5297,0.9911
1662,66.4800,0.2440,0.0000,-0.0805,0.2778,0.0051,0.0335,-0.0229,0.0088,-0.1529,0.5979,1.0521,0.2239,-0.01975,-0.02521,0.0295,-0.1040,-0.1050,-0.0003,0.00213,0.00892,0.5353,1.0001
1663,66.5200,0.2422,0.0000,-0.0808,0.2736,-0.0147,0.0349,0.0721,0.0696,-0.0262,0.6039,1.0614,0.2239,-0.01809,-0.02239,0.0112,-0.1182,-0.1182,0.0398,0.00288,0.00905,0.5409,1.0090
1664,66.5600,0.2404,0.0000,-0.0811,0.2605,0.0066,0.0369,-0.0281,0.3151,-0.2049,0.6097,1.0704,0.2240,-0.00976,-0.01954,0.0455,-0.1062,-0.0940,-0.0161,0.00366,0.00648,0.5465,1.0178
1665,66.6000,0.2387,0.0000,-0.0813,0.2738,0.0136,0.0416,-0.0612,0.0327,-0.2132,0.6148,1.0800,0.2242,-0.00359,-0.02441,0.0453,-0.1074,-0.1070,0.0307,-0.00370,0.00026,0.5521,1.0266
1666,66.6400,0.2369,0.0000,-0.0808,0.2756,-0.0003,0.0337,0.0062,0.0445,-0.2013,0.6206,1.0894,0.2242,-0.00225,-0.02554,0.0391,-0.1059,-0.1067,-0.0038,-0.00532,-0.00046,0.5576,1.0353
1667,66.6800,0.2351,0.0000,-0.0799,0.2738,0.0053,0.0688,-0.0190,0.1174,-0.2570,0.6264,1.0988,0.2248,0.00096,-0.02556,0.0841,-0.1231,-0.1184,0.0538,-0.00499,-0.00097,0.5632,1.0440
1668,66.7200,0.2332,0.0000,-0.0784,0.2631,-0.0072,0.0520,0.0391,0.4049,-0.1516,0.6325,1.1079,0.2258,0.01318,-0.02429,0.0281,-0.1181,-0.1413,-0.0214,-0.00625,-0.00080,0.5688,1.0526
1669,66.7600,0.2314,0.0000,-0.0765,0.2804,-0.0108,0.0473,0.0575,0.1340,-0.1368,0.6389,1.1169,0.2259,0.02243,-0.02109,0.0683,-0.1135,-0.1324,0.0751,-0.01247,-0.00733,0.5743,1.0611
1670,66.8000,0.2295,0.0000,-0.0747,0.2930,-0.0127,0.0501,0.0687,0.0174,-0.1902,0.6458,1.1263,0.2261,0.02497,-0.01647,0.0597,-0.1002,-0.1378,0.0187,-0.01391,-0.00862,0.5798,1.0695
1671,66.8400,0.2275,0.0000,-0.0728,0.3124,0.0129,0.0302,-0.0584,-0.2670,-0.1879,0.6526,1.1364,0.2260,0.01718,-0.01663,0.0606,-0.1178,-0.0784,-0.0109,-0.01164,-0.00895,0.5854,1.0779
1672,66.8800,0.2255,0.0000,-0.0707,0.3048,0.0042,0.0314,-0.0195,-0.0331,-0.0848,0.6592,1.1466,0.2255,0.01294,-0.01924,0.0452,-0.0998,-0.1287,0.0481,-0.00770,-0.00205,0.5909,1.0862
1673,66.9200,0.2234,0.0000,-0.0688,0.3074,0.0056,0.0284,-0.0235,0.0172,-0.1444,0.6661,1.1568,0.2250,0.01242,-0.02045,0.0504,-0.0987,-0.0950,0.0084,-0.00528,0.00032,0.5964,1.0945
1674,66.9600,0.2211,0.0000,-0.0671,0.3268,-0.0040,0.0266,0.0218,-0.3086,-0.1404,0.6733,1.1672,0.2245,0.00548,-0.02104,0.0371,-0.0916,-0.1074,0.0357,-0.00493,0.00027,0.6019,1.1026
1675,67.0000,0.2188,0.0000,-0.0656,0.3208,-0.0005,0.0262,0.0017,-0.1396,-0.0412,0.6809,1.1775,0.2241,-0.00320,-0.01892,0.0363,-0.1052,-0.1101,-0.0490,-0.00004,0.00518,0.6074,1.1107
1676,67.0400,0.2164,0.0000,-0.0644,0.3208,-0.0067,0.0356,0.0344,-0.1391,-0.1051,0.6884,1.1877,0.2239,-0.00846,-0.01797,0.0259,-0.0945,-0.1196,0.0755,0.00066,0.00803,0.6129,1.1188
1677,67.0800,0.2139,0.0000,-0.0638,0.3074,0.0115,0.0579,-0.0559,0.1465,-0.0559,0.6957,1.1980,0.2245,-0.00768,-0.01777,0.0568,-0.1336,-0.1143,-0.0323,0.00606,0.00915,0.6184,1.1267
1678,67.1200,0.2113,0.0000,-0.0636,0.3176,0.0058,0.0179,-0.0282,-0.1037,-0.0749,0.7026,1.2084,0.2246,-0.00701,-0.02164,0.0348,-0.0843,-0.1065,0.0208,0.00100,0.00758,0.6238,1.1346
1679,67.1600,0.2086,0.0000,-0.0637,0.3273,-0.0231,0.0156,0.1122,-0.3024,-0.0283,0.7104,1.2185,0.2238,-0.01593,-0.01793,0.0164,-0.0903,-0.1318,0.0449,-0.00041,0.00968,0.6293,1.1424
1680,67.2000,0.2059,0.0000,-0.0644,0.3256,-0.0085,0.0537,0.0416,-0.3142,-0.0569,0.7186,1.2284,0.2241,-0.02885,-0.01186,0.0569,-0.1139,-0.1249,0.0135,0.00459,0.01193,0.6347,1.1502
1681,67.2400,0.2030,0.0000,-0.0656,0.3095,0.0117,0.0350,-0.0575,-0.1234,-0.0659,0.7259,1.2385,0.2250,-0.03676,-0.01226,0.0464,-0.1039,-0.1081,-0.0125,0.01120,0.01448,0.6401,1.1578
1682,67.2800,0.2002,0.0000,-0.0671,0.2934,0.0019,-0.0011,-0.0086,0.0332,-0.0860,0.7327,1.2484,0.2244,-0.03703,-0.01429,0.0261,-0.0697,-0.1154,0.0377,0.01188,0.01789,0.6456,1.1654
1683,67.3200,0.1973,0.0000,-0.0687,0.2985,-0.0086,0.0097,0.0421,-0.2071,-0.0492,0.7398,1.2578,0.2235,-0.04165,-0.01310,0.0194,-0.0889,-0.1097,0.0487,0.00931,0.01734,0.6510,1.1729
1684,67.3600,0.1944,0.0000,-0.0706,0.2844,0.0073,0.0178,-0.0354,-0.0857,-0.0892,0.7468,1.2670,0.2231,-0.04748,-0.01193,0.0161,-0.1091,-0.1057,-0.0509,0.01240,0.01707,0.6564,1.1804
1685,67.4000,0.1915,0.0000,-0.0729,0.2634,0.0208,0.0271,-0.1009,0.1384,-0.1512,0.7528,1.2761,0.2231,-0.04526,-0.01641,0.0374,-0.0952,-0.0947,0.0182,0.01208,0.01930,0.6618,1.1878
1686,67.4400,0.1886,0.0000,-0.0750,0.2600,-0.0053,0.0344,0.0250,0.0479,0.0247,0.7587,1.2847,0.2234,-0.04087,-0.01916,0.0019,-0.1183,-0.1538,0.0229,0.00703,0.01731,0.6671,1.1950
1687,67.4800,0.1858,0.0000,-0.0776,0.2527,-0.0113,0.0155,0.0554,0.0563,-0.0174,0.7653,1.2926,0.2232,-0.03943,-0.01529,0.0058,-0.1025,-0.1015,-0.0267,0.00463,0.01542,0.6725,1.2023
1688,67.5200,0.1830,0.0000,-0.0807,0.2423,-0.0019,0.0308,0.0103,0.1077,-0.0589,0.7714,1.3003,0.2230,-0.03563,-0.01312,0.0219,-0.0946,-0.1178,0.0266,0.00410,0.01493,0.6779,1.2094
1689,67.5600,0.1803,0.0000,-0.0841,0.2361,0.0078,0.0399,-0.0373,0.1294,-0.0863,0.7771,1.3081,0.2233,-0.03121,-0.01415,0.0155,-0.1184,-0.1021,0.0017,0.00282,0.01347,0.6832,1.2165
1690,67.6000,0.1777,0.0000,-0.0877,0.2413,-0.0066,0.0223,0.0322,-0.0909,-0.0180,0.7828,1.3157,0.2234,-0.03084,-0.01459,-0.0018,-0.1013,-0.1125,0.0239,-0.00012,0.01205,0.6885,1.2234
1691,67.6400,0.1751,0.0000,-0.0916,0.2339,0.0053,0.0387,-0.0244,-0.0343,-0.1187,0.7886,1.3232,0.2233,-0.03374,-0.01340,0.0462,-0.1117,-0.1008,0.0153,0.00321,0.01287,0.6939,1.2303
1692,67.6800,0.1726,0.0000,-0.0956,0.2128,0.0010,0.0371,-0.0048,0.2990,-0.0438,0.7939,1.3304,0.2238,-0.02636,-0.01414,-0.0068,-0.1112,-0.1275,-0.0083,0.00453,0.01537,0.6992,1.2372
1693,67.7200,0.1701,0.0000,-0.0997,0.2305,0.0049,0.0306,-0.0226,-0.1550,-0.0870,0.7992,1.3376,0.2237,-0.02565,-0.01558,0.0464,-0.1048,-0.0964,0.0490,-0.00038,0.00996,0.7045,1.2439
1694,67.7600,0.1677,0.0000,-0.1040,0.2161,-0.0079,0.0384,0.0401,0.0829,-0.0722,0.8047,1.3444,0.2239,-0.02559,-0.01400,0.0081,-0.1125,-0.1488,-0.0109,0.00189,0.01396,0.7098,1.2506
1695,67.8000,0.1654,0.0000,-0.1085,0.2201,0.0125,0.0284,-0.0594,-0.0837,-0.1354,0.8100,1.3515,0.2240,-0.02747,-0.01473,0.0353,-0.1152,-0.0712,0.0026,0.00192,0.01011,0.7151,1.2572
1696,67.8400,0.1631,0.0000,-0.1128,0.2147,0.0067,0.0163,-0.0301,-0.0825,-0.1849,0.8149,1.3585,0.2235,-0.02989,-0.01751,0.0332,-0.0772,-0.0964,0.0287,0.00156,0.01138,0.7203,1.2637
1697,67.8800,0.1608,0.0000,-0.1168,0.2012,0.0089,0.0326,-0.0427,0.1102,-0.0843,0.8199,1.3652,0.2233,-0.02880,-0.01897,0.0264,-0.1209,-0.1176,-0.0296,0.00239,0.01181,0.7256,1.2701
1698,67.9200,0.1586,0.0000,-0.1209,0.2001,0.0110,0.0400,-0.0502,0.0510,-0.2152,0.8246,1.3717,0.2235,-0.02602,-0.02210,0.0398,-0.1104,-0.0884,0.0414,0.00176,0.00991,0.7308,1.2764
1699,67.9600,0.1565,0.0000,-0.1247,0.1963,-0.0034,0.0263,0.0184,0.0664,-0.1168,0.8295,1.3780,0.2236,-0.02327,-0.02244,0.0182,-0.1015,-0.0960,-0.0187,0.00110,0.01032,0.7361,1.2827
1700,68.0000,0.1544,0.0000,-0.1282,0.1960,-0.0045,0.0177,0.0246,0.0005,-0.1279,0.8346,1.3839,0.2230,-0.02261,-0.02059,0.0159,-0.1042,-0.0921,0.0096,0.00096,0.00785,0.7413,1.2889
1701,68.0400,0.1523,0.0000,-0.1320,0.1900,0.0147,0.0362,-0.0681,0.0674,-0.2277,0.8394,1.3900,0.2228,-0.02126,-0.02164,0.0403,-0.1111,-0.0867,-0.0191,0.00229,0.00613,0.7465,1.2950
1702,68.0800,0.1503,0.0000,-0.1355,0.1988,-0.0141,0.0452,0.0707,-0.1539,-0.0682,0.8443,1.3960,0.2233,-0.02290,-0.02209,0.0028,-0.1107,-0.1348,0.0510,-0.00012,0.00627,0.7517,1.3010
1703,68.1200,0.1483,0.0000,-0.1391,0.1877,-0.0102,0.0384,0.0524,0.0336,-0.1546,0.8499,1.4013,0.2235,-0.02538,-0.01643,0.0405,-0.1060,-0.0971,-0.0248,0.00603,0.00821,0.7569,1.3069
1704,68.1600,0.1464,0.0000,-0.1429,0.1778,0.0052,0.0382,-0.0244,0.1313,-0.0790,0.8546,1.4069,0.2239,-0.02124,-0.01593,0.0214,-0.1132,-0.1250,-0.0006,0.00582,0.00734,0.7621,1.3128
1705,68.2000,0.1445,0.0000,-0.1470,0.1868,0.0004,0.0206,0.0009,-0.1175,-0.1353,0.8593,1.4125,0.2236,-0.02184,-0.01698,0.0257,-0.0908,-0.1060,0.0248,0.00092,0.00624,0.7672,1.3185
1706,68.2400,0.1426,0.0000,-0.1512,0.1737,-0.0052,0.0379,0.0281,0.1084,-0.1208,0.8642,1.4178,0.2234,-0.02120,-0.01512,0.0179,-0.1103,-0.1273,-0.0027,0.00275,0.01003,0.7724,1.3242
1707,68.2800,0.1408,0.0000,-0.1558,0.1734,0.0021,0.0469,-0.0054,0.0720,-0.2283,0.8688,1.4230,0.2238,-0.01805,-0.01448,0.0315,-0.1082,-0.0985,0.0338,0.00229,0.00862,0.7775,1.3298
1708,68.3200,0.1390,0.0000,-0.1601,0.1767,-0.0079,0.0411,0.0410,-0.0397,-0.1206,0.8735,1.4281,0.2243,-0.01741,-0.01331,0.0218,-0.1069,-0.1249,0.0194,0.00083,0.00779,0.7826,1.3353
1709,68.3600,0.1372,0.0000,-0.1644,0.1757,0.0055,0.0264,-0.0246,-0.0756,-0.1515,0.8784,1.4333,0.2242,-0.02067,-0.01221,0.0483,-0.0991,-0.0849,0.0034,0.00126,0.00773,0.7878,1.3408
1710,68.4000,0.1354,0.0000,-0.1689,0.1708,0.0003,0.0241,0.0008,-0.0503,-0.1178,0.8828,1.4385,0.2238,-0.02234,-0.01303,0.0117,-0.0954,-0.1274,0.0255,0.00318,0.00927,0.7929,1.3461
1711,68.4400,0.1337,0.0000,-0.1737,0.1570,0.0009,0.0327,-0.0034,0.1958,-0.0577,0.8874,1.4433,0.2237,-0.01881,-0.01233,0.0055,-0.1209,-0.1216,-0.0161,0.00413,0.01035,0.7979,1.3513
1712,68.4800,0.1320,0.0000,-0.1791,0.1652,0.0044,0.0293,-0.0156,-0.0115,-0.2510,0.8916,1.4482,0.2234,-0.01604,-0.01335,0.0252,-0.0896,-0.0846,0.0508,-0.00077,0.00610,0.8030,1.3565
1713,68.5200,0.1303,0.0000,-0.1844,0.1647,-0.0115,0.0348,0.0589,-0.0100,-0.1265,0.8963,1.4528,0.2234,-0.01599,-0.01149,0.0053,-0.0964,-0.1239,-0.0005,-0.00229,0.00646,0.8081,1.3616
1714,68.5600,0.1287,0.0000,-0.1897,0.1582,0.0058,0.0409,-0.0249,0.0904,-0.1739,0.9009,1.4574,0.2235,-0.01484,-0.00989,0.0305,-0.1155,-0.1043,-0.0028,0.00052,0.00590,0.8131,1.3666
1715,68.6000,0.1271,0.0000,-0.1952,0.1683,-0.0002,0.0361,0.0057,-0.1505,-0.1997,0.9052,1.4622,0.2237,-0.01630,-0.01116,0.0151,-0.0938,-0.1191,0.0457,-0.00380,0.00408,0.8182,1.3715
1716,68.6400,0.1254,0.0000,-0.2008,0.1633,-0.0018,0.0424,0.0134,-0.0612,-0.2347,0.9100,1.4667,0.2239,-0.02066,-0.00958,0.0387,-0.1023,-0.1091,0.0132,-0.00112,0.00709,0.8232,1.3763
1717,68.6800,0.1238,0.0000,-0.2062,0.1656,-0.0003,0.0283,0.0048,-0.1834,-0.1836,0.9146,1.4713,0.2240,-0.02586,-0.00906,0.0084,-0.1032,-0.1180,0.0045,0.00074,0.00627,0.8282,1.3810
1718,68.7200,0.1222,0.0000,-0.2116,0.1468,0.0095,0.0226,-0.0443,0.1132,-0.1419,0.9189,1.4757,0.2236,-0.02638,-0.00924,0.0112,-0.1130,-0.1168,-0.0226,0.00558,0.00883,0.8332,1.3857
1719,68.7600,0.1206,0.0000,-0.2173,0.1549,0.0158,0.0161,-0.0731,-0.1574,-0.2111,0.9227,1.4804,0.2230,-0.02809,-0.01315,0.0172,-0.0945,-0.1009,0.0120,0.00306,0.00621,0.8382,1.3902
1720,68.8000,0.1191,0.0000,-0.2232,0.1359,0.0012,0.0498,-0.0005,0.1804,-0.2369,0.9267,1.4846,0.2230,-0.02591,-0.01405,0.0251,-0.1073,-0.1392,0.0127,0.00690,0.01099,0.8431,1.3947
1721,68.8400,0.1175,0.0000,-0.2291,0.1546,-0.0038,0.0486,0.0253,-0.2676,-0.3096,0.9309,1.4886,0.2238,-0.02965,-0.01348,0.0398,-0.0994,-0.1030,0.0296,0.00274,0.00711,0.8481,1.3990
1722,68.8800,0.1160,0.0000,-0.2347,0.1374,-0.0007,0.0481,0.0076,-0.0194,-0.2863,0.9352,1.4922,0.2244,-0.03472,-0.01103,0.0465,-0.1136,-0.1232,-0.0079,0.00704,0.00943,0.8530,1.4033
1723,68.9200,0.1145,0.0000,-0.2400,0.1375,-0.0009,0.0157,0.0076,-0.1915,-0.2210,0.9392,1.4959,0.2244,-0.03933,-0.01062,0.0106,-0.0952,-0.1143,0.0177,0.00674,0.00841,0.8580,1.4075
1724,68.9600,0.1131,0.0000,-0.2453,0.1182,0.0022,0.0067,-0.0083,0.0544,-0.2173,0.9431,1.4992,0.2234,-0.04152,-0.00942,0.0110,-0.0904,-0.0922,0.0059,0.01053,0.01093,0.8629,1.4116
1725,69.0000,0.1117,0.0000,-0.2509,0.0975,0.0053,0.0203,-0.0228,0.3481,-0.2123,0.9463,1.5022,0.2226,-0.03189,-0.00980,-0.0057,-0.0857,-0.0981,0.0141,0.00805,0.01013,0.8678,1.4156
1726,69.0400,0.1104,0.0000,-0.2567,0.1084,0.0035,0.0322,-0.0109,0.0582,-0.3315,0.9493,1.5051,0.2223,-0.02498,-0.01081,0.0267,-0.0759,-0.0739,0.0501,0.00146,0.00601,0.8727,1.4196
1727,69.0800,0.1092,0.0000,-0.2625,0.1136,-0.0140,0.0334,0.0743,-0.0824,-0.3487,0.9529,1.5077,0.2222,-0.02576,-0.00833,0.0193,-0.0572,-0.0852,0.0216,-0.00235,0.00525,0.8775,1.4234
1728,69.1200,0.1080,0.0000,-0.2679,0.1091,-0.0104,0.0466,0.0541,-0.0573,-0.2441,0.9568,1.5100,0.2226,-0.02903,-0.00413,0.0058,-0.1032,-0.1141,0.0148,-0.00094,0.00543,0.8824,1.4271
1729,69.1600,0.1069,0.0000,-0.2735,0.1058,0.0089,0.0368,-0.0404,-0.1014,-0.2919,0.9601,1.5126,0.2229,-0.03266,-0.00360,0.0227,-0.0890,-0.0839,0.0206,-0.00007,0.00604,0.8872,1.4308
1730,69.2000,0.1059,0.0000,-0.2792,0.0886,0.0119,0.0254,-0.0559,0.1311,-0.2007,0.9628,1.5153,0.2228,-0.03069,-0.00550,0.0042,-0.0908,-0.1093,-0.0025,0.00299,0.00688,0.8921,1.4343
1731,69.2400,0.1049,0.0000,-0.2854,0.0835,0.0100,0.0275,-0.0461,0.1607,-0.2232,0.9653,1.5179,0.2223,-0.02503,-0.00789,0.0057,-0.0956,-0.0883,0.0359,0.00096,0.00424,0.8969,1.4378
1732,69.2800,0.1040,0.0000,-0.2922,0.0921,0.0015,0.0224,-0.0002,-0.0503,-0.3914,0.9680,1.5202,0.2218,-0.02350,-0.00876,0.0132,-0.0619,-0.0677,0.0233,-0.00303,0.00208,0.9017,1.4412
1733,69.3200,0.1031,0.0000,-0.2989,0.0907,-0.0006,0.0481,0.0074,-0.0523,-0.3328,0.9710,1.5223,0.2219,-0.02582,-0.00778,0.0275,-0.0876,-0.0874,0.0188,-0.00244,0.00243,0.9065,1.4445
1734,69.3600,0.1024,0.0000,-0.3054,0.0861,-0.0054,0.0475,0.0306,-0.0182,-0.3089,0.9739,1.5242,0.2225,-0.02696,-0.00634,0.0068,-0.0923,-0.1034,0.0307,-0.00158,0.00305,0.9113,1.4477
1735,69.4000,0.1016,0.0000,-0.3121,0.0708,0.0007,0.0393,0.0002,0.2288,-0.2391,0.9766,1.5259,0.2229,-0.02186,-0.00490,0.0162,-0.0948,-0.0959,0.0014,0.00059,0.00232,0.9160,1.4507
1736,69.4400,0.1010,0.0000,-0.3191,0.0786,0.0125,0.0200,-0.0557,0.0029,-0.3314,0.9789,1.5279,0.2225,-0.01832,-0.00652,0.0349,-0.0649,-0.0590,0.0345,-0.00306,-0.00257,0.9208,1.4538
1737,69.4800,0.1004,0.0000,-0.3265,0.0698,-0.0036,0.0389,0.0228,0.1869,-0.2834,0.9814,1.5297,0.2223,-0.01338,-0.00680,0.0048,-0.0847,-0.1080,0.0400,-0.00492,0.00034,0.9255,1.4567
1738,69.5200,0.0998,0.0000,-0.3342,0.0780,0.0007,0.0533,0.0035,0.0419,-0.3259,0.9840,1.5313,0.2227,-0.00994,-0.00613,0.0320,-0.0994,-0.0827,0.0268,-0.00538,-0.00110,0.9302,1.4595
1739,69.5600,0.0993,0.0000,-0.3422,0.0808,-0.0145,0.0442,0.0773,0.0175,-0.3186,0.9869,1.5327,0.2232,-0.00857,-0.00396,0.0060,-0.0856,-0.1015,0.0455,-0.00530,-0.00131,0.9349,1.4622
1740,69.6000,0.0989,0.0000,-0.3504,0.0881,0.0123,0.0379,-0.0517,-0.1272,-0.4902,0.9898,1.5344,0.2233,-0.01250,-0.00303,0.0532,-0.0879,-0.0604,0.0179,-0.00343,-0.00354,0.9396,1.4648
1741,69.6400,0.0985,0.0000,-0.3583,0.0737,-0.0028,0.0384,0.0189,0.1637,-0.2597,0.9925,1.5362,0.2236,-0.00930,-0.00374,-0.0046,-0.0886,-0.1347,0.0280,-0.00191,0.00177,0.9443,1.4674
1742,69.6800,0.0981,0.0000,-0.3664,0.0888,-0.0024,0.0137,0.0173,-0.1212,-0.3900,0.9954,1.5377,0.2229,-0.01044,-0.00266,0.0186,-0.0713,-0.0671,0.0334,-0.00508,-0.00130,0.9489,1.4698
1743,69.7200,0.0977,0.0000,-0.3749,0.0952,0.0150,0.0320,-0.0715,-0.2080,-0.4715,0.9985,1.5396,0.2224,-0.01760,-0.00372,0.0319,-0.0824,-0.0909,0.0079,-0.00259,-0.00029,0.9536,1.4722
1744,69.7600,0.0973,0.0000,-0.3831,0.0903,0.0101,0.0570,-0.0480,-0.0637,-0.4268,1.0014,1.5418,0.2229,-0.02198,-0.00619,0.0365,-0.0941,-0.1240,0.0531,0.00104,0.00477,0.9582,1.4744
1745,69.8000,0.0970,0.0000,-0.3912,0.0915,-0.0048,0.0303,0.0226,-0.0660,-0.3490,1.0046,1.5435,0.2233,-0.02459,-0.00605,0.0074,-0.0875,-0.1107,0.0208,0.00254,0.00603,0.9628,1.4766
1746,69.8400,0.0966,0.0000,-0.3995,0.0877,0.0092,0.0091,-0.0453,-0.0280,-0.3830,1.0078,1.5450,0.2225,-0.02692,-0.00577,0.0227,-0.0762,-0.0862,0.0075,0.00466,0.00555,0.9674,1.4786
1747,69.8800,0.0963,0.0000,-0.4081,0.0907,0.0094,0.0237,-0.0441,-0.1148,-0.4070,1.0108,1.5470,0.2218,-0.02992,-0.00770,0.0023,-0.0826,-0.1097,0.0559,0.00393,0.00483,0.9720,1.4806
1748,69.9200,0.0960,0.0000,-0.4170,0.0823,0.0043,0.0331,-0.0201,0.0332,-0.4324,1.0138,1.5486,0.2216,-0.03085,-0.00819,0.0045,-0.0826,-0.1037,-0.0028,0.00634,0.00692,0.9765,1.4825
1749,69.9600,0.0957,0.0000,-0.4260,0.0755,-0.0076,0.0526,0.0381,0.1534,-0.4610,1.0168,1.5497,0.2219,-0.02662,-0.00698,0.0068,-0.0862,-0.1102,0.0872,0.00527,0.00808,0.9811,1.4843
1750,70.0000,0.0954,0.0000,-0.4349,0.0872,-0.0033,0.0320,0.0156,-0.1237,-0.4849,1.0199,1.5507,0.2222,-0.02731,-0.00518,0.0352,-0.0532,-0.0698,0.0269,0.00125,0.00409,0.9856,1.4860
1751,70.0400,0.0952,0.0000,-0.4427,0.0751,-0.0029,0.0304,0.0135,0.0664,-0.3231,1.0230,1.5517,0.2221,-0.02776,-0.00374,0.0029,-0.0826,-0.1134,0.0430,0.00479,0.00652,0.9901,1.4875
1752,70.0800,0.0950,0.0000,-0.4496,0.0687,0.0091,0.0189,-0.0461,0.1474,-0.3439,1.0257,1.5529,0.2216,-0.02328,-0.00394,-0.0051,-0.0748,-0.0915,0.0155,0.00273,0.00446,0.9946,1.4890
1753,70.1200,0.0948,0.0000,-0.4556,0.0756,0.0030,0.0395,-0.0133,0.0068,-0.3779,1.0283,1.5542,0.2213,-0.02061,-0.00518,-0.0003,-0.0846,-0.1120,0.0860,-0.00167,0.00338,0.9991,1.4904
1754,70.1600,0.0947,0.0000,-0.4609,0.0786,0.0025,0.0454,-0.0102,-0.0194,-0.5758,1.0313,1.5552,0.2216,-0.02125,-0.00483,0.0239,-0.0689,-0.0837,0.0274,-0.00202,0.00411,1.0036,1.4917
1755,70.2000,0.0946,0.0000,-0.4656,0.0750,-0.0044,0.0513,0.0209,0.0535,-0.4211,1.0342,1.5561,0.2222,-0.02015,-0.00399,0.0096,-0.0844,-0.1124,0.0609,-0.00221,0.00309,1.0080,1.4930
1756,70.2400,0.0946,0.0000,-0.4698,0.0808,0.0085,0.0162,-0.0396,-0.1136,-0.4491,1.0372,1.5570,0.2220,-0.02260,-0.00397,0.0227,-0.0677,-0.0770,0.0119,-0.00095,0.00103,1.0125,1.4941
1757,70.2800,0.0946,0.0000,-0.4734,0.0793,0.0121,0.0323,-0.0567,-0.1167,-0.5196,1.0401,1.5583,0.2215,-0.02702,-0.00561,0.0177,-0.0800,-0.1089,0.0681,-0.00043,0.00264,1.0169,1.4951
1758,70.3200,0.0946,0.0000,-0.4766,0.0781,0.0051,0.0316,-0.0244,-0.1236,-0.4675,1.0429,1.5595,0.2215,-0.03171,-0.00665,0.0099,-0.0712,-0.0977,0.0045,0.00216,0.00406,1.0213,1.4960
1759,70.3600,0.0947,0.0000,-0.4794,0.0616,0.0006,0.0507,-0.0037,0.1612,-0.4266,1.0456,1.5601,0.2217,-0.02995,-0.00604,0.0241,-0.0857,-0.1153,0.0715,0.00358,0.00787,1.0257,1.4968
1760,70.4000,0.0948,0.0000,-0.4819,0.0587,0.0074,0.0237,-0.0375,0.1543,-0.4590,1.0481,1.5608,0.2218,-0.02376,-0.00633,0.0151,-0.0569,-0.0701,0.0188,0.00218,0.00394,1.0300,1.4976
1761,70.4400,0.0950,0.0000,-0.4840,0.0717,0.0090,0.0263,-0.0407,-0.1610,-0.5494,1.0505,1.5618,0.2212,-0.02557,-0.00779,0.0252,-0.0712,-0.0872,0.0876,0.00013,0.00210,1.0344,1.4982
1762,70.4800,0.0952,0.0000,-0.4860,0.0619,-0.0026,0.0435,0.0133,0.0322,-0.4572,1.0531,1.5622,0.2214,-0.02712,-0.00725,-0.0031,-0.0857,-0.1211,0.0090,0.00249,0.00633,1.0387,1.4987
1763,70.5200,0.0956,0.0000,-0.4876,0.0524,0.0096,0.0421,-0.0486,0.1735,-0.4397,1.0554,1.5627,0.2216,-0.02320,-0.00722,0.0115,-0.0987,-0.0894,0.0338,0.00459,0.00510,1.0430,1.4992
1764,70.5600,0.0959,0.0000,-0.4891,0.0574,0.0078,0.0239,-0.0374,0.0207,-0.4365,1.0576,1.5635,0.2215,-0.01945,-0.00881,0.0175,-0.0621,-0.0881,0.0517,0.00275,0.00348,1.0473,1.4995
1765,70.6000,0.0964,0.0000,-0.4904,0.0528,0.0026,0.0350,-0.0099,0.1278,-0.5178,1.0598,1.5639,0.2211,-0.01641,-0.00893,0.0204,-0.0718,-0.0939,0.0518,0.00260,0.00254,1.0516,1.4998
1766,70.6400,0.0969,0.0000,-0.4916,0.0540,-0.0073,0.0361,0.0398,0.1270,-0.4952,1.0621,1.5640,0.2212,-0.01109,-0.00794,-0.0001,-0.0609,-0.0983,0.0386,0.00044,-0.00036,1.0559,1.4999
1767,70.6800,0.0975,0.0000,-0.4926,0.0539,-0.0150,0.0429,0.0783,0.1705,-0.3745,1.0644,1.5637,0.2213,-0.00533,-0.00508,-0.0113,-0.0860,-0.1199,0.0568,-0.00126,-0.00276,1.0602,1.5000
1768,70.7200,0.0982,0.0000,-0.4935,0.0647,0.0119,0.0370,-0.0511,-0.0292,-0.4879,1.0669,1.5638,0.2213,-0.00400,-0.00466,0.0370,-0.0693,-0.0762,0.0206,-0.00049,-0.00641,1.0644,1.5000
1769,70.7600,0.0989,0.0000,-0.4943,0.0749,0.0058,0.0319,-0.0240,-0.2029,-0.4743,1.0696,1.5644,0.2213,-0.00924,-0.00642,0.0022,-0.0717,-0.1000,0.0627,-0.00111,-0.00573,1.0686,1.4998
1770,70.8000,0.0996,0.0000,-0.4949,0.0645,-0.0079,0.0561,0.0423,0.0682,-0.4171,1.0723,1.5643,0.2216,-0.01075,-0.00515,0.0033,-0.0948,-0.1379,0.0574,0.00193,0.00026,1.0728,1.4996
1771,70.8400,0.1003,0.0000,-0.4956,0.0694,0.0141,0.0369,-0.0638,-0.0291,-0.5474,1.0751,1.5645,0.2220,-0.01114,-0.00543,0.0369,-0.0710,-0.0646,0.0164,0.00221,-0.00269,1.0770,1.4993
1772,70.8800,0.1011,0.0000,-0.4961,0.0564,0.0143,0.0323,-0.0656,0.2307,-0.5547,1.0776,1.5650,0.2219,-0.00549,-0.00766,0.0344,-0.0613,-0.0967,0.0562,0.00284,-0.00066,1.0812,1.4989
1773,70.9200,0.1020,0.0000,-0.4966,0.0676,-0.0050,0.0286,0.0294,0.0639,-0.4419,1.0803,1.5652,0.2216,-0.00027,-0.00838,0.0013,-0.0696,-0.1047,0.0647,-0.00239,-0.00191,1.0853,1.4983
1774,70.9600,0.1029,0.0000,-0.4970,0.0692,0.0065,0.0490,-0.0237,0.0913,-0.5067,1.0831,1.5650,0.2216,0.00223,-0.00774,0.0411,-0.0925,-0.1086,0.0185,-0.00180,-0.00221,1.0894,1.4977
1775,71.0000,0.1039,0.0000,-0.4973,0.0803,-0.0007,0.0464,0.0125,-0.0717,-0.4829,1.0862,1.5650,0.2222,0.00215,-0.00844,0.0049,-0.0881,-0.1221,0.0459,-0.00467,-0.00195,1.0936,1.4970
1776,71.0400,0.1049,0.0000,-0.4977,0.0878,-0.0118,0.0381,0.0649,-0.1671,-0.4064,1.0895,1.5644,0.2223,-0.00344,-0.00667,0.0089,-0.0939,-0.1297,0.0270,-0.00273,0.00002,1.0977,1.4962
1777,71.0800,0.1058,0.0000,-0.4979,0.0760,0.0061,0.0485,-0.0213,0.1036,-0.4695,1.0927,1.5639,0.2226,-0.00424,-0.00523,0.0198,-0.1060,-0.1244,0.0143,-0.00041,0.00206,1.1017,1.4953
1778,71.1200,0.1068,0.0000,-0.4982,0.0751,0.0186,0.0587,-0.0762,0.1449,-0.6037,1.0959,1.5641,0.2232,0.00098,-0.00769,0.0497,-0.0950,-0.1088,0.0760,-0.00140,0.00025,1.1058,1.4943
1779,71.1600,0.1079,0.0000,-0.4984,0.0869,0.0086,0.0432,-0.0263,-0.0455,-0.5864,1.0993,1.5643,0.2238,0.00226,-0.00998,0.0581,-0.0806,-0.1054,0.0438,-0.00405,-0.00222,1.1099,1.4932
1780,71.2000,0.1090,0.0000,-0.4986,0.0906,-0.0025,0.0220,0.0232,-0.0752,-0.5051,1.1028,1.5637,0.2235,-0.00098,-0.00975,0.0267,-0.0873,-0.1024,0.0337,-0.00154,-0.00095,1.1139,1.4920
1781,71.2400,0.1101,0.0000,-0.4988,0.0914,-0.0081,0.0294,0.0482,-0.0752,-0.4189,1.1063,1.5628,0.2231,-0.00382,-0.00826,0.0154,-0.0899,-0.1333,0.0435,0.00005,0.00174,1.1179,1.4908
1782,71.2800,0.1112,0.0000,-0.4989,0.0901,0.0174,0.0514,-0.0752,-0.0136,-0.6011,1.1099,1.5622,0.2232,-0.00642,-0.00864,0.0577,-0.1072,-0.0950,0.0269,0.00184,-0.00018,1.1219,1.4894
1783,71.3200,0.1124,0.0000,-0.4990,0.0871,0.0122,0.0315,-0.0569,0.1342,-0.6134,1.1136,1.5620,0.2235,-0.00278,-0.01157,0.0238,-0.0839,-0.1129,0.0227,0.00157,0.00082,1.1259,1.4879
1784,71.3600,0.1136,0.0000,-0.4992,0.0971,-0.0022,0.0140,0.0129,0.0375,-0.4855,1.1173,1.5613,0.2228,-0.00014,-0.01236,0.0202,-0.0834,-0.1143,0.0544,-0.00218,0.00160,1.1298,1.4863
1785,71.4000,0.1148,0.0000,-0.4993,0.0922,0.0007,0.0265,0.0007,0.2805,-0.5078,1.1210,1.5601,0.2221,0.00673,-0.01169,0.0125,-0.0945,-0.1196,0.0247,-0.00161,0.00120,1.1337,1.4847
1786,71.4400,0.1161,0.0000,-0.4993,0.1151,0.0019,0.0331,-0.0003,-0.0330,-0.4990,1.1252,1.5590,0.2218,0.01025,-0.01281,0.0187,-0.0869,-0.1117,0.0454,-0.00640,-0.00231,1.1377,1.4829
1787,71.4800,0.1173,0.0000,-0.4994,0.1320,0.0055,0.0466,-0.0212,-0.2020,-0.5718,1.1300,1.5576,0.2218,0.00395,-0.01341,0.0517,-0.0919,-0.1075,0.0512,-0.00629,-0.00248,1.1416,1.4811
1788,71.5200,0.1185,0.0000,-0.4995,0.1390,-0.0073,0.0492,0.0436,-0.2613,-0.3588,1.1350,1.5559,0.2225,-0.00546,-0.01326,0.0119,-0.1056,-0.1645,0.0309,-0.00353,0.00159,1.1455,1.4791
1789,71.5600,0.1197,0.0000,-0.4996,0.1351,-0.0014,0.0335,0.0148,-0.1800,-0.4031,1.1399,1.5537,0.2226,-0.01470,-0.01149,0.0371,-0.0892,-0.1226,0.0327,0.00063,0.00698,1.1493,1.4771
1790,71.6000,0.1208,0.0000,-0.4996,0.1239,0.0247,0.0323,-0.1081,-0.0097,-0.5544,1.1449,1.5524,0.2224,-0.01827,-0.01348,0.0456,-0.0925,-0.1043,0.0239,0.00346,0.00876,1.1532,1.4749
1791,71.6400,0.1219,0.0000,-0.4997,0.1246,0.0139,0.0338,-0.0568,-0.0594,-0.5497,1.1498,1.5514,0.2224,-0.01973,-0.01740,0.0258,-0.0959,-0.1077,0.0733,0.00302,0.01044,1.1570,1.4727
1792,71.6800,0.1230,0.0000,-0.4997,0.1106,-0.0180,0.0102,0.0924,0.2218,-0.3090,1.1541,1.5493,0.2219,-0.01525,-0.01565,-0.0207,-0.0805,-0.1116,0.0068,0.00305,0.01128,1.1608,1.4704
1793,71.7200,0.1242,0.0000,-0.4997,0.1054,0.0108,0.0373,-0.0409,0.3216,-0.6094,1.1582,1.5472,0.2211,-0.00526,-0.01428,0.0611,-0.0790,-0.0642,0.0891,0.00187,0.00538,1.1646,1.4680
1794,71.7600,0.1254,0.0000,-0.4998,0.1265,-0.0082,0.0301,0.0510,-0.0612,-0.4325,1.1625,1.5455,0.2213,-0.00023,-0.01526,-0.0170,-0.0713,-0.1336,0.0062,-0.00410,0.00235,1.1684,1.4654
1795,71.8000,0.1266,0.0000,-0.4998,0.1398,0.0018,0.0418,0.0013,-0.2823,-0.4847,1.1672,1.5428,0.2211,-0.01020,-0.01356,0.0439,-0.1084,-0.0977,0.0427,-0.00130,0.00184,1.1721,1.4628
1796,71.8400,0.1278,0.0000,-0.4998,0.1252,-0.0013,0.0492,0.0133,0.0220,-0.3996,1.1718,1.5404,0.2217,-0.01352,-0.01322,-0.0023,-0.0946,-0.1308,0.0338,0.00453,0.00703,1.1759,1.4601
1797,71.8800,0.1291,0.0000,-0.4998,0.1198,0.0020,0.0219,-0.0019,0.1209,-0.4344,1.1761,1.5380,0.2215,-0.01055,-0.01269,0.0179,-0.0700,-0.0974,0.0350,0.00258,0.00573,1.1796,1.4573
1798,71.9200,0.1303,0.0000,-0.4999,0.1213,0.0248,0.0370,-0.1067,0.0837,-0.6849,1.1807,1.5362,0.2211,-0.00735,-0.01562,0.0707,-0.0671,-0.0693,0.0679,0.00051,0.00209,1.1833,1.4545
1799,71.9600,0.1316,0.0000,-0.4999,0.1325,0.0005,0.0251,0.0080,-0.1203,-0.5706,1.1854,1.5341,0.2211,-0.00857,-0.01856,0.0108,-0.0593,-0.0909,0.0317,-0.00210,0.00142,1.1869,1.4515
1800,72.0000,0.1330,0.0000,-0.4999,0.1351,-0.0251,0.0371,0.1220,-0.1248,-0.3207,1.1895,1.5307,0.2209,-0.01358,-0.01438,-0.0104,-0.1013,-0.1442,0.0570,-0.00014,0.00504,1.1906,1.4484
1801,72.0400,0.1344,0.0000,-0.4999,0.1228,0.0197,0.0469,-0.0890,0.0987,-0.5452,1.1938,1.5277,0.2211,-0.01462,-0.01296,0.0571,-0.0910,-0.0675,0.0026,0.00667,0.00521,1.1942,1.4452
1802,72.0800,0.1359,0.0000,-0.4999,0.1349,0.0164,0.0300,-0.0724,-0.1999,-0.4883,1.1986,1.5257,0.2214,-0.01689,-0.01831,0.0235,-0.0704,-0.0979,0.0711,0.00228,0.00292,1.1979,1.4420
1803,72.1200,0.1374,0.0000,-0.4999,0.1207,-0.0014,0.0253,0.0139,0.1079,-0.4785,1.2028,1.5228,0.2209,-0.01828,-0.01855,0.0135,-0.0872,-0.0999,0.0273,0.00503,0.00618,1.2015,1.4386
1804,72.1600,0.1389,0.0000,-0.4999,0.1182,0.0018,0.0230,-0.0003,0.1496,-0.5532,1.2067,1.5199,0.2205,-0.01342,-0.01836,0.0045,-0.0747,-0.0673,0.0372,0.00305,0.00342,1.2051,1.4352
1805,72.2000,0.1405,0.0000,-0.4999,0.1321,-0.0077,0.0254,0.0441,-0.1225,-0.4597,1.2107,1.5168,0.2200,-0.01395,-0.01754,-0.0015,-0.0708,-0.0922,0.0510,-0.00036,0.00280,1.2086,1.4316
1806,72.2400,0.1421,0.0000,-0.4999,0.1225,0.0118,0.0494,-0.0505,0.0793,-0.5423,1.2147,1.5136,0.2201,-0.01500,-0.01706,0.0368,-0.0935,-0.0884,0.0136,0.00375,0.00445,1.2122,1.4280
1807,72.2800,0.1438,0.0000,-0.5000,0.1309,-0.0004,0.0401,0.0090,-0.0981,-0.4798,1.2188,1.5107,0.2206,-0.01542,-0.01904,0.0038,-0.0745,-0.1067,0.0605,-0.00048,0.00503,1.2157,1.4243
1808,72.3200,0.1456,0.0000,-0.5000,0.1231,0.0002,0.0307,0.0048,0.0681,-0.4604,1.2225,1.5072,0.2205,-0.01641,-0.01767,0.0112,-0.0935,-0.0936,0.0092,0.00029,0.00640,1.2192,1.4205
1809,72.3600,0.1474,0.0000,-0.5000,0.1337,0.0044,0.0273,-0.0152,-0.1740,-0.4887,1.2265,1.5039,0.2203,-0.01975,-0.01867,0.0008,-0.0819,-0.0792,0.0684,-0.00123,0.00366,1.2227,1.4166
1810,72.4000,0.1492,0.0000,-0.5000,0.1210,0.0006,0.0532,0.0010,0.0891,-0.3794,1.2302,1.5005,0.2206,-0.02030,-0.01830,0.0160,-0.1021,-0.1201,0.0363,0.00305,0.00600,1.2261,1.4126
1811,72.4400,0.1511,0.0000,-0.4992,0.1216,-0.0004,0.0368,0.0081,0.0630,-0.4959,1.2337,1.4971,0.2210,-0.01751,-0.01818,0.0105,-0.0767,-0.0913,0.0540,-0.00018,0.00542,1.2296,1.4085
1812,72.4800,0.1530,0.0000,-0.4969,0.1192,-0.0044,0.0353,0.0262,0.1233,-0.4292,1.2371,1.4936,0.2210,-0.01392,-0.01695,0.0058,-0.0859,-0.0927,0.0580,-0.00349,0.00500,1.2330,1.4043
1813,72.5200,0.1550,0.0000,-0.4933,0.1246,0.0004,0.0333,0.0036,0.0292,-0.4411,1.2405,1.4899,0.2209,-0.01171,-0.01627,-0.0005,-0.0952,-0.0934,0.0550,-0.00414,0.00268,1.2364,1.4001
1814,72.5600,0.1570,0.0000,-0.4887,0.1342,0.0168,0.0292,-0.0753,-0.1487,-0.6136,1.2443,1.4864,0.2207,-0.01568,-0.01882,0.0316,-0.0776,-0.0496,0.0490,-0.00498,0.00048,1.2398,1.3957
1815,72.6000,0.1590,0.0000,-0.4824,0.1273,-0.0024,0.0405,0.0165,0.0138,-0.4389,1.2479,1.4828,0.2208,-0.01685,-0.02048,-0.0042,-0.0900,-0.1279,0.0470,-0.00255,0.00517,1.2432,1.3913
1816,72.6400,0.1612,0.0000,-0.4749,0.1219,-0.0041,0.0318,0.0231,0.1462,-0.3179,1.2510,1.4788,0.2208,-0.01392,-0.01856,-0.0131,-0.1063,-0.1039,0.0153,-0.00213,0.00445,1.2465,1.3868
1817,72.6800,0.1633,0.0000,-0.4671,0.1402,0.0008,0.0124,0.0031,-0.2301,-0.4971,1.2544,1.4748,0.2201,-0.01751,-0.01859,-0.0095,-0.0692,-0.0692,0.0734,-0.00456,0.00058,1.2499,1.3821
1818,72.7200,0.1655,0.0000,-0.4587,0.1351,0.0145,0.0528,-0.0664,-0.1076,-0.5162,1.2580,1.4707,0.2201,-0.02414,-0.02015,0.0399,-0.0913,-0.0870,0.0336,-0.00073,0.00340,1.2532,1.3774
1819,72.7600,0.1677,0.0000,-0.4493,0.1206,0.0196,0.0393,-0.0919,0.1505,-0.4779,1.2618,1.4671,0.2208,-0.02230,-0.02541,0.0120,-0.0938,-0.0843,0.0007,0.00100,0.00622,1.2564,1.3726
1820,72.8000,0.1699,0.0000,-0.4390,0.1291,0.0080,0.0202,-0.0349,-0.0597,-0.4547,1.2653,1.4635,0.2204,-0.02151,-0.03028,0.0277,-0.0744,-0.0702,0.0749,-0.00165,0.00610,1.2597,1.3678
1821,72.8400,0.1722,0.0000,-0.4281,0.1259,-0.0068,0.0287,0.0365,0.0141,-0.3401,1.2682,1.4593,0.2200,-0.02238,-0.02955,-0.0091,-0.0962,-0.0984,0.0219,0.00068,0.00801,1.2630,1.3628
1822,72.8800,0.1745,0.0000,-0.4172,0.1210,0.0042,0.0327,-0.0160,0.0942,-0.4195,1.2709,1.4552,0.2198,-0.02041,-0.02873,0.0064,-0.0897,-0.0800,0.0154,0.00196,0.00868,1.2662,1.3577
1823,72.9200,0.1769,0.0000,-0.4061,0.1221,-0.0002,0.0388,0.0065,0.0785,-0.4333,1.2738,1.4511,0.2199,-0.01708,-0.02988,-0.0070,-0.0909,-0.0870,0.0599,-0.00064,0.00593,1.2694,1.3526
1824,72.9600,0.1793,0.0000,-0.3948,0.1280,-0.0084,0.0360,0.0441,-0.0300,-0.2898,1.2764,1.4468,0.2201,-0.01643,-0.02796,0.0073,-0.0820,-0.0980,0.0221,-0.00349,0.00502,1.2726,1.3474
1825,73.0000,0.1817,0.0000,-0.3835,0.1208,-0.0068,0.0369,0.0371,0.1300,-0.2894,1.2787,1.4424,0.2201,-0.01437,-0.02448,-0.0179,-0.1017,-0.1077,0.0378,-0.00305,0.00628,1.2757,1.3420
1826,73.0400,0.1841,0.0000,-0.3727,0.1231,0.0071,0.0385,-0.0283,0.1089,-0.4331,1.2814,1.4382,0.2201,-0.01009,-0.02501,0.0085,-0.0826,-0.0715,0.0493,-0.00606,0.00506,1.2789,1.3366
1827,73.0800,0.1866,0.0000,-0.3618,0.1275,0.0018,0.0399,-0.0031,0.0743,-0.3945,1.2842,1.4339,0.2203,-0.00652,-0.02710,0.0024,-0.0868,-0.0888,0.0506,-0.00876,0.00409,1.2820,1.3311
1828,73.1200,0.1891,0.0000,-0.3506,0.1374,0.0038,0.0351,-0.0139,-0.0678,-0.3615,1.2869,1.4293,0.2203,-0.00762,-0.02830,0.0105,-0.0949,-0.0782,0.0347,-0.00759,0.00306,1.2851,1.3256
1829,73.1600,0.1916,0.0000,-0.3392,0.1347,0.0064,0.0304,-0.0288,0.0304,-0.2198,1.2897,1.4247,0.2202,-0.00822,-0.03023,-0.0181,-0.1135,-0.1005,0.0034,-0.00628,0.00270,1.2882,1.3199
1830,73.2000,0.1941,0.0000,-0.3284,0.1360,0.0084,0.0321,-0.0357,0.0627,-0.3299,1.2926,1.4201,0.2199,-0.00664,-0.03380,-0.0055,-0.1002,-0.0791,0.0610,-0.00732,0.00209,1.2913,1.3142
1831,73.2400,0.1965,0.0000,-0.3180,0.1392,-0.0008,0.0414,0.0087,0.0906,-0.2934,1.2954,1.4152,0.2200,-0.00313,-0.03569,-0.0022,-0.0924,-0.0944,0.0278,-0.00687,0.00370,1.2943,1.3083
1832,73.2800,0.1990,0.0000,-0.3077,0.1352,0.0040,0.0432,-0.0123,0.2303,-0.2397,1.2980,1.4102,0.2202,0.00290,-0.03615,0.0117,-0.1011,-0.0758,0.0183,-0.00870,0.00251,1.2973,1.3024
1833,73.3200,0.2015,0.0000,-0.2978,0.1383,0.0164,0.0321,-0.0700,0.2007,-0.3001,1.3009,1.4054,0.2201,0.01098,-0.04176,0.0152,-0.0951,-0.0572,0.0154,-0.00979,-0.00022,1.3003,1.2964
1834,73.3600,0.2040,0.0000,-0.2881,0.1652,-0.0170,0.0404,0.0917,-0.2379,-0.2222,1.3037,1.4000,0.2200,0.00913,-0.04297,-0.0132,-0.0922,-0.1010,0.0891,-0.01514,-0.00235,1.3033,1.2904
1835,73.4000,0.2065,0.0000,-0.2789,0.1714,-0.0055,0.0590,0.0288,-0.1627,-0.2289,1.3059,1.3936,0.2206,-0.00013,-0.03625,0.0066,-0.1374,-0.0937,-0.0240,-0.00942,-0.00168,1.3063,1.2842
1836,73.4400,0.2088,0.0000,-0.2702,0.1734,0.0161,0.0418,-0.0765,-0.1268,-0.3298,1.3091,1.3876,0.2211,-0.00567,-0.04077,0.0246,-0.0964,-0.0781,0.0415,-0.00372,0.00092,1.3092,1.2779
1837,73.4800,0.2112,0.0000,-0.2614,0.1741,0.0060,0.0257,-0.0280,-0.0444,-0.2510,1.3124,1.3816,0.2210,-0.00859,-0.04694,0.0027,-0.0999,-0.1001,0.0427,-0.00334,0.00448,1.3121,1.2716
1838,73.5200,0.2135,0.0000,-0.2527,0.1752,0.0092,0.0291,-0.0436,0.0297,-0.2736,1.3155,1.3753,0.2206,-0.00923,-0.05100,0.0171,-0.1072,-0.0808,0.0297,-0.00313,0.00581,1.3150,1.2652
1839,73.5600,0.2157,0.0000,-0.2442,0.1839,0.0076,0.0346,-0.0334,-0.0853,-0.4046,1.3187,1.3689,0.2204,-0.01090,-0.05736,0.0308,-0.0856,-0.0721,0.0507,-0.00356,0.00616,1.3179,1.2587
1840,73.6000,0.2179,0.0000,-0.2353,0.1885,-0.0109,0.0328,0.0540,-0.1188,-0.2344,1.3214,1.3620,0.2205,-0.01518,-0.05708,-0.0045,-0.1023,-0.0946,0.0152,-0.00322,0.00683,1.3208,1.2522
1841,73.6400,0.2201,0.0000,-0.2263,0.1788,-0.0019,0.0392,0.0099,0.0989,-0.1975,1.3238,1.3550,0.2205,-0.01544,-0.05308,0.0125,-0.1165,-0.0868,0.0300,-0.00083,0.00582,1.3236,1.2455
1842,73.6800,0.2222,0.0000,-0.2178,0.1912,0.0066,0.0273,-0.0298,-0.1669,-0.3055,1.3266,1.3482,0.2204,-0.01736,-0.05701,0.0216,-0.0823,-0.0899,0.0288,-0.00122,0.00345,1.3264,1.2388
1843,73.7200,0.2243,0.0000,-0.2094,0.1834,0.0212,0.0238,-0.1032,-0.0087,-0.2797,1.3298,1.3414,0.2201,-0.02131,-0.06507,0.0197,-0.1151,-0.0728,-0.0432,0.00155,0.00416,1.3292,1.2320
1844,73.7600,0.2263,0.0000,-0.2009,0.1801,0.0016,0.0306,-0.0089,-0.0376,-0.0648,1.3328,1.3348,0.2199,-0.02166,-0.07366,-0.0113,-0.1138,-0.1078,0.0399,0.00032,0.00549,1.3320,1.2251
1845,73.8000,0.2283,0.0000,-0.1931,0.1754,-0.0172,0.0283,0.0850,-0.0096,-0.0618,1.3348,1.3280,0.2197,-0.02242,-0.06755,-0.0075,-0.0982,-0.0963,-0.0085,-0.00093,0.00679,1.3347,1.2181
1846,73.8400,0.2303,0.0000,-0.1865,0.1717,0.0044,0.0446,-0.0187,-0.0197,-0.1862,1.3369,1.3214,0.2198,-0.02405,-0.06413,0.0181,-0.1135,-0.0591,0.0007,0.00044,0.00376,1.3374,1.2111
1847,73.8800,0.2323,0.0000,-0.1805,0.1513,0.0000,0.0428,-0.0003,0.2949,-0.0748,1.3391,1.3153,0.2204,-0.01633,-0.06580,-0.0143,-0.1109,-0.1032,-0.0176,0.00201,0.00494,1.3402,1.2040
1848,73.9200,0.2344,0.0000,-0.1750,0.1473,0.0052,0.0318,-0.0218,0.3340,-0.2089,1.3413,1.3095,0.2202,-0.00428,-0.06807,0.0226,-0.0951,-0.0501,0.0268,-0.00258,-0.00079,1.3428,1.1968
1849,73.9600,0.2365,0.0000,-0.1698,0.1574,-0.0174,0.0264,0.0907,0.1423,-0.1652,1.3431,1.3036,0.2199,0.00515,-0.06592,-0.0176,-0.0770,-0.0822,0.0173,-0.00721,-0.00311,1.3455,1.1895
1850,74.0000,0.2386,0.0000,-0.1646,0.1654,0.0048,0.0526,-0.0177,0.0293,-0.2155,1.3448,1.2971,0.2199,0.00655,-0.06154,0.0347,-0.1203,-0.0608,-0.0315,-0.00589,-0.00556,1.3481,1.1822
1851,74.0400,0.2408,0.0000,-0.1595,0.1676,-0.0040,0.0607,0.0253,0.0173,-0.1963,1.3470,1.2908,0.2208,0.00803,-0.06449,0.0030,-0.1057,-0.0915,0.0334,-0.00430,-0.00457,1.3508,1.1747
1852,74.0800,0.2430,0.0000,-0.1544,0.1707,-0.0146,0.0466,0.0741,0.0219,-0.1349,1.3486,1.2842,0.2214,0.00879,-0.05744,0.0159,-0.1011,-0.0887,-0.0038,-0.00393,-0.00372,1.3534,1.1672
1853,74.1200,0.2452,0.0000,-0.1494,0.1814,-0.0073,0.0376,0.0394,-0.0642,-0.2947,1.3502,1.2773,0.2214,0.00701,-0.05150,0.0134,-0.0922,-0.0789,0.0444,-0.00415,-0.00307,1.3559,1.1597
1854,74.1600,0.2474,0.0000,-0.1443,0.1886,-0.0100,0.0493,0.0467,-0.0883,-0.0103,1.3520,1.2702,0.2219,0.00428,-0.04643,-0.0055,-0.1190,-0.1317,0.0038,-0.00313,-0.00114,1.3585,1.1520
1855,74.2000,0.2496,0.0000,-0.1396,0.1934,0.0112,0.0253,-0.0543,-0.0892,-0.1977,1.3541,1.2628,0.2217,-0.00036,-0.04717,0.0277,-0.0926,-0.0622,0.0123,0.00019,-0.00027,1.3610,1.1443
1856,74.2400,0.2517,0.0000,-0.1352,0.1867,0.0042,0.0290,-0.0220,0.1429,-0.0981,1.3566,1.2557,0.2213,0.00243,-0.05383,-0.0289,-0.1114,-0.1238,0.0078,0.00153,0.00300,1.3635,1.1365
1857,74.2800,0.2538,0.0000,-0.1311,0.1999,0.0096,0.0262,-0.0482,-0.0031,-0.1134,1.3590,1.2482,0.2208,0.00389,-0.05981,0.0010,-0.1133,-0.0786,-0.0079,-0.00017,0.00098,1.3660,1.1286
1858,74.3200,0.2559,0.0000,-0.1273,0.2138,-0.0102,0.0437,0.0512,-0.1479,-0.1461,1.3613,1.2403,0.2207,0.00067,-0.06115,-0.0061,-0.0971,-0.1058,0.0747,-0.00149,0.00397,1.3685,1.1207
1859,74.3600,0.2580,0.0000,-0.1238,0.2249,-0.0159,0.0541,0.0775,-0.2357,-0.1297,1.3630,1.2318,0.2214,-0.00773,-0.05065,0.0051,-0.1086,-0.1050,0.0135,-0.00107,0.00479,1.3709,1.1127
1860,74.4000,0.2599,0.0000,-0.1204,0.2225,0.0049,0.0292,-0.0253,-0.1592,-0.1060,1.3650,1.2232,0.2217,-0.01594,-0.04645,0.0028,-0.1063,-0.0830,-0.0117,0.00250,0.00638,1.3734,1.1046
1861,74.4400,0.2619,0.0000,-0.1171,0.2070,0.0015,0.0158,-0.0116,0.1271,0.0498,1.3674,1.2150,0.2211,-0.01490,-0.04975,-0.0257,-0.0951,-0.1194,0.0229,0.00266,0.01097,1.3758,1.0964
1862,74.4800,0.2637,0.0000,-0.1147,0.2005,0.0122,0.0252,-0.0614,0.2263,-0.0289,1.3698,1.2070,0.2204,-0.00796,-0.05486,-0.0141,-0.1155,-0.0841,-0.0122,-0.00062,0.00858,1.3781,1.0882
1863,74.5200,0.2656,0.0000,-0.1131,0.2082,0.0096,0.0504,-0.0453,0.0705,-0.1295,1.3725,1.1992,0.2205,-0.00265,-0.06608,0.0043,-0.1114,-0.0694,0.0412,-0.00461,0.00333,1.3805,1.0799
1864,74.5600,0.2674,0.0000,-0.1116,0.2124,-0.0265,0.0477,0.1297,0.0223,-0.0212,1.3742,1.1909,0.2212,-0.00040,-0.05833,-0.0346,-0.1096,-0.1073,0.0108,-0.00732,0.00486,1.3828,1.0715
1865,74.6000,0.2692,0.0000,-0.1104,0.2063,-0.0030,0.0551,0.0163,0.1745,-0.0882,1.3756,1.1825,0.2217,0.00280,-0.04411,0.0080,-0.1368,-0.0802,-0.0199,-0.00311,0.00302,1.3852,1.0631
1866,74.6400,0.2710,0.0000,-0.1095,0.2114,0.0177,0.0371,-0.0850,0.0814,-0.1247,1.3782,1.1745,0.2220,0.00768,-0.05401,0.0017,-0.1124,-0.0605,-0.0038,-0.00453,-0.00108,1.3874,1.0546
1867,74.6800,0.2728,0.0000,-0.1084,0.2209,-0.0004,0.0465,0.0022,-0.0536,-0.0559,1.3807,1.1662,0.2220,0.00796,-0.06202,0.0122,-0.1184,-0.0929,0.0495,-0.00712,-0.00238,1.3897,1.0460
1868,74.7200,0.2746,0.0000,-0.1075,0.2322,-0.0081,0.0445,0.0423,-0.2072,-0.1232,1.3827,1.1573,0.2223,0.00199,-0.05796,0.0205,-0.1025,-0.0704,-0.0143,-0.00635,-0.00355,1.3920,1.0374
1869,74.7600,0.2763,0.0000,-0.1066,0.2234,-0.0006,0.0513,0.0045,0.0672,-0.1527,1.3846,1.1484,0.2228,-0.00009,-0.05337,0.0174,-0.1203,-0.0911,-0.0011,-0.00084,0.00055,1.3942,1.0287
1870,74.8000,0.2780,0.0000,-0.1054,0.2209,-0.0046,0.0242,0.0234,0.1945,-0.0867,1.3866,1.1397,0.2228,0.00627,-0.05239,-0.0236,-0.1078,-0.1077,-0.0204,-0.00268,0.00138,1.3964,1.0199
1871,74.8400,0.2797,0.0000,-0.1041,0.2377,-0.0052,0.0330,0.0270,-0.0281,-0.1163,1.3885,1.1306,0.2222,0.00791,-0.04948,0.0103,-0.1070,-0.0743,0.0594,-0.00580,0.00094,1.3986,1.0111
1872,74.8800,0.2814,0.0000,-0.1029,0.2380,-0.0050,0.0456,0.0252,0.1024,-0.0756,1.3904,1.1212,0.2224,0.01021,-0.04426,-0.0137,-0.1202,-0.1135,-0.0355,-0.00414,0.00087,1.4007,1.0022
1873,74.9200,0.2830,0.0000,-0.1017,0.2457,0.0066,0.0461,-0.0300,0.0777,-0.1620,1.3926,1.1117,0.2226,0.01299,-0.04663,0.0118,-0.1181,-0.0775,0.0200,-0.00528,-0.00155,1.4029,0.9933
1874,74.9600,0.2845,0.0000,-0.1003,0.2506,0.0096,0.0564,-0.0441,0.1252,-0.1823,1.3952,1.1020,0.2230,0.01732,-0.05611,0.0336,-0.1149,-0.0844,0.0280,-0.00684,-0.00107,1.4050,0.9842
1875,75.0000,0.2860,0.0000,-0.0985,0.2643,-0.0085,0.0242,0.0401,0.0106,-0.0116,1.3974,1.0919,0.2230,0.01977,-0.05741,-0.0299,-0.1191,-0.1064,-0.0313,-0.00995,-0.00373,1.4071,0.9751
1876,75.0400,0.2875,0.0000,-0.0968,0.2651,0.0035,0.0378,-0.0182,0.1648,-0.0053,1.3994,1.0814,0.2223,0.02279,-0.05267,0.0133,-0.1272,-0.0791,0.0133,-0.00832,-0.00313,1.4091,0.9660
1877,75.0800,0.2888,0.0000,-0.0957,0.2902,0.0044,0.0597,-0.0176,-0.1585,-0.1587,1.4021,1.0705,0.2226,0.02233,-0.06136,0.0281,-0.1029,-0.0987,0.0537,-0.01135,-0.00544,1.4112,0.9568
1878,75.1200,0.2901,0.0000,-0.0947,0.3034,-0.0081,0.0601,0.0379,-0.2190,-0.0178,1.4044,1.0589,0.2235,0.01417,-0.05847,0.0214,-0.1246,-0.1037,-0.0189,-0.00839,-0.00427,1.4132,0.9475
1879,75.1600,0.2912,0.0000,-0.0938,0.3050,-0.0215,0.0269,0.1050,-0.1386,-0.0366,1.4061,1.0470,0.2235,0.00768,-0.04254,0.0084,-0.0730,-0.0999,0.0395,-0.00428,0.00219,1.4152,0.9382
1880,75.2000,0.2922,0.0000,-0.0931,0.2984,0.0031,0.0347,-0.0162,0.0893,0.0045,1.4081,1.0350,0.2231,0.00687,-0.03195,0.0102,-0.1157,-0.1002,-0.0171,-0.00144,0.00387,1.4172,0.9288
1881,75.2400,0.2931,0.0000,-0.0929,0.2966,0.0275,0.0428,-0.1315,0.2166,-0.1849,1.4113,1.0234,0.2230,0.01349,-0.05078,0.0444,-0.0926,-0.0668,0.0311,-0.00300,0.00425,1.4191,0.9193
1882,75.2800,0.2939,0.0000,-0.0925,0.3208,0.0009,0.0479,0.0004,-0.1270,-0.1957,1.4145,1.0114,0.2232,0.01467,-0.06976,0.0305,-0.0932,-0.1134,0.0516,-0.01016,0.00289,1.4211,0.9098
1883,75.3200,0.2947,0.0000,-0.0915,0.3242,-0.0093,0.0580,0.0479,-0.0295,-0.1100,1.4166,0.9986,0.2237,0.01080,-0.06216,0.0403,-0.1224,-0.0957,-0.0107,-0.00681,0.00603,1.4230,0.9002
1884,75.3600,0.2953,0.0000,-0.0902,0.3338,0.0055,0.0429,-0.0257,-0.1592,-0.1126,1.4190,0.9857,0.2241,0.00618,-0.06269,0.0389,-0.1150,-0.0875,0.0180,-0.00539,0.00303,1.4249,0.8906
1885,75.4000,0.2958,0.0000,-0.0888,0.3326,-0.0105,0.0283,0.0501,-0.0588,-0.0118,1.4213,0.9727,0.2240,0.00307,-0.05950,0.0124,-0.0942,-0.1256,0.0238,-0.00335,0.00763,1.4267,0.8809
1886,75.4400,0.2962,0.0000,-0.0876,0.3363,0.0084,0.0418,-0.0387,-0.0600,-0.1547,1.4236,0.9595,0.2238,-0.00040,-0.05767,0.0472,-0.1197,-0.0910,0.0159,-0.00028,0.00572,1.4286,0.8712
1887,75.4800,0.2965,0.0000,-0.0865,0.3345,0.0157,0.0417,-0.0747,0.0230,-0.1716,1.4265,0.9464,0.2241,-0.00041,-0.07497,0.0428,-0.1023,-0.0872,0.0028,0.00107,0.00657,1.4304,0.8614
1888,75.5200,0.2967,0.0000,-0.0849,0.3353,0.0076,0.0392,-0.0338,0.0632,-0.2151,1.4292,0.9332,0.2241,0.00153,-0.09070,0.0549,-0.1038,-0.1001,0.0333,0.00005,0.00516,1.4322,0.8515
1889,75.5600,0.2968,0.0000,-0.0827,0.3384,0.0079,0.0435,-0.0351,0.0663,-0.2258,1.4317,0.9199,0.2243,0.00390,-0.10374,0.0585,-0.1128,-0.0966,-0.0068,-0.00072,0.00488,1.4340,0.8416
1890,75.6000,0.2968,0.0000,-0.0800,0.3580,-0.0108,0.0377,0.0523,-0.2927,-0.0657,1.4339,0.9062,0.2245,-0.00177,-0.10680,0.0408,-0.1078,-0.1180,0.0347,-0.00286,0.00321,1.4357,0.8317
1891,75.6400,0.2968,0.0000,-0.0771,0.3616,-0.0212,0.0087,0.1034,-0.3442,-0.0611,1.4352,0.8920,0.2239,-0.01528,-0.08242,0.0183,-0.0894,-0.0916,-0.0079,0.00019,0.00624,1.4374,0.8217
1892,75.6800,0.2967,0.0000,-0.0746,0.3407,0.0008,0.0204,-0.0042,0.0267,-0.0167,1.4367,0.8782,0.2233,-0.02041,-0.06620,0.0047,-0.1191,-0.1140,-0.0236,0.00816,0.00962,1.4391,0.8116
1893,75.7200,0.2965,0.0000,-0.0727,0.3400,0.0172,0.0365,-0.0840,-0.0140,-0.0808,1.4392,0.8648,0.2233,-0.02002,-0.08374,0.0290,-0.1157,-0.1010,0.0290,0.00687,0.00617,1.4408,0.8015
1894,75.7600,0.2963,0.0000,-0.0710,0.3334,0.0058,0.0283,-0.0287,0.0965,-0.0340,1.4417,0.8516,0.2234,-0.01760,-0.09901,0.0208,-0.1079,-0.1015,-0.0209,0.00329,0.00753,1.4425,0.7913
1895,75.8000,0.2961,0.0000,-0.0696,0.3484,-0.0053,0.0242,0.0278,-0.2465,-0.1454,1.4436,0.8381,0.2231,-0.02214,-0.10173,0.0303,-0.0999,-0.0950,0.0479,0.00072,0.00539,1.4441,0.7811
1896,75.8400,0.2958,0.0000,-0.0682,0.3395,-0.0053,0.0301,0.0256,-0.1073,-0.0848,1.4452,0.8246,0.2231,-0.02886,-0.09222,0.0255,-0.1056,-0.0939,-0.0349,0.00622,0.00989,1.4457,0.7708
1897,75.8800,0.2955,0.0000,-0.0667,0.3279,-0.0046,0.0283,0.0220,0.0219,-0.0512,1.4468,0.8114,0.2232,-0.02959,-0.08559,0.0183,-0.1005,-0.1154,0.0231,0.00760,0.01085,1.4473,0.7605
1898,75.9200,0.2952,0.0000,-0.0653,0.3217,-0.0135,0.0225,0.0651,0.0671,0.0320,1.4481,0.7985,0.2231,-0.02728,-0.07156,-0.0088,-0.1042,-0.1255,0.0039,0.00573,0.01108,1.4489,0.7501
1899,75.9600,0.2950,0.0000,-0.0645,0.3177,0.0159,0.0232,-0.0775,0.0634,-0.0679,1.4499,0.7858,0.2228,-0.02576,-0.07319,0.0319,-0.1140,-0.0721,-0.0221,0.00520,0.00850,1.4504,0.7397
1900,76.0000,0.2947,0.0000,-0.0640,0.3130,0.0072,0.0225,-0.0351,0.0857,-0.0538,1.4521,0.7734,0.2226,-0.02177,-0.09488,-0.0054,-0.1007,-0.1071,0.0169,0.00289,0.00939,1.4519,0.7293
1901,76.0400,0.2945,0.0000,-0.0635,0.3153,0.0043,0.0462,-0.0218,0.0157,-0.0108,1.4540,0.7609,0.2227,-0.02037,-0.10205,0.0351,-0.1294,-0.1083,0.0023,-0.00000,0.00825,1.4534,0.7187
1902,76.0800,0.2944,0.0000,-0.0634,0.3175,-0.0127,0.0290,0.0613,-0.0668,0.0234,1.4555,0.7484,0.2231,-0.02139,-0.09570,-0.0122,-0.1115,-0.1091,-0.0006,-0.00065,0.00791,1.4549,0.7082
1903,76.1200,0.2942,0.0000,-0.0637,0.3058,0.0025,0.0238,-0.0122,0.1265,-0.0344,1.4568,0.7360,0.2228,-0.02021,-0.08393,0.0154,-0.1165,-0.0822,-0.0200,0.00090,0.00844,1.4563,0.6976
1904,76.1600,0.2941,0.0000,-0.0642,0.3082,0.0110,0.0453,-0.0520,0.0433,-0.1723,1.4589,0.7238,0.2229,-0.01668,-0.10102,0.0283,-0.1124,-0.1025,0.0513,-0.00096,0.00705,1.4578,0.6869
1905,76.2000,0.2941,0.0000,-0.0645,0.2990,-0.0115,0.0339,0.0535,0.2538,0.0850,1.4603,0.7117,0.2234,-0.00959,-0.09800,-0.0277,-0.1307,-0.1236,-0.0485,-0.00259,0.00844,1.4592,0.6763
1906,76.2400,0.2941,0.0000,-0.0648,0.3074,0.0022,0.0169,-0.0098,0.0902,-0.0513,1.4617,0.6995,0.2227,-0.00448,-0.09024,0.0102,-0.1154,-0.0658,0.0247,-0.00595,0.00220,1.4606,0.6655
1907,76.2800,0.2941,0.0000,-0.0655,0.3140,0.0153,0.0416,-0.0739,0.0118,-0.1331,1.4637,0.6872,0.2225,-0.00264,-0.10899,0.0213,-0.1200,-0.0844,0.0003,-0.00722,0.00011,1.4619,0.6547
1908,76.3200,0.2941,0.0000,-0.0659,0.3213,0.0043,0.0465,-0.0203,-0.0612,-0.0761,1.4657,0.6747,0.2229,-0.00378,-0.12922,0.0250,-0.1151,-0.0859,0.0082,-0.00616,0.00189,1.4632,0.6439
1909,76.3600,0.2942,0.0000,-0.0660,0.3221,-0.0031,0.0403,0.0153,-0.0274,-0.0765,1.4672,0.6619,0.2232,-0.00542,-0.12895,0.0319,-0.1132,-0.0974,0.0000,-0.00532,0.00290,1.4645,0.6331
1910,76.4000,0.2942,0.0000,-0.0661,0.3223,-0.0099,0.0365,0.0475,0.0131,0.0311,1.4685,0.6491,0.2233,-0.00560,-0.11781,-0.0040,-0.1285,-0.1097,0.0048,-0.00331,0.00325,1.4658,0.6222
1911,76.4400,0.2942,0.0000,-0.0664,0.3144,0.0068,0.0310,-0.0342,0.2171,0.0114,1.4699,0.6364,0.2232,-0.00070,-0.11207,0.0107,-0.1307,-0.0871,-0.0272,-0.00023,0.00230,1.4671,0.6112
1912,76.4800,0.2943,0.0000,-0.0672,0.3410,0.0020,0.0195,-0.0097,-0.2843,-0.0590,1.4718,0.6235,0.2226,-0.00339,-0.12801,0.0178,-0.0881,-0.0831,0.0392,-0.00498,-0.00111,1.4683,0.6003
1913,76.5200,0.2943,0.0000,-0.0680,0.3355,-0.0235,0.0683,0.1148,-0.0755,-0.0056,1.4728,0.6102,0.2231,-0.00941,-0.10255,0.0317,-0.1154,-0.1473,0.0473,-0.00138,0.00587,1.4695,0.5892
1914,76.5600,0.2943,0.0000,-0.0690,0.3416,0.0008,0.0419,-0.0051,-0.1868,-0.0217,1.4739,0.5967,0.2242,-0.01620,-0.08400,0.0298,-0.1205,-0.0738,-0.0489,0.00096,0.00291,1.4707,0.5782
1915,76.6000,0.2942,0.0000,-0.0700,0.3333,-0.0057,0.0180,0.0270,-0.0902,-0.0063,1.4754,0.5835,0.2240,-0.02023,-0.08073,0.0229,-0.0829,-0.1217,0.0634,0.00385,0.00715,1.4719,0.5671
1916,76.6400,0.2941,0.0000,-0.0712,0.3257,0.0154,0.0169,-0.0750,0.0384,-0.1071,1.4770,0.5703,0.2234,-0.02166,-0.08725,0.0314,-0.1061,-0.0758,-0.0312,0.00379,0.00820,1.4730,0.5560
1917,76.6800,0.2940,0.0000,-0.0723,0.3212,0.0066,0.0286,-0.0340,0.0853,-0.0084,1.4791,0.5576,0.2231,-0.01829,-0.11071,-0.0033,-0.1167,-0.1145,0.0282,0.00146,0.01016,1.4742,0.5448
1918,76.7200,0.2940,0.0000,-0.0733,0.3275,0.0081,0.0425,-0.0389,-0.0436,-0.1309,1.4809,0.5447,0.2232,-0.01850,-0.12456,0.0487,-0.1192,-0.0846,0.0200,0.00171,0.00825,1.4753,0.5336
1919,76.7600,0.2939,0.0000,-0.0741,0.3313,-0.0048,0.0453,0.0231,-0.1438,-0.0778,1.4824,0.5317,0.2239,-0.02214,-0.13136,0.0291,-0.1161,-0.1136,0.0164,0.00170,0.00964,1.4763,0.5224
1920,76.8000,0.2938,0.0000,-0.0746,0.3179,-0.0086,0.0268,0.0420,0.0865,-0.0232,1.4834,0.5188,0.2241,-0.02264,-0.11428,0.0123,-0.1212,-0.1124,-0.0156,0.00422,0.01111,1.4774,0.5111
1921,76.8400,0.2937,0.0000,-0.0750,0.3076,0.0112,0.0184,-0.0538,0.2372,-0.0789,1.4847,0.5063,0.2237,-0.01583,-0.11905,0.0184,-0.1165,-0.0901,-0.0048,0.00505,0.00973,1.4784,0.4998
1922,76.8800,0.2937,0.0000,-0.0755,0.3117,0.0182,0.0148,-0.0882,0.1428,-0.0996,1.4868,0.4939,0.2230,-0.00860,-0.15621,0.0172,-0.1084,-0.0736,-0.0082,0.00207,0.00697,1.4794,0.4885
1923,76.9200,0.2936,0.0000,-0.0756,0.3212,0.0027,0.0297,-0.0141,-0.0146,-0.0102,1.4885,0.4813,0.2225,-0.00654,-0.17903,0.0084,-0.1263,-0.1041,-0.0037,-0.00314,0.00506,1.4804,0.4771
1924,76.9600,0.2936,0.0000,-0.0759,0.3343,-0.0197,0.0311,0.0970,-0.2210,-0.0678,1.4894,0.4683,0.2223,-0.01224,-0.16298,0.0066,-0.0956,-0.0751,0.0338,-0.00281,0.00548,1.4814,0.4657
1925,77.0000,0.2936,0.0000,-0.0762,0.3355,-0.0199,0.0356,0.0972,-0.2443,-0.0284,1.4897,0.4550,0.2225,-0.02157,-0.11887,0.0071,-0.1045,-0.1059,-0.0181,0.00063,0.00670,1.4823,0.4543
1926,77.0400,0.2936,0.0000,-0.0766,0.3235,-0.0071,0.0417,0.0343,-0.0424,-0.0272,1.4904,0.4420,0.2229,-0.02674,-0.09049,0.0020,-0.1178,-0.1077,0.0231,0.00612,0.00908,1.4832,0.4428
1927,77.0800,0.2935,0.0000,-0.0771,0.3052,0.0122,0.0209,-0.0608,0.2706,-0.0154,1.4917,0.4295,0.2230,-0.02084,-0.09621,-0.0069,-0.1144,-0.0892,-0.0340,0.00729,0.00856,1.4841,0.4314
1928,77.1200,0.2935,0.0000,-0.0777,0.3205,0.0068,-0.0006,-0.0336,-0.0868,-0.0752,1.4934,0.4170,0.2219,-0.01826,-0.12563,0.0013,-0.0759,-0.0703,0.0412,-0.00011,0.00497,1.4849,0.4199
1929,77.1600,0.2934,0.0000,-0.0782,0.3250,0.0013,0.0336,-0.0066,-0.1583,-0.0847,1.4947,0.4042,0.2214,-0.02387,-0.13274,0.0244,-0.0996,-0.0785,0.0081,-0.00035,0.00622,1.4858,0.4083
1930,77.2000,0.2934,0.0000,-0.0787,0.3163,-0.0128,0.0407,0.0632,-0.0012,-0.0933,1.4956,0.3916,0.2219,-0.02580,-0.11940,-0.0174,-0.1003,-0.1166,-0.0099,0.00212,0.00940,1.4866,0.3968
1931,77.2400,0.2934,0.0000,-0.0789,0.3042,0.0090,0.0362,-0.0446,0.1970,-0.0553,1.4965,0.3791,0.2222,-0.02222,-0.11422,0.0081,-0.1261,-0.0710,-0.0272,0.00461,0.00873,1.4874,0.3852
1932,77.2800,0.2934,0.0000,-0.0790,0.3109,0.0029,0.0183,-0.0141,0.0016,-0.0807,1.4979,0.3669,0.2220,-0.01800,-0.13884,-0.0056,-0.0892,-0.0977,0.0358,-0.00084,0.00622,1.4881,0.3736
1933,77.3200,0.2935,0.0000,-0.0790,0.3023,-0.0147,0.0518,0.0710,0.2191,0.0637,1.4986,0.3546,0.2222,-0.01292,-0.11532,-0.0175,-0.1367,-0.1327,0.0151,-0.00088,0.00797,1.4889,0.3619
1934,77.3600,0.2935,0.0000,-0.0794,0.3164,-0.0013,0.0346,0.0063,-0.0593,-0.0295,1.4993,0.3421,0.2226,-0.01127,-0.09911,0.0008,-0.1101,-0.0781,-0.0111,-0.00344,0.00197,1.4896,0.3503
1935,77.4000,0.2936,0.0000,-0.0801,0.3227,0.0028,0.0267,-0.0128,-0.1898,-0.1064,1.5004,0.3295,0.2224,-0.01681,-0.10420,0.0155,-0.0922,-0.0819,0.0313,-0.00345,0.00215,1.4903,0.3386
1936,77.4400,0.2936,0.0000,-0.0807,0.3147,0.0131,0.0371,-0.0647,-0.0302,-0.0938,1.5017,0.3169,0.2225,-0.02075,-0.12479,0.0247,-0.1093,-0.0850,-0.0127,0.00167,0.00484,1.4910,0.3269
1937,77.4800,0.2937,0.0000,-0.0809,0.3165,-0.0048,0.0202,0.0228,-0.0994,-0.0430,1.5029,0.3044,0.2224,-0.02289,-0.14121,-0.0077,-0.0882,-0.0971,0.0292,0.00121,0.00705,1.4916,0.3152
1938,77.5200,0.2938,0.0000,-0.0811,0.3088,-0.0056,0.0374,0.0278,0.0370,-0.0311,1.5035,0.2920,0.2223,-0.02390,-0.11958,0.0117,-0.1144,-0.1106,0.0055,0.00302,0.00835,1.4922,0.3034
1939,77.5600,0.2938,0.0000,-0.0814,0.3066,0.0026,0.0293,-0.0133,0.0372,-0.0228,1.5044,0.2797,0.2225,-0.02254,-0.12039,-0.0058,-0.1065,-0.0831,-0.0060,0.00270,0.00689,1.4928,0.2917
1940,77.6000,0.2939,0.0000,-0.0819,0.3081,0.0028,0.0214,-0.0130,-0.0355,-0.0870,1.5054,0.2675,0.2222,-0.02277,-0.13141,0.0098,-0.0929,-0.0793,0.0338,0.00034,0.00572,1.4934,0.2799
1941,77.6400,0.2940,0.0000,-0.0822,0.2969,0.0047,0.0348,-0.0234,0.1758,-0.0219,1.5064,0.2554,0.2222,-0.01907,-0.13955,-0.0089,-0.1227,-0.1077,-0.0252,0.00099,0.00767,1.4939,0.2681
1942,77.6800,0.2941,0.0000,-0.0827,0.3096,0.0052,0.0243,-0.0254,-0.1048,-0.0475,1.5076,0.2433,0.2221,-0.01895,-0.16286,-0.0015,-0.1083,-0.0768,0.0148,-0.00283,0.00298,1.4945,0.2563
1943,77.7200,0.2942,0.0000,-0.0832,0.3001,0.0062,0.0425,-0.0281,0.0975,-0.1649,1.5086,0.2311,0.2221,-0.01850,-0.18147,0.0247,-0.1086,-0.0810,0.0194,-0.00013,0.00449,1.4950,0.2444
1944,77.7600,0.2944,0.0000,-0.0833,0.3039,0.0080,0.0350,-0.0385,0.0112,-0.1188,1.5097,0.2191,0.2225,-0.01650,-0.22431,0.0140,-0.1076,-0.0759,-0.0170,-0.00078,0.00313,1.4955,0.2326
1945,77.8000,0.2945,0.0000,-0.0829,0.2979,-0.0041,0.0227,0.0194,0.1255,0.0174,1.5104,0.2071,0.2223,-0.01328,-0.22964,-0.0034,-0.1099,-0.0923,0.0024,-0.00076,0.00418,1.4959,0.2207
1946,77.8400,0.2947,0.0000,-0.0827,0.3000,0.0098,0.0265,-0.0473,0.0995,-0.0911,1.5112,0.1950,0.2218,-0.00937,-0.24299,0.0141,-0.1128,-0.0702,-0.0113,0.00033,0.00182,1.4963,0.2088
1947,77.8800,0.2949,0.0000,-0.0826,0.3063,-0.0008,0.0518,0.0071,0.0257,-0.1481,1.5122,0.1830,0.2221,-0.00653,-0.28306,0.0177,-0.1062,-0.1019,0.0408,-0.00194,0.00336,1.4967,0.1970
1948,77.9200,0.2950,0.0000,-0.0822,0.3093,-0.0041,0.0401,0.0218,0.0322,-0.1185,1.5126,0.1706,0.2226,-0.00590,-0.29619,0.0226,-0.1041,-0.0670,-0.0317,-0.00283,0.00393,1.4971,0.1851
1949,77.9600,0.2952,0.0000,-0.0813,0.3185,0.0025,0.0287,-0.0112,-0.1491,-0.1424,1.5132,0.1581,0.2224,-0.00919,-0.32511,0.0282,-0.1011,-0.0735,0.0256,-0.00397,0.00127,1.4975,0.1731
1950,78.0000,0.2954,0.0000,-0.0802,0.3142,-0.0076,0.0398,0.0366,-0.0343,-0.0267,1.5136,0.1455,0.2226,-0.01181,-0.32424,0.0083,-0.1102,-0.1202,-0.0021,-0.00146,0.00478,1.4978,0.1612
1951,78.0400,0.2955,0.0000,-0.0791,0.3151,-0.0107,0.0408,0.0534,-0.0254,-0.0610,1.5137,0.1329,0.2228,-0.01334,-0.28856,0.0040,-0.1145,-0.1002,0.0269,0.00134,0.00463,1.4981,0.1493
1952,78.0800,0.2956,0.0000,-0.0782,0.3196,0.0073,0.0423,-0.0357,-0.1271,-0.1179,1.5141,0.1203,0.2232,-0.01709,-0.31019,0.0477,-0.1060,-0.0757,0.0116,0.00106,0.00334,1.4984,0.1373
1953,78.1200,0.2956,0.0000,-0.0772,0.3051,0.0009,0.0242,-0.0045,0.1499,-0.1011,1.5147,0.1079,0.2233,-0.01485,-0.36380,0.0106,-0.0900,-0.1019,-0.0008,0.00060,0.00609,1.4987,0.1254
1954,78.1600,0.2957,0.0000,-0.0761,0.3090,0.0107,0.0356,-0.0522,0.0665,-0.1085,1.5153,0.0955,0.2231,-0.01142,-0.43986,0.0317,-0.1239,-0.0957,0.0153,-0.00049,0.00464,1.4989,0.1134
1955,78.2000,0.2958,0.0000,-0.0748,0.3105,-0.0041,0.0532,0.0193,0.0568,-0.0283,1.5158,0.0831,0.2236,-0.00820,-0.49454,0.0275,-0.1157,-0.1273,0.0291,-0.00292,0.00442,1.4991,0.1014
1956,78.2400,0.2958,0.0000,-0.0737,0.3145,-0.0087,0.0470,0.0431,0.0108,-0.0962,1.5158,0.0706,0.2242,-0.00752,-0.48321,0.0412,-0.1111,-0.1019,0.0216,-0.00324,0.00319,1.4993,0.0895
1957,78.2800,0.2958,0.0000,-0.0727,0.3098,0.0013,0.0410,-0.0045,0.1215,-0.1699,1.5159,0.0581,0.2245,-0.00456,-0.56426,0.0481,-0.1019,-0.0952,0.0183,-0.00412,0.00256,1.4995,0.0775
1958,78.3200,0.2958,0.0000,-0.0713,0.3093,0.0134,0.0439,-0.0647,0.1436,-0.1103,1.5164,0.0456,0.2248,0.00091,-0.79470,0.0608,-0.1143,-0.1085,0.0100,-0.00504,-0.00012,1.4996,0.0655
1959,78.3600,0.2958,0.0000,-0.0696,0.3141,0.0019,0.0116,-0.0093,0.1006,-0.0771,1.5169,0.0330,0.2243,0.00564,-1.02580,0.0133,-0.0973,-0.0948,-0.0060,-0.00999,0.00015,1.4998,0.0535
1960,78.4000,0.2958,0.0000,-0.0679,0.3217,-0.0060,0.0558,0.0317,0.0291,-0.1219,1.5169,0.0202,0.2239,0.00779,-1.15959,0.0637,-0.1113,-0.1214,0.0836,-0.01236,-0.00169,1.4999,0.0415
1961,78.4400,0.2957,0.0000,-0.0663,0.3334,-0.0117,0.0549,0.0572,-0.0973,-0.0842,1.5166,0.0071,0.2248,0.00580,-1.43090,0.0249,-0.1182,-0.1121,-0.0172,-0.01343,-0.00196,1.4999,0.0295
1962,78.4800,0.2956,0.0000,-0.0645,0.3400,0.0019,0.0221,-0.0087,-0.2002,-0.0816,1.5164,-0.0063,0.2247,-0.00146,-1.73869,0.0424,-0.1074,-0.0788,0.0074,-0.00942,-0.00097,1.5000,0.0175
1963,78.5200,0.2954,0.0000,-0.0628,0.3229,0.0008,0.0412,-0.0036,0.1785,-0.0531,1.5164,-0.0195,0.2245,0.00056,-1.85965,0.0350,-0.1076,-0.1414,0.0407,-0.00492,0.00338,1.5000,0.0055
1964,78.5600,0.2952,0.0000,-0.0614,0.3293,0.0106,0.0478,-0.0509,0.1155,-0.0892,1.5167,-0.0327,0.2248,0.00571,-2.03274,0.0428,-0.1265,-0.1069,0.0024,-0.00753,0.00139,1.5000,-0.0065
1965,78.6000,0.2949,0.0000,-0.0600,0.3341,0.0057,0.0259,-0.0254,0.0978,-0.1612,1.5170,-0.0461,0.2246,0.00964,-2.26810,0.0303,-0.1046,-0.0844,0.0141,-0.00933,-0.00067,1.5000,-0.0185
1966,78.6400,0.2946,0.0000,-0.0583,0.3570,-0.0012,0.0258,0.0067,-0.2927,-0.0997,1.5169,-0.0598,0.2240,0.00390,-2.41441,0.0329,-0.1117,-0.0911,0.0297,-0.01168,-0.00196,1.4999,-0.0305
1967,78.6800,0.2942,0.0000,-0.0565,0.3611,-0.0029,0.0255,0.0144,-0.3202,-0.0783,1.5165,-0.0741,0.2236,-0.00873,-2.53879,0.0359,-0.0986,-0.0834,-0.0087,-0.00544,0.00274,1.4999,-0.0425
1968,78.7200,0.2937,0.0000,-0.0547,0.3492,-0.0149,0.0326,0.0718,-0.0823,0.0188,1.5158,-0.0880,0.2235,-0.01494,-2.61523,0.0074,-0.1000,-0.1398,0.0145,-0.00033,0.00911,1.4998,-0.0545
1969,78.7600,0.2932,0.0000,-0.0534,0.3401,0.0014,0.0239,-0.0078,0.0853,-0.0063,1.5152,-0.1018,0.2233,-0.01486,-2.67492,0.0119,-0.1095,-0.0962,-0.0307,0.00312,0.00960,1.4996,-0.0665
1970,78.8000,0.2926,0.0000,-0.0526,0.3406,0.0153,0.0169,-0.0759,0.0346,-0.0360,1.5155,-0.1155,0.2228,-0.01272,-2.60896,0.0151,-0.1020,-0.0791,0.0063,0.00304,0.00736,1.4995,-0.0785
1971,78.8400,0.2919,0.0000,-0.0521,0.3398,0.0182,0.0445,-0.0880,0.0586,-0.1232,1.5160,-0.1291,0.2227,-0.01077,-2.55126,0.0495,-0.1137,-0.0913,0.0209,0.00098,0.00616,1.4993,-0.0904
1972,78.8800,0.2912,0.0000,-0.0516,0.3519,-0.0137,0.0340,0.0652,-0.1690,0.0019,1.5158,-0.1429,0.2231,-0.01313,-2.57854,0.0041,-0.1015,-0.1145,-0.0019,-0.00188,0.00771,1.4991,-0.1024
1973,78.9200,0.2905,0.0000,-0.0512,0.3486,-0.0027,0.0333,0.0139,-0.1182,-0.0919,1.5149,-0.1568,0.2230,-0.01991,-2.67605,0.0487,-0.1137,-0.0805,-0.0096,0.00252,0.00699,1.4989,-0.1144
1974,78.9600,0.2897,0.0000,-0.0509,0.3431,-0.0029,0.0491,0.0131,-0.0758,0.0031,1.5146,-0.1705,0.2236,-0.02253,-2.69750,0.0295,-0.1105,-0.1326,0.0303,0.00553,0.00955,1.4987,-0.1263
1975,79.0000,0.2889,0.0000,-0.0508,0.3324,-0.0126,0.0150,0.0597,0.0974,0.0608,1.5138,-0.1840,0.2237,-0.02157,-2.74019,-0.0030,-0.1019,-0.1058,-0.0224,0.00716,0.01201,1.4984,-0.1383
1976,79.0400,0.2881,0.0000,-0.0512,0.3361,-0.0061,0.0164,0.0307,-0.0504,-0.0646,1.5131,-0.1973,0.2229,-0.02134,-2.79473,0.0163,-0.0906,-0.0978,0.0520,0.00396,0.00989,1.4981,-0.1502
1977,79.0800,0.2872,0.0000,-0.0519,0.3336,0.0060,0.0355,-0.0300,-0.0320,-0.0458,1.5128,-0.2107,0.2229,-0.02314,-2.82228,0.0228,-0.1062,-0.0888,-0.0140,0.00462,0.01014,1.4978,-0.1622
1978,79.1200,0.2863,0.0000,-0.0525,0.3351,0.0028,0.0307,-0.0150,-0.1364,-0.0196,1.5127,-0.2240,0.2231,-0.02660,-2.79790,0.0232,-0.1014,-0.1030,0.0252,0.00487,0.01016,1.4975,-0.1741
1979,79.1600,0.2855,0.0000,-0.0532,0.3310,-0.0007,0.0247,0.0019,-0.1384,0.0125,1.5124,-0.2372,0.2231,-0.03194,-2.79710,0.0291,-0.0975,-0.1078,-0.0056,0.00617,0.01152,1.4971,-0.1860
1980,79.2000,0.2846,0.0000,-0.0543,0.3277,-0.0018,0.0308,0.0080,-0.1840,-0.0199,1.5120,-0.2502,0.2232,-0.03850,-2.79816,0.0238,-0.1075,-0.1184,0.0270,0.00777,0.01220,1.4967,-0.1979
1981,79.2400,0.2837,0.0000,-0.0556,0.3084,0.0037,0.0249,-0.0182,0.0842,-0.0573,1.5116,-0.2628,0.2233,-0.03945,-2.82384,0.0115,-0.1084,-0.1082,-0.0282,0.00828,0.01468,1.4963,-0.2098
1982,79.2800,0.2829,0.0000,-0.0568,0.2866,0.0129,0.0132,-0.0635,0.3964,-0.0310,1.5116,-0.2748,0.2230,-0.02865,-2.78960,-0.0176,-0.1251,-0.1075,-0.0315,0.00658,0.01377,1.4959,-0.2217
1983,79.3200,0.2821,0.0000,-0.0581,0.2954,0.0118,0.0198,-0.0564,0.1605,-0.1138,1.5119,-0.2867,0.2223,-0.01861,-2.74029,0.0048,-0.1139,-0.0786,0.0348,-0.00186,0.00722,1.4954,-0.2335
1984,79.3600,0.2813,0.0000,-0.0591,0.3109,-0.0001,0.0409,0.0010,-0.1539,-0.0633,1.5118,-0.2988,0.2224,-0.01969,-2.74136,0.0199,-0.1232,-0.0966,-0.0028,-0.00550,0.00363,1.4949,-0.2454
1985,79.4000,0.2806,0.0000,-0.0599,0.2952,-0.0015,0.0427,0.0083,0.1490,-0.0833,1.5112,-0.3109,0.2228,-0.01882,-2.79013,0.0275,-0.1103,-0.0867,-0.0221,-0.00075,0.00613,1.4944,-0.2572
1986,79.4400,0.2799,0.0000,-0.0605,0.2981,0.0026,0.0289,-0.0121,0.0457,-0.0581,1.5108,-0.3228,0.2230,-0.01517,-2.79855,0.0104,-0.1155,-0.0972,0.0026,-0.00215,0.00258,1.4939,-0.2690
1987,79.4800,0.2792,0.0000,-0.0610,0.3007,-0.0017,0.0311,0.0094,-0.0122,-0.0604,1.5104,-0.3347,0.2228,-0.01481,-2.81298,0.0209,-0.1103,-0.0945,0.0161,-0.00251,0.00206,1.4934,-0.2808
1988,79.5200,0.2786,0.0000,-0.0616,0.3104,0.0002,0.0494,-0.0022,-0.2286,-0.0048,1.5099,-0.3468,0.2232,-0.02041,-2.81670,0.0424,-0.1244,-0.1145,0.0074,-0.00063,0.00128,1.4928,-0.2926
1989,79.5600,0.2780,0.0000,-0.0623,0.2992,0.0025,0.0378,-0.0116,-0.0444,-0.0714,1.5093,-0.3589,0.2238,-0.02512,-2.83034,0.0430,-0.1068,-0.1020,-0.0170,0.00506,0.00506,1.4922,-0.3044
1990,79.6000,0.2773,0.0000,-0.0631,0.2884,-0.0189,0.0086,0.0921,0.1047,0.0160,1.5085,-0.3706,0.2234,-0.02260,-2.87077,-0.0155,-0.0848,-0.1123,0.0202,0.00479,0.00854,1.4916,-0.3161
1991,79.6400,0.2767,0.0000,-0.0639,0.2865,0.0069,0.0250,-0.0323,0.0925,-0.0946,1.5076,-0.3821,0.2227,-0.01977,-2.90539,0.0393,-0.1098,-0.0779,-0.0032,0.00312,0.00697,1.4909,-0.3278
1992,79.6800,0.2761,0.0000,-0.0649,0.2769,0.0106,0.0342,-0.0517,0.2601,-0.0637,1.5076,-0.3935,0.2228,-0.01147,-2.87789,-0.0109,-0.1195,-0.1092,-0.0242,0.00146,0.00713,1.4902,-0.3395
1993,79.7200,0.2756,0.0000,-0.0657,0.2957,-0.0117,0.0218,0.0563,-0.1155,0.0300,1.5070,-0.4049,0.2225,-0.01000,-2.87536,-0.0141,-0.1122,-0.1060,0.0208,-0.00603,0.00348,1.4895,-0.3512
1994,79.7600,0.2750,0.0000,-0.0667,0.2989,-0.0008,0.0464,0.0045,-0.1605,-0.0473,1.5061,-0.4167,0.2225,-0.01652,-2.90710,0.0370,-0.1216,-0.0905,-0.0013,-0.00346,0.00338,1.4888,-0.3629
1995,79.8000,0.2745,0.0000,-0.0680,0.2873,-0.0059,0.0563,0.0294,0.0578,-0.0458,1.5054,-0.4283,0.2234,-0.01669,-2.92395,0.0042,-0.1176,-0.1407,0.0107,0.00017,0.00766,1.4881,-0.3745
1996,79.8400,0.2739,0.0000,-0.0693,0.2885,0.0117,0.0308,-0.0584,0.0113,0.0040,1.5050,-0.4399,0.2238,-0.01659,-2.91740,0.0136,-0.1448,-0.0932,-0.0415,0.00078,0.00419,1.4873,-0.3861
1997,79.8800,0.2734,0.0000,-0.0708,0.2879,0.0054,0.0116,-0.0255,-0.0245,-0.0630,1.5048,-0.4513,0.2232,-0.01625,-2.88569,0.0043,-0.1028,-0.1062,0.0260,0.00105,0.00511,1.4865,-0.3977
1998,79.9200,0.2728,0.0000,-0.0722,0.2836,-0.0014,0.0248,0.0062,0.0828,-0.0055,1.5043,-0.4628,0.2227,-0.01499,-2.88776,-0.0118,-0.1280,-0.1029,-0.0238,0.00143,0.00597,1.4857,-0.4092
1999,79.9600,0.2723,0.0000,-0.0738,0.2786,-0.0041,0.0439,0.0218,0.2013,-0.0798,1.5036,-0.4741,0.2227,-0.00855,-2.90585,0.0146,-0.1074,-0.0996,0.0281,-0.00031,0.00696,1.4849,-0.4208
