step,time_s,cmd_vx,cmd_vy,cmd_wz,act_vx,act_vy,act_vz,act_wx,act_wy,act_wz,pos_x,pos_y,pos_z,pitch_rad,roll_rad,action_0,action_1,action_2,action_3,lqr_left,lqr_right,ref_x,ref_y
0,0.0000,-0.0100,0.0000,-0.0600,-0.0348,0.0387,-0.2724,0.5226,1.8612,-0.1547,0.2738,0.3631,0.4451,0.07725,3.12085,1.1175,0.5931,-1.2076,-0.0773,0.00000,0.00000,0.0000,0.0000
1,0.0400,-0.0194,0.0000,-0.1128,0.1458,0.0285,-0.7905,0.4211,0.6479,-1.7619,0.2717,0.3598,0.4193,0.09930,3.10221,1.3564,1.6681,0.7269,1.3878,0.00000,0.00000,0.0060,0.0120
2,0.0800,-0.0277,0.0000,-0.1593,0.1578,0.0487,-1.1754,0.0249,0.5058,-2.2833,0.2718,0.3563,0.3791,0.12241,3.12321,2.2500,1.2963,0.8980,1.8449,0.00000,0.00000,0.0120,0.0240
3,0.1200,-0.0347,0.0000,-0.2002,0.2324,0.0424,-1.5687,-0.1161,-0.0858,-0.0591,0.2713,0.3532,0.3218,0.12112,3.12753,1.3664,0.9276,0.5355,1.3987,0.00000,0.00000,0.0180,0.0360
4,0.1600,-0.0413,0.0000,-0.2361,0.2570,0.0965,-2.0184,-0.8209,0.1141,1.8016,0.2736,0.3499,0.2470,0.12471,-3.12638,0.3999,0.4528,0.5085,0.0661,0.00000,0.00000,0.0240,0.0480
5,0.2000,-0.0488,0.0000,-0.2678,0.0491,0.0485,0.0462,-0.2979,-0.2508,-0.1381,0.2746,0.3465,0.2172,0.11751,-3.11801,-0.0123,-0.3193,-0.4485,0.2133,0.00000,0.00000,0.0300,0.0600
6,0.2400,-0.0569,0.0000,-0.2957,0.1277,0.0392,0.1917,-0.2091,-1.0403,-0.1848,0.2730,0.3425,0.2238,0.08709,-3.10518,-0.2147,-0.7207,-0.4052,-0.8520,0.00000,0.00000,0.0360,0.0720
7,0.2800,-0.0649,0.0000,-0.3202,0.1486,-0.0005,0.0817,0.0001,-1.0330,-0.0664,0.2695,0.3390,0.2271,0.03869,-3.10098,-0.3873,-0.8205,-0.3613,-0.1467,0.00000,0.00000,0.0420,0.0840
8,0.3200,-0.0729,0.0000,-0.3418,0.1264,0.0166,0.0418,-0.0878,-0.6768,-0.3669,0.2660,0.3363,0.2275,0.00675,-3.09940,0.0242,-0.2941,-0.0359,0.0237,0.00000,0.00000,0.0480,0.0959
9,0.3600,-0.0806,0.0000,-0.3607,0.1065,-0.0507,-0.0179,0.2691,-0.2275,-0.2987,0.2622,0.3350,0.2263,-0.00413,-3.10460,0.0247,-0.0407,-0.1392,0.0504,0.00000,0.00000,0.0540,0.1079
10,0.4000,-0.0880,0.0000,-0.3775,0.1132,-0.0364,0.0137,0.1960,-0.2231,-0.4514,0.2574,0.3347,0.2247,-0.01526,-3.11713,0.0748,-0.0989,-0.0886,-0.0045,0.00000,0.00000,0.0600,0.1199
11,0.4400,-0.0953,0.0000,-0.3922,0.1122,-0.0025,0.0513,0.0159,-0.1799,-0.5193,0.2532,0.3331,0.2249,-0.02335,-3.12178,0.0567,-0.1072,-0.0897,-0.0049,0.00000,0.00000,0.0660,0.1318
12,0.4800,-0.1023,0.0000,-0.4051,0.1149,-0.0188,0.0351,0.1009,-0.2426,-0.5366,0.2493,0.3313,0.2253,-0.03142,-3.12491,0.0419,-0.0852,-0.1145,0.0596,0.00000,0.00000,0.0720,0.1438
13,0.5200,-0.1090,0.0000,-0.4165,0.1198,-0.0196,0.0438,0.1012,-0.3855,-0.4359,0.2449,0.3300,0.2256,-0.04497,-3.13078,0.0629,-0.1097,-0.1277,0.0355,0.00000,0.00000,0.0780,0.1557
14,0.5600,-0.1154,0.0000,-0.4265,0.0981,-0.0092,0.0412,0.0468,-0.1147,-0.4494,0.2410,0.3288,0.2261,-0.05336,-3.13551,0.0588,-0.0925,-0.1451,0.0150,0.00000,0.00000,0.0840,0.1676
15,0.6000,-0.1216,0.0000,-0.4353,0.0801,0.0097,0.0275,-0.0500,0.0502,-0.4540,0.2378,0.3272,0.2261,-0.05423,-3.13626,0.0476,-0.1056,-0.1150,0.0168,0.00000,0.00000,0.0899,0.1796
16,0.6400,-0.1275,0.0000,-0.4431,0.0735,0.0022,0.0100,-0.0105,0.0055,-0.5616,0.2351,0.3255,0.2254,-0.05278,-3.13584,0.0357,-0.0728,-0.1002,0.0569,0.00000,0.00000,0.0959,0.1915
17,0.6800,-0.1331,0.0000,-0.4499,0.0758,-0.0140,0.0190,0.0737,-0.1736,-0.4108,0.2323,0.3245,0.2247,-0.05664,-3.13847,0.0113,-0.0905,-0.1305,0.0217,0.00000,0.00000,0.1019,0.2034
18,0.7200,-0.1383,0.0000,-0.4559,0.0617,0.0075,0.0606,-0.0395,-0.0593,-0.5079,0.2297,0.3237,0.2250,-0.06163,-3.14075,0.0654,-0.1178,-0.1182,0.0423,0.00000,0.00000,0.1079,0.2153
19,0.7600,-0.1433,0.0000,-0.4612,0.0433,0.0138,0.0348,-0.0742,0.0818,-0.5435,0.2280,0.3223,0.2256,-0.05994,-3.13942,0.0460,-0.0775,-0.0911,0.0127,0.00000,0.00000,0.1139,0.2271
20,0.8000,-0.1479,0.0000,-0.4659,0.0346,-0.0095,0.0193,0.0505,0.0589,-0.5014,0.2265,0.3217,0.2252,-0.05634,-3.14035,0.0136,-0.0847,-0.1532,0.0642,0.00000,0.00000,0.1199,0.2390
21,0.8400,-0.1521,0.0000,-0.4700,0.0228,0.0070,0.0345,-0.0356,0.1451,-0.5364,0.2251,0.3213,0.2248,-0.05299,3.14085,0.0329,-0.1037,-0.0983,-0.0004,0.00000,0.00000,0.1259,0.2508
22,0.8800,-0.1559,0.0000,-0.4736,0.0204,-0.0264,0.0297,0.1379,0.0512,-0.3526,0.2241,0.3214,0.2248,-0.04784,3.13816,-0.0238,-0.0700,-0.1530,0.0915,0.00000,0.00000,0.1318,0.2626
23,0.9200,-0.1594,0.0000,-0.4767,0.0257,-0.0061,0.0450,0.0324,-0.1644,-0.5614,0.2229,0.3219,0.2247,-0.05193,3.13288,0.0649,-0.0702,-0.1063,0.0453,0.00000,0.00000,0.1378,0.2744
24,0.9600,-0.1625,0.0000,-0.4795,0.0082,0.0174,0.0634,-0.0898,0.0066,-0.5467,0.2224,0.3214,0.2256,-0.05416,3.13336,0.0436,-0.0977,-0.1274,0.0381,0.00000,0.00000,0.1438,0.2862
25,1.0000,-0.1652,0.0000,-0.4820,-0.0001,0.0008,0.0101,-0.0043,-0.0251,-0.5224,0.2224,0.3209,0.2255,-0.05364,3.13419,0.0046,-0.0578,-0.1224,0.0444,0.00000,0.00000,0.1497,0.2980
26,1.0400,-0.1675,0.0000,-0.4842,-0.0074,0.0172,0.0282,-0.0891,-0.0522,-0.5341,0.2225,0.3205,0.2246,-0.05603,3.13469,0.0496,-0.0867,-0.1012,0.0516,0.00000,0.00000,0.1557,0.3098
27,1.0800,-0.1693,0.0000,-0.4861,-0.0204,0.0154,0.0459,-0.0791,0.0368,-0.5297,0.2232,0.3199,0.2247,-0.05511,3.13721,0.0191,-0.0933,-0.1327,0.0325,0.00000,0.00000,0.1617,0.3215
28,1.1200,-0.1708,0.0000,-0.4877,-0.0207,0.0014,0.0464,-0.0067,-0.1047,-0.5706,0.2241,0.3196,0.2250,-0.05664,3.13764,0.0427,-0.0793,-0.1234,0.0644,0.00000,0.00000,0.1676,0.3332
29,1.1600,-0.1717,0.0000,-0.4892,-0.0390,0.0105,0.0398,-0.0564,0.0771,-0.5536,0.2252,0.3196,0.2252,-0.05714,3.13709,0.0303,-0.0995,-0.0997,0.0106,0.00000,0.00000,0.1736,0.3449
30,1.2000,-0.1722,0.0000,-0.4905,-0.0603,0.0137,0.0321,-0.0723,0.3044,-0.4550,0.2270,0.3193,0.2250,-0.04811,3.13869,0.0222,-0.0885,-0.1041,0.0549,0.00000,0.00000,0.1796,0.3566
31,1.2400,-0.1723,0.0000,-0.4916,-0.0531,0.0040,0.0243,-0.0236,0.0468,-0.4702,0.2291,0.3191,0.2245,-0.04159,3.13996,0.0363,-0.0640,-0.1014,0.0637,0.00000,0.00000,0.1855,0.3682
32,1.2800,-0.1720,0.0000,-0.4926,-0.0514,-0.0210,0.0458,0.1059,-0.0294,-0.5473,0.2311,0.3198,0.2243,-0.04118,3.13681,0.0142,-0.0677,-0.1371,0.0796,0.00000,0.00000,0.1915,0.3798
33,1.3200,-0.1714,0.0000,-0.4935,-0.0534,-0.0136,0.0584,0.0575,-0.0530,-0.4495,0.2330,0.3208,0.2250,-0.04368,3.13194,0.0093,-0.0983,-0.1142,0.0316,0.00000,0.00000,0.1974,0.3914
34,1.3600,-0.1703,0.0000,-0.4943,-0.0613,0.0002,0.0301,-0.0018,-0.0597,-0.4264,0.2353,0.3213,0.2251,-0.04528,3.12983,0.0117,-0.0681,-0.1277,0.0465,0.00000,0.00000,0.2034,0.4030
35,1.4000,-0.1690,0.0000,-0.4950,-0.0793,0.0150,0.0359,-0.0762,0.1699,-0.4231,0.2380,0.3211,0.2248,-0.04229,3.13058,0.0017,-0.0987,-0.1322,0.0428,0.00000,0.00000,0.2093,0.4145
36,1.4400,-0.1674,0.0000,-0.4956,-0.0686,0.0186,0.0424,-0.0966,-0.1300,-0.5040,0.2409,0.3203,0.2247,-0.04223,3.13387,0.0414,-0.0747,-0.0999,0.0753,0.00000,0.00000,0.2153,0.4261
37,1.4800,-0.1655,0.0000,-0.4961,-0.0827,0.0060,0.0410,-0.0301,0.0609,-0.5209,0.2439,0.3199,0.2248,-0.04257,3.13474,0.0350,-0.0680,-0.1057,0.0360,0.00000,0.00000,0.2212,0.4375
38,1.5200,-0.1631,0.0000,-0.4966,-0.0840,-0.0034,0.0426,0.0131,0.0025,-0.5159,0.2472,0.3198,0.2248,-0.04157,3.13412,0.0029,-0.0893,-0.1123,0.0859,0.00000,0.00000,0.2271,0.4490
39,1.5600,-0.1603,0.0000,-0.4970,-0.1005,0.0102,0.0455,-0.0583,0.2408,-0.5728,0.2506,0.3197,0.2250,-0.03599,3.13340,0.0276,-0.0914,-0.0924,0.0309,0.00000,0.00000,0.2331,0.4604
40,1.6000,-0.1570,0.0000,-0.4974,-0.0889,-0.0111,0.0220,0.0577,-0.0465,-0.4733,0.2542,0.3194,0.2247,-0.03196,3.13304,-0.0186,-0.0621,-0.1266,0.0841,0.00000,0.00000,0.2390,0.4718
41,1.6400,-0.1534,0.0000,-0.4977,-0.0971,-0.0001,0.0467,-0.0184,0.1041,-0.5267,0.2577,0.3196,0.2244,-0.03133,3.13022,0.0269,-0.0897,-0.0971,0.0540,0.00000,0.00000,0.2449,0.4832
42,1.6800,-0.1494,0.0000,-0.4980,-0.0904,0.0240,0.0512,-0.1313,-0.0924,-0.6515,0.2613,0.3186,0.2248,-0.03138,3.13290,0.0434,-0.0788,-0.0877,0.0568,0.00000,0.00000,0.2508,0.4946
43,1.7200,-0.1448,0.0000,-0.4982,-0.0776,-0.0152,0.0282,0.0769,-0.3654,-0.4331,0.2649,0.3180,0.2249,-0.04059,3.13298,-0.0146,-0.0713,-0.1376,0.0782,0.00000,0.00000,0.2567,0.5059
44,1.7600,-0.1399,0.0000,-0.4984,-0.0988,0.0095,0.0633,-0.0624,-0.0322,-0.4602,0.2686,0.3179,0.2249,-0.04836,3.13045,0.0467,-0.1155,-0.1216,0.0379,0.00000,0.00000,0.2626,0.5172
45,1.8000,-0.1348,0.0000,-0.4986,-0.1138,0.0190,0.0442,-0.1015,0.1293,-0.5343,0.2726,0.3165,0.2255,-0.04505,3.13328,-0.0019,-0.0920,-0.0941,0.0666,0.00000,0.00000,0.2685,0.5284
46,1.8400,-0.1293,0.0000,-0.4988,-0.1065,-0.0192,0.0101,0.0784,-0.0928,-0.4375,0.2769,0.3158,0.2248,-0.04407,3.13207,-0.0151,-0.0486,-0.1096,0.0991,0.00000,0.00000,0.2744,0.5396
47,1.8800,-0.1236,0.0000,-0.4989,-0.1295,0.0172,0.0753,-0.0948,0.3006,-0.5145,0.2813,0.3152,0.2248,-0.03939,3.13006,0.0528,-0.1245,-0.1273,0.0321,0.00000,0.00000,0.2803,0.5508
48,1.9200,-0.1176,0.0000,-0.4990,-0.1216,0.0090,0.0370,-0.0492,0.0740,-0.4984,0.2858,0.3134,0.2256,-0.03160,3.13309,-0.0186,-0.0825,-0.1063,0.0552,0.00000,0.00000,0.2862,0.5620
49,1.9600,-0.1111,0.0000,-0.4992,-0.1172,0.0008,0.0302,-0.0106,-0.0466,-0.3951,0.2904,0.3123,0.2251,-0.03191,3.13273,0.0272,-0.0962,-0.1223,0.0581,0.00000,0.00000,0.2921,0.5731
50,2.0000,-0.1046,0.0000,-0.4993,-0.1226,0.0049,0.0479,-0.0263,0.0355,-0.4003,0.2949,0.3111,0.2251,-0.03180,3.13265,-0.0014,-0.1083,-0.1278,0.0525,0.00000,0.00000,0.2980,0.5841
51,2.0400,-0.0979,0.0000,-0.4994,-0.1277,0.0117,0.0530,-0.0600,0.1207,-0.5561,0.2995,0.3095,0.2254,-0.02854,3.13367,0.0175,-0.1088,-0.1011,0.0667,0.00000,0.00000,0.3039,0.5952
52,2.0800,-0.0909,0.0000,-0.4994,-0.1108,-0.0080,0.0247,0.0305,-0.2290,-0.5178,0.3040,0.3081,0.2254,-0.03113,3.13345,0.0071,-0.0622,-0.1072,0.0629,0.00000,0.00000,0.3098,0.6062
53,2.1200,-0.0834,0.0000,-0.4995,-0.1338,-0.0019,0.0558,0.0070,0.2159,-0.3484,0.3088,0.3072,0.2254,-0.03025,3.13038,-0.0062,-0.1398,-0.1571,0.0305,0.00000,0.00000,0.3156,0.6171
54,2.1600,-0.0759,0.0000,-0.4996,-0.1344,0.0209,0.0228,-0.1033,0.1917,-0.4800,0.3134,0.3051,0.2253,-0.02247,3.13252,-0.0100,-0.0949,-0.0652,0.0421,0.00000,0.00000,0.3215,0.6280
55,2.2000,-0.0682,0.0000,-0.4996,-0.1217,-0.0023,0.0177,0.0164,-0.0149,-0.4644,0.3179,0.3030,0.2244,-0.01890,3.13403,-0.0055,-0.0704,-0.0966,0.1128,0.00000,0.00000,0.3273,0.6389
56,2.2400,-0.0602,0.0000,-0.4997,-0.1206,-0.0020,0.0678,0.0093,0.0717,-0.5234,0.3224,0.3017,0.2246,-0.01789,3.13230,0.0232,-0.1108,-0.1117,0.0710,0.00000,0.00000,0.3332,0.6497
57,2.2800,-0.0520,0.0000,-0.4997,-0.1226,0.0010,0.0560,-0.0031,0.1669,-0.5005,0.3267,0.3001,0.2257,-0.01240,3.13164,0.0026,-0.1042,-0.1093,0.0426,0.00000,0.00000,0.3390,0.6605
58,2.3200,-0.0435,0.0000,-0.4997,-0.1156,-0.0100,0.0161,0.0505,0.1010,-0.3839,0.3310,0.2986,0.2255,-0.00742,3.13010,-0.0327,-0.0996,-0.1085,0.0801,0.00000,0.00000,0.3449,0.6713
59,2.3600,-0.0348,0.0000,-0.4998,-0.0990,-0.0020,0.0194,-0.0034,-0.1394,-0.3987,0.3350,0.2972,0.2245,-0.00898,3.12834,0.0049,-0.0735,-0.1094,0.0610,0.00000,0.00000,0.3507,0.6820
60,2.4000,-0.0261,0.0000,-0.4998,-0.1135,0.0084,0.0633,-0.0411,0.2683,-0.4211,0.3387,0.2955,0.2248,-0.00516,3.12822,-0.0168,-0.1316,-0.1364,0.0542,0.00000,0.00000,0.3566,0.6927
61,2.4400,-0.0175,0.0000,-0.4998,-0.0849,-0.0149,0.0114,0.0669,-0.1787,-0.3330,0.3422,0.2939,0.2249,-0.00414,3.12767,-0.0527,-0.0696,-0.1112,0.0510,0.00000,0.00000,0.3624,0.7033
62,2.4800,-0.0088,0.0000,-0.4998,-0.0859,0.0105,0.0519,-0.0548,-0.0564,-0.4071,0.3454,0.2927,0.2244,-0.00963,3.12568,0.0206,-0.1249,-0.1303,0.0518,0.00000,0.00000,0.3682,0.7139
63,2.5200,-0.0003,0.0000,-0.4999,-0.0811,0.0133,0.0598,-0.0715,-0.0558,-0.4561,0.3480,0.2906,0.2254,-0.01097,3.12878,-0.0121,-0.1103,-0.1245,0.0579,0.00000,0.00000,0.3740,0.7244
64,2.5600,0.0084,0.0000,-0.4999,-0.0774,0.0023,0.0323,-0.0306,-0.0507,-0.4459,0.3506,0.2889,0.2256,-0.01321,3.12946,0.0071,-0.0964,-0.1048,0.0525,0.00000,0.00000,0.3798,0.7349
65,2.6000,0.0173,0.0000,-0.4999,-0.0726,-0.0073,0.0275,0.0204,-0.0772,-0.3116,0.3533,0.2876,0.2252,-0.01560,3.12811,-0.0330,-0.1083,-0.1345,0.0624,0.00000,0.00000,0.3856,0.7453
66,2.6400,0.0261,0.0000,-0.4999,-0.0842,0.0195,0.0368,-0.0983,0.2206,-0.4346,0.3558,0.2860,0.2249,-0.01247,3.12866,-0.0073,-0.1221,-0.0921,0.0268,0.00000,0.00000,0.3914,0.7557
67,2.6800,0.0349,0.0000,-0.4999,-0.0810,0.0118,0.0267,-0.0638,0.2443,-0.4307,0.3579,0.2837,0.2247,-0.00204,3.13246,-0.0184,-0.0910,-0.0994,0.0669,0.00000,0.00000,0.3972,0.7661
68,2.7200,0.0438,0.0000,-0.4999,-0.0475,-0.0170,0.0076,0.0893,-0.2515,-0.3661,0.3601,0.2826,0.2237,-0.00411,3.13129,-0.0279,-0.0655,-0.1013,0.0612,0.00000,0.00000,0.4030,0.7763
69,2.7600,0.0528,0.0000,-0.4999,-0.0510,0.0144,0.0780,-0.0698,-0.0524,-0.6302,0.3619,0.2817,0.2239,-0.01053,3.12954,0.0444,-0.1204,-0.1143,0.0505,0.00000,0.00000,0.4088,0.7866
70,2.8000,0.0619,0.0000,-0.4999,-0.0486,0.0107,0.0524,-0.0604,-0.0154,-0.4591,0.3631,0.2800,0.2254,-0.01078,3.13261,-0.0213,-0.1118,-0.1083,0.0105,0.00000,0.00000,0.4145,0.7968
71,2.8400,0.0715,0.0000,-0.4999,-0.0534,0.0090,0.0191,-0.0510,0.1357,-0.4122,0.3644,0.2787,0.2250,-0.00842,3.13390,0.0049,-0.1142,-0.0962,0.0662,0.00000,0.00000,0.4203,0.8069
72,2.8800,0.0810,0.0000,-0.5000,-0.0530,-0.0020,0.0250,-0.0070,0.2522,-0.4217,0.3657,0.2775,0.2244,0.00031,3.13444,-0.0194,-0.0911,-0.0931,0.0810,0.00000,0.00000,0.4261,0.8170
73,2.9200,0.0906,0.0000,-0.5000,-0.0383,-0.0077,0.0145,0.0454,0.1576,-0.5572,0.3670,0.2768,0.2236,0.00768,3.13270,-0.0265,-0.0742,-0.0599,0.0511,0.00000,0.00000,0.4318,0.8270
74,2.9600,0.1004,0.0000,-0.5000,-0.0202,-0.0171,0.0452,0.0943,0.0162,-0.3897,0.3681,0.2767,0.2234,0.01109,3.12903,-0.0238,-0.0922,-0.1203,0.0806,0.00000,0.00000,0.4375,0.8370
75,3.0000,0.1101,0.0000,-0.5000,-0.0187,0.0145,0.0578,-0.0670,0.1840,-0.5154,0.3685,0.2766,0.2241,0.01459,3.12796,0.0101,-0.1200,-0.0877,0.0192,0.00000,0.00000,0.4433,0.8470
76,3.0400,0.1199,0.0000,-0.5000,-0.0030,0.0003,0.0220,0.0063,0.0833,-0.4371,0.3683,0.2761,0.2242,0.02038,3.13065,-0.0514,-0.0987,-0.1060,0.0651,0.00000,0.00000,0.4490,0.8568
77,3.0800,0.1297,0.0000,-0.5000,0.0074,-0.0065,0.0242,0.0422,0.1454,-0.4208,0.3682,0.2765,0.2235,0.02449,3.12869,-0.0236,-0.0995,-0.0915,0.0645,0.00000,0.00000,0.4547,0.8667
78,3.1200,0.1395,0.0000,-0.5000,0.0378,0.0139,0.0411,-0.0602,-0.2032,-0.4693,0.3672,0.2770,0.2233,0.02211,3.13037,0.0134,-0.0887,-0.0889,0.0301,0.00000,0.00000,0.4604,0.8764
79,3.1600,0.1491,0.0000,-0.5000,0.0495,-0.0022,0.0699,0.0196,-0.1717,-0.3311,0.3659,0.2779,0.2242,0.01512,3.13159,-0.0028,-0.1263,-0.1505,0.0596,0.00000,0.00000,0.4662,0.8861
80,3.2000,0.1585,0.0000,-0.5000,0.0445,0.0057,0.0443,-0.0218,0.1340,-0.4635,0.3644,0.2794,0.2249,0.01474,3.13090,-0.0041,-0.1144,-0.0880,0.0163,0.00000,0.00000,0.4719,0.8958
81,3.2400,0.1677,0.0000,-0.5000,0.0541,-0.0013,0.0089,0.0165,0.1316,-0.4487,0.3626,0.2808,0.2243,0.02068,3.13175,-0.0398,-0.0877,-0.1014,0.0587,0.00000,0.00000,0.4775,0.9054
82,3.2800,0.1769,0.0000,-0.5000,0.0797,-0.0052,0.0280,0.0362,-0.1163,-0.3860,0.3608,0.2829,0.2234,0.01999,3.13050,-0.0055,-0.0875,-0.1066,0.0585,0.00000,0.00000,0.4832,0.9149
83,3.3200,0.1859,0.0000,-0.5000,0.0935,0.0112,0.0594,-0.0462,-0.1453,-0.4970,0.3582,0.2853,0.2237,0.01390,3.13110,0.0029,-0.1218,-0.1040,0.0252,0.00000,0.00000,0.4889,0.9244
84,3.3600,0.1948,0.0000,-0.5000,0.0878,0.0143,0.0555,-0.0645,0.1615,-0.4581,0.3552,0.2877,0.2247,0.01559,3.13454,0.0014,-0.1221,-0.1003,0.0216,0.00000,0.00000,0.4946,0.9338
85,3.4000,0.2037,0.0000,-0.5000,0.1014,-0.0058,0.0100,0.0384,0.1012,-0.3817,0.3523,0.2906,0.2243,0.02073,3.13584,-0.0300,-0.0893,-0.0855,0.0571,0.00000,0.00000,0.5002,0.9432
86,3.4400,0.2125,0.0000,-0.5000,0.1275,-0.0033,0.0387,0.0278,-0.1688,-0.4318,0.3495,0.2942,0.2235,0.01816,3.13386,0.0204,-0.0933,-0.1094,0.0641,0.00000,0.00000,0.5059,0.9525
87,3.4800,0.2209,0.0000,-0.5000,0.1385,0.0026,0.0583,-0.0019,-0.1323,-0.6011,0.3460,0.2983,0.2240,0.01174,3.13352,-0.0071,-0.1092,-0.0929,0.0343,0.00000,0.00000,0.5115,0.9617
88,3.5200,0.2294,0.0000,-0.5000,0.1362,0.0011,0.0459,0.0007,0.0854,-0.3717,0.3425,0.3027,0.2247,0.01216,3.13325,-0.0183,-0.1247,-0.1332,-0.0040,0.00000,0.00000,0.5172,0.9709
89,3.5600,0.2379,0.0000,-0.5000,0.1533,-0.0029,0.0169,0.0244,-0.0730,-0.4434,0.3388,0.3074,0.2242,0.01148,3.13290,-0.0246,-0.0985,-0.1048,0.0668,0.00000,0.00000,0.5228,0.9800
90,3.6000,0.2461,0.0000,-0.5000,0.1467,0.0233,0.0453,-0.1065,0.2515,-0.6211,0.3347,0.3122,0.2238,0.01542,3.13545,0.0152,-0.1186,-0.0780,0.0101,0.00000,0.00000,0.5284,0.9891
91,3.6400,0.2543,0.0000,-0.5000,0.1665,-0.0044,0.0358,0.0342,0.0897,-0.4413,0.3304,0.3172,0.2240,0.02299,3.13990,-0.0273,-0.0947,-0.1142,0.0511,0.00000,0.00000,0.5340,0.9981
92,3.6800,0.2627,0.0000,-0.5000,0.1916,-0.0011,0.0439,0.0179,-0.1443,-0.4899,0.3264,0.3234,0.2238,0.01954,3.13761,0.0189,-0.1210,-0.0978,0.0271,0.00000,0.00000,0.5396,1.0070
93,3.7200,0.2708,0.0000,-0.5000,0.2049,0.0058,0.0700,-0.0177,-0.1856,-0.5874,0.3219,0.3299,0.2245,0.01296,3.13887,0.0321,-0.1090,-0.1064,0.0635,0.00000,0.00000,0.5452,1.0159
94,3.7600,0.2789,0.0000,-0.5000,0.2048,0.0076,0.0401,-0.0299,-0.0064,-0.5280,0.3173,0.3368,0.2253,0.00970,3.14057,0.0038,-0.1200,-0.1127,-0.0247,0.00000,0.00000,0.5508,1.0247
95,3.8000,0.2870,0.0000,-0.5000,0.2111,0.0021,0.0210,-0.0010,0.0264,-0.5240,0.3127,0.3439,0.2247,0.00989,-3.14067,-0.0045,-0.1078,-0.0955,0.0706,0.00000,0.00000,0.5564,1.0334
96,3.8400,0.2951,0.0000,-0.5000,0.2125,-0.0079,0.0333,0.0495,0.1951,-0.3844,0.3085,0.3516,0.2243,0.01532,3.14030,-0.0267,-0.1200,-0.1296,0.0121,0.00000,0.00000,0.5619,1.0420
97,3.8800,0.3028,0.0000,-0.5000,0.2243,-0.0007,0.0390,0.0169,0.1826,-0.5192,0.3043,0.3597,0.2240,0.02224,3.13836,-0.0023,-0.1043,-0.0921,0.0423,0.00000,0.00000,0.5675,1.0506
98,3.9200,0.3103,0.0000,-0.5000,0.2487,-0.0243,0.0463,0.1338,-0.0289,-0.4293,0.3002,0.3686,0.2241,0.02523,3.13295,-0.0294,-0.0942,-0.1330,0.0669,0.00000,0.00000,0.5731,1.0592
99,3.9600,0.3176,0.0000,-0.5000,0.2664,0.0084,0.0715,-0.0348,-0.1266,-0.5183,0.2959,0.3781,0.2247,0.02013,3.12804,0.0392,-0.1361,-0.1073,0.0135,0.00000,0.00000,0.5786,1.0676
100,4.0000,0.3246,0.0000,-0.5000,0.2731,0.0127,0.0443,-0.0570,-0.0638,-0.5459,0.2907,0.3876,0.2254,0.01693,3.13415,-0.0098,-0.1155,-0.1050,0.0348,0.00000,0.00000,0.5841,1.0760
101,4.0400,0.3315,0.0000,-0.5000,0.2842,0.0172,0.0386,-0.0805,-0.0852,-0.5819,0.2854,0.3976,0.2252,0.01328,3.14120,0.0371,-0.1199,-0.0881,0.0549,0.00000,0.00000,0.5896,1.0844
102,4.0800,0.3384,0.0000,-0.5000,0.3004,-0.0096,0.0410,0.0550,-0.1942,-0.4657,0.2806,0.4083,0.2253,0.00812,-3.13994,-0.0059,-0.1115,-0.1312,0.0609,0.00000,0.00000,0.5952,1.0926
103,4.1200,0.3451,0.0000,-0.5000,0.3187,-0.0105,0.0259,0.0569,-0.3759,-0.4880,0.2766,0.4198,0.2250,-0.00487,3.13573,0.0016,-0.1072,-0.0974,0.0205,0.00000,0.00000,0.6007,1.1008
104,4.1600,0.3515,0.0000,-0.5000,0.3127,0.0026,0.0488,-0.0114,-0.1734,-0.4687,0.2724,0.4314,0.2252,-0.01477,3.13178,0.0115,-0.1221,-0.1421,0.0424,0.00000,0.00000,0.6062,1.1089
105,4.2000,0.3576,0.0000,-0.5000,0.3026,0.0227,0.0426,-0.1162,0.0857,-0.5135,0.2675,0.4429,0.2258,-0.01601,3.13832,0.0171,-0.1338,-0.1001,0.0156,0.00000,0.00000,0.6116,1.1170
106,4.2400,0.3634,0.0000,-0.5000,0.2950,0.0020,-0.0025,-0.0090,0.2849,-0.4048,0.2630,0.4543,0.2252,-0.00709,-3.13777,-0.0447,-0.1077,-0.1083,0.0208,0.00000,0.00000,0.6171,1.1249
107,4.2800,0.3691,0.0000,-0.5000,0.3200,0.0081,0.0287,-0.0346,-0.0724,-0.5694,0.2590,0.4662,0.2240,-0.00487,-3.13469,0.0337,-0.1107,-0.0972,0.0719,0.00000,0.00000,0.6226,1.1328
108,4.3200,0.3745,0.0000,-0.5000,0.3334,-0.0032,0.0449,0.0199,-0.1662,-0.5424,0.2551,0.4787,0.2244,-0.00992,-3.13349,-0.0094,-0.1147,-0.1034,-0.0028,0.00000,0.00000,0.6280,1.1407
109,4.3600,0.3798,0.0000,-0.5000,0.3214,0.0166,0.0436,-0.0852,0.1393,-0.5294,0.2514,0.4915,0.2248,-0.01036,-3.13087,0.0319,-0.1315,-0.0806,0.0007,0.00000,0.00000,0.6335,1.1484
110,4.4000,0.3851,0.0000,-0.5000,0.3230,0.0158,0.0179,-0.0778,0.1646,-0.4976,0.2474,0.5040,0.2245,-0.00344,-3.11397,0.0013,-0.1069,-0.0944,0.0209,0.00000,0.00000,0.6389,1.1561
111,4.4400,0.3901,0.0000,-0.5000,0.3356,-0.0155,0.0220,0.0873,0.0847,-0.5125,0.2444,0.5172,0.2237,0.00122,-3.11395,-0.0174,-0.1040,-0.1138,0.0570,0.00000,0.00000,0.6443,1.1637
112,4.4800,0.3950,0.0000,-0.5000,0.3470,0.0045,0.0606,-0.0187,0.0490,-0.5510,0.2419,0.5309,0.2240,0.00239,-3.11950,0.0279,-0.1375,-0.0801,0.0004,0.00000,0.00000,0.6497,1.1712
113,4.5200,0.3997,0.0000,-0.5000,0.3578,-0.0114,0.0646,0.0640,-0.0138,-0.4641,0.2393,0.5448,0.2251,0.00384,-3.11955,-0.0022,-0.1288,-0.1440,0.0633,0.00000,0.00000,0.6551,1.1787
114,4.5600,0.4041,0.0000,-0.5000,0.3685,-0.0015,0.0409,0.0118,-0.0674,-0.5456,0.2373,0.5594,0.2256,0.00093,-3.12955,0.0368,-0.1164,-0.0928,0.0127,0.00000,0.00000,0.6605,1.1861
115,4.6000,0.4084,0.0000,-0.5000,0.3821,-0.0127,0.0431,0.0687,-0.2153,-0.4084,0.2354,0.5742,0.2259,-0.00454,-3.13762,0.0046,-0.1171,-0.1519,0.0789,0.00000,0.00000,0.6659,1.1934
116,4.6400,0.4123,0.0000,-0.5000,0.3927,0.0019,0.0275,-0.0085,-0.3153,-0.4517,0.2337,0.5895,0.2259,-0.01673,3.13123,0.0312,-0.1112,-0.0874,0.0234,0.00000,0.00000,0.6713,1.2006
117,4.6800,0.4158,0.0000,-0.5000,0.3671,0.0192,0.0142,-0.0990,0.1955,-0.4982,0.2316,0.6046,0.2254,-0.01702,-3.13766,0.0075,-0.1053,-0.0965,0.0124,0.00000,0.00000,0.6767,1.2078
118,4.7200,0.4191,0.0000,-0.5000,0.3731,0.0085,0.0229,-0.0415,0.1482,-0.4066,0.2295,0.6196,0.2249,-0.00965,-3.09866,-0.0103,-0.1229,-0.1271,0.0541,0.00000,0.00000,0.6820,1.2149
119,4.7600,0.4221,0.0000,-0.5000,0.3931,-0.0048,0.0352,0.0278,-0.1023,-0.4618,0.2283,0.6350,0.2246,-0.01021,-3.08888,0.0133,-0.1180,-0.1039,0.0433,0.00000,0.00000,0.6873,1.2219
120,4.8000,0.4248,0.0000,-0.5000,0.3838,0.0153,0.0168,-0.0801,0.1659,-0.6148,0.2273,0.6508,0.2243,-0.00926,-3.05258,0.0208,-0.0924,-0.0241,-0.0145,0.00000,0.00000,0.6927,1.2288
121,4.8400,0.4274,0.0000,-0.5000,0.4008,0.0069,0.0272,-0.0320,-0.0954,-0.4892,0.2261,0.6665,0.2238,-0.00763,-2.83621,0.0160,-0.0992,-0.1127,0.0702,0.00000,0.00000,0.6980,1.2356
122,4.8800,0.4299,0.0000,-0.5000,0.4029,-0.0021,0.0462,0.0129,0.0232,-0.5881,0.2259,0.6828,0.2239,-0.00949,-1.50863,0.0343,-0.1055,-0.0830,0.0302,0.00000,0.00000,0.7033,1.2424
123,4.9200,0.4322,0.0000,-0.5000,0.4015,-0.0099,0.0229,0.0511,0.1480,-0.4726,0.2264,0.6991,0.2241,-0.00570,-0.20983,-0.0325,-0.1090,-0.0854,0.0008,0.00000,0.00000,0.7086,1.2491
124,4.9600,0.4344,0.0000,-0.5000,0.4115,0.0039,0.0175,-0.0202,0.0518,-0.3976,0.2270,0.7156,0.2233,-0.00291,-0.10215,0.0013,-0.1114,-0.0642,0.0403,0.00000,0.00000,0.7139,1.2557
125,5.0000,0.4362,0.0000,-0.5000,0.4120,0.0050,0.0347,-0.0228,0.1828,-0.4618,0.2276,0.7323,0.2229,0.00266,-0.08776,-0.0006,-0.0966,-0.0878,0.0311,0.00000,0.00000,0.7191,1.2622
126,5.0400,0.4377,0.0000,-0.5000,0.4313,-0.0011,0.0484,0.0121,0.0097,-0.6287,0.2285,0.7494,0.2229,0.00561,-0.07024,0.0229,-0.0846,-0.0680,0.0613,0.00000,0.00000,0.7244,1.2687
127,5.0800,0.4390,0.0000,-0.5000,0.4428,-0.0050,0.0434,0.0284,-0.0234,-0.5157,0.2303,0.7670,0.2233,0.00467,-0.04482,0.0017,-0.1077,-0.0764,-0.0043,0.00000,0.00000,0.7296,1.2750
128,5.1200,0.4403,0.0000,-0.5000,0.4458,-0.0075,0.0420,0.0411,0.0732,-0.5040,0.2326,0.7848,0.2234,0.00566,-0.02563,-0.0035,-0.1070,-0.0862,0.0696,0.00000,0.00000,0.7349,1.2813
129,5.1600,0.4412,0.0000,-0.5000,0.4520,0.0028,0.0525,-0.0089,0.1275,-0.5532,0.2350,0.8029,0.2237,0.00998,-0.01843,0.0242,-0.1003,-0.0905,0.0321,0.00000,0.00000,0.7401,1.2875
130,5.2000,0.4419,0.0000,-0.5000,0.4707,0.0140,0.0300,-0.0687,-0.0554,-0.5370,0.2374,0.8214,0.2237,0.00987,-0.03000,0.0135,-0.1030,-0.0500,0.0129,0.00000,0.00000,0.7453,1.2936
131,5.2400,0.4425,0.0000,-0.5000,0.4825,-0.0021,0.0282,0.0156,-0.1064,-0.4849,0.2403,0.8403,0.2231,0.00672,-0.03352,0.0059,-0.0910,-0.0884,0.0540,0.00000,0.00000,0.7505,1.2996
132,5.2800,0.4427,0.0000,-0.5000,0.4935,0.0072,0.0510,-0.0323,-0.1249,-0.6467,0.2440,0.8595,0.2231,0.00121,-0.03123,0.0399,-0.0999,-0.0646,0.0331,0.00000,0.00000,0.7557,1.3056
133,5.3200,0.4426,0.0000,-0.5000,0.4993,-0.0010,0.0618,0.0071,-0.0877,-0.4720,0.2481,0.8790,0.2241,-0.00245,-0.03141,0.0158,-0.1238,-0.1156,0.0237,0.00000,0.00000,0.7609,1.3115
134,5.3600,0.4424,0.0000,-0.5000,0.4952,-0.0046,0.0354,0.0254,0.1188,-0.5598,0.2530,0.8984,0.2245,-0.00169,-0.02394,0.0230,-0.0995,-0.0767,0.0474,0.00000,0.00000,0.7661,1.3172
135,5.4000,0.4418,0.0000,-0.5000,0.5180,0.0011,0.0205,-0.0016,-0.2221,-0.5413,0.2581,0.9181,0.2241,-0.00487,-0.02214,0.0244,-0.0877,-0.0868,0.0335,0.00000,0.00000,0.7712,1.3229
136,5.4400,0.4410,0.0000,-0.5000,0.5156,0.0189,0.0497,-0.0952,-0.0678,-0.5902,0.2634,0.9381,0.2242,-0.01107,-0.02601,0.0545,-0.1289,-0.0933,0.0187,0.00000,0.00000,0.7763,1.3286
137,5.4800,0.4399,0.0000,-0.5000,0.5241,-0.0009,0.0248,0.0041,-0.1562,-0.4280,0.2690,0.9581,0.2246,-0.01529,-0.03129,0.0045,-0.1001,-0.0865,0.0344,0.00000,0.00000,0.7815,1.3341
138,5.5200,0.4385,0.0000,-0.5000,0.5277,-0.0076,0.0225,0.0404,-0.1608,-0.6285,0.2760,0.9779,0.2241,-0.02224,-0.02339,0.0550,-0.0828,-0.0789,0.0835,0.00000,0.00000,0.7866,1.3395
139,5.5600,0.4368,0.0000,-0.5000,0.5295,0.0016,0.0381,-0.0098,-0.1568,-0.5668,0.2832,0.9977,0.2246,-0.02844,-0.01909,0.0306,-0.1092,-0.1070,0.0048,0.00000,0.00000,0.7917,1.3449
140,5.6000,0.4349,0.0000,-0.5000,0.5148,0.0221,0.0342,-0.1165,0.0990,-0.6195,0.2902,1.0175,0.2252,-0.02932,-0.02277,0.0599,-0.1220,-0.0896,0.0202,0.00000,0.00000,0.7968,1.3502
141,5.6400,0.4328,0.0000,-0.5000,0.5171,-0.0035,0.0273,0.0186,0.0427,-0.4575,0.2975,1.0369,0.2255,-0.02550,-0.02653,0.0210,-0.1113,-0.1391,0.0646,0.00000,0.00000,0.8019,1.3553
142,5.6800,0.4305,0.0000,-0.5000,0.5179,-0.0087,0.0209,0.0454,0.0682,-0.6738,0.3063,1.0559,0.2253,-0.02426,-0.01886,0.0588,-0.0856,-0.0757,0.0571,0.00000,0.00000,0.8069,1.3604
143,5.7200,0.4280,0.0000,-0.5000,0.5241,0.0033,0.0451,-0.0169,-0.0469,-0.5455,0.3151,1.0749,0.2259,-0.02431,-0.01633,0.0498,-0.1255,-0.1189,0.0357,0.00000,0.00000,0.8120,1.3654
144,5.7600,0.4253,0.0000,-0.5000,0.5292,-0.0025,0.0134,0.0123,-0.1510,-0.6637,0.3244,1.0939,0.2260,-0.02892,-0.01455,0.0442,-0.0842,-0.0844,0.0656,0.00000,0.00000,0.8170,1.3704
145,5.8000,0.4225,0.0000,-0.5000,0.5246,0.0033,0.0163,-0.0189,-0.0984,-0.4650,0.3342,1.1125,0.2258,-0.03384,-0.01238,0.0357,-0.1240,-0.1272,0.0057,0.00000,0.00000,0.8220,1.3752
146,5.8400,0.4194,0.0000,-0.5000,0.5238,0.0062,0.0239,-0.0323,-0.1406,-0.5251,0.3439,1.1310,0.2258,-0.03867,-0.01318,0.0595,-0.1023,-0.1157,0.0754,0.00000,0.00000,0.8270,1.3800
147,5.8800,0.4161,0.0000,-0.5000,0.5219,0.0097,0.0141,-0.0526,-0.1680,-0.5694,0.3540,1.1492,0.2260,-0.04531,-0.01427,0.0486,-0.1103,-0.0986,0.0182,0.00000,0.00000,0.8320,1.3846
148,5.9200,0.4126,0.0000,-0.5000,0.5151,-0.0096,0.0040,0.0449,-0.1294,-0.5745,0.3647,1.1668,0.2258,-0.05079,-0.01186,0.0223,-0.0947,-0.1138,0.0828,0.00000,0.00000,0.8370,1.3892
149,5.9600,0.4089,0.0000,-0.5000,0.5021,0.0007,0.0126,-0.0091,0.0114,-0.4957,0.3759,1.1839,0.2258,-0.05288,-0.00731,0.0412,-0.1133,-0.1149,0.0104,0.00000,0.00000,0.8420,1.3937
150,6.0000,0.4050,0.0000,-0.5000,0.4876,0.0168,0.0096,-0.0895,0.1539,-0.6000,0.3865,1.2008,0.2257,-0.04915,-0.00914,0.0285,-0.1155,-0.1081,0.0362,0.00000,0.00000,0.8470,1.3981
151,6.0400,0.4010,0.0000,-0.5000,0.4829,0.0097,0.0126,-0.0516,0.1511,-0.5511,0.3972,1.2173,0.2255,-0.04259,-0.01237,0.0309,-0.1089,-0.1174,0.0338,0.00000,0.00000,0.8519,1.4024
152,6.0800,0.3969,0.0000,-0.5000,0.4919,-0.0023,0.0055,0.0106,-0.0777,-0.6356,0.4087,1.2333,0.2251,-0.04245,-0.01168,0.0330,-0.0942,-0.0909,0.0554,0.00000,0.00000,0.8568,1.4066
153,6.1200,0.3928,0.0000,-0.5000,0.4881,-0.0084,0.0190,0.0400,-0.0637,-0.5102,0.4209,1.2487,0.2251,-0.04529,-0.00762,0.0230,-0.1094,-0.1181,0.0263,0.00000,0.00000,0.8618,1.4107
154,6.1600,0.3885,0.0000,-0.5000,0.4770,0.0122,0.0246,-0.0659,0.0457,-0.5855,0.4330,1.2638,0.2254,-0.04564,-0.00657,0.0570,-0.1066,-0.0996,0.0319,0.00000,0.00000,0.8667,1.4147
155,6.2000,0.3841,0.0000,-0.5000,0.4642,0.0125,0.0180,-0.0684,0.2041,-0.5322,0.4448,1.2788,0.2256,-0.03995,-0.00956,0.0156,-0.1211,-0.1086,0.0336,0.00000,0.00000,0.8716,1.4187
156,6.2400,0.3796,0.0000,-0.5000,0.4801,-0.0062,-0.0054,0.0311,-0.1682,-0.5175,0.4572,1.2933,0.2250,-0.04035,-0.00953,0.0197,-0.0860,-0.0989,0.0574,0.00000,0.00000,0.8764,1.4225
157,6.2800,0.3750,0.0000,-0.5000,0.4702,-0.0056,0.0364,0.0270,0.0032,-0.6229,0.4704,1.3070,0.2249,-0.04358,-0.00518,0.0443,-0.1138,-0.1223,0.0601,0.00000,0.00000,0.8813,1.4263
158,6.3200,0.3703,0.0000,-0.5000,0.4619,0.0095,0.0327,-0.0524,0.0903,-0.4998,0.4832,1.3207,0.2259,-0.04145,-0.00486,0.0136,-0.1325,-0.1138,-0.0134,0.00000,0.00000,0.8861,1.4300
159,6.3600,0.3655,0.0000,-0.5000,0.4556,0.0071,0.0104,-0.0376,0.1113,-0.5188,0.4961,1.3341,0.2257,-0.03705,-0.00629,0.0437,-0.0969,-0.1092,0.0727,0.00000,0.00000,0.8910,1.4335
160,6.4000,0.3607,0.0000,-0.5000,0.4508,0.0186,0.0237,-0.0964,0.1676,-0.5104,0.5089,1.3473,0.2256,-0.03186,-0.00886,0.0484,-0.1247,-0.0975,0.0167,0.00000,0.00000,0.8958,1.4370
161,6.4400,0.3557,0.0000,-0.5000,0.4661,0.0045,0.0102,-0.0213,-0.1569,-0.5979,0.5220,1.3603,0.2253,-0.03256,-0.01170,0.0379,-0.0870,-0.0890,0.0656,0.00000,0.00000,0.9006,1.4404
162,6.4800,0.3507,0.0000,-0.4995,0.4552,0.0042,0.0393,-0.0238,0.0550,-0.6357,0.5359,1.3725,0.2254,-0.03454,-0.01064,0.0568,-0.1283,-0.1132,0.0227,0.00000,0.00000,0.9054,1.4437
163,6.5200,0.3456,0.0000,-0.4980,0.4520,0.0117,0.0321,-0.0616,0.0641,-0.5392,0.5497,1.3846,0.2261,-0.03216,-0.01213,0.0423,-0.1244,-0.0984,0.0139,0.00000,0.00000,0.9102,1.4469
164,6.5600,0.3404,0.0000,-0.4957,0.4551,0.0046,0.0144,-0.0230,-0.0492,-0.5395,0.5636,1.3963,0.2260,-0.03239,-0.01331,0.0477,-0.1164,-0.1102,0.0539,0.00000,0.00000,0.9149,1.4501
165,6.6000,0.3352,0.0000,-0.4933,0.4540,-0.0149,0.0105,0.0764,-0.0421,-0.4555,0.5783,1.4072,0.2256,-0.03404,-0.01061,0.0076,-0.1110,-0.1257,0.0277,0.00000,0.00000,0.9197,1.4531
166,6.6400,0.3299,0.0000,-0.4910,0.4590,-0.0053,0.0332,0.0269,-0.1733,-0.5377,0.5932,1.4176,0.2256,-0.03932,-0.00688,0.0633,-0.1068,-0.1108,0.0668,0.00000,0.00000,0.9244,1.4560
167,6.6800,0.3244,0.0000,-0.4889,0.4464,0.0089,0.0291,-0.0473,-0.0123,-0.5483,0.6080,1.4281,0.2263,-0.04224,-0.00618,0.0549,-0.1045,-0.1176,-0.0000,0.00000,0.00000,0.9291,1.4588
168,6.7200,0.3189,0.0000,-0.4866,0.4370,0.0038,0.0173,-0.0213,0.0742,-0.4372,0.6225,1.4383,0.2264,-0.04074,-0.00702,0.0279,-0.1220,-0.1245,0.0604,0.00000,0.00000,0.9338,1.4616
169,6.7600,0.3133,0.0000,-0.4847,0.4438,0.0149,0.0098,-0.0767,-0.1516,-0.6265,0.6371,1.4484,0.2260,-0.04360,-0.00837,0.0710,-0.1003,-0.0850,0.0484,0.00000,0.00000,0.9385,1.4642
170,6.8000,0.3077,0.0000,-0.4828,0.4262,0.0057,0.0218,-0.0327,0.1113,-0.4630,0.6517,1.4579,0.2261,-0.04310,-0.00952,0.0213,-0.1312,-0.1350,0.0036,0.00000,0.00000,0.9432,1.4668
171,6.8400,0.3020,0.0000,-0.4811,0.4394,-0.0205,0.0068,0.1032,-0.2289,-0.3683,0.6667,1.4664,0.2259,-0.04643,-0.00712,0.0140,-0.1010,-0.1250,0.0843,0.00000,0.00000,0.9478,1.4693
172,6.8800,0.2963,0.0000,-0.4803,0.4336,0.0063,0.0105,-0.0364,-0.2395,-0.6181,0.6820,1.4746,0.2255,-0.05666,-0.00351,0.0847,-0.0837,-0.0874,0.0110,0.00000,0.00000,0.9525,1.4716
173,6.9200,0.2905,0.0000,-0.4798,0.4136,0.0152,0.0190,-0.0823,-0.0285,-0.4164,0.6965,1.4831,0.2258,-0.06054,-0.00542,0.0294,-0.1146,-0.1347,0.0148,0.00000,0.00000,0.9571,1.4739
174,6.9600,0.2847,0.0000,-0.4797,0.4065,-0.0044,-0.0076,0.0182,-0.0762,-0.4907,0.7110,1.4909,0.2254,-0.06233,-0.00542,0.0303,-0.0761,-0.1171,0.0682,0.00000,0.00000,0.9617,1.4761
175,7.0000,0.2790,0.0000,-0.4801,0.3915,-0.0005,0.0171,-0.0031,0.0679,-0.5061,0.7255,1.4978,0.2251,-0.06248,-0.00312,0.0289,-0.1124,-0.1200,0.0268,0.00000,0.00000,0.9663,1.4782
176,7.0400,0.2732,0.0000,-0.4811,0.3806,0.0120,0.0191,-0.0668,0.0968,-0.5183,0.7395,1.5047,0.2253,-0.05901,-0.00356,0.0236,-0.1143,-0.1132,0.0157,0.00000,0.00000,0.9709,1.4802
177,7.0800,0.2675,0.0000,-0.4823,0.3736,0.0153,0.0060,-0.0841,0.0644,-0.4600,0.7531,1.5116,0.2252,-0.05626,-0.00575,0.0210,-0.1203,-0.0960,0.0228,0.00000,0.00000,0.9755,1.4821
178,7.1200,0.2618,0.0000,-0.4840,0.3616,0.0132,-0.0038,-0.0723,0.1451,-0.5381,0.7666,1.5180,0.2244,-0.05150,-0.00773,0.0329,-0.0839,-0.0836,0.0200,0.00000,0.00000,0.9800,1.4839
179,7.1600,0.2562,0.0000,-0.4859,0.3716,0.0030,0.0155,-0.0185,-0.1343,-0.5515,0.7802,1.5239,0.2239,-0.05247,-0.00881,0.0185,-0.1081,-0.1048,0.0474,0.00000,0.00000,0.9846,1.4856
180,7.2000,0.2507,0.0000,-0.4876,0.3642,-0.0052,0.0460,0.0222,-0.0674,-0.6837,0.7940,1.5289,0.2245,-0.05605,-0.00669,0.0621,-0.0934,-0.1193,0.0443,0.00000,0.00000,0.9891,1.4872
181,7.2400,0.2452,0.0000,-0.4891,0.3573,-0.0043,0.0408,0.0163,-0.0766,-0.5014,0.8076,1.5333,0.2258,-0.05905,-0.00438,0.0283,-0.1287,-0.1416,0.0024,0.00000,0.00000,0.9936,1.4887
182,7.2800,0.2399,0.0000,-0.4904,0.3415,-0.0038,0.0053,0.0134,0.0265,-0.4727,0.8210,1.5374,0.2259,-0.05968,-0.00223,0.0343,-0.0911,-0.1105,0.0578,0.00000,0.00000,0.9981,1.4901
183,7.3200,0.2346,0.0000,-0.4916,0.3276,0.0082,0.0182,-0.0445,0.1149,-0.5023,0.8340,1.5414,0.2256,-0.05597,-0.00167,0.0436,-0.1034,-0.1494,0.0321,0.00000,0.00000,1.0025,1.4915
184,7.3600,0.2294,0.0000,-0.4926,0.3178,0.0181,0.0166,-0.0949,0.1640,-0.6189,0.8465,1.5455,0.2255,-0.05061,-0.00351,0.0276,-0.1075,-0.1095,0.0032,0.00000,0.00000,1.0070,1.4927
185,7.4000,0.2244,0.0000,-0.4935,0.3217,0.0130,0.0220,-0.0685,-0.0386,-0.5532,0.8589,1.5495,0.2254,-0.04910,-0.00605,0.0386,-0.1180,-0.1047,0.0500,0.00000,0.00000,1.0114,1.4938
186,7.4400,0.2194,0.0000,-0.4943,0.3206,-0.0014,0.0197,0.0044,-0.1404,-0.5066,0.8713,1.5526,0.2254,-0.05272,-0.00591,0.0462,-0.0979,-0.1200,0.0278,0.00000,0.00000,1.0159,1.4949
187,7.4800,0.2146,0.0000,-0.4949,0.3045,0.0033,-0.0021,-0.0235,0.0284,-0.6103,0.8836,1.5551,0.2248,-0.05524,-0.00453,0.0160,-0.0900,-0.0708,0.0109,0.00000,0.00000,1.0203,1.4958
188,7.5200,0.2098,0.0000,-0.4956,0.2846,0.0176,0.0190,-0.0951,0.2635,-0.5688,0.8954,1.5578,0.2243,-0.04819,-0.00582,0.0298,-0.1056,-0.1015,0.0234,0.00000,0.00000,1.0247,1.4967
189,7.5600,0.2052,0.0000,-0.4961,0.2832,-0.0109,0.0125,0.0553,0.2259,-0.5509,0.9069,1.5599,0.2240,-0.03780,-0.00579,-0.0105,-0.0781,-0.1066,0.0530,0.00000,0.00000,1.0290,1.4974
190,7.6000,0.2007,0.0000,-0.4966,0.3004,-0.0116,0.0294,0.0587,-0.1343,-0.4287,0.9188,1.5609,0.2238,-0.03807,-0.00242,0.0261,-0.1038,-0.1048,0.0228,0.00000,0.00000,1.0334,1.4981
191,7.6400,0.1963,0.0000,-0.4970,0.2969,0.0105,0.0366,-0.0666,-0.0726,-0.6469,0.9306,1.5623,0.2241,-0.04258,-0.00165,0.0485,-0.0903,-0.0994,0.0503,0.00000,0.00000,1.0377,1.4986
192,7.6800,0.1920,0.0000,-0.4973,0.2887,0.0293,0.0041,-0.1647,0.0239,-0.6164,0.9423,1.5644,0.2240,-0.04328,-0.00551,0.0194,-0.0945,-0.0885,-0.0082,0.00000,0.00000,1.0420,1.4991
193,7.7200,0.1878,0.0000,-0.4977,0.2890,0.0165,-0.0039,-0.0943,-0.0150,-0.4436,0.9538,1.5663,0.2228,-0.04290,-0.00996,0.0041,-0.1050,-0.1243,0.0524,0.00000,0.00000,1.0464,1.4995
194,7.7600,0.1837,0.0000,-0.4979,0.2879,-0.0161,0.0090,0.0754,0.0615,-0.5050,0.9655,1.5668,0.2219,-0.04131,-0.00892,-0.0207,-0.0780,-0.1350,0.0642,0.00000,0.00000,1.0506,1.4997
195,7.8000,0.1797,0.0000,-0.4982,0.2829,0.0163,0.0339,-0.0888,0.1081,-0.5152,0.9772,1.5672,0.2218,-0.03911,-0.00801,0.0319,-0.1037,-0.0723,-0.0210,0.00000,0.00000,1.0549,1.4999
196,7.8400,0.1757,0.0000,-0.4984,0.2759,0.0188,0.0371,-0.0981,0.1649,-0.6243,0.9885,1.5683,0.2221,-0.03294,-0.01157,0.0291,-0.0868,-0.0982,0.0681,0.00000,0.00000,1.0592,1.5000
197,7.8800,0.1718,0.0000,-0.4986,0.2844,0.0055,0.0268,-0.0286,-0.0123,-0.6101,1.0000,1.5687,0.2223,-0.03067,-0.01327,0.0347,-0.0844,-0.0968,0.0122,0.00000,0.00000,1.0634,1.5000
198,7.9200,0.1680,0.0000,-0.4988,0.2847,-0.0045,0.0415,0.0223,-0.0223,-0.5813,1.0114,1.5683,0.2225,-0.03219,-0.01235,0.0251,-0.1095,-0.1090,0.0598,0.00000,0.00000,1.0676,1.4999
199,7.9600,0.1643,0.0000,-0.4989,0.2824,-0.0134,0.0359,0.0677,-0.0061,-0.5134,1.0228,1.5672,0.2230,-0.03240,-0.00961,0.0119,-0.0905,-0.1203,0.0315,0.00000,0.00000,1.0718,1.4997
200,8.0000,0.1606,0.0000,-0.4990,0.2829,-0.0001,0.0364,-0.0009,-0.0602,-0.5941,1.0341,1.5659,0.2233,-0.03475,-0.00745,0.0363,-0.0998,-0.1047,0.0605,0.00000,0.00000,1.0760,1.4994
201,8.0400,0.1570,0.0000,-0.4992,0.2773,0.0065,0.0392,-0.0357,-0.0136,-0.4396,1.0453,1.5650,0.2239,-0.03570,-0.00762,0.0306,-0.1070,-0.1293,0.0236,0.00000,0.00000,1.0802,1.4990
202,8.0800,0.1535,0.0000,-0.4993,0.2719,0.0078,0.0188,-0.0419,0.0217,-0.5172,1.0563,1.5640,0.2237,-0.03595,-0.00842,0.0258,-0.0969,-0.0985,0.0537,0.00000,0.00000,1.0844,1.4985
203,8.1200,0.1500,0.0000,-0.4993,0.2801,0.0048,0.0272,-0.0250,-0.2013,-0.5389,1.0673,1.5629,0.2236,-0.04006,-0.00925,0.0421,-0.0905,-0.1180,0.0561,0.00000,0.00000,1.0885,1.4979
204,8.1600,0.1467,0.0000,-0.4994,0.2736,-0.0043,0.0250,0.0190,-0.1386,-0.5338,1.0781,1.5610,0.2236,-0.04695,-0.00800,0.0194,-0.0940,-0.1128,0.0253,0.00000,0.00000,1.0926,1.4972
205,8.2000,0.1434,0.0000,-0.4995,0.2452,0.0187,0.0346,-0.1015,0.2884,-0.6300,1.0886,1.5593,0.2238,-0.04305,-0.00817,0.0514,-0.1004,-0.0828,0.0315,0.00000,0.00000,1.0967,1.4964
206,8.2400,0.1402,0.0000,-0.4996,0.2549,0.0079,0.0200,-0.0403,-0.0091,-0.5601,1.0987,1.5581,0.2238,-0.03754,-0.01111,0.0223,-0.0876,-0.1160,0.0556,0.00000,0.00000,1.1008,1.4955
207,8.2800,0.1371,0.0000,-0.4996,0.2632,-0.0096,0.0077,0.0380,-0.1281,-0.5333,1.1089,1.5555,0.2232,-0.04181,-0.00967,0.0108,-0.0971,-0.1053,0.0433,0.00000,0.00000,1.1049,1.4946
208,8.3200,0.1341,0.0000,-0.4997,0.2593,0.0247,0.0297,-0.1422,-0.0947,-0.6481,1.1191,1.5532,0.2229,-0.04694,-0.01077,0.0689,-0.1004,-0.0894,0.0411,0.00000,0.00000,1.1089,1.4935
209,8.3600,0.1312,0.0000,-0.4997,0.2606,0.0206,0.0066,-0.1197,-0.1858,-0.5721,1.1293,1.5516,0.2227,-0.05225,-0.01572,0.0253,-0.0847,-0.1107,0.0348,0.00000,0.00000,1.1130,1.4923
210,8.4000,0.1284,0.0000,-0.4997,0.2398,0.0008,0.0141,-0.0088,0.1160,-0.5135,1.1391,1.5489,0.2220,-0.05271,-0.01655,0.0308,-0.0890,-0.1308,0.0488,0.00000,0.00000,1.1170,1.4911
211,8.4400,0.1257,0.0000,-0.4998,0.2420,0.0035,0.0242,-0.0217,-0.0423,-0.4526,1.1484,1.5460,0.2219,-0.05220,-0.01643,0.0230,-0.1011,-0.1087,0.0144,0.00000,0.00000,1.1210,1.4897
212,8.4800,0.1232,0.0000,-0.4998,0.2369,0.0058,0.0155,-0.0352,-0.0828,-0.6079,1.1575,1.5430,0.2216,-0.05543,-0.01647,0.0305,-0.0818,-0.0859,0.0384,0.00000,0.00000,1.1249,1.4883
213,8.5200,0.1207,0.0000,-0.4998,0.2204,-0.0142,0.0226,0.0692,0.1192,-0.4209,1.1661,1.5396,0.2215,-0.05351,-0.01438,-0.0222,-0.0958,-0.1323,0.0351,0.00000,0.00000,1.1289,1.4867
214,8.5600,0.1184,0.0000,-0.4998,0.2208,-0.0059,0.0288,0.0254,0.0020,-0.5308,1.1742,1.5358,0.2214,-0.05235,-0.01131,0.0166,-0.0899,-0.0933,0.0699,0.00000,0.00000,1.1328,1.4851
215,8.6000,0.1162,0.0000,-0.4999,0.2100,0.0005,0.0351,-0.0080,0.0999,-0.5261,1.1822,1.5323,0.2217,-0.04977,-0.00988,0.0077,-0.0904,-0.1128,0.0333,0.00000,0.00000,1.1368,1.4833
216,8.6400,0.1141,0.0000,-0.4999,0.2065,0.0039,0.0227,-0.0244,0.0591,-0.4201,1.1900,1.5290,0.2218,-0.04704,-0.00983,-0.0054,-0.1038,-0.1101,0.0348,0.00000,0.00000,1.1407,1.4815
217,8.6800,0.1122,0.0000,-0.4999,0.1936,0.0154,0.0266,-0.0761,0.1904,-0.4789,1.1977,1.5259,0.2216,-0.04192,-0.01122,0.0231,-0.0947,-0.1017,0.0387,0.00000,0.00000,1.1446,1.4796
218,8.7200,0.1105,0.0000,-0.4999,0.2028,0.0061,0.0143,-0.0315,-0.0601,-0.5952,1.2052,1.5229,0.2212,-0.03974,-0.01348,0.0076,-0.0653,-0.1015,0.0379,0.00000,0.00000,1.1484,1.4776
219,8.7600,0.1089,0.0000,-0.4999,0.1960,-0.0076,0.0502,0.0395,0.0680,-0.4808,1.2123,1.5191,0.2214,-0.03987,-0.01190,0.0001,-0.1209,-0.1297,0.0522,0.00000,0.00000,1.1523,1.4754
220,8.8000,0.1074,0.0000,-0.4999,0.1967,0.0050,0.0300,-0.0269,-0.0242,-0.5088,1.2193,1.5153,0.2219,-0.03973,-0.01099,0.0170,-0.0879,-0.0829,0.0146,0.00000,0.00000,1.1561,1.4732
221,8.8400,0.1061,0.0000,-0.4999,0.1866,0.0120,0.0175,-0.0612,0.0741,-0.5144,1.2262,1.5118,0.2215,-0.03836,-0.01232,0.0131,-0.0877,-0.1084,0.0311,0.00000,0.00000,1.1599,1.4709
222,8.8800,0.1050,0.0000,-0.4999,0.1862,0.0096,0.0210,-0.0493,0.0395,-0.4629,1.2331,1.5084,0.2211,-0.03649,-0.01456,0.0050,-0.0903,-0.0909,0.0360,0.00000,0.00000,1.1637,1.4685
223,8.9200,0.1040,0.0000,-0.4999,0.1898,-0.0117,0.0284,0.0624,-0.0418,-0.5374,1.2395,1.5043,0.2208,-0.03670,-0.01351,-0.0075,-0.0779,-0.1095,0.0746,0.00000,0.00000,1.1675,1.4660
224,8.9600,0.1031,0.0000,-0.5000,0.1942,-0.0031,0.0409,0.0145,-0.1555,-0.3905,1.2457,1.4998,0.2212,-0.04166,-0.01072,0.0162,-0.0969,-0.1027,0.0023,0.00000,0.00000,1.1713,1.4634
225,9.0000,0.1023,0.0000,-0.5000,0.1652,0.0035,0.0515,-0.0171,0.3242,-0.4651,1.2517,1.4957,0.2218,-0.03639,-0.00975,0.0017,-0.1097,-0.1411,0.0591,0.00000,0.00000,1.1750,1.4608
226,9.0400,0.1017,0.0000,-0.5000,0.1835,-0.0091,0.0109,0.0482,-0.0675,-0.4485,1.2576,1.4916,0.2218,-0.03243,-0.00923,-0.0263,-0.0715,-0.1000,0.0446,0.00000,0.00000,1.1787,1.4580
227,9.0800,0.1012,0.0000,-0.5000,0.1830,-0.0108,0.0316,0.0576,-0.0705,-0.4473,1.2632,1.4868,0.2213,-0.03584,-0.00521,-0.0072,-0.0995,-0.1343,0.0616,0.00000,0.00000,1.1824,1.4551
228,9.1200,0.1008,0.0000,-0.5000,0.1681,0.0211,0.0573,-0.1067,0.1757,-0.6113,1.2691,1.4826,0.2219,-0.03316,-0.00577,0.0372,-0.0924,-0.0977,0.0235,0.00000,0.00000,1.1861,1.4522
229,9.1600,0.1005,0.0000,-0.5000,0.1587,0.0101,0.0116,-0.0511,0.3191,-0.4231,1.2751,1.4790,0.2221,-0.02238,-0.00969,-0.0225,-0.0803,-0.0888,0.0262,0.00000,0.00000,1.1898,1.4491
230,9.2000,0.1004,0.0000,-0.4984,0.1842,-0.0169,0.0125,0.0920,-0.1490,-0.3833,1.2804,1.4744,0.2209,-0.02029,-0.00833,0.0018,-0.0623,-0.1355,0.1085,0.00000,0.00000,1.1934,1.4460
231,9.2400,0.1004,0.0000,-0.4964,0.1916,-0.0021,0.0503,0.0145,-0.2192,-0.5968,1.2857,1.4692,0.2210,-0.02919,-0.00442,0.0174,-0.0826,-0.0991,0.0196,0.00000,0.00000,1.1970,1.4427
232,9.2800,0.1004,0.0000,-0.4931,0.1638,0.0326,0.0619,-0.1665,0.2680,-0.5790,1.2916,1.4649,0.2222,-0.02688,-0.00785,0.0259,-0.1200,-0.1026,-0.0073,0.00000,0.00000,1.2006,1.4394
233,9.3200,0.1006,0.0000,-0.4881,0.1851,-0.0098,0.0120,0.0536,-0.1694,-0.4056,1.2973,1.4607,0.2222,-0.02511,-0.01184,-0.0224,-0.0739,-0.1347,0.1090,0.00000,0.00000,1.2042,1.4360
234,9.3600,0.1009,0.0000,-0.4823,0.1789,0.0041,0.0335,-0.0200,-0.0328,-0.5042,1.3023,1.4553,0.2217,-0.03035,-0.00853,0.0489,-0.0935,-0.0941,0.0159,0.00000,0.00000,1.2078,1.4325
235,9.4000,0.1013,0.0000,-0.4758,0.1715,0.0112,0.0380,-0.0560,0.0708,-0.4562,1.3077,1.4507,0.2220,-0.02865,-0.01120,-0.0074,-0.0932,-0.1127,0.0420,0.00000,0.00000,1.2113,1.4289
236,9.4400,0.1017,0.0000,-0.4686,0.1714,0.0135,0.0156,-0.0675,0.0471,-0.5213,1.3130,1.4460,0.2216,-0.02698,-0.01417,0.0148,-0.0860,-0.0850,0.0262,0.00000,0.00000,1.2149,1.4252
237,9.4800,0.1023,0.0000,-0.4605,0.1689,0.0098,0.0440,-0.0465,0.1090,-0.5232,1.3181,1.4413,0.2215,-0.02369,-0.01736,0.0176,-0.1077,-0.1161,0.0623,0.00000,0.00000,1.2184,1.4214
238,9.5200,0.1029,0.0000,-0.4518,0.1835,-0.0105,0.0351,0.0572,-0.1361,-0.4294,1.3229,1.4360,0.2219,-0.02491,-0.01691,-0.0037,-0.0944,-0.1215,0.0281,0.00000,0.00000,1.2219,1.4175
239,9.5600,0.1036,0.0000,-0.4424,0.1794,-0.0044,0.0429,0.0236,-0.0558,-0.4862,1.3273,1.4302,0.2221,-0.02943,-0.01313,0.0345,-0.0938,-0.1008,0.0634,0.00000,0.00000,1.2253,1.4135
240,9.6000,0.1044,0.0000,-0.4327,0.1767,0.0075,0.0188,-0.0391,-0.0509,-0.3986,1.3319,1.4248,0.2221,-0.03146,-0.01360,0.0029,-0.0820,-0.0937,0.0103,0.00000,0.00000,1.2288,1.4095
241,9.6400,0.1053,0.0000,-0.4225,0.1646,0.0142,0.0222,-0.0720,0.1454,-0.3988,1.3367,1.4197,0.2215,-0.02918,-0.01662,0.0021,-0.1074,-0.1139,0.0447,0.00000,0.00000,1.2322,1.4053
242,9.6800,0.1062,0.0000,-0.4125,0.1837,-0.0010,0.0292,0.0076,-0.2021,-0.4523,1.3413,1.4145,0.2213,-0.03137,-0.01941,0.0027,-0.0835,-0.0987,0.0759,0.00000,0.00000,1.2356,1.4011
243,9.7200,0.1071,0.0000,-0.4023,0.1732,-0.0124,0.0336,0.0641,0.0039,-0.3863,1.3452,1.4084,0.2213,-0.03472,-0.01490,-0.0031,-0.0886,-0.1195,0.0027,0.00000,0.00000,1.2390,1.3967
244,9.7600,0.1082,0.0000,-0.3918,0.1583,0.0199,0.0353,-0.1021,0.2307,-0.4768,1.3494,1.4030,0.2214,-0.03009,-0.01577,0.0174,-0.1031,-0.0867,0.0174,0.00000,0.00000,1.2424,1.3923
245,9.8000,0.1093,0.0000,-0.3811,0.1634,-0.0114,0.0115,0.0612,0.1268,-0.2979,1.3534,1.3977,0.2211,-0.02204,-0.01795,-0.0515,-0.0785,-0.1267,0.0585,0.00000,0.00000,1.2457,1.3878
246,9.8400,0.1105,0.0000,-0.3705,0.1730,-0.0201,0.0441,0.1064,0.0130,-0.2687,1.3566,1.3915,0.2208,-0.02042,-0.01044,0.0029,-0.0937,-0.1273,0.0734,0.00000,0.00000,1.2491,1.3832
247,9.8800,0.1117,0.0000,-0.3605,0.1758,0.0092,0.0500,-0.0435,-0.0205,-0.4746,1.3603,1.3855,0.2214,-0.02128,-0.00811,0.0167,-0.0850,-0.0954,0.0078,0.00000,0.00000,1.2524,1.3785
248,9.9200,0.1129,0.0000,-0.3503,0.1870,0.0107,0.0383,-0.0531,-0.2383,-0.3510,1.3647,1.3798,0.2219,-0.02726,-0.01259,0.0025,-0.1066,-0.1185,0.0523,0.00000,0.00000,1.2557,1.3738
249,9.9600,0.1142,0.0000,-0.3400,0.1667,0.0122,0.0327,-0.0622,0.1357,-0.2672,1.3687,1.3740,0.2220,-0.02809,-0.01524,0.0139,-0.1061,-0.1199,0.0130,0.00000,0.00000,1.2590,1.3689
250,10.0000,0.1156,0.0000,-0.3301,0.1740,0.0031,0.0161,-0.0129,-0.0322,-0.2787,1.3727,1.3684,0.2216,-0.02599,-0.01889,-0.0116,-0.0840,-0.1283,0.0434,0.00000,0.00000,1.2622,1.3639
251,10.0400,0.1169,0.0000,-0.3206,0.1768,0.0016,0.0440,-0.0045,-0.0572,-0.3674,1.3763,1.3623,0.2214,-0.02862,-0.01874,0.0171,-0.1059,-0.1195,0.0482,0.00000,0.00000,1.2654,1.3589
252,10.0800,0.1183,0.0000,-0.3113,0.1740,-0.0081,0.0360,0.0437,-0.0048,-0.3339,1.3797,1.3562,0.2219,-0.02944,-0.01677,-0.0207,-0.0943,-0.1199,0.0228,0.00000,0.00000,1.2687,1.3538
253,10.1200,0.1198,0.0000,-0.3019,0.1736,0.0138,0.0131,-0.0703,-0.0515,-0.3459,1.3832,1.3501,0.2215,-0.03174,-0.01725,0.0126,-0.0907,-0.0776,0.0083,0.00000,0.00000,1.2718,1.3486
254,10.1600,0.1213,0.0000,-0.2924,0.1793,0.0238,0.0305,-0.1214,-0.2135,-0.4018,1.3874,1.3445,0.2210,-0.03737,-0.02658,0.0339,-0.0911,-0.1025,0.0582,0.00000,0.00000,1.2750,1.3433
255,10.2000,0.1228,0.0000,-0.2828,0.1741,-0.0070,0.0414,0.0371,-0.1271,-0.3607,1.3908,1.3385,0.2214,-0.04322,-0.02913,0.0103,-0.0842,-0.1290,0.0435,0.00000,0.00000,1.2782,1.3379
256,10.2400,0.1244,0.0000,-0.2729,0.1539,0.0081,0.0359,-0.0428,0.1781,-0.3159,1.3937,1.3325,0.2217,-0.04215,-0.02712,0.0197,-0.1122,-0.1000,-0.0220,0.00000,0.00000,1.2813,1.3324
257,10.2800,0.1261,0.0000,-0.2631,0.1587,0.0166,0.0338,-0.0853,-0.0217,-0.3335,1.3972,1.3271,0.2218,-0.03959,-0.03507,0.0324,-0.1013,-0.0975,0.0816,0.00000,0.00000,1.2844,1.3269
258,10.3200,0.1278,0.0000,-0.2533,0.1522,-0.0042,0.0104,0.0218,-0.0087,-0.1709,1.4000,1.3215,0.2215,-0.03997,-0.03676,-0.0119,-0.0928,-0.1084,-0.0232,0.00000,0.00000,1.2875,1.3212
259,10.3600,0.1296,0.0000,-0.2440,0.1269,-0.0023,0.0409,0.0157,0.3690,-0.2409,1.4022,1.3162,0.2211,-0.03175,-0.03331,0.0040,-0.1114,-0.1130,0.0492,0.00000,0.00000,1.2906,1.3155
260,10.4000,0.1314,0.0000,-0.2355,0.1451,-0.0007,0.0292,0.0051,0.0105,-0.3359,1.4046,1.3110,0.2213,-0.02473,-0.03422,0.0069,-0.0716,-0.0941,0.0127,0.00000,0.00000,1.2936,1.3097
261,10.4400,0.1334,0.0000,-0.2268,0.1408,-0.0134,0.0425,0.0707,0.1484,-0.2549,1.4065,1.3055,0.2214,-0.02150,-0.02903,-0.0098,-0.1120,-0.1449,0.0361,0.00000,0.00000,1.2966,1.3038
262,10.4800,0.1354,0.0000,-0.2184,0.1554,-0.0089,0.0442,0.0482,-0.0912,-0.2827,1.4084,1.2998,0.2218,-0.02129,-0.02373,0.0034,-0.0966,-0.1355,0.0377,0.00000,0.00000,1.2996,1.2978
263,10.5200,0.1375,0.0000,-0.2101,0.1595,0.0043,0.0402,-0.0210,-0.1430,-0.2975,1.4107,1.2940,0.2222,-0.02704,-0.02210,0.0102,-0.1112,-0.1210,0.0254,0.00000,0.00000,1.3026,1.2918
264,10.5600,0.1396,0.0000,-0.2018,0.1544,0.0073,0.0263,-0.0381,-0.0745,-0.2469,1.4133,1.2884,0.2222,-0.03122,-0.02551,-0.0034,-0.1038,-0.1141,0.0330,0.00000,0.00000,1.3056,1.2856
265,10.6000,0.1418,0.0000,-0.1936,0.1408,0.0097,0.0215,-0.0505,0.1445,-0.2304,1.4157,1.2829,0.2217,-0.02875,-0.02949,0.0092,-0.0902,-0.1133,0.0193,0.00000,0.00000,1.3085,1.2794
266,10.6400,0.1440,0.0000,-0.1857,0.1489,0.0089,0.0285,-0.0472,-0.0259,-0.1372,1.4183,1.2776,0.2214,-0.02697,-0.03607,0.0001,-0.1105,-0.1220,0.0226,0.00000,0.00000,1.3115,1.2731
267,10.6800,0.1463,0.0000,-0.1783,0.1346,-0.0074,0.0473,0.0397,0.2673,-0.2344,1.4202,1.2721,0.2216,-0.02078,-0.03492,0.0043,-0.0979,-0.1372,0.0500,0.00000,0.00000,1.3144,1.2667
268,10.7200,0.1486,0.0000,-0.1715,0.1437,-0.0073,0.0308,0.0376,0.1290,-0.1811,1.4219,1.2665,0.2219,-0.01395,-0.03085,-0.0081,-0.0927,-0.0891,0.0187,0.00000,0.00000,1.3172,1.2603
269,10.7600,0.1509,0.0000,-0.1647,0.1436,0.0066,0.0296,-0.0337,0.1512,-0.1627,1.4238,1.2609,0.2215,-0.00860,-0.03048,0.0109,-0.1037,-0.1143,0.0258,0.00000,0.00000,1.3201,1.2537
270,10.8000,0.1533,0.0000,-0.1585,0.1464,0.0018,0.0239,-0.0090,0.1765,-0.1210,1.4261,1.2553,0.2212,-0.00176,-0.03418,-0.0269,-0.0976,-0.1155,0.0158,0.00000,0.00000,1.3229,1.2471
271,10.8400,0.1557,0.0000,-0.1528,0.1657,0.0029,0.0379,-0.0136,-0.0782,-0.1790,1.4282,1.2493,0.2209,-0.00144,-0.03661,0.0119,-0.0999,-0.0960,0.0527,0.00000,0.00000,1.3258,1.2404
272,10.8800,0.1581,0.0000,-0.1475,0.1670,-0.0055,0.0704,0.0319,-0.0001,-0.1761,1.4303,1.2429,0.2217,-0.00262,-0.03561,0.0145,-0.1144,-0.1443,0.0427,0.00000,0.00000,1.3286,1.2336
273,10.9200,0.1605,0.0000,-0.1425,0.1712,-0.0070,0.0395,0.0367,-0.0461,-0.1103,1.4321,1.2364,0.2225,-0.00426,-0.03107,-0.0055,-0.1054,-0.0978,0.0070,0.00000,0.00000,1.3313,1.2267
274,10.9600,0.1628,0.0000,-0.1378,0.1745,-0.0031,0.0366,0.0174,-0.1209,-0.1055,1.4340,1.2298,0.2224,-0.00787,-0.02771,0.0079,-0.1083,-0.1279,0.0569,0.00000,0.00000,1.3341,1.2198
275,11.0000,0.1652,0.0000,-0.1337,0.1657,0.0177,0.0515,-0.0879,0.0611,-0.2445,1.4363,1.2234,0.2228,-0.00889,-0.03270,0.0396,-0.1087,-0.0926,0.0110,0.00000,0.00000,1.3368,1.2127
276,11.0400,0.1675,0.0000,-0.1295,0.1627,0.0099,0.0346,-0.0500,0.1168,-0.1611,1.4390,1.2172,0.2231,-0.00464,-0.04400,0.0026,-0.1129,-0.1066,0.0124,0.00000,0.00000,1.3395,1.2056
277,11.0800,0.1699,0.0000,-0.1253,0.1609,-0.0066,0.0222,0.0337,0.1814,-0.0472,1.4409,1.2108,0.2227,0.00143,-0.04381,-0.0085,-0.1135,-0.1078,0.0174,0.00000,0.00000,1.3422,1.1985
278,11.1200,0.1722,0.0000,-0.1216,0.1824,-0.0157,0.0427,0.0827,-0.1788,-0.0787,1.4424,1.2041,0.2224,0.00019,-0.03661,0.0124,-0.0975,-0.1157,0.0653,0.00000,0.00000,1.3449,1.1912
279,11.1600,0.1746,0.0000,-0.1185,0.1762,-0.0180,0.0504,0.0950,0.0028,-0.1180,1.4435,1.1970,0.2230,-0.00286,-0.02158,-0.0063,-0.1027,-0.1203,-0.0107,0.00000,0.00000,1.3475,1.1839
280,11.2000,0.1769,0.0000,-0.1157,0.1742,0.0171,0.0495,-0.0865,0.0637,-0.2009,1.4455,1.1902,0.2235,-0.00227,-0.02209,0.0305,-0.1205,-0.0775,0.0197,0.00000,0.00000,1.3502,1.1765
281,11.2400,0.1792,0.0000,-0.1129,0.1761,0.0114,0.0284,-0.0598,0.1285,-0.2133,1.4482,1.1835,0.2235,0.00278,-0.03526,0.0084,-0.0956,-0.1096,0.0346,0.00000,0.00000,1.3528,1.1690
282,11.2800,0.1815,0.0000,-0.1097,0.1943,-0.0034,0.0201,0.0162,-0.0590,-0.0975,1.4503,1.1763,0.2229,0.00303,-0.03849,-0.0078,-0.1138,-0.1101,0.0173,0.00000,0.00000,1.3553,1.1614
283,11.3200,0.1838,0.0000,-0.1066,0.2166,-0.0021,0.0348,0.0106,-0.3419,-0.1624,1.4523,1.1685,0.2225,-0.00661,-0.03701,0.0181,-0.1015,-0.0948,0.0463,0.00000,0.00000,1.3579,1.1538
284,11.3600,0.1860,0.0000,-0.1036,0.2105,-0.0084,0.0643,0.0415,-0.1107,-0.0534,1.4541,1.1605,0.2233,-0.01419,-0.03122,-0.0009,-0.1332,-0.1671,0.0140,0.00000,0.00000,1.3604,1.1461
285,11.4000,0.1882,0.0000,-0.1011,0.2033,0.0126,0.0459,-0.0678,0.0861,-0.0953,1.4563,1.1525,0.2241,-0.01475,-0.03275,0.0265,-0.1278,-0.1020,0.0102,0.00000,0.00000,1.3629,1.1383
286,11.4400,0.1903,0.0000,-0.0988,0.2029,0.0151,0.0073,-0.0802,0.1264,-0.1080,1.4590,1.1447,0.2236,-0.00988,-0.04634,0.0039,-0.1017,-0.1019,0.0200,0.00000,0.00000,1.3654,1.1305
287,11.4800,0.1924,0.0000,-0.0967,0.2173,0.0127,0.0315,-0.0669,-0.0458,-0.1679,1.4618,1.1366,0.2229,-0.00913,-0.05970,0.0447,-0.1079,-0.1042,0.0550,0.00000,0.00000,1.3679,1.1226
288,11.5200,0.1944,0.0000,-0.0946,0.2148,-0.0018,0.0329,0.0086,0.1235,-0.1984,1.4640,1.1282,0.2228,-0.00681,-0.06429,-0.0017,-0.1087,-0.1144,-0.0231,0.00000,0.00000,1.3704,1.1146
289,11.5600,0.1964,0.0000,-0.0921,0.2353,-0.0040,0.0442,0.0243,-0.2007,-0.2250,1.4661,1.1194,0.2229,-0.01071,-0.06573,0.0372,-0.1108,-0.0968,0.0632,0.00000,0.00000,1.3728,1.1065
290,11.6000,0.1983,0.0000,-0.0891,0.2319,-0.0136,0.0382,0.0701,-0.1462,-0.0703,1.4676,1.1103,0.2233,-0.01723,-0.05595,0.0197,-0.0999,-0.0989,-0.0102,0.00000,0.00000,1.3752,1.0984
291,11.6400,0.2002,0.0000,-0.0862,0.2300,-0.0037,0.0382,0.0189,-0.1871,-0.0505,1.4692,1.1015,0.2235,-0.02420,-0.04775,0.0275,-0.1162,-0.1181,0.0251,0.00000,0.00000,1.3776,1.0901
292,11.6800,0.2021,0.0000,-0.0838,0.2143,0.0108,0.0442,-0.0551,0.0462,-0.1499,1.4713,1.0929,0.2239,-0.02644,-0.05132,0.0280,-0.1238,-0.0945,0.0060,0.00000,0.00000,1.3800,1.0819
293,11.7200,0.2039,0.0000,-0.0816,0.2083,0.0035,0.0192,-0.0184,0.0754,-0.1066,1.4735,1.0846,0.2239,-0.02338,-0.06001,0.0033,-0.1065,-0.0876,-0.0024,0.00000,0.00000,1.3823,1.0735
294,11.7600,0.2057,0.0000,-0.0793,0.1917,-0.0040,0.0277,0.0203,0.3452,-0.0368,1.4750,1.0765,0.2234,-0.01396,-0.05710,0.0028,-0.1231,-0.1064,0.0014,0.00000,0.00000,1.3846,1.0651
295,11.8000,0.2075,0.0000,-0.0774,0.2008,-0.0150,0.0378,0.0761,0.1658,0.0369,1.4764,1.0685,0.2234,-0.00386,-0.04887,-0.0072,-0.1112,-0.1154,0.0163,0.00000,0.00000,1.3869,1.0566
296,11.8400,0.2093,0.0000,-0.0762,0.2285,-0.0123,0.0541,0.0652,-0.2756,-0.1336,1.4775,1.0601,0.2238,-0.00831,-0.03507,0.0285,-0.1211,-0.1122,0.0365,0.00000,0.00000,1.3892,1.0481
297,11.8800,0.2111,0.0000,-0.0754,0.2248,-0.0050,0.0502,0.0248,-0.1373,-0.0864,1.4789,1.0513,0.2247,-0.01627,-0.02468,0.0222,-0.1131,-0.1053,-0.0149,0.00000,0.00000,1.3914,1.0395
298,11.9200,0.2129,0.0000,-0.0743,0.2019,0.0165,0.0356,-0.0871,0.3035,-0.0270,1.4808,1.0429,0.2250,-0.01134,-0.02952,0.0217,-0.1341,-0.1199,-0.0055,0.00000,0.00000,1.3937,1.0308
299,11.9600,0.2147,0.0000,-0.0737,0.2078,0.0065,0.0102,-0.0342,0.2538,-0.0904,1.4832,1.0347,0.2243,0.00009,-0.04507,-0.0151,-0.1092,-0.1035,0.0283,0.00000,0.00000,1.3959,1.0220
300,12.0000,0.2165,0.0000,-0.0731,0.2229,0.0082,0.0410,-0.0419,0.1124,-0.1550,1.4853,1.0260,0.2237,0.00598,-0.05303,0.0396,-0.1256,-0.0812,0.0205,0.00000,0.00000,1.3981,1.0132
301,12.0400,0.2183,0.0000,-0.0723,0.2449,-0.0055,0.0461,0.0297,-0.1590,-0.1602,1.4872,1.0168,0.2240,0.00434,-0.05774,0.0247,-0.1038,-0.0922,0.0213,0.00000,0.00000,1.4002,1.0043
302,12.0800,0.2201,0.0000,-0.0711,0.2428,-0.0118,0.0431,0.0613,0.0042,-0.0715,1.4884,1.0072,0.2243,0.00153,-0.04436,0.0169,-0.1207,-0.1187,-0.0103,0.00000,0.00000,1.4024,0.9954
303,12.1200,0.2218,0.0000,-0.0699,0.2615,-0.0010,0.0461,0.0069,-0.2599,-0.1895,1.4901,0.9974,0.2246,-0.00500,-0.04071,0.0379,-0.1125,-0.1002,0.0630,0.00000,0.00000,1.4045,0.9864
304,12.1600,0.2235,0.0000,-0.0685,0.2551,0.0030,0.0369,-0.0161,-0.0593,-0.1353,1.4919,0.9873,0.2249,-0.01059,-0.04065,0.0231,-0.1163,-0.1090,-0.0229,0.00000,0.00000,1.4066,0.9773
305,12.2000,0.2251,0.0000,-0.0667,0.2467,-0.0042,0.0378,0.0212,0.1512,-0.0504,1.4936,0.9774,0.2250,-0.00752,-0.03989,0.0075,-0.1254,-0.1393,0.0457,0.00000,0.00000,1.4086,0.9682
306,12.2400,0.2266,0.0000,-0.0651,0.2652,-0.0007,0.0160,0.0033,-0.1342,-0.0993,1.4952,0.9672,0.2246,-0.00870,-0.03877,0.0135,-0.1027,-0.0880,0.0032,0.00000,0.00000,1.4107,0.9590
307,12.2800,0.2281,0.0000,-0.0636,0.2775,-0.0069,0.0389,0.0350,-0.3144,-0.0489,1.4968,0.9568,0.2243,-0.01826,-0.03436,0.0206,-0.1182,-0.1324,0.0500,0.00000,0.00000,1.4127,0.9497
308,12.3200,0.2296,0.0000,-0.0624,0.2579,-0.0014,0.0446,0.0068,0.0965,-0.1362,1.4982,0.9463,0.2248,-0.02110,-0.02478,0.0249,-0.1070,-0.1149,-0.0076,0.00000,0.00000,1.4147,0.9404
309,12.3600,0.2309,0.0000,-0.0611,0.2568,-0.0006,0.0260,0.0011,0.1087,0.0361,1.4999,0.9360,0.2250,-0.01652,-0.02550,-0.0181,-0.1304,-0.1405,0.0053,0.00000,0.00000,1.4167,0.9310
310,12.4000,0.2323,0.0000,-0.0602,0.2655,0.0113,0.0280,-0.0589,-0.0235,-0.1378,1.5019,0.9257,0.2245,-0.01611,-0.03294,0.0329,-0.1191,-0.0982,0.0458,0.00000,0.00000,1.4187,0.9216
311,12.4400,0.2336,0.0000,-0.0594,0.2622,0.0083,0.0433,-0.0456,0.1028,-0.0681,1.5040,0.9153,0.2248,-0.01359,-0.04650,0.0110,-0.1302,-0.1248,0.0011,0.00000,0.00000,1.4206,0.9121
312,12.4800,0.2348,0.0000,-0.0586,0.2583,0.0039,0.0171,-0.0221,0.2395,-0.0985,1.5059,0.9048,0.2245,-0.00653,-0.05392,0.0080,-0.1059,-0.0860,0.0063,0.00000,0.00000,1.4225,0.9025
313,12.5200,0.2361,0.0000,-0.0577,0.2787,0.0049,0.0270,-0.0266,-0.0642,-0.0870,1.5078,0.8941,0.2239,-0.00425,-0.06359,0.0225,-0.1146,-0.1037,0.0385,0.00000,0.00000,1.4244,0.8929
314,12.5600,0.2373,0.0000,-0.0569,0.2806,0.0048,0.0407,-0.0242,-0.0125,-0.1342,1.5097,0.8831,0.2238,-0.00626,-0.07190,0.0381,-0.1048,-0.0884,-0.0040,0.00000,0.00000,1.4263,0.8832
315,12.6000,0.2384,0.0000,-0.0557,0.2789,0.0036,0.0424,-0.0193,0.0734,-0.0913,1.5114,0.8720,0.2242,-0.00452,-0.07805,0.0143,-0.1302,-0.1025,-0.0076,0.00000,0.00000,1.4281,0.8735
316,12.6400,0.2395,0.0000,-0.0546,0.2809,0.0056,0.0333,-0.0304,0.1116,-0.0594,1.5132,0.8608,0.2242,-0.00087,-0.08653,0.0265,-0.1200,-0.0867,0.0061,0.00000,0.00000,1.4300,0.8637
317,12.6800,0.2406,0.0000,-0.0535,0.3011,-0.0013,0.0345,0.0060,-0.1813,-0.0580,1.5150,0.8494,0.2240,-0.00325,-0.09363,0.0326,-0.1122,-0.0986,0.0371,0.00000,0.00000,1.4318,0.8539
318,12.7200,0.2416,0.0000,-0.0527,0.3039,-0.0155,0.0419,0.0805,-0.1331,-0.0840,1.5161,0.8375,0.2242,-0.00915,-0.07805,0.0275,-0.1017,-0.1161,0.0131,0.00000,0.00000,1.4335,0.8440
319,12.7600,0.2425,0.0000,-0.0519,0.2928,0.0147,0.0495,-0.0772,0.1317,-0.1038,1.5176,0.8256,0.2247,-0.00930,-0.07678,0.0476,-0.1371,-0.0838,-0.0208,0.00000,0.00000,1.4353,0.8340
320,12.8000,0.2434,0.0000,-0.0511,0.2960,0.0114,0.0152,-0.0625,0.1015,0.0455,1.5199,0.8139,0.2246,-0.00392,-0.10417,-0.0062,-0.1269,-0.1044,-0.0059,0.00000,0.00000,1.4370,0.8240
321,12.8400,0.2442,0.0000,-0.0506,0.3151,-0.0215,0.0147,0.1090,-0.1694,0.1115,1.5212,0.8019,0.2236,-0.00604,-0.09213,-0.0061,-0.1110,-0.1233,0.0477,0.00000,0.00000,1.4387,0.8140
322,12.8800,0.2449,0.0000,-0.0510,0.3221,-0.0190,0.0531,0.0986,-0.1945,-0.0182,1.5219,0.7893,0.2236,-0.01384,-0.05535,0.0198,-0.1167,-0.1197,0.0099,0.00000,0.00000,1.4404,0.8039
323,12.9200,0.2455,0.0000,-0.0521,0.3113,0.0157,0.0559,-0.0804,0.0412,-0.1311,1.5235,0.7768,0.2247,-0.01652,-0.05397,0.0539,-0.1136,-0.0817,-0.0188,0.00000,0.00000,1.4421,0.7937
324,12.9600,0.2461,0.0000,-0.0528,0.3088,0.0088,0.0343,-0.0463,0.0902,-0.0815,1.5258,0.7646,0.2251,-0.01285,-0.07843,0.0225,-0.1194,-0.1281,0.0383,0.00000,0.00000,1.4437,0.7835
325,13.0000,0.2467,0.0000,-0.0533,0.3157,0.0076,0.0123,-0.0397,0.0117,-0.1503,1.5277,0.7521,0.2246,-0.01202,-0.09333,0.0342,-0.1079,-0.0653,0.0003,0.00000,0.00000,1.4453,0.7733
326,13.0400,0.2472,0.0000,-0.0533,0.3221,-0.0076,0.0256,0.0381,-0.0625,-0.0325,1.5293,0.7395,0.2240,-0.01284,-0.09526,0.0083,-0.1137,-0.1103,0.0313,0.00000,0.00000,1.4469,0.7630
327,13.0800,0.2476,0.0000,-0.0532,0.3250,-0.0220,0.0463,0.1127,-0.0465,0.0236,1.5301,0.7266,0.2242,-0.01475,-0.06506,0.0022,-0.1256,-0.1420,0.0214,0.00000,0.00000,1.4485,0.7526
328,13.1200,0.2480,0.0000,-0.0537,0.3204,0.0085,0.0552,-0.0439,0.0821,-0.1382,1.5313,0.7137,0.2250,-0.01456,-0.05289,0.0509,-0.1280,-0.0897,0.0085,0.00000,0.00000,1.4500,0.7422
329,13.1600,0.2484,0.0000,-0.0539,0.3267,0.0176,0.0117,-0.0926,-0.0413,-0.0761,1.5336,0.7009,0.2250,-0.01377,-0.08457,0.0211,-0.1044,-0.0825,-0.0120,0.00000,0.00000,1.4516,0.7317
330,13.2000,0.2487,0.0000,-0.0538,0.3273,0.0122,0.0244,-0.0630,-0.0161,-0.1705,1.5357,0.6880,0.2242,-0.01502,-0.11285,0.0653,-0.1011,-0.0894,0.0563,0.00000,0.00000,1.4531,0.7212
331,13.2400,0.2489,0.0000,-0.0534,0.3292,-0.0039,0.0373,0.0179,0.0115,0.0108,1.5373,0.6750,0.2244,-0.01447,-0.12106,0.0006,-0.1358,-0.1328,-0.0431,0.00000,0.00000,1.4545,0.7107
332,13.2800,0.2492,0.0000,-0.0531,0.3355,-0.0057,0.0202,0.0296,-0.0702,-0.1869,1.5385,0.6617,0.2240,-0.01709,-0.11438,0.0349,-0.0942,-0.0468,0.0567,0.00000,0.00000,1.4560,0.7001
333,13.3200,0.2493,0.0000,-0.0525,0.3462,-0.0164,0.0291,0.0835,-0.2576,0.0045,1.5394,0.6484,0.2240,-0.02331,-0.09404,0.0109,-0.1053,-0.1268,0.0090,0.00000,0.00000,1.4574,0.6895
334,13.3600,0.2495,0.0000,-0.0519,0.3347,-0.0087,0.0251,0.0446,-0.0421,-0.0595,1.5400,0.6349,0.2239,-0.02907,-0.06168,0.0293,-0.0905,-0.0906,0.0105,0.00000,0.00000,1.4588,0.6788
335,13.4000,0.2496,0.0000,-0.0515,0.3375,0.0024,0.0331,-0.0127,-0.1446,-0.0811,1.5413,0.6217,0.2240,-0.03271,-0.06047,0.0249,-0.1038,-0.1214,0.0305,0.00000,0.00000,1.4602,0.6681
336,13.4400,0.2496,0.0000,-0.0512,0.3299,-0.0028,0.0179,0.0128,-0.0414,-0.0542,1.5425,0.6085,0.2240,-0.03598,-0.05741,0.0195,-0.0863,-0.0980,0.0019,0.00000,0.00000,1.4616,0.6573
337,13.4800,0.2497,0.0000,-0.0508,0.3125,0.0061,0.0329,-0.0319,0.2292,-0.0135,1.5437,0.5957,0.2240,-0.03139,-0.05772,0.0137,-0.1267,-0.1246,0.0137,0.00000,0.00000,1.4629,0.6465
338,13.5200,0.2497,0.0000,-0.0507,0.3128,-0.0010,0.0124,0.0058,0.2086,-0.1152,1.5452,0.5830,0.2237,-0.02264,-0.06828,-0.0230,-0.0991,-0.0855,0.0216,0.00000,0.00000,1.4642,0.6357
339,13.5600,0.2497,0.0000,-0.0505,0.3155,0.0111,0.0216,-0.0579,0.1769,-0.0866,1.5465,0.5702,0.2231,-0.01578,-0.07990,0.0175,-0.1138,-0.0691,-0.0059,0.00000,0.00000,1.4655,0.6248
340,13.6000,0.2498,0.0000,-0.0501,0.3256,0.0022,0.0360,-0.0122,0.0314,-0.0114,1.5480,0.5574,0.2230,-0.01151,-0.10122,0.0021,-0.1144,-0.1125,0.0212,0.00000,0.00000,1.4668,0.6138
341,13.6400,0.2498,0.0000,-0.0499,0.3383,-0.0197,0.0356,0.1015,-0.1263,-0.0234,1.5487,0.5442,0.2231,-0.01397,-0.07606,0.0052,-0.0921,-0.1050,0.0308,0.00000,0.00000,1.4680,0.6029
342,13.6800,0.2499,0.0000,-0.0499,0.3304,-0.0015,0.0646,0.0076,0.0718,-0.0815,1.5493,0.5309,0.2239,-0.01480,-0.04354,0.0422,-0.1211,-0.1215,0.0096,0.00000,0.00000,1.4693,0.5919
343,13.7200,0.2499,0.0000,-0.0500,0.3294,0.0001,0.0435,-0.0011,0.1179,-0.0693,1.5505,0.5177,0.2248,-0.01039,-0.04778,0.0030,-0.1128,-0.1223,0.0220,0.00000,0.00000,1.4705,0.5808
344,13.7600,0.2499,0.0000,-0.0500,0.3437,-0.0111,0.0190,0.0569,-0.1124,-0.0626,1.5513,0.5042,0.2246,-0.01115,-0.03269,0.0140,-0.0919,-0.1177,0.0433,0.00000,0.00000,1.4716,0.5697
345,13.8000,0.2498,0.0000,-0.0499,0.3520,-0.0016,0.0413,0.0094,-0.2250,-0.1568,1.5521,0.4904,0.2245,-0.01872,-0.01310,0.0468,-0.0948,-0.1129,0.0450,0.00000,0.00000,1.4728,0.5586
346,13.8400,0.2497,0.0000,-0.0495,0.3484,0.0164,0.0443,-0.0850,-0.1538,-0.1901,1.5535,0.4767,0.2251,-0.02646,-0.03515,0.0481,-0.1102,-0.0943,0.0104,0.00000,0.00000,1.4739,0.5475
347,13.8800,0.2497,0.0000,-0.0485,0.3321,-0.0044,-0.0029,0.0211,0.1141,-0.0311,1.5546,0.4632,0.2248,-0.02525,-0.04952,-0.0187,-0.0843,-0.1193,0.0032,0.00000,0.00000,1.4750,0.5363
348,13.9200,0.2495,0.0000,-0.0473,0.3438,0.0155,0.0151,-0.0805,-0.1341,-0.1061,1.5558,0.4497,0.2236,-0.02778,-0.06945,0.0370,-0.1162,-0.0867,0.0393,0.00000,0.00000,1.4761,0.5250
349,13.9600,0.2494,0.0000,-0.0462,0.3358,-0.0098,0.0287,0.0496,0.0258,-0.0612,1.5568,0.4363,0.2236,-0.02807,-0.07927,-0.0183,-0.0917,-0.1293,0.0158,0.00000,0.00000,1.4771,0.5138
350,14.0000,0.2493,0.0000,-0.0452,0.3455,-0.0209,0.0319,0.1062,-0.1679,0.0780,1.5568,0.4227,0.2238,-0.03212,-0.01911,-0.0100,-0.1174,-0.1304,0.0256,0.00000,0.00000,1.4782,0.5025
351,14.0400,0.2491,0.0000,-0.0447,0.3285,0.0121,0.0321,-0.0620,0.0914,-0.1204,1.5573,0.4093,0.2239,-0.03330,0.00422,0.0438,-0.0895,-0.0836,0.0044,0.00000,0.00000,1.4792,0.4912
352,14.0800,0.2489,0.0000,-0.0443,0.3319,0.0108,0.0199,-0.0575,-0.0383,-0.0175,1.5589,0.3962,0.2240,-0.03183,-0.05014,-0.0041,-0.1015,-0.1194,0.0265,0.00000,0.00000,1.4802,0.4798
353,14.1200,0.2488,0.0000,-0.0440,0.3424,-0.0101,0.0322,0.0513,-0.2605,-0.0304,1.5596,0.3830,0.2239,-0.03866,-0.04478,0.0224,-0.1062,-0.1327,0.0666,0.00000,0.00000,1.4811,0.4684
354,14.1600,0.2486,0.0000,-0.0441,0.3198,-0.0098,0.0318,0.0495,0.1139,0.0511,1.5597,0.3699,0.2244,-0.04023,0.00702,-0.0135,-0.1163,-0.1394,-0.0401,0.00000,0.00000,1.4821,0.4570
355,14.2000,0.2485,0.0000,-0.0444,0.3145,0.0127,0.0249,-0.0653,0.1094,-0.0731,1.5606,0.3571,0.2244,-0.03613,-0.00542,0.0206,-0.1055,-0.1008,0.0556,0.00000,0.00000,1.4830,0.4456
356,14.2400,0.2483,0.0000,-0.0450,0.3178,0.0111,0.0255,-0.0582,-0.0065,-0.1082,1.5620,0.3445,0.2244,-0.03404,-0.05382,0.0203,-0.1030,-0.1135,0.0242,0.00000,0.00000,1.4839,0.4341
357,14.2800,0.2482,0.0000,-0.0453,0.3120,-0.0029,0.0176,0.0145,0.0735,-0.0052,1.5628,0.3319,0.2242,-0.03261,-0.06213,-0.0090,-0.1119,-0.1099,0.0050,0.00000,0.00000,1.4847,0.4226
358,14.3200,0.2481,0.0000,-0.0456,0.3208,0.0027,0.0215,-0.0152,-0.1438,-0.0784,1.5635,0.3193,0.2238,-0.03524,-0.06473,0.0195,-0.1038,-0.0892,0.0495,0.00000,0.00000,1.4856,0.4111
359,14.3600,0.2481,0.0000,-0.0459,0.3223,0.0066,0.0266,-0.0357,-0.2348,-0.0596,1.5644,0.3067,0.2239,-0.04268,-0.08490,0.0333,-0.0954,-0.1076,-0.0047,0.00000,0.00000,1.4864,0.3995
360,14.4000,0.2481,0.0000,-0.0461,0.2959,0.0184,0.0223,-0.0963,0.1737,-0.0390,1.5654,0.2944,0.2239,-0.04274,-0.12958,0.0221,-0.1154,-0.1011,-0.0273,0.00000,0.00000,1.4872,0.3879
361,14.4400,0.2481,0.0000,-0.0464,0.2903,0.0008,0.0210,-0.0054,0.2016,0.0328,1.5666,0.2826,0.2237,-0.03423,-0.17691,-0.0143,-0.1165,-0.1288,0.0398,0.00000,0.00000,1.4880,0.3763
362,14.4800,0.2482,0.0000,-0.0470,0.3034,-0.0086,0.0210,0.0454,-0.0635,-0.0777,1.5669,0.2707,0.2233,-0.03287,-0.15942,0.0200,-0.0941,-0.0839,0.0236,0.00000,0.00000,1.4887,0.3647
363,14.5200,0.2483,0.0000,-0.0477,0.3064,-0.0069,0.0466,0.0351,-0.1526,-0.0769,1.5671,0.2587,0.2238,-0.03755,-0.12544,0.0177,-0.1221,-0.1278,0.0174,0.00000,0.00000,1.4894,0.3531
364,14.5600,0.2484,0.0000,-0.0483,0.2970,0.0036,0.0386,-0.0193,-0.0426,-0.0387,1.5676,0.2468,0.2245,-0.04127,-0.11935,0.0293,-0.1153,-0.1019,0.0012,0.00000,0.00000,1.4901,0.3414
365,14.6000,0.2486,0.0000,-0.0487,0.2796,0.0108,0.0061,-0.0562,0.1707,-0.0923,1.5684,0.2352,0.2243,-0.03745,-0.15893,0.0237,-0.0862,-0.0969,0.0016,0.00000,0.00000,1.4908,0.3297
366,14.6400,0.2489,0.0000,-0.0489,0.2701,0.0176,0.0087,-0.0925,0.3099,-0.0481,1.5695,0.2239,0.2234,-0.02788,-0.24348,-0.0071,-0.1257,-0.0861,-0.0108,0.00000,0.00000,1.4915,0.3180
367,14.6800,0.2492,0.0000,-0.0492,0.2854,-0.0154,0.0394,0.0817,0.0481,-0.0569,1.5701,0.2127,0.2231,-0.02059,-0.26400,-0.0043,-0.1095,-0.1378,0.0773,0.00000,0.00000,1.4921,0.3062
368,14.7200,0.2495,0.0000,-0.0495,0.3003,-0.0215,0.0496,0.1126,-0.1637,-0.1064,1.5695,0.2010,0.2238,-0.02458,-0.15650,0.0092,-0.1207,-0.1079,-0.0156,0.00000,0.00000,1.4927,0.2945
369,14.7600,0.2499,0.0000,-0.0496,0.2806,-0.0049,0.0502,0.0254,0.1859,-0.0726,1.5692,0.1894,0.2247,-0.02287,-0.06764,0.0146,-0.1200,-0.1272,0.0120,0.00000,0.00000,1.4933,0.2827
370,14.8000,0.2504,0.0000,-0.0495,0.2739,0.0306,0.0208,-0.1583,0.3023,-0.0534,1.5702,0.1780,0.2248,-0.01353,-0.18282,0.0109,-0.1384,-0.0789,-0.0184,0.00000,0.00000,1.4938,0.2709
371,14.8400,0.2508,0.0000,-0.0493,0.2900,0.0082,0.0077,-0.0308,0.0334,0.0004,1.5716,0.1667,0.2238,-0.00657,-0.34252,0.0063,-0.0967,-0.1130,0.0460,0.00000,0.00000,1.4944,0.2591
372,14.8800,0.2513,0.0000,-0.0494,0.3115,-0.0172,0.0344,0.0910,-0.2417,-0.0644,1.5716,0.1547,0.2232,-0.01232,-0.30170,0.0196,-0.0985,-0.0990,0.0409,0.00000,0.00000,1.4949,0.2473
373,14.9200,0.2517,0.0000,-0.0496,0.3071,-0.0160,0.0518,0.0836,-0.0928,-0.0653,1.5711,0.1425,0.2239,-0.01853,-0.16623,0.0021,-0.1147,-0.1246,-0.0174,0.00000,0.00000,1.4953,0.2354
374,14.9600,0.2522,0.0000,-0.0498,0.3069,0.0094,0.0371,-0.0492,-0.1042,-0.0299,1.5713,0.1304,0.2244,-0.02298,-0.16071,0.0278,-0.1159,-0.0975,0.0090,0.00000,0.00000,1.4958,0.2236
375,15.0000,0.2526,0.0000,-0.0499,0.2972,0.0066,0.0291,-0.0351,0.0639,0.0213,1.5720,0.1184,0.2245,-0.02242,-0.22289,0.0059,-0.1219,-0.1434,0.0201,0.00000,0.00000,1.4962,0.2117
376,15.0400,0.2530,0.0000,-0.0505,0.2987,0.0078,0.0276,-0.0400,0.0592,-0.0718,1.5726,0.1064,0.2243,-0.02047,-0.29704,0.0226,-0.1131,-0.0917,0.0219,0.00000,0.00000,1.4967,0.1998
377,15.0800,0.2534,0.0000,-0.0511,0.3029,-0.0060,0.0204,0.0312,-0.0030,-0.0282,1.5729,0.0944,0.2240,-0.01915,-0.32026,-0.0091,-0.1093,-0.1154,0.0071,0.00000,0.00000,1.4970,0.1879
378,15.1200,0.2537,0.0000,-0.0517,0.3075,0.0026,0.0370,-0.0122,-0.0662,-0.1002,1.5731,0.0822,0.2239,-0.02132,-0.32144,0.0312,-0.1172,-0.1040,0.0176,0.00000,0.00000,1.4974,0.1760
379,15.1600,0.2541,0.0000,-0.0522,0.3098,0.0089,0.0522,-0.0454,-0.0916,-0.1193,1.5736,0.0700,0.2246,-0.02464,-0.47607,0.0385,-0.1259,-0.1035,0.0313,0.00000,0.00000,1.4977,0.1641
380,15.2000,0.2544,0.0000,-0.0523,0.2963,-0.0100,0.0169,0.0515,0.1571,-0.0299,1.5737,0.0578,0.2248,-0.02168,-0.52235,-0.0081,-0.1026,-0.1216,-0.0101,0.00000,0.00000,1.4981,0.1521
381,15.2400,0.2547,0.0000,-0.0523,0.2961,0.0197,0.0242,-0.1023,0.1598,-0.0639,1.5741,0.0458,0.2242,-0.01663,-0.63050,0.0404,-0.1324,-0.0808,0.0061,0.00000,0.00000,1.4984,0.1402
382,15.2800,0.2551,0.0000,-0.0524,0.3017,0.0096,0.0306,-0.0509,0.0904,-0.0240,1.5750,0.0337,0.2240,-0.01085,-0.87816,0.0088,-0.1174,-0.1145,0.0133,0.00000,0.00000,1.4986,0.1283
383,15.3200,0.2553,0.0000,-0.0526,0.3132,-0.0004,0.0370,0.0053,-0.0392,-0.2034,1.5753,0.0214,0.2239,-0.01097,-1.19103,0.0508,-0.1022,-0.0746,0.0367,0.00000,0.00000,1.4989,0.1163
384,15.3600,0.2556,0.0000,-0.0524,0.3143,-0.0175,0.0406,0.0896,0.0060,-0.0179,1.5749,0.0088,0.2243,-0.01105,-1.40362,-0.0083,-0.1276,-0.1300,-0.0122,0.00000,0.00000,1.4991,0.1043
385,15.4000,0.2559,0.0000,-0.0520,0.3211,0.0001,0.0315,-0.0017,-0.0929,-0.0420,1.5745,-0.0038,0.2243,-0.01404,-1.49504,0.0338,-0.1202,-0.0899,0.0130,0.00000,0.00000,1.4993,0.0923
386,15.4400,0.2560,0.0000,-0.0517,0.3181,0.0108,0.0423,-0.0565,-0.0081,-0.0207,1.5748,-0.0165,0.2246,-0.01548,-1.55163,0.0313,-0.1295,-0.1144,0.0183,0.00000,0.00000,1.4995,0.0804
387,15.4800,0.2562,0.0000,-0.0517,0.3140,-0.0093,0.0211,0.0482,0.1171,-0.0196,1.5748,-0.0292,0.2245,-0.01222,-1.63316,-0.0057,-0.1041,-0.1157,0.0121,0.00000,0.00000,1.4996,0.0684
388,15.5200,0.2563,0.0000,-0.0519,0.3304,-0.0140,0.0302,0.0699,-0.1492,0.0708,1.5743,-0.0420,0.2242,-0.01414,-1.36903,0.0115,-0.1204,-0.1259,0.0241,0.00000,0.00000,1.4997,0.0564
389,15.5600,0.2563,0.0000,-0.0526,0.3247,0.0081,0.0452,-0.0419,-0.0036,-0.0979,1.5741,-0.0551,0.2244,-0.01729,-1.42878,0.0423,-0.1170,-0.0996,-0.0008,0.00000,0.00000,1.4998,0.0444
390,15.6000,0.2563,0.0000,-0.0535,0.3342,0.0095,0.0368,-0.0490,-0.1779,-0.1274,1.5747,-0.0681,0.2249,-0.02116,-1.97977,0.0309,-0.1121,-0.1062,0.0308,0.00000,0.00000,1.4999,0.0324
391,15.6400,0.2563,0.0000,-0.0538,0.3278,-0.0028,0.0155,0.0127,-0.0563,-0.0097,1.5747,-0.0812,0.2247,-0.02542,-2.18481,0.0176,-0.1100,-0.1073,-0.0120,0.00000,0.00000,1.5000,0.0204
392,15.6800,0.2562,0.0000,-0.0541,0.3326,0.0010,0.0329,-0.0049,-0.1776,-0.1283,1.5746,-0.0942,0.2244,-0.03056,-2.33520,0.0501,-0.1055,-0.1102,0.0645,0.00000,0.00000,1.5000,0.0084
393,15.7200,0.2560,0.0000,-0.0544,0.3225,0.0054,0.0412,-0.0298,0.0009,-0.0741,1.5746,-0.1072,0.2250,-0.03358,-2.50609,0.0247,-0.1339,-0.1137,-0.0244,0.00000,0.00000,1.5000,-0.0036
394,15.7600,0.2558,0.0000,-0.0544,0.3072,-0.0106,0.0179,0.0538,0.2350,0.0572,1.5743,-0.1199,0.2251,-0.02736,-2.52874,-0.0186,-0.1256,-0.1363,0.0202,0.00000,0.00000,1.5000,-0.0156
395,15.8000,0.2556,0.0000,-0.0548,0.3100,0.0118,0.0045,-0.0619,0.1583,0.0083,1.5742,-0.1325,0.2242,-0.02073,-2.46626,0.0120,-0.1233,-0.0794,-0.0234,0.00000,0.00000,1.4999,-0.0276
396,15.8400,0.2554,0.0000,-0.0555,0.3151,0.0084,0.0315,-0.0442,0.0891,-0.0283,1.5747,-0.1451,0.2236,-0.01556,-2.30616,0.0121,-0.1194,-0.1086,0.0423,0.00000,0.00000,1.4999,-0.0396
397,15.8800,0.2552,0.0000,-0.0565,0.3211,0.0068,0.0387,-0.0337,0.0483,-0.1523,1.5749,-0.1579,0.2238,-0.01332,-2.42339,0.0379,-0.1101,-0.0759,-0.0149,0.00000,0.00000,1.4998,-0.0516
398,15.9200,0.2549,0.0000,-0.0572,0.3327,-0.0092,0.0509,0.0464,-0.1231,-0.0306,1.5747,-0.1709,0.2244,-0.01524,-2.50892,0.0197,-0.1346,-0.1250,0.0385,0.00000,0.00000,1.4997,-0.0636
399,15.9600,0.2547,0.0000,-0.0577,0.3359,-0.0031,0.0340,0.0158,-0.1622,-0.1262,1.5741,-0.1841,0.2248,-0.02147,-2.67852,0.0625,-0.0946,-0.0796,0.0047,0.00000,0.00000,1.4995,-0.0756
400,16.0000,0.2543,0.0000,-0.0579,0.3283,0.0157,0.0295,-0.0825,-0.0437,-0.1087,1.5741,-0.1973,0.2248,-0.02535,-2.70064,0.0491,-0.1206,-0.0969,-0.0030,0.00000,0.00000,1.4994,-0.0875
401,16.0400,0.2540,0.0000,-0.0578,0.3268,0.0159,0.0274,-0.0837,-0.0419,-0.1032,1.5746,-0.2103,0.2248,-0.02680,-2.65220,0.0465,-0.1222,-0.1005,0.0169,0.00000,0.00000,1.4992,-0.0995
402,16.0800,0.2536,0.0000,-0.0575,0.3234,-0.0024,0.0322,0.0107,0.0158,-0.0104,1.5745,-0.2233,0.2249,-0.02677,-2.64195,0.0281,-0.1355,-0.1265,0.0011,0.00000,0.00000,1.4990,-0.1115
403,16.1200,0.2532,0.0000,-0.0574,0.3253,-0.0035,0.0146,0.0172,-0.0503,-0.0493,1.5740,-0.2362,0.2246,-0.02801,-2.68539,0.0297,-0.1133,-0.0885,-0.0164,0.00000,0.00000,1.4987,-0.1235
404,16.1600,0.2528,0.0000,-0.0574,0.3087,-0.0215,0.0166,0.1116,0.2538,0.0211,1.5729,-0.2489,0.2241,-0.02222,-2.76438,-0.0149,-0.1069,-0.1225,0.0217,0.00000,0.00000,1.4985,-0.1354
405,16.2000,0.2523,0.0000,-0.0577,0.3214,-0.0044,0.0413,0.0237,0.0288,-0.0617,1.5720,-0.2617,0.2240,-0.01791,-2.83859,0.0287,-0.1253,-0.1090,0.0188,0.00000,0.00000,1.4982,-0.1474
406,16.2400,0.2518,0.0000,-0.0582,0.3318,-0.0116,0.0424,0.0588,-0.1438,-0.0028,1.5713,-0.2746,0.2246,-0.02050,-2.89143,0.0101,-0.1178,-0.1265,0.0165,0.00000,0.00000,1.4979,-0.1593
407,16.2800,0.2513,0.0000,-0.0588,0.3303,-0.0086,0.0316,0.0439,-0.1203,-0.0658,1.5703,-0.2877,0.2248,-0.02604,-2.97763,0.0339,-0.1043,-0.1119,0.0224,0.00000,0.00000,1.4975,-0.1712
408,16.3200,0.2508,0.0000,-0.0595,0.3220,0.0170,0.0155,-0.0891,-0.0027,-0.1559,1.5701,-0.3007,0.2246,-0.02864,-2.97821,0.0345,-0.0999,-0.0707,-0.0067,0.00000,0.00000,1.4972,-0.1831
409,16.3600,0.2502,0.0000,-0.0597,0.3187,0.0057,0.0082,-0.0307,0.0296,-0.0156,1.5702,-0.3135,0.2239,-0.02737,-2.92468,-0.0063,-0.1076,-0.1026,0.0274,0.00000,0.00000,1.4968,-0.1950
410,16.4000,0.2497,0.0000,-0.0598,0.3192,-0.0133,0.0279,0.0695,0.0468,-0.0284,1.5695,-0.3263,0.2234,-0.02572,-2.95406,0.0044,-0.1060,-0.1073,0.0517,0.00000,0.00000,1.4964,-0.2069
411,16.4400,0.2491,0.0000,-0.0603,0.3245,-0.0093,0.0204,0.0478,-0.0508,-0.0318,1.5684,-0.3391,0.2233,-0.02629,-3.02197,-0.0035,-0.0933,-0.0882,-0.0229,0.00000,0.00000,1.4960,-0.2188
412,16.4800,0.2485,0.0000,-0.0607,0.3169,0.0099,0.0354,-0.0510,0.0716,-0.1264,1.5679,-0.3520,0.2232,-0.02577,-3.03004,0.0353,-0.0992,-0.0895,0.0339,0.00000,0.00000,1.4955,-0.2307
413,16.5200,0.2478,0.0000,-0.0611,0.3167,0.0064,0.0362,-0.0338,0.0808,-0.0333,1.5678,-0.3647,0.2236,-0.02217,-2.99426,0.0051,-0.1128,-0.1113,0.0036,0.00000,0.00000,1.4951,-0.2425
414,16.5600,0.2472,0.0000,-0.0614,0.3244,-0.0011,0.0293,0.0053,-0.0596,-0.1059,1.5673,-0.3775,0.2236,-0.02238,-2.99509,0.0256,-0.1036,-0.1074,0.0257,0.00000,0.00000,1.4946,-0.2544
415,16.6000,0.2465,0.0000,-0.0617,0.3255,-0.0234,0.0424,0.1205,-0.0490,-0.0322,1.5660,-0.3904,0.2240,-0.02412,-3.05806,-0.0118,-0.1124,-0.1438,0.0404,0.00000,0.00000,1.4940,-0.2662
416,16.6400,0.2459,0.0000,-0.0619,0.3319,-0.0114,0.0356,0.0577,-0.1848,0.0577,1.5645,-0.4033,0.2245,-0.02994,-3.13394,0.0138,-0.1143,-0.1151,0.0052,0.00000,0.00000,1.4935,-0.2780
417,16.6800,0.2451,0.0000,-0.0626,0.3105,0.0218,0.0219,-0.1120,0.1533,-0.1489,1.5641,-0.4161,0.2243,-0.02966,-3.11736,0.0416,-0.0893,-0.0825,0.0139,0.00000,0.00000,1.4929,-0.2898
418,16.7200,0.2444,0.0000,-0.0631,0.3135,0.0173,0.0234,-0.0904,0.0756,-0.0555,1.5645,-0.4287,0.2242,-0.02480,-3.03260,0.0071,-0.1122,-0.1037,0.0411,0.00000,0.00000,1.4923,-0.3015
419,16.7600,0.2436,0.0000,-0.0635,0.3199,-0.0071,0.0177,0.0371,-0.0261,-0.0465,1.5640,-0.4414,0.2237,-0.02407,-3.02568,0.0049,-0.1021,-0.1090,0.0182,0.00000,0.00000,1.4917,-0.3133
420,16.8000,0.2429,0.0000,-0.0640,0.3128,0.0036,0.0204,-0.0179,0.1203,-0.1456,1.5630,-0.4541,0.2232,-0.02254,-3.04922,0.0054,-0.1044,-0.0712,-0.0137,0.00000,0.00000,1.4911,-0.3250
421,16.8400,0.2421,0.0000,-0.0642,0.3277,0.0025,0.0281,-0.0135,-0.1625,-0.1261,1.5625,-0.4669,0.2231,-0.02395,-3.03846,0.0100,-0.0976,-0.0942,0.0444,0.00000,0.00000,1.4904,-0.3367
422,16.8800,0.2413,0.0000,-0.0640,0.3150,-0.0028,0.0489,0.0140,0.1196,-0.1871,1.5615,-0.4797,0.2235,-0.02398,-3.06010,0.0243,-0.1110,-0.1057,0.0196,0.00000,0.00000,1.4897,-0.3484
423,16.9200,0.2405,0.0000,-0.0633,0.3122,0.0043,0.0442,-0.0240,0.1793,-0.0850,1.5606,-0.4924,0.2242,-0.01779,-3.06297,0.0118,-0.1246,-0.1010,0.0059,0.00000,0.00000,1.4890,-0.3600
424,16.9600,0.2397,0.0000,-0.0624,0.3163,-0.0051,0.0134,0.0254,0.1245,-0.0756,1.5596,-0.5051,0.2239,-0.01177,-3.06747,0.0016,-0.0935,-0.0916,0.0362,0.00000,0.00000,1.4883,-0.3717
425,17.0000,0.2389,0.0000,-0.0615,0.3237,0.0146,0.0240,-0.0767,0.0379,-0.1207,1.5588,-0.5180,0.2232,-0.00961,-3.05966,0.0277,-0.1121,-0.0798,-0.0132,0.00000,0.00000,1.4875,-0.3833
426,17.0400,0.2380,0.0000,-0.0605,0.3286,0.0017,0.0587,-0.0088,0.0341,-0.0990,1.5582,-0.5311,0.2237,-0.00756,-3.04034,0.0146,-0.1268,-0.1319,0.0500,0.00000,0.00000,1.4867,-0.3949
427,17.0800,0.2371,0.0000,-0.0596,0.3326,-0.0081,0.0316,0.0408,0.0524,-0.0074,1.5568,-0.5444,0.2242,-0.00612,-3.05729,0.0055,-0.1101,-0.0901,-0.0340,0.00000,0.00000,1.4859,-0.4064
428,17.1200,0.2362,0.0000,-0.0588,0.3464,-0.0094,0.0325,0.0491,-0.1720,-0.0723,1.5552,-0.5577,0.2239,-0.00920,-3.07719,0.0333,-0.0917,-0.1146,0.0740,0.00000,0.00000,1.4851,-0.4180
429,17.1600,0.2351,0.0000,-0.0583,0.3491,0.0099,0.0519,-0.0500,-0.1582,-0.2009,1.5539,-0.5715,0.2243,-0.01613,-3.08334,0.0664,-0.0979,-0.0964,-0.0052,0.00000,0.00000,1.4842,-0.4295
430,17.2000,0.2340,0.0000,-0.0574,0.3405,-0.0156,0.0270,0.0792,0.0319,-0.0591,1.5525,-0.5851,0.2248,-0.01724,-3.09390,-0.0112,-0.0903,-0.1219,0.0403,0.00000,0.00000,1.4833,-0.4410
431,17.2400,0.2329,0.0000,-0.0564,0.3488,-0.0055,0.0328,0.0284,-0.1206,-0.0985,1.5506,-0.5987,0.2246,-0.02030,-3.11999,0.0352,-0.1133,-0.1173,0.0443,0.00000,0.00000,1.4824,-0.4524
432,17.2800,0.2317,0.0000,-0.0555,0.3554,-0.0047,0.0325,0.0231,-0.2620,-0.0279,1.5490,-0.6124,0.2249,-0.02781,-3.12895,0.0179,-0.0975,-0.1367,0.0113,0.00000,0.00000,1.4815,-0.4639
433,17.3200,0.2304,0.0000,-0.0547,0.3518,-0.0074,0.0284,0.0379,-0.2415,-0.0906,1.5472,-0.6261,0.2250,-0.03792,3.13778,0.0292,-0.0944,-0.1354,0.0469,0.00000,0.00000,1.4806,-0.4753
434,17.3600,0.2290,0.0000,-0.0542,0.3272,0.0176,0.0153,-0.0926,0.1367,-0.0001,1.5459,-0.6396,0.2250,-0.03922,-3.14018,0.0086,-0.1188,-0.1051,-0.0442,0.00000,0.00000,1.4796,-0.4866
435,17.4000,0.2276,0.0000,-0.0538,0.3245,0.0091,0.0070,-0.0483,0.0847,0.0032,1.5453,-0.6527,0.2243,-0.03391,-3.10825,-0.0084,-0.1046,-0.1382,0.0562,0.00000,0.00000,1.4786,-0.4980
436,17.4400,0.2262,0.0000,-0.0541,0.3259,0.0239,0.0324,-0.1231,0.0495,-0.1760,1.5446,-0.6658,0.2239,-0.03267,-3.08206,0.0572,-0.1148,-0.0609,0.0067,0.00000,0.00000,1.4776,-0.5093
437,17.4800,0.2247,0.0000,-0.0541,0.3140,0.0007,0.0324,-0.0024,0.2482,-0.2133,1.5437,-0.6787,0.2242,-0.02478,-3.06619,0.0162,-0.0870,-0.1020,0.0350,0.00000,0.00000,1.4765,-0.5205
438,17.5200,0.2233,0.0000,-0.0534,0.3345,-0.0129,0.0215,0.0639,-0.1536,0.0748,1.5418,-0.6916,0.2242,-0.02469,-3.07929,0.0058,-0.1238,-0.1207,-0.0124,0.00000,0.00000,1.4754,-0.5318
439,17.5600,0.2218,0.0000,-0.0530,0.3190,0.0186,0.0258,-0.0965,0.1024,-0.2024,1.5403,-0.7046,0.2237,-0.02594,-3.08107,0.0526,-0.1080,-0.0732,-0.0054,0.00000,0.00000,1.4743,-0.5430
440,17.6000,0.2204,0.0000,-0.0527,0.3165,-0.0022,0.0473,0.0092,0.1493,-0.0034,1.5392,-0.7174,0.2243,-0.01901,-3.06377,0.0013,-0.1157,-0.1441,0.0434,0.00000,0.00000,1.4732,-0.5541
441,17.6400,0.2189,0.0000,-0.0524,0.3318,0.0016,0.0296,-0.0094,-0.1240,-0.0581,1.5375,-0.7303,0.2245,-0.02069,-3.06829,0.0501,-0.1179,-0.0880,-0.0126,0.00000,0.00000,1.4721,-0.5653
442,17.6800,0.2174,0.0000,-0.0523,0.3220,0.0008,0.0285,-0.0037,0.0359,-0.1842,1.5359,-0.7431,0.2243,-0.02121,-3.07128,0.0501,-0.0772,-0.1049,0.0260,0.00000,0.00000,1.4709,-0.5764
443,17.7200,0.2159,0.0000,-0.0520,0.3323,-0.0058,0.0380,0.0301,-0.1556,-0.1204,1.5341,-0.7561,0.2246,-0.02435,-3.07744,0.0276,-0.1143,-0.1279,0.0214,0.00000,0.00000,1.4697,-0.5874
444,17.7600,0.2144,0.0000,-0.0514,0.3168,-0.0076,0.0288,0.0387,0.1319,-0.0346,1.5318,-0.7689,0.2248,-0.02432,-3.09400,0.0048,-0.1233,-0.1105,-0.0071,0.00000,0.00000,1.4685,-0.5984
445,17.8000,0.2128,0.0000,-0.0509,0.3163,-0.0005,0.0177,0.0037,0.1029,-0.0922,1.5299,-0.7815,0.2244,-0.01941,-3.09893,0.0100,-0.1014,-0.1095,0.0333,0.00000,0.00000,1.4673,-0.6094
446,17.8400,0.2112,0.0000,-0.0506,0.3173,0.0159,0.0416,-0.0825,0.1043,-0.1263,1.5285,-0.7942,0.2243,-0.01570,-3.08924,0.0420,-0.1269,-0.1073,-0.0001,0.00000,0.00000,1.4660,-0.6204
447,17.8800,0.2096,0.0000,-0.0502,0.3372,-0.0101,0.0261,0.0500,-0.2482,0.0176,1.5268,-0.8071,0.2245,-0.01935,-3.08294,-0.0032,-0.1118,-0.1191,0.0310,0.00000,0.00000,1.4648,-0.6313
448,17.9200,0.2080,0.0000,-0.0500,0.3326,-0.0052,0.0168,0.0258,-0.1703,-0.0290,1.5243,-0.8200,0.2240,-0.02815,-3.10071,0.0471,-0.0890,-0.0846,-0.0048,0.00000,0.00000,1.4635,-0.6422
449,17.9600,0.2063,0.0000,-0.0502,0.3228,0.0147,0.0254,-0.0768,-0.0498,-0.1069,1.5227,-0.8329,0.2238,-0.03167,-3.09316,0.0435,-0.0873,-0.1008,0.0044,0.00000,0.00000,1.4621,-0.6530
450,18.0000,0.2046,0.0000,-0.0506,0.3213,0.0076,0.0455,-0.0413,-0.0555,-0.0113,1.5214,-0.8456,0.2243,-0.03353,-3.07709,0.0313,-0.1313,-0.1372,0.0215,0.00000,0.00000,1.4608,-0.6638
451,18.0400,0.2029,0.0000,-0.0512,0.3267,-0.0165,0.0204,0.0840,-0.2168,-0.0335,1.5192,-0.8582,0.2245,-0.03932,-3.08570,0.0181,-0.0944,-0.1126,0.0253,0.00000,0.00000,1.4594,-0.6745
452,18.0800,0.2012,0.0000,-0.0520,0.3082,-0.0043,0.0105,0.0218,0.0277,-0.0429,1.5166,-0.8705,0.2241,-0.04260,-3.10594,0.0261,-0.0945,-0.1047,-0.0258,0.00000,0.00000,1.4580,-0.6852
453,18.1200,0.1994,0.0000,-0.0531,0.3019,0.0110,0.0234,-0.0577,0.0357,-0.0157,1.5151,-0.8826,0.2238,-0.04118,-3.09746,0.0158,-0.1126,-0.1101,0.0298,0.00000,0.00000,1.4566,-0.6958
454,18.1600,0.1976,0.0000,-0.0544,0.2914,0.0028,0.0214,-0.0144,0.1559,-0.0572,1.5135,-0.8944,0.2237,-0.03624,-3.09001,0.0185,-0.0942,-0.1189,-0.0073,0.00000,0.00000,1.4551,-0.7065
455,18.2000,0.1959,0.0000,-0.0558,0.2865,0.0009,0.0296,-0.0051,0.2046,-0.0296,1.5118,-0.9060,0.2236,-0.02945,-3.08891,0.0027,-0.1252,-0.1061,0.0045,0.00000,0.00000,1.4537,-0.7170
456,18.2400,0.1942,0.0000,-0.0574,0.2934,0.0025,0.0375,-0.0114,0.0418,-0.1588,1.5101,-0.9177,0.2238,-0.02509,-3.08720,0.0391,-0.1009,-0.0914,0.0401,0.00000,0.00000,1.4522,-0.7275
457,18.2800,0.1925,0.0000,-0.0588,0.2964,-0.0052,0.0440,0.0265,-0.0196,-0.0195,1.5081,-0.9293,0.2244,-0.02480,-3.09107,0.0131,-0.1325,-0.1316,-0.0072,0.00000,0.00000,1.4507,-0.7380
458,18.3200,0.1908,0.0000,-0.0601,0.2872,-0.0213,0.0416,0.1099,0.1428,0.0175,1.5055,-0.9407,0.2249,-0.02128,-3.11062,0.0025,-0.1166,-0.1528,0.0426,0.00000,0.00000,1.4491,-0.7484
459,18.3600,0.1891,0.0000,-0.0619,0.3008,0.0100,0.0179,-0.0513,-0.1456,-0.0555,1.5033,-0.9523,0.2248,-0.02356,-3.11707,0.0412,-0.1024,-0.0734,-0.0159,0.00000,0.00000,1.4476,-0.7588
460,18.4000,0.1874,0.0000,-0.0637,0.2988,0.0120,0.0198,-0.0635,-0.1607,-0.0597,1.5020,-0.9640,0.2242,-0.02909,-3.10207,0.0423,-0.0875,-0.1087,0.0403,0.00000,0.00000,1.4460,-0.7691
461,18.4400,0.1857,0.0000,-0.0657,0.2845,0.0159,0.0496,-0.0818,0.0990,-0.1256,1.5006,-0.9756,0.2245,-0.02952,-3.08830,0.0622,-0.1184,-0.1126,0.0108,0.00000,0.00000,1.4444,-0.7794
462,18.4800,0.1840,0.0000,-0.0675,0.2816,-0.0023,0.0329,0.0131,0.1167,-0.1298,1.4991,-0.9868,0.2251,-0.02441,-3.08170,0.0163,-0.1099,-0.1287,0.0070,0.00000,0.00000,1.4427,-0.7896
463,18.5200,0.1823,0.0000,-0.0689,0.2836,-0.0150,0.0304,0.0779,0.0732,-0.0556,1.4966,-0.9980,0.2251,-0.02142,-3.09574,0.0133,-0.1284,-0.1202,0.0347,0.00000,0.00000,1.4411,-0.7998
464,18.5600,0.1807,0.0000,-0.0703,0.2981,0.0039,0.0210,-0.0201,-0.2447,-0.1636,1.4944,-1.0093,0.2248,-0.02642,-3.10282,0.0493,-0.0973,-0.0863,0.0059,0.00000,0.00000,1.4394,-0.8099
465,18.6000,0.1790,0.0000,-0.0714,0.2840,0.0122,0.0310,-0.0636,-0.0229,-0.0451,1.4926,-1.0207,0.2248,-0.03078,-3.09581,0.0409,-0.1167,-0.1198,-0.0100,0.00000,0.00000,1.4377,-0.8200
466,18.6400,0.1773,0.0000,-0.0725,0.2908,-0.0015,0.0222,0.0075,-0.2113,-0.1410,1.4909,-1.0318,0.2246,-0.03575,-3.08942,0.0370,-0.0909,-0.1087,0.0606,0.00000,0.00000,1.4360,-0.8300
467,18.6800,0.1757,0.0000,-0.0735,0.2798,0.0029,0.0260,-0.0151,-0.0696,-0.1292,1.4886,-1.0429,0.2246,-0.04120,-3.09466,0.0517,-0.1038,-0.1000,-0.0276,0.00000,0.00000,1.4342,-0.8400
468,18.7200,0.1740,0.0000,-0.0743,0.2609,0.0013,0.0207,-0.0074,0.1760,0.0088,1.4866,-1.0535,0.2245,-0.03766,-3.09301,0.0023,-0.1199,-0.1334,-0.0057,0.00000,0.00000,1.4325,-0.8499
469,18.7600,0.1724,0.0000,-0.0753,0.2708,-0.0115,0.0230,0.0604,-0.0813,-0.0574,1.4844,-1.0639,0.2242,-0.03660,-3.09728,0.0104,-0.1097,-0.1258,0.0570,0.00000,0.00000,1.4307,-0.8598
470,18.8000,0.1707,0.0000,-0.0768,0.2668,0.0094,0.0491,-0.0484,-0.0546,-0.1484,1.4822,-1.0744,0.2246,-0.04000,-3.10207,0.0534,-0.1347,-0.1059,-0.0180,0.00000,0.00000,1.4289,-0.8696
471,18.8400,0.1691,0.0000,-0.0781,0.2650,0.0199,0.0216,-0.1051,-0.0949,-0.1517,1.4809,-1.0848,0.2251,-0.04303,-3.08696,0.0302,-0.1200,-0.0957,0.0087,0.00000,0.00000,1.4270,-0.8793
472,18.8800,0.1675,0.0000,-0.0790,0.2538,-0.0076,0.0070,0.0389,0.0679,-0.0063,1.4790,-1.0949,0.2245,-0.04179,-3.08387,0.0188,-0.0947,-0.1452,0.0379,0.00000,0.00000,1.4252,-0.8890
473,18.9200,0.1660,0.0000,-0.0802,0.2576,0.0007,0.0180,-0.0042,-0.0169,-0.1542,1.4766,-1.1050,0.2238,-0.04194,-3.08957,0.0304,-0.1092,-0.1100,0.0187,0.00000,0.00000,1.4233,-0.8987
474,18.9600,0.1644,0.0000,-0.0814,0.2488,0.0056,0.0223,-0.0299,0.1237,-0.0241,1.4747,-1.1150,0.2237,-0.03931,-3.08754,-0.0087,-0.1285,-0.1221,-0.0203,0.00000,0.00000,1.4214,-0.9082
475,19.0000,0.1629,0.0000,-0.0827,0.2680,-0.0008,0.0127,0.0037,-0.2855,-0.0800,1.4727,-1.1250,0.2232,-0.04388,-3.08380,0.0241,-0.0978,-0.1155,0.0666,0.00000,0.00000,1.4195,-0.9178
476,19.0400,0.1614,0.0000,-0.0842,0.2579,-0.0051,0.0297,0.0254,-0.1169,-0.0670,1.4702,-1.1349,0.2231,-0.05115,-3.09095,0.0319,-0.0990,-0.1377,0.0029,0.00000,0.00000,1.4175,-0.9272
477,19.0800,0.1598,0.0000,-0.0859,0.2268,0.0110,0.0281,-0.0579,0.3970,-0.0649,1.4682,-1.1445,0.2233,-0.04377,-3.09093,0.0029,-0.1222,-0.1404,-0.0250,0.00000,0.00000,1.4155,-0.9366
478,19.1200,0.1583,0.0000,-0.0877,0.2445,0.0171,-0.0055,-0.0895,-0.0090,-0.1260,1.4669,-1.1541,0.2225,-0.03771,-3.07473,0.0041,-0.0960,-0.0855,0.0291,0.00000,0.00000,1.4135,-0.9460
479,19.1600,0.1569,0.0000,-0.0894,0.2512,-0.0087,0.0151,0.0450,-0.1190,-0.0835,1.4648,-1.1637,0.2215,-0.04038,-3.07380,0.0041,-0.0955,-0.1328,0.0477,0.00000,0.00000,1.4115,-0.9553
480,19.2000,0.1554,0.0000,-0.0912,0.2381,0.0023,0.0449,-0.0132,0.1498,-0.1162,1.4623,-1.1732,0.2218,-0.03951,-3.08091,0.0119,-0.1238,-0.1190,-0.0174,0.00000,0.00000,1.4095,-0.9645
481,19.2400,0.1539,0.0000,-0.0930,0.2375,0.0093,0.0202,-0.0495,0.1112,-0.0663,1.4605,-1.1827,0.2220,-0.03411,-3.07507,0.0055,-0.0988,-0.1059,0.0112,0.00000,0.00000,1.4074,-0.9736
482,19.2800,0.1525,0.0000,-0.0947,0.2528,0.0016,0.0141,-0.0086,-0.1879,-0.0762,1.4585,-1.1922,0.2214,-0.03674,-3.07022,0.0150,-0.1004,-0.1291,0.0463,0.00000,0.00000,1.4053,-0.9827
483,19.3200,0.1510,0.0000,-0.0967,0.2523,-0.0034,0.0366,0.0164,-0.2172,-0.0329,1.4561,-1.2018,0.2214,-0.04511,-3.07267,0.0288,-0.1032,-0.1293,0.0079,0.00000,0.00000,1.4032,-0.9918
484,19.3600,0.1495,0.0000,-0.0990,0.2318,-0.0005,0.0399,0.0012,0.0624,-0.0366,1.4537,-1.2110,0.2219,-0.04696,-3.07643,0.0285,-0.1008,-0.1283,0.0103,0.00000,0.00000,1.4011,-1.0007
485,19.4000,0.1480,0.0000,-0.1016,0.2280,0.0109,0.0153,-0.0579,-0.0018,-0.1252,1.4518,-1.2200,0.2219,-0.04636,-3.07183,0.0131,-0.1051,-0.0978,0.0118,0.00000,0.00000,1.3989,-1.0096
486,19.4400,0.1466,0.0000,-0.1042,0.2245,0.0019,0.0343,-0.0106,-0.0403,-0.1056,1.4500,-1.2288,0.2218,-0.04673,-3.06755,0.0249,-0.1134,-0.1431,0.0444,0.00000,0.00000,1.3968,-1.0185
487,19.4800,0.1451,0.0000,-0.1069,0.2156,0.0029,0.0310,-0.0160,0.0361,-0.1999,1.4479,-1.2373,0.2221,-0.04688,-3.06982,0.0219,-0.1110,-0.1157,-0.0183,0.00000,0.00000,1.3946,-1.0273
488,19.5200,0.1437,0.0000,-0.1091,0.2072,-0.0089,0.0290,0.0450,0.0808,-0.0892,1.4456,-1.2455,0.2222,-0.04399,-3.07425,-0.0061,-0.1182,-0.1432,0.0315,0.00000,0.00000,1.3923,-1.0360
489,19.5600,0.1424,0.0000,-0.1112,0.2013,-0.0025,0.0365,0.0125,0.1092,-0.1854,1.4432,-1.2534,0.2223,-0.04048,-3.08177,0.0321,-0.1087,-0.1156,0.0373,0.00000,0.00000,1.3901,-1.0446
490,19.6000,0.1411,0.0000,-0.1131,0.2042,-0.0174,0.0150,0.0887,-0.0338,-0.0032,1.4407,-1.2611,0.2223,-0.03889,-3.08996,-0.0321,-0.1023,-0.1398,0.0089,0.00000,0.00000,1.3878,-1.0532
491,19.6400,0.1398,0.0000,-0.1151,0.2042,0.0116,0.0159,-0.0612,-0.1288,-0.2359,1.4384,-1.2689,0.2215,-0.04405,-3.09474,0.0514,-0.0851,-0.0635,0.0424,0.00000,0.00000,1.3855,-1.0617
492,19.6800,0.1386,0.0000,-0.1170,0.1854,0.0101,0.0400,-0.0544,0.1504,-0.1972,1.4368,-1.2765,0.2216,-0.04144,-3.08786,0.0121,-0.0947,-0.1226,0.0323,0.00000,0.00000,1.3832,-1.0702
493,19.7200,0.1375,0.0000,-0.1185,0.1744,0.0083,0.0280,-0.0447,0.3094,-0.1590,1.4351,-1.2838,0.2218,-0.03221,-3.08409,0.0036,-0.1179,-0.0974,0.0021,0.00000,0.00000,1.3809,-1.0785
494,19.7600,0.1364,0.0000,-0.1197,0.1877,0.0002,0.0037,-0.0015,0.0062,-0.1750,1.4333,-1.2910,0.2210,-0.02688,-3.08162,-0.0038,-0.0851,-0.0871,0.0276,0.00000,0.00000,1.3785,-1.0868
495,19.8000,0.1354,0.0000,-0.1208,0.1951,-0.0304,0.0482,0.1580,-0.0974,-0.0362,1.4303,-1.2980,0.2208,-0.02861,-3.09433,-0.0203,-0.1146,-0.1695,0.0735,0.00000,0.00000,1.3762,-1.0951
496,19.8400,0.1344,0.0000,-0.1223,0.1835,-0.0027,0.0420,0.0128,0.1248,-0.1676,1.4272,-1.3051,0.2215,-0.02846,-3.10967,0.0170,-0.0907,-0.0774,-0.0316,0.00000,0.00000,1.3738,-1.1032
497,19.8800,0.1334,0.0000,-0.1239,0.1802,0.0146,0.0303,-0.0761,0.1228,-0.1490,1.4255,-1.3122,0.2216,-0.02294,-3.10375,0.0036,-0.1022,-0.1228,0.0471,0.00000,0.00000,1.3713,-1.1113
498,19.9200,0.1325,0.0000,-0.1255,0.1960,0.0036,0.0287,-0.0174,-0.1550,-0.2758,1.4236,-1.3196,0.2213,-0.02468,-3.09849,0.0267,-0.0800,-0.1025,0.0603,0.00000,0.00000,1.3689,-1.1193
499,19.9600,0.1316,0.0000,-0.1267,0.1832,-0.0022,0.0357,0.0105,0.1103,-0.2072,1.4211,-1.3268,0.2214,-0.02492,-3.10233,0.0037,-0.1002,-0.1104,-0.0103,0.00000,0.00000,1.3664,-1.1273
500,20.0000,0.1307,0.0000,-0.1275,0.1908,0.0175,0.0405,-0.0917,-0.0659,-0.2111,1.4192,-1.3341,0.2216,-0.02529,-3.09732,0.0410,-0.1094,-0.0872,0.0460,0.00000,0.00000,1.3640,-1.1352
501,20.0400,0.1298,0.0000,-0.1281,0.1810,0.0004,0.0333,-0.0028,0.1215,-0.1652,1.4171,-1.3413,0.2218,-0.02276,-3.09370,0.0127,-0.0933,-0.1167,0.0328,0.00000,0.00000,1.3614,-1.1430
502,20.0800,0.1289,0.0000,-0.1287,0.1844,-0.0002,0.0131,0.0003,0.0565,-0.1195,1.4146,-1.3482,0.2213,-0.01982,-3.09536,0.0058,-0.0918,-0.0959,-0.0070,0.00000,0.00000,1.3589,-1.1507
503,20.1200,0.1280,0.0000,-0.1295,0.2004,-0.0128,0.0240,0.0671,-0.2359,-0.1341,1.4118,-1.3553,0.2207,-0.02437,-3.09926,-0.0114,-0.0925,-0.1276,0.0618,0.00000,0.00000,1.3564,-1.1584
504,20.1600,0.1271,0.0000,-0.1308,0.1910,0.0002,0.0522,-0.0018,-0.0294,-0.2253,1.4087,-1.3624,0.2210,-0.02970,-3.10611,0.0243,-0.1029,-0.0976,0.0046,0.00000,0.00000,1.3538,-1.1660
505,20.2000,0.1262,0.0000,-0.1320,0.1823,0.0064,0.0509,-0.0344,0.0961,-0.1536,1.4063,-1.3695,0.2220,-0.02738,-3.10443,0.0148,-0.1103,-0.1238,0.0352,0.00000,0.00000,1.3512,-1.1735
506,20.2400,0.1253,0.0000,-0.1333,0.1864,0.0080,0.0107,-0.0426,-0.0263,-0.1217,1.4040,-1.3765,0.2218,-0.02659,-3.10113,0.0168,-0.0892,-0.0961,-0.0011,0.00000,0.00000,1.3486,-1.1809
507,20.2800,0.1243,0.0000,-0.1348,0.1799,0.0001,0.0371,-0.0006,0.0944,-0.1554,1.4015,-1.3835,0.2213,-0.02471,-3.09999,0.0220,-0.1001,-0.1244,0.0737,0.00000,0.00000,1.3459,-1.1883
508,20.3200,0.1233,0.0000,-0.1367,0.1961,-0.0080,0.0319,0.0406,-0.1991,-0.1537,1.3987,-1.3904,0.2215,-0.02790,-3.10263,0.0004,-0.0949,-0.1077,0.0062,0.00000,0.00000,1.3433,-1.1956
509,20.3600,0.1223,0.0000,-0.1387,0.1855,0.0052,0.0352,-0.0282,-0.0361,-0.1077,1.3957,-1.3973,0.2216,-0.03273,-3.10555,0.0191,-0.1187,-0.1129,-0.0001,0.00000,0.00000,1.3406,-1.2028
510,20.4000,0.1213,0.0000,-0.1411,0.1715,0.0154,0.0297,-0.0806,0.1753,-0.2660,1.3935,-1.4042,0.2215,-0.02887,-3.10045,0.0272,-0.0846,-0.0885,0.0405,0.00000,0.00000,1.3379,-1.2099
511,20.4400,0.1203,0.0000,-0.1434,0.1684,0.0099,0.0277,-0.0519,0.2269,-0.2259,1.3913,-1.4110,0.2214,-0.02046,-3.09506,0.0213,-0.0962,-0.0973,0.0097,0.00000,0.00000,1.3352,-1.2170
512,20.4800,0.1193,0.0000,-0.1453,0.1852,-0.0270,0.0260,0.1403,-0.0598,-0.0962,1.3882,-1.4174,0.2211,-0.01758,-3.10042,-0.0194,-0.0911,-0.1435,0.0544,0.00000,0.00000,1.3324,-1.2239
513,20.5200,0.1183,0.0000,-0.1477,0.1879,0.0035,0.0462,-0.0170,-0.0727,-0.3441,1.3846,-1.4240,0.2211,-0.02230,-3.10949,0.0422,-0.1088,-0.0790,-0.0047,0.00000,0.00000,1.3297,-1.2308
514,20.5600,0.1173,0.0000,-0.1498,0.1740,0.0037,0.0410,-0.0198,0.1745,-0.1599,1.3819,-1.4308,0.2218,-0.01825,-3.10778,-0.0141,-0.1053,-0.1280,0.0106,0.00000,0.00000,1.3269,-1.2377
515,20.6000,0.1163,0.0000,-0.1518,0.1877,0.0034,0.0162,-0.0176,-0.0807,-0.1770,1.3790,-1.4375,0.2214,-0.01787,-3.10652,0.0207,-0.0921,-0.0948,0.0371,0.00000,0.00000,1.3241,-1.2444
516,20.6400,0.1152,0.0000,-0.1540,0.1933,-0.0213,0.0333,0.1110,-0.1456,-0.1284,1.3755,-1.4441,0.2210,-0.02202,-3.11199,-0.0155,-0.0880,-0.1446,0.0575,0.00000,0.00000,1.3212,-1.2511
517,20.6800,0.1141,0.0000,-0.1567,0.1896,-0.0058,0.0553,0.0296,-0.0570,-0.1166,1.3716,-1.4506,0.2217,-0.02637,-3.12037,0.0188,-0.1114,-0.1337,-0.0044,0.00000,0.00000,1.3184,-1.2576
518,20.7200,0.1130,0.0000,-0.1600,0.1929,-0.0041,0.0246,0.0207,-0.1736,-0.1472,1.3683,-1.4574,0.2220,-0.03116,-3.12217,-0.0093,-0.0818,-0.1200,0.0444,0.00000,0.00000,1.3155,-1.2641
519,20.7600,0.1118,0.0000,-0.1636,0.1876,0.0049,0.0400,-0.0259,-0.1153,-0.1614,1.3650,-1.4641,0.2219,-0.03712,-3.12322,0.0314,-0.1010,-0.1224,0.0569,0.00000,0.00000,1.3126,-1.2706
520,20.8000,0.1105,0.0000,-0.1676,0.1776,-0.0010,0.0284,0.0043,0.0088,-0.1464,1.3620,-1.4706,0.2222,-0.03802,-3.12299,-0.0031,-0.0829,-0.1323,0.0222,0.00000,0.00000,1.3097,-1.2769
521,20.8400,0.1093,0.0000,-0.1719,0.1662,0.0230,0.0129,-0.1205,0.1415,-0.2865,1.3592,-1.4771,0.2216,-0.03572,-3.11943,0.0223,-0.0923,-0.0749,0.0014,0.00000,0.00000,1.3068,-1.2831
522,20.8800,0.1080,0.0000,-0.1761,0.1570,0.0143,0.0271,-0.0770,0.2653,-0.1018,1.3571,-1.4835,0.2212,-0.02602,-3.11082,-0.0035,-0.1022,-0.1258,0.0258,0.00000,0.00000,1.3038,-1.2893
523,20.9200,0.1068,0.0000,-0.1805,0.1824,-0.0160,0.0253,0.0835,-0.1949,-0.1616,1.3540,-1.4896,0.2208,-0.02636,-3.11155,-0.0003,-0.0815,-0.1162,0.0674,0.00000,0.00000,1.3008,-1.2954
524,20.9600,0.1056,0.0000,-0.1855,0.1860,0.0011,0.0401,-0.0071,-0.2718,-0.2717,1.3502,-1.4957,0.2209,-0.03724,-3.11737,0.0366,-0.0916,-0.0841,-0.0162,0.00000,0.00000,1.2978,-1.3014
525,21.0000,0.1043,0.0000,-0.1904,0.1632,0.0190,0.0402,-0.1009,0.0665,-0.2763,1.3474,-1.5020,0.2214,-0.04004,-3.11387,0.0108,-0.1082,-0.1048,0.0127,0.00000,0.00000,1.2948,-1.3073
526,21.0400,0.1031,0.0000,-0.1950,0.1626,0.0140,0.0255,-0.0747,-0.0057,-0.2641,1.3451,-1.5081,0.2214,-0.03870,-3.10730,0.0272,-0.0917,-0.0937,0.0440,0.00000,0.00000,1.2918,-1.3132
527,21.0800,0.1020,0.0000,-0.1995,0.1670,-0.0090,0.0287,0.0460,-0.1370,-0.3263,1.3419,-1.5138,0.2211,-0.04171,-3.10827,0.0317,-0.0728,-0.1116,0.0576,0.00000,0.00000,1.2887,-1.3189
528,21.1200,0.1008,0.0000,-0.2037,0.1539,-0.0055,0.0366,0.0263,0.0504,-0.2761,1.3383,-1.5192,0.2213,-0.04333,-3.11402,0.0191,-0.0936,-0.1024,-0.0094,0.00000,0.00000,1.2856,-1.3246
529,21.1600,0.0997,0.0000,-0.2077,0.1347,-0.0062,0.0230,0.0316,0.3174,-0.1284,1.3350,-1.5242,0.2213,-0.03463,-3.11727,-0.0316,-0.1034,-0.1285,0.0202,0.00000,0.00000,1.2825,-1.3302
530,21.2000,0.0987,0.0000,-0.2123,0.1473,0.0082,0.0206,-0.0428,0.0204,-0.2026,1.3322,-1.5293,0.2207,-0.02945,-3.11663,0.0184,-0.0885,-0.0913,0.0348,0.00000,0.00000,1.2794,-1.3357
531,21.2400,0.0976,0.0000,-0.2173,0.1469,0.0069,0.0368,-0.0367,0.0288,-0.2895,1.3294,-1.5346,0.2206,-0.02877,-3.11446,0.0199,-0.0846,-0.0792,0.0417,0.00000,0.00000,1.2763,-1.3411
532,21.2800,0.0966,0.0000,-0.2225,0.1559,-0.0253,0.0394,0.1311,-0.1463,-0.1810,1.3259,-1.5394,0.2209,-0.03062,-3.11900,-0.0164,-0.0817,-0.1525,0.0465,0.00000,0.00000,1.2731,-1.3465
533,21.3200,0.0956,0.0000,-0.2281,0.1532,-0.0091,0.0473,0.0459,-0.1116,-0.2665,1.3218,-1.5440,0.2214,-0.03716,-3.12773,0.0129,-0.1066,-0.1113,0.0184,0.00000,0.00000,1.2699,-1.3517
534,21.3600,0.0946,0.0000,-0.2339,0.1272,0.0190,0.0341,-0.1005,0.2973,-0.1929,1.3189,-1.5490,0.2218,-0.03194,-3.12633,-0.0076,-0.1095,-0.1031,-0.0019,0.00000,0.00000,1.2667,-1.3569
535,21.4000,0.0936,0.0000,-0.2400,0.1277,0.0104,0.0087,-0.0552,0.2484,-0.1653,1.3166,-1.5539,0.2211,-0.02046,-3.12036,-0.0086,-0.0813,-0.1044,0.0557,0.00000,0.00000,1.2635,-1.3619
536,21.4400,0.0927,0.0000,-0.2467,0.1438,-0.0041,0.0265,0.0227,0.0064,-0.2632,1.3135,-1.5587,0.2203,-0.01655,-3.11999,0.0073,-0.0779,-0.1002,0.0487,0.00000,0.00000,1.2603,-1.3669
537,21.4800,0.0918,0.0000,-0.2538,0.1433,-0.0060,0.0562,0.0326,0.0938,-0.3098,1.3100,-1.5634,0.2208,-0.01466,-3.12324,-0.0019,-0.1041,-0.1149,0.0142,0.00000,0.00000,1.2570,-1.3718
538,21.5200,0.0909,0.0000,-0.2610,0.1583,0.0066,0.0506,-0.0334,-0.1610,-0.3473,1.3066,-1.5684,0.2216,-0.01757,-3.12323,0.0350,-0.0937,-0.0821,0.0470,0.00000,0.00000,1.2537,-1.3766
539,21.5600,0.0900,0.0000,-0.2678,0.1469,-0.0016,0.0427,0.0086,0.0818,-0.3118,1.3031,-1.5734,0.2220,-0.01793,-3.12373,0.0125,-0.0975,-0.1265,0.0455,0.00000,0.00000,1.2504,-1.3813
540,21.6000,0.0892,0.0000,-0.2746,0.1624,-0.0098,0.0250,0.0504,-0.1963,-0.1670,1.2993,-1.5782,0.2220,-0.02112,-3.12589,-0.0090,-0.0966,-0.1318,0.0343,0.00000,0.00000,1.2471,-1.3860
541,21.6400,0.0883,0.0000,-0.2819,0.1485,0.0136,0.0306,-0.0701,0.0670,-0.2964,1.2955,-1.5832,0.2217,-0.02374,-3.12677,0.0269,-0.0993,-0.0993,0.0099,0.00000,0.00000,1.2437,-1.3905
542,21.6800,0.0874,0.0000,-0.2898,0.1453,0.0077,0.0315,-0.0400,0.1311,-0.2161,1.2923,-1.5883,0.2217,-0.01869,-3.12274,-0.0121,-0.0948,-0.1184,0.0431,0.00000,0.00000,1.2404,-1.3950
543,21.7200,0.0865,0.0000,-0.2980,0.1583,-0.0026,0.0166,0.0147,-0.0843,-0.2989,1.2886,-1.5932,0.2211,-0.01888,-3.12288,0.0102,-0.0743,-0.0968,0.0285,0.00000,0.00000,1.2370,-1.3993
544,21.7600,0.0856,0.0000,-0.3065,0.1480,0.0149,0.0606,-0.0758,0.1556,-0.4447,1.2849,-1.5983,0.2213,-0.01760,-3.12214,0.0397,-0.1136,-0.0955,0.0424,0.00000,0.00000,1.2336,-1.4036
545,21.8000,0.0847,0.0000,-0.3149,0.1594,-0.0088,0.0347,0.0457,-0.0313,-0.2105,1.2811,-1.6032,0.2220,-0.01460,-3.12110,-0.0129,-0.0898,-0.1241,0.0192,0.00000,0.00000,1.2302,-1.4078
546,21.8400,0.0838,0.0000,-0.3233,0.1680,-0.0056,0.0312,0.0307,-0.1690,-0.3767,1.2765,-1.6079,0.2216,-0.02041,-3.12499,0.0406,-0.0901,-0.1040,0.0668,0.00000,0.00000,1.2267,-1.4119
547,21.8800,0.0829,0.0000,-0.3321,0.1581,0.0269,0.0421,-0.1393,0.0183,-0.3999,1.2726,-1.6132,0.2219,-0.02331,-3.12230,0.0329,-0.1095,-0.0855,-0.0264,0.00000,0.00000,1.2233,-1.4159
548,21.9200,0.0821,0.0000,-0.3406,0.1723,-0.0080,0.0285,0.0428,-0.2624,-0.3401,1.2688,-1.6184,0.2220,-0.02800,-3.11921,0.0007,-0.0870,-0.1422,0.1028,0.00000,0.00000,1.2198,-1.4198
549,21.9600,0.0812,0.0000,-0.3493,0.1611,-0.0100,0.0358,0.0497,-0.0246,-0.4455,1.2638,-1.6228,0.2219,-0.03404,-3.12489,0.0284,-0.0936,-0.0989,0.0055,0.00000,0.00000,1.2163,-1.4237
550,22.0000,0.0803,0.0000,-0.3579,0.1657,-0.0077,0.0351,0.0385,-0.1871,-0.2415,1.2592,-1.6273,0.2223,-0.03827,-3.12747,-0.0111,-0.1046,-0.1422,0.0429,0.00000,0.00000,1.2128,-1.4274
551,22.0400,0.0795,0.0000,-0.3668,0.1532,0.0068,0.0356,-0.0370,-0.0245,-0.3357,1.2547,-1.6317,0.2223,-0.04250,-3.12902,0.0465,-0.0895,-0.1058,0.0487,0.00000,0.00000,1.2092,-1.4310
552,22.0800,0.0786,0.0000,-0.3763,0.1387,0.0124,0.0158,-0.0649,0.1522,-0.4667,1.2508,-1.6363,0.2220,-0.03883,-3.12700,0.0133,-0.0638,-0.0965,0.0254,0.00000,0.00000,1.2057,-1.4346
553,22.1200,0.0778,0.0000,-0.3856,0.1435,-0.0005,0.0278,0.0023,0.0208,-0.3939,1.2469,-1.6405,0.2216,-0.03610,-3.12608,-0.0022,-0.1024,-0.1177,0.0676,0.00000,0.00000,1.2021,-1.4380
554,22.1600,0.0771,0.0000,-0.3950,0.1328,-0.0063,0.0181,0.0317,0.1905,-0.3085,1.2425,-1.6442,0.2213,-0.03135,-3.12875,-0.0231,-0.0900,-0.1102,-0.0186,0.00000,0.00000,1.1985,-1.4414
555,22.2000,0.0764,0.0000,-0.4047,0.1477,-0.0076,0.0346,0.0404,-0.1249,-0.3829,1.2382,-1.6479,0.2210,-0.03140,-3.13075,-0.0046,-0.0895,-0.1237,0.0975,0.00000,0.00000,1.1949,-1.4447
556,22.2400,0.0758,0.0000,-0.4149,0.1368,-0.0052,0.0488,0.0255,0.0929,-0.2683,1.2336,-1.6514,0.2215,-0.03140,-3.13397,-0.0116,-0.1062,-0.1289,-0.0097,0.00000,0.00000,1.1912,-1.4479
557,22.2800,0.0751,0.0000,-0.4251,0.1289,0.0247,0.0309,-0.1250,0.1755,-0.5370,1.2297,-1.6555,0.2216,-0.02656,-3.13168,0.0330,-0.0816,-0.0706,0.0473,0.00000,0.00000,1.1876,-1.4510
558,22.3200,0.0746,0.0000,-0.4341,0.1361,0.0164,0.0307,-0.0820,0.0293,-0.4508,1.2262,-1.6598,0.2215,-0.02234,-3.12630,0.0162,-0.0911,-0.1116,0.0307,0.00000,0.00000,1.1839,-1.4540
559,22.3600,0.0741,0.0000,-0.4420,0.1382,-0.0018,0.0434,0.0127,0.0310,-0.4942,1.2220,-1.6635,0.2216,-0.02161,-3.12585,0.0189,-0.1026,-0.1209,0.0487,0.00000,0.00000,1.1802,-1.4569
560,22.4000,0.0738,0.0000,-0.4489,0.1530,-0.0224,0.0460,0.1150,-0.2130,-0.3292,1.2171,-1.6666,0.2222,-0.02620,-3.12977,-0.0151,-0.1078,-0.1337,0.0540,0.00000,0.00000,1.1765,-1.4597
561,22.4400,0.0734,0.0000,-0.4551,0.1362,0.0035,0.0207,-0.0200,0.0702,-0.4408,1.2120,-1.6696,0.2220,-0.02902,-3.13396,0.0249,-0.0759,-0.0796,-0.0016,0.00000,0.00000,1.1728,-1.4624
562,22.4800,0.0731,0.0000,-0.4605,0.1357,0.0096,0.0183,-0.0470,0.0317,-0.4614,1.2078,-1.6732,0.2214,-0.02639,-3.13190,-0.0132,-0.0779,-0.1186,0.0687,0.00000,0.00000,1.1690,-1.4650
563,22.5200,0.0729,0.0000,-0.4652,0.1446,0.0006,0.0396,-0.0031,-0.1020,-0.3830,1.2033,-1.6767,0.2213,-0.02863,-3.13148,0.0088,-0.0986,-0.1140,0.0437,0.00000,0.00000,1.1652,-1.4675
564,22.5600,0.0727,0.0000,-0.4694,0.1392,0.0084,0.0419,-0.0437,-0.0173,-0.5305,1.1987,-1.6800,0.2216,-0.03112,-3.13148,0.0268,-0.0857,-0.0967,0.0290,0.00000,0.00000,1.1614,-1.4700
565,22.6000,0.0725,0.0000,-0.4731,0.1396,0.0009,0.0303,-0.0052,-0.0590,-0.3971,1.1941,-1.6832,0.2218,-0.03253,-3.13089,-0.0097,-0.0972,-0.1203,0.0317,0.00000,0.00000,1.1576,-1.4723
566,22.6400,0.0725,0.0000,-0.4763,0.1407,0.0073,0.0480,-0.0370,-0.1078,-0.5852,1.1895,-1.6863,0.2219,-0.03678,-3.13096,0.0340,-0.1078,-0.1154,0.0779,0.00000,0.00000,1.1538,-1.4746
567,22.6800,0.0725,0.0000,-0.4791,0.1344,-0.0057,0.0302,0.0268,-0.0266,-0.4632,1.1848,-1.6892,0.2224,-0.03853,-3.13192,-0.0113,-0.0847,-0.1188,0.0068,0.00000,0.00000,1.1500,-1.4767
568,22.7200,0.0726,0.0000,-0.4816,0.1168,0.0149,0.0250,-0.0725,0.2382,-0.5594,1.1802,-1.6919,0.2220,-0.03451,-3.13212,0.0275,-0.0999,-0.0830,0.0411,0.00000,0.00000,1.1461,-1.4788
569,22.7600,0.0728,0.0000,-0.4838,0.1154,0.0114,0.0091,-0.0580,0.2309,-0.4063,1.1762,-1.6949,0.2214,-0.02462,-3.12917,-0.0176,-0.0812,-0.0800,0.0176,0.00000,0.00000,1.1422,-1.4807
570,22.8000,0.0731,0.0000,-0.4858,0.1304,-0.0074,0.0225,0.0408,-0.0201,-0.4807,1.1717,-1.6973,0.2205,-0.02141,-3.12947,0.0113,-0.0691,-0.1049,0.0843,0.00000,0.00000,1.1383,-1.4826
571,22.8400,0.0734,0.0000,-0.4875,0.1253,-0.0103,0.0536,0.0540,0.1516,-0.3527,1.1667,-1.6992,0.2209,-0.01850,-3.13269,-0.0238,-0.1131,-0.1318,-0.0153,0.00000,0.00000,1.1344,-1.4844
572,22.8800,0.0738,0.0000,-0.4890,0.1235,0.0013,0.0531,-0.0025,0.2094,-0.4834,1.1618,-1.7013,0.2216,-0.01143,-3.13404,0.0090,-0.0982,-0.1128,0.0629,0.00000,0.00000,1.1305,-1.4861
573,22.9200,0.0742,0.0000,-0.4903,0.1407,0.0106,0.0213,-0.0507,-0.0709,-0.5372,1.1570,-1.7039,0.2216,-0.01023,-3.13270,0.0155,-0.0735,-0.0713,0.0167,0.00000,0.00000,1.1265,-1.4876
574,22.9600,0.0747,0.0000,-0.4915,0.1423,0.0020,0.0318,-0.0068,-0.0348,-0.4866,1.1518,-1.7064,0.2211,-0.01243,-3.13192,-0.0058,-0.1002,-0.1178,0.0565,0.00000,0.00000,1.1226,-1.4891
575,23.0000,0.0753,0.0000,-0.4925,0.1423,0.0007,0.0565,-0.0001,0.0510,-0.5070,1.1465,-1.7086,0.2216,-0.01182,-3.13229,0.0093,-0.1069,-0.1245,0.0392,0.00000,0.00000,1.1186,-1.4905
576,23.0400,0.0759,0.0000,-0.4934,0.1528,-0.0151,0.0294,0.0785,-0.0721,-0.4621,1.1407,-1.7105,0.2219,-0.01287,-3.13427,-0.0199,-0.0795,-0.0984,0.0559,0.00000,0.00000,1.1146,-1.4918
577,23.0800,0.0765,0.0000,-0.4942,0.1680,-0.0087,0.0515,0.0464,-0.3226,-0.4266,1.1347,-1.7121,0.2221,-0.02182,-3.13742,0.0282,-0.0988,-0.1497,0.0774,0.00000,0.00000,1.1105,-1.4930
578,23.1200,0.0771,0.0000,-0.4949,0.1547,0.0168,0.0517,-0.0887,-0.0517,-0.4566,1.1287,-1.7143,0.2230,-0.02917,-3.13725,0.0320,-0.1040,-0.0997,0.0145,0.00000,0.00000,1.1065,-1.4941
579,23.1600,0.0778,0.0000,-0.4955,0.1410,-0.0003,0.0118,0.0020,0.1693,-0.3619,1.1231,-1.7165,0.2228,-0.02478,-3.13577,-0.0359,-0.0883,-0.1424,0.0592,0.00000,0.00000,1.1024,-1.4952
580,23.2000,0.0784,0.0000,-0.4960,0.1567,0.0171,0.0172,-0.0858,-0.1322,-0.5422,1.1174,-1.7187,0.2218,-0.02632,-3.13446,0.0374,-0.0861,-0.0868,0.0435,0.00000,0.00000,1.0984,-1.4961
581,23.2400,0.0790,0.0000,-0.4965,0.1589,0.0240,0.0495,-0.1236,-0.1599,-0.5997,1.1116,-1.7214,0.2220,-0.03264,-3.13042,0.0321,-0.1104,-0.0941,0.0434,0.00000,0.00000,1.0943,-1.4969
582,23.2800,0.0798,0.0000,-0.4969,0.1529,-0.0013,0.0330,0.0046,-0.0704,-0.4464,1.1058,-1.7235,0.2225,-0.03627,-3.12908,0.0045,-0.0976,-0.1210,0.0268,0.00000,0.00000,1.0902,-1.4976
583,23.3200,0.0806,0.0000,-0.4973,0.1418,-0.0038,0.0162,0.0176,0.0888,-0.5020,1.0999,-1.7246,0.2220,-0.03587,-3.13095,0.0027,-0.0903,-0.1056,0.0366,0.00000,0.00000,1.0860,-1.4982
584,23.3600,0.0815,0.0000,-0.4976,0.1490,0.0010,0.0368,-0.0049,-0.0919,-0.4876,1.0942,-1.7259,0.2218,-0.03629,-3.13152,0.0175,-0.0906,-0.1269,0.0550,0.00000,0.00000,1.0819,-1.4988
585,23.4000,0.0824,0.0000,-0.4979,0.1373,-0.0019,0.0372,0.0078,0.1089,-0.3755,1.0884,-1.7270,0.2221,-0.03560,-3.13267,-0.0064,-0.1075,-0.1227,0.0108,0.00000,0.00000,1.0777,-1.4992
586,23.4400,0.0834,0.0000,-0.4982,0.1373,0.0167,0.0280,-0.0849,0.0346,-0.5957,1.0829,-1.7284,0.2219,-0.03355,-3.13154,0.0373,-0.0831,-0.0841,0.0560,0.00000,0.00000,1.0735,-1.4995
587,23.4800,0.0844,0.0000,-0.4984,0.1451,-0.0041,0.0169,0.0201,-0.1426,-0.4136,1.0774,-1.7296,0.2216,-0.03586,-3.13069,-0.0184,-0.0863,-0.1162,0.0269,0.00000,0.00000,1.0693,-1.4998
588,23.5200,0.0856,0.0000,-0.4986,0.1352,0.0104,0.0490,-0.0554,0.0116,-0.4974,1.0718,-1.7305,0.2216,-0.03908,-3.13129,0.0401,-0.1156,-0.1067,0.0485,0.00000,0.00000,1.0651,-1.4999
589,23.5600,0.0868,0.0000,-0.4987,0.1356,0.0007,0.0286,-0.0050,-0.0600,-0.5025,1.0665,-1.7315,0.2220,-0.03948,-3.13036,-0.0095,-0.0815,-0.1111,0.0267,0.00000,0.00000,1.0609,-1.5000
590,23.6000,0.0881,0.0000,-0.4989,0.1149,0.0063,0.0437,-0.0340,0.2973,-0.5078,1.0612,-1.7320,0.2220,-0.03418,-3.13107,0.0304,-0.1128,-0.1082,0.0444,0.00000,0.00000,1.0566,-1.5000
591,23.6400,0.0895,0.0000,-0.4990,0.1351,-0.0061,0.0205,0.0325,-0.1333,-0.4723,1.0561,-1.7327,0.2220,-0.03192,-3.13083,-0.0002,-0.0696,-0.1000,0.0627,0.00000,0.00000,1.0524,-1.4998
592,23.6800,0.0911,0.0000,-0.4991,0.1261,-0.0141,0.0459,0.0736,0.0372,-0.4547,1.0508,-1.7324,0.2220,-0.03356,-3.13446,0.0133,-0.1043,-0.1531,0.0468,0.00000,0.00000,1.0481,-1.4996
593,23.7200,0.0927,0.0000,-0.4992,0.1290,0.0152,0.0326,-0.0765,-0.0696,-0.5630,1.0456,-1.7327,0.2223,-0.03563,-3.13469,0.0104,-0.0995,-0.0864,0.0004,0.00000,0.00000,1.0438,-1.4993
594,23.7600,0.0944,0.0000,-0.4993,0.1099,0.0123,0.0233,-0.0586,0.2303,-0.5012,1.0407,-1.7335,0.2221,-0.03067,-3.13260,-0.0058,-0.0994,-0.1294,0.0340,0.00000,0.00000,1.0395,-1.4988
595,23.8000,0.0963,0.0000,-0.4994,0.1242,0.0051,0.0178,-0.0228,-0.0611,-0.4403,1.0358,-1.7340,0.2215,-0.02859,-3.13112,0.0065,-0.0866,-0.0997,0.0358,0.00000,0.00000,1.0351,-1.4983
596,23.8400,0.0982,0.0000,-0.4995,0.1144,0.0106,0.0370,-0.0484,0.1239,-0.5504,1.0309,-1.7342,0.2212,-0.02730,-3.13057,0.0216,-0.0962,-0.0991,0.0183,0.00000,0.00000,1.0308,-1.4977
597,23.8800,0.1003,0.0000,-0.4995,0.1299,-0.0150,0.0367,0.0797,-0.1619,-0.4968,1.0260,-1.7341,0.2214,-0.02845,-3.13118,-0.0197,-0.0836,-0.1285,0.0656,0.00000,0.00000,1.0264,-1.4970
598,23.9200,0.1024,0.0000,-0.4996,0.1095,-0.0142,0.0611,0.0734,0.2557,-0.4692,1.0211,-1.7329,0.2221,-0.02584,-3.13603,0.0021,-0.1197,-0.1432,0.0292,0.00000,0.00000,1.0220,-1.4962
599,23.9600,0.1047,0.0000,-0.4997,0.1197,0.0048,0.0414,-0.0228,0.0264,-0.4705,1.0163,-1.7325,0.2228,-0.02096,-3.13670,0.0183,-0.0872,-0.1086,0.0520,0.00000,0.00000,1.0176,-1.4953
600,24.0000,0.1070,0.0000,-0.4997,0.1270,0.0020,0.0104,-0.0060,-0.1192,-0.5864,1.0113,-1.7322,0.2222,-0.02374,-3.13658,-0.0007,-0.0739,-0.1086,0.0493,0.00000,0.00000,1.0132,-1.4942
601,24.0400,0.1094,0.0000,-0.4997,0.1249,0.0008,0.0487,-0.0021,-0.0396,-0.4994,1.0063,-1.7317,0.2221,-0.02695,-3.13706,-0.0072,-0.1208,-0.1375,0.0637,0.00000,0.00000,1.0088,-1.4932
602,24.0800,0.1120,0.0000,-0.4998,0.1148,0.0125,0.0378,-0.0631,0.1417,-0.4288,1.0014,-1.7313,0.2226,-0.02419,-3.13643,0.0092,-0.1012,-0.1131,-0.0064,0.00000,0.00000,1.0043,-1.4920
603,24.1200,0.1146,0.0000,-0.4998,0.1089,0.0077,0.0121,-0.0336,0.2471,-0.4386,0.9965,-1.7311,0.2221,-0.01604,-3.13454,-0.0139,-0.0897,-0.1112,0.0493,0.00000,0.00000,0.9999,-1.4907
604,24.1600,0.1172,0.0000,-0.4998,0.1237,0.0076,0.0409,-0.0273,0.0372,-0.5667,0.9916,-1.7307,0.2216,-0.01150,-3.13327,0.0213,-0.0991,-0.1162,0.0608,0.00000,0.00000,0.9954,-1.4893
605,24.2000,0.1200,0.0000,-0.4998,0.1240,-0.0107,0.0449,0.0633,0.1376,-0.4930,0.9865,-1.7296,0.2221,-0.00768,-3.13425,-0.0167,-0.0980,-0.1152,0.0192,0.00000,0.00000,0.9909,-1.4878
606,24.2400,0.1228,0.0000,-0.4999,0.1426,-0.0207,0.0259,0.1095,-0.1460,-0.4260,0.9814,-1.7277,0.2220,-0.00921,-3.13810,-0.0193,-0.0831,-0.1246,0.0629,0.00000,0.00000,0.9864,-1.4862
607,24.2800,0.1256,0.0000,-0.4999,0.1422,-0.0048,0.0595,0.0284,-0.0639,-0.4436,0.9760,-1.7258,0.2223,-0.01354,-3.14145,0.0072,-0.1098,-0.1510,0.0616,0.00000,0.00000,0.9818,-1.4846
608,24.3200,0.1285,0.0000,-0.4999,0.1509,0.0250,0.0343,-0.1241,-0.2056,-0.5309,0.9702,-1.7249,0.2229,-0.02020,-3.13920,0.0236,-0.0902,-0.0804,0.0153,0.00000,0.00000,0.9773,-1.4828
609,24.3600,0.1313,0.0000,-0.4999,0.1348,0.0116,0.0289,-0.0549,0.1084,-0.4739,0.9644,-1.7242,0.2226,-0.02015,-3.13602,0.0025,-0.0951,-0.1380,0.0738,0.00000,0.00000,0.9727,-1.4809
610,24.4000,0.1343,0.0000,-0.4999,0.1495,0.0113,0.0236,-0.0547,-0.1411,-0.4368,0.9587,-1.7231,0.2223,-0.02218,-3.13393,0.0101,-0.1009,-0.1055,0.0202,0.00000,0.00000,0.9682,-1.4790
611,24.4400,0.1372,0.0000,-0.4999,0.1418,-0.0034,0.0523,0.0335,-0.0255,-0.5818,0.9531,-1.7216,0.2223,-0.02542,-3.13420,0.0068,-0.1033,-0.1207,0.1032,0.00000,0.00000,0.9636,-1.4769
612,24.4800,0.1402,0.0000,-0.4999,0.1285,0.0091,0.0412,-0.0352,0.1662,-0.5140,0.9477,-1.7198,0.2231,-0.02208,-3.13516,0.0185,-0.0964,-0.0786,-0.0402,0.00000,0.00000,0.9590,-1.4748
613,24.5200,0.1433,0.0000,-0.4999,0.1250,-0.0231,0.0231,0.1294,0.1540,-0.3774,0.9429,-1.7177,0.2229,-0.01480,-3.13727,-0.0420,-0.0887,-0.1393,0.1085,0.00000,0.00000,0.9544,-1.4726
614,24.5600,0.1464,0.0000,-0.4999,0.1426,-0.0041,0.0352,0.0324,-0.1940,-0.5114,0.9380,-1.7152,0.2225,-0.01824,-3.14139,0.0210,-0.0869,-0.0804,0.0147,0.00000,0.00000,0.9497,-1.4702
615,24.6000,0.1495,0.0000,-0.5000,0.1440,-0.0124,0.0561,0.0722,-0.2708,-0.4277,0.9330,-1.7128,0.2232,-0.02721,3.13938,-0.0214,-0.1006,-0.1360,0.0617,0.00000,0.00000,0.9451,-1.4678
616,24.6400,0.1527,0.0000,-0.5000,0.1166,0.0074,0.0559,-0.0307,0.1743,-0.4456,0.9282,-1.7105,0.2241,-0.02802,3.13692,0.0132,-0.1163,-0.1118,-0.0071,0.00000,0.00000,0.9404,-1.4653
617,24.6800,0.1560,0.0000,-0.5000,0.1194,0.0173,0.0149,-0.0745,-0.0097,-0.5239,0.9234,-1.7093,0.2240,-0.02520,3.13965,-0.0014,-0.0794,-0.0720,0.0476,0.00000,0.00000,0.9357,-1.4627
618,24.7200,0.1593,0.0000,-0.5000,0.1021,0.0009,0.0278,0.0084,0.2562,-0.3726,0.9191,-1.7076,0.2235,-0.01874,3.14019,0.0012,-0.0889,-0.1073,0.0276,0.00000,0.00000,0.9310,-1.4600
619,24.7600,0.1627,0.0000,-0.4989,0.1149,0.0022,0.0313,0.0014,-0.0013,-0.4711,0.9149,-1.7057,0.2232,-0.01498,3.13984,0.0051,-0.0906,-0.0641,0.0248,0.00000,0.00000,0.9263,-1.4572
620,24.8000,0.1662,0.0000,-0.4965,0.1015,0.0020,0.0621,-0.0044,0.3277,-0.5471,0.9108,-1.7036,0.2238,-0.00680,3.13922,0.0084,-0.1096,-0.1197,0.0254,0.00000,0.00000,0.9216,-1.4543
621,24.8400,0.1698,0.0000,-0.4924,0.1300,-0.0209,0.0204,0.1121,-0.1074,-0.5074,0.9066,-1.7010,0.2240,-0.00385,3.13706,-0.0375,-0.0752,-0.0952,0.0494,0.00000,0.00000,0.9168,-1.4513
622,24.8800,0.1735,0.0000,-0.4866,0.1362,0.0070,0.0499,-0.0314,-0.1392,-0.5316,0.9022,-1.6980,0.2238,-0.01019,3.13417,0.0358,-0.1162,-0.1086,0.0269,0.00000,0.00000,0.9121,-1.4482
623,24.9200,0.1772,0.0000,-0.4794,0.1321,0.0103,0.0636,-0.0465,0.0142,-0.4847,0.8973,-1.6957,0.2249,-0.01119,3.13633,-0.0023,-0.1202,-0.1363,0.0466,0.00000,0.00000,0.9073,-1.4450
624,24.9600,0.1810,0.0000,-0.4711,0.1359,0.0055,0.0294,-0.0248,0.0091,-0.4446,0.8924,-1.6931,0.2252,-0.01103,3.13739,0.0114,-0.1053,-0.0981,0.0290,0.00000,0.00000,0.9025,-1.4418
625,25.0000,0.1847,0.0000,-0.4618,0.1340,0.0031,0.0173,-0.0116,0.1050,-0.4463,0.8877,-1.6902,0.2246,-0.00836,3.13774,-0.0023,-0.0931,-0.1001,0.0490,0.00000,0.00000,0.8977,-1.4384
626,25.0400,0.1885,0.0000,-0.4519,0.1360,0.0120,0.0240,-0.0556,0.1625,-0.4952,0.8827,-1.6874,0.2239,-0.00300,3.13924,0.0066,-0.0920,-0.0807,0.0218,0.00000,0.00000,0.8929,-1.4350
627,25.0800,0.1923,0.0000,-0.4412,0.1394,-0.0048,0.0244,0.0297,0.2362,-0.3702,0.8778,-1.6842,0.2235,0.00559,3.13984,-0.0355,-0.0985,-0.1027,0.0311,0.00000,0.00000,0.8881,-1.4314
628,25.1200,0.1961,0.0000,-0.4302,0.1563,0.0022,0.0502,-0.0043,0.0780,-0.4454,0.8728,-1.6805,0.2234,0.01071,3.13922,0.0280,-0.0985,-0.0923,0.0577,0.00000,0.00000,0.8832,-1.4278
629,25.1600,0.1998,0.0000,-0.4189,0.1721,-0.0166,0.0490,0.0905,-0.0376,-0.3153,0.8676,-1.6763,0.2240,0.01181,3.13723,-0.0263,-0.1013,-0.1449,0.0176,0.00000,0.00000,0.8784,-1.4241
630,25.2000,0.2034,0.0000,-0.4075,0.1784,0.0187,0.0590,-0.0876,0.0017,-0.5637,0.8618,-1.6719,0.2244,0.00927,3.13690,0.0528,-0.1203,-0.0766,0.0365,0.00000,0.00000,0.8735,-1.4202
631,25.2400,0.2069,0.0000,-0.3957,0.1891,0.0081,0.0270,-0.0366,-0.0636,-0.4038,0.8555,-1.6679,0.2247,0.00884,3.14123,-0.0169,-0.0963,-0.0956,0.0243,0.00000,0.00000,0.8686,-1.4163
632,25.2800,0.2104,0.0000,-0.3830,0.1969,0.0073,0.0328,-0.0316,-0.0625,-0.4315,0.8494,-1.6631,0.2241,0.00560,-3.14077,0.0336,-0.1098,-0.1016,0.0492,0.00000,0.00000,0.8637,-1.4123
633,25.3200,0.2138,0.0000,-0.3703,0.2057,0.0018,0.0492,-0.0038,-0.0694,-0.4049,0.8430,-1.6581,0.2244,0.00326,-3.13946,0.0000,-0.1168,-0.1191,0.0250,0.00000,0.00000,0.8588,-1.4082
634,25.3600,0.2171,0.0000,-0.3574,0.2143,0.0048,0.0387,-0.0235,-0.1030,-0.2840,0.8366,-1.6526,0.2247,-0.00100,-3.13900,0.0200,-0.1180,-0.0896,0.0133,0.00000,0.00000,0.8539,-1.4041
635,25.4000,0.2203,0.0000,-0.3447,0.2232,0.0019,0.0339,-0.0041,-0.1855,-0.4415,0.8301,-1.6470,0.2245,-0.00676,-3.13814,0.0226,-0.0983,-0.1174,0.0621,0.00000,0.00000,0.8490,-1.3998
636,25.4400,0.2233,0.0000,-0.3321,0.2305,0.0032,0.0519,-0.0124,-0.2162,-0.3695,0.8234,-1.6410,0.2250,-0.01516,-3.13795,0.0306,-0.1226,-0.1181,0.0126,0.00000,0.00000,0.8440,-1.3954
637,25.4800,0.2262,0.0000,-0.3193,0.2148,0.0144,0.0283,-0.0718,0.1067,-0.3484,0.8167,-1.6351,0.2253,-0.01645,-3.13635,0.0238,-0.1146,-0.0957,-0.0099,0.00000,0.00000,0.8390,-1.3910
638,25.5200,0.2290,0.0000,-0.3065,0.2149,0.0160,0.0060,-0.0789,0.1267,-0.3605,0.8099,-1.6294,0.2244,-0.01171,-3.13163,0.0100,-0.1010,-0.0786,0.0327,0.00000,0.00000,0.8341,-1.3865
639,25.5600,0.2317,0.0000,-0.2938,0.2267,-0.0158,0.0295,0.0875,0.0147,-0.2760,0.8036,-1.6231,0.2237,-0.00883,-3.13194,-0.0165,-0.1128,-0.1299,0.0608,0.00000,0.00000,0.8291,-1.3818
640,25.6000,0.2343,0.0000,-0.2815,0.2421,-0.0017,0.0510,0.0132,-0.1598,-0.4405,0.7974,-1.6160,0.2240,-0.01367,-3.13537,0.0437,-0.1075,-0.0652,0.0191,0.00000,0.00000,0.8241,-1.3771
641,25.6400,0.2368,0.0000,-0.2691,0.2298,-0.0042,0.0486,0.0226,0.1196,-0.1740,0.7910,-1.6090,0.2249,-0.01271,-3.13672,-0.0119,-0.1334,-0.1427,-0.0028,0.00000,0.00000,0.8190,-1.3723
642,25.6800,0.2392,0.0000,-0.2571,0.2334,0.0062,0.0102,-0.0283,0.1027,-0.3201,0.7845,-1.6020,0.2244,-0.00930,-3.13655,0.0002,-0.1069,-0.0716,0.0387,0.00000,0.00000,0.8140,-1.3674
643,25.7200,0.2415,0.0000,-0.2455,0.2439,0.0154,0.0270,-0.0770,-0.0229,-0.2490,0.7777,-1.5953,0.2237,-0.00800,-3.13282,0.0214,-0.1119,-0.0928,0.0125,0.00000,0.00000,0.8090,-1.3625
644,25.7600,0.2437,0.0000,-0.2344,0.2537,-0.0184,0.0362,0.0998,-0.0817,-0.2445,0.7712,-1.5878,0.2236,-0.00979,-3.13361,-0.0186,-0.1010,-0.1260,0.0622,0.00000,0.00000,0.8039,-1.3574
645,25.8000,0.2457,0.0000,-0.2237,0.2583,-0.0038,0.0565,0.0216,-0.0676,-0.2188,0.7649,-1.5796,0.2242,-0.01380,-3.13835,0.0284,-0.1282,-0.0997,0.0003,0.00000,0.00000,0.7988,-1.3522
646,25.8400,0.2477,0.0000,-0.2135,0.2475,0.0057,0.0410,-0.0268,0.1745,-0.2281,0.7583,-1.5719,0.2249,-0.01033,-3.13803,-0.0017,-0.1210,-0.1221,0.0206,0.00000,0.00000,0.7937,-1.3470
647,25.8800,0.2495,0.0000,-0.2038,0.2575,0.0082,0.0258,-0.0391,0.0529,-0.2461,0.7513,-1.5642,0.2247,-0.00643,-3.13554,0.0216,-0.1066,-0.0947,0.0393,0.00000,0.00000,0.7886,-1.3417
648,25.9200,0.2512,0.0000,-0.1943,0.2703,0.0112,0.0229,-0.0557,-0.1063,-0.2816,0.7442,-1.5563,0.2241,-0.00854,-3.13242,0.0229,-0.1083,-0.0868,0.0082,0.00000,0.00000,0.7835,-1.3363
649,25.9600,0.2529,0.0000,-0.1850,0.2700,-0.0072,0.0388,0.0399,-0.0042,-0.1845,0.7375,-1.5480,0.2241,-0.01003,-3.13231,0.0003,-0.1135,-0.1216,0.0363,0.00000,0.00000,0.7784,-1.3308
650,26.0000,0.2545,0.0000,-0.1760,0.2750,-0.0046,0.0421,0.0251,-0.0224,-0.1093,0.7309,-1.5392,0.2244,-0.01101,-3.13489,0.0070,-0.1283,-0.1182,0.0016,0.00000,0.00000,0.7733,-1.3252
651,26.0400,0.2559,0.0000,-0.1678,0.2849,0.0030,0.0336,-0.0146,-0.1715,-0.1917,0.7240,-1.5305,0.2245,-0.01559,-3.13495,0.0247,-0.1065,-0.1051,0.0348,0.00000,0.00000,0.7681,-1.3195
652,26.0800,0.2572,0.0000,-0.1601,0.2822,-0.0005,0.0315,0.0039,-0.0749,-0.1351,0.7172,-1.5216,0.2245,-0.02016,-3.13504,0.0028,-0.1179,-0.1183,0.0121,0.00000,0.00000,0.7630,-1.3138
653,26.1200,0.2585,0.0000,-0.1529,0.2804,0.0054,0.0210,-0.0259,-0.0251,-0.2085,0.7103,-1.5128,0.2242,-0.02224,-3.13459,0.0104,-0.1052,-0.0920,0.0194,0.00000,0.00000,0.7578,-1.3080
654,26.1600,0.2597,0.0000,-0.1460,0.2871,0.0017,0.0382,-0.0091,-0.1342,-0.0555,0.7033,-1.5040,0.2243,-0.02568,-3.13312,0.0134,-0.1261,-0.1185,0.0410,0.00000,0.00000,0.7526,-1.3020
655,26.2000,0.2607,0.0000,-0.1398,0.2888,0.0017,0.0285,-0.0083,-0.1703,-0.1122,0.6965,-1.4949,0.2244,-0.03206,-3.13307,0.0243,-0.1092,-0.1013,0.0130,0.00000,0.00000,0.7474,-1.2961
656,26.2400,0.2617,0.0000,-0.1342,0.2678,-0.0052,0.0175,0.0269,0.1947,-0.0712,0.6900,-1.4859,0.2242,-0.02959,-3.13470,-0.0071,-0.0964,-0.1215,0.0000,0.00000,0.00000,0.7422,-1.2900
657,26.2800,0.2627,0.0000,-0.1293,0.2713,0.0090,0.0198,-0.0465,0.1166,-0.0478,0.6833,-1.4771,0.2237,-0.02438,-3.13364,-0.0041,-0.1253,-0.0957,0.0114,0.00000,0.00000,0.7370,-1.2838
658,26.3200,0.2636,0.0000,-0.1250,0.2854,0.0232,0.0341,-0.1193,-0.1451,-0.3114,0.6760,-1.4687,0.2235,-0.02634,-3.12721,0.0554,-0.1005,-0.0602,0.0456,0.00000,0.00000,0.7318,-1.2775
659,26.3600,0.2645,0.0000,-0.1206,0.2807,-0.0081,0.0355,0.0406,-0.0337,-0.1103,0.6692,-1.4598,0.2239,-0.02852,-3.12542,-0.0035,-0.1131,-0.1291,-0.0151,0.00000,0.00000,0.7265,-1.2712
660,26.4000,0.2653,0.0000,-0.1160,0.2618,-0.0104,0.0529,0.0537,0.3253,-0.0011,0.6633,-1.4505,0.2245,-0.02180,-3.13031,0.0138,-0.1458,-0.1393,0.0245,0.00000,0.00000,0.7213,-1.2648
661,26.4400,0.2662,0.0000,-0.1122,0.2635,0.0109,0.0088,-0.0572,0.2940,-0.0766,0.6569,-1.4417,0.2243,-0.00995,-3.12950,-0.0037,-0.1062,-0.0645,-0.0275,0.00000,0.00000,0.7160,-1.2583
662,26.4800,0.2670,0.0000,-0.1088,0.2814,-0.0105,0.0095,0.0551,0.0235,-0.0896,0.6504,-1.4327,0.2231,-0.00416,-3.12872,-0.0160,-0.0924,-0.1118,0.0718,0.00000,0.00000,0.7107,-1.2517
663,26.5200,0.2678,0.0000,-0.1059,0.2832,-0.0040,0.0530,0.0209,0.1412,-0.0926,0.6442,-1.4230,0.2230,-0.00136,-3.13257,-0.0008,-0.1340,-0.1047,-0.0274,0.00000,0.00000,0.7054,-1.2451
664,26.5600,0.2686,0.0000,-0.1032,0.2911,0.0055,0.0622,-0.0272,0.0881,-0.1388,0.6374,-1.4136,0.2240,0.00328,-3.13150,0.0151,-0.1273,-0.1199,0.0166,0.00000,0.00000,0.7001,-1.2384
665,26.6000,0.2694,0.0000,-0.1006,0.3149,-0.0073,0.0395,0.0348,-0.2485,0.0371,0.6305,-1.4037,0.2245,-0.00143,-3.13143,0.0062,-0.1243,-0.1155,0.0200,0.00000,0.00000,0.6948,-1.2316
666,26.6400,0.2700,0.0000,-0.0984,0.3169,0.0023,0.0295,-0.0118,-0.2192,-0.0980,0.6236,-1.3934,0.2243,-0.01125,-3.13327,0.0460,-0.0951,-0.0897,0.0246,0.00000,0.00000,0.6895,-1.2247
667,26.6800,0.2706,0.0000,-0.0966,0.2947,0.0201,0.0423,-0.1041,0.2526,-0.0534,0.6162,-1.3836,0.2245,-0.00854,-3.12949,0.0138,-0.1337,-0.1278,-0.0382,0.00000,0.00000,0.6842,-1.2177
668,26.7200,0.2712,0.0000,-0.0952,0.3024,0.0062,0.0337,-0.0294,0.1892,-0.1500,0.6087,-1.3740,0.2245,0.00027,-3.12356,0.0079,-0.1181,-0.1064,0.0581,0.00000,0.00000,0.6788,-1.2107
669,26.7600,0.2717,0.0000,-0.0936,0.3321,-0.0130,0.0408,0.0681,-0.2462,-0.1361,0.6017,-1.3634,0.2245,-0.00262,-3.12506,0.0344,-0.1096,-0.1061,0.0334,0.00000,0.00000,0.6735,-1.2035
670,26.8000,0.2722,0.0000,-0.0917,0.3263,-0.0105,0.0396,0.0540,-0.0457,-0.1285,0.5950,-1.3521,0.2247,-0.00825,-3.13104,0.0249,-0.1084,-0.1037,-0.0111,0.00000,0.00000,0.6681,-1.1963
671,26.8400,0.2727,0.0000,-0.0896,0.3361,0.0063,0.0230,-0.0330,-0.2094,-0.0970,0.5877,-1.3412,0.2246,-0.01419,-3.13092,0.0178,-0.1103,-0.0952,0.0209,0.00000,0.00000,0.6627,-1.1890
672,26.8800,0.2730,0.0000,-0.0875,0.3362,0.0076,0.0447,-0.0406,-0.1813,-0.0169,0.5802,-1.3304,0.2247,-0.02166,-3.12840,0.0389,-0.1323,-0.1343,0.0327,0.00000,0.00000,0.6573,-1.1817
673,26.9200,0.2733,0.0000,-0.0859,0.3263,-0.0125,0.0237,0.0637,0.0244,-0.0397,0.5731,-1.3194,0.2250,-0.02335,-3.13019,0.0022,-0.0935,-0.1239,0.0098,0.00000,0.00000,0.6519,-1.1743
674,26.9600,0.2736,0.0000,-0.0845,0.3152,0.0016,0.0114,-0.0094,0.2297,-0.0191,0.5662,-1.3083,0.2244,-0.01828,-3.13308,-0.0085,-0.1223,-0.1072,-0.0248,0.00000,0.00000,0.6465,-1.1668
675,27.0000,0.2738,0.0000,-0.0835,0.3213,0.0219,0.0245,-0.1135,0.1324,-0.1235,0.5585,-1.2979,0.2237,-0.01168,-3.12727,0.0221,-0.1136,-0.0791,0.0280,0.00000,0.00000,0.6411,-1.1592
676,27.0400,0.2740,0.0000,-0.0825,0.3344,-0.0020,0.0360,0.0097,-0.0340,-0.0761,0.5509,-1.2871,0.2236,-0.00968,-3.12312,0.0094,-0.1084,-0.1142,0.0212,0.00000,0.00000,0.6357,-1.1515
677,27.0800,0.2742,0.0000,-0.0814,0.3272,-0.0042,0.0448,0.0236,0.1961,-0.1207,0.5439,-1.2757,0.2239,-0.00647,-3.12601,0.0202,-0.1224,-0.0928,-0.0069,0.00000,0.00000,0.6302,-1.1438
678,27.1200,0.2743,0.0000,-0.0802,0.3390,0.0046,0.0548,-0.0249,0.0278,-0.0250,0.5365,-1.2645,0.2246,-0.00232,-3.12500,0.0226,-0.1416,-0.1321,0.0121,0.00000,0.00000,0.6248,-1.1360
679,27.1600,0.2745,0.0000,-0.0791,0.3430,0.0040,0.0337,-0.0194,0.0454,-0.1467,0.5290,-1.2530,0.2247,-0.00122,-3.12370,0.0327,-0.1114,-0.0933,0.0076,0.00000,0.00000,0.6193,-1.1281
680,27.2000,0.2745,0.0000,-0.0779,0.3588,-0.0089,0.0353,0.0457,-0.1643,-0.0723,0.5216,-1.2412,0.2247,-0.00421,-3.12434,0.0206,-0.1125,-0.1166,0.0435,0.00000,0.00000,0.6138,-1.1202
681,27.2400,0.2746,0.0000,-0.0765,0.3654,-0.0010,0.0294,0.0054,-0.2125,-0.1314,0.5142,-1.2289,0.2246,-0.01266,-3.12707,0.0406,-0.1025,-0.0817,0.0026,0.00000,0.00000,0.6084,-1.1122
682,27.2800,0.2746,0.0000,-0.0750,0.3580,0.0012,0.0384,-0.0056,-0.0457,-0.1506,0.5067,-1.2167,0.2247,-0.01668,-3.12720,0.0342,-0.1037,-0.1208,0.0322,0.00000,0.00000,0.6029,-1.1041
683,27.3200,0.2745,0.0000,-0.0732,0.3552,0.0074,0.0343,-0.0393,0.0453,-0.0949,0.4990,-1.2046,0.2249,-0.01686,-3.12570,0.0150,-0.1364,-0.1071,-0.0057,0.00000,0.00000,0.5974,-1.0959
684,27.3600,0.2744,0.0000,-0.0712,0.3527,0.0058,0.0232,-0.0305,0.1166,-0.1249,0.4913,-1.1926,0.2247,-0.01337,-3.12306,0.0258,-0.1100,-0.0834,0.0402,0.00000,0.00000,0.5919,-1.0877
685,27.4000,0.2743,0.0000,-0.0691,0.3629,0.0018,0.0206,-0.0086,-0.0296,-0.1731,0.4838,-1.1804,0.2242,-0.01195,-3.12147,0.0340,-0.0957,-0.0899,0.0168,0.00000,0.00000,0.5864,-1.0794
686,27.4400,0.2742,0.0000,-0.0667,0.3681,-0.0019,0.0198,0.0089,-0.0694,-0.0808,0.4763,-1.1678,0.2238,-0.01446,-3.12193,0.0112,-0.1089,-0.0892,-0.0140,0.00000,0.00000,0.5808,-1.0710
687,27.4800,0.2741,0.0000,-0.0641,0.3612,-0.0102,0.0523,0.0531,0.1114,-0.0594,0.4692,-1.1551,0.2240,-0.01257,-3.12509,0.0191,-0.1231,-0.1385,0.0510,0.00000,0.00000,0.5753,-1.0626
688,27.5200,0.2739,0.0000,-0.0618,0.3702,-0.0182,0.0321,0.0912,-0.0023,0.0779,0.4623,-1.1421,0.2245,-0.01059,-3.13109,-0.0107,-0.1098,-0.1233,-0.0185,0.00000,0.00000,0.5697,-1.0541
689,27.5600,0.2736,0.0000,-0.0601,0.3759,0.0023,0.0264,-0.0116,-0.0886,-0.0712,0.4551,-1.1291,0.2241,-0.01380,-3.13469,0.0382,-0.1017,-0.0866,0.0453,0.00000,0.00000,0.5642,-1.0455
690,27.6000,0.2733,0.0000,-0.0588,0.3821,0.0031,0.0444,-0.0165,-0.1722,-0.0737,0.4473,-1.1163,0.2244,-0.01846,-3.13283,0.0308,-0.1012,-0.1286,0.0330,0.00000,0.00000,0.5586,-1.0369
691,27.6400,0.2729,0.0000,-0.0576,0.3733,-0.0059,0.0263,0.0288,0.0242,0.0062,0.4399,-1.1033,0.2247,-0.02101,-3.13467,0.0025,-0.1103,-0.1143,-0.0063,0.00000,0.00000,0.5531,-1.0282
692,27.6800,0.2725,0.0000,-0.0566,0.3711,0.0135,0.0244,-0.0694,0.0499,-0.1484,0.4322,-1.0904,0.2244,-0.02001,-3.13305,0.0358,-0.1063,-0.0828,0.0422,0.00000,0.00000,0.5475,-1.0194
693,27.7200,0.2721,0.0000,-0.0556,0.3770,0.0007,0.0155,-0.0052,-0.0448,-0.0603,0.4243,-1.0777,0.2240,-0.01950,-3.12963,0.0003,-0.0920,-0.1007,0.0114,0.00000,0.00000,0.5419,-1.0106
694,27.7600,0.2716,0.0000,-0.0542,0.3715,0.0117,0.0237,-0.0609,0.0801,-0.1368,0.4167,-1.0648,0.2235,-0.01926,-3.12830,0.0301,-0.1133,-0.0841,-0.0060,0.00000,0.00000,0.5363,-1.0017
695,27.8000,0.2712,0.0000,-0.0528,0.3895,-0.0078,0.0482,0.0390,-0.2304,-0.0116,0.4090,-1.0518,0.2240,-0.02247,-3.12609,0.0142,-0.1148,-0.1306,0.0721,0.00000,0.00000,0.5307,-0.9927
696,27.8400,0.2707,0.0000,-0.0515,0.3893,-0.0218,0.0240,0.1108,-0.2218,-0.0171,0.4022,-1.0381,0.2243,-0.03156,-3.13455,0.0265,-0.0811,-0.1097,-0.0089,0.00000,0.00000,0.5251,-0.9837
697,27.8800,0.2702,0.0000,-0.0504,0.3699,-0.0026,0.0259,0.0128,0.0703,-0.0536,0.3953,-1.0246,0.2243,-0.03362,-3.14046,0.0304,-0.0855,-0.1139,0.0303,0.00000,0.00000,0.5194,-0.9746
698,27.9200,0.2697,0.0000,-0.0495,0.3710,0.0209,0.0181,-0.1091,-0.0228,-0.0519,0.3875,-1.0120,0.2242,-0.03327,-3.13533,0.0227,-0.1057,-0.0905,0.0047,0.00000,0.00000,0.5138,-0.9654
699,27.9600,0.2692,0.0000,-0.0486,0.3770,0.0105,0.0215,-0.0552,-0.2019,-0.0775,0.3796,-0.9995,0.2239,-0.03789,-3.12834,0.0411,-0.0961,-0.1145,0.0430,0.00000,0.00000,0.5082,-0.9562
700,28.0000,0.2687,0.0000,-0.0477,0.3597,-0.0227,0.0349,0.1162,0.0954,0.0344,0.3728,-0.9865,0.2243,-0.03833,-3.13294,-0.0105,-0.1107,-0.1578,0.0148,0.00000,0.00000,0.5025,-0.9470
701,28.0400,0.2682,0.0000,-0.0472,0.3469,-0.0015,0.0176,0.0072,0.2664,0.0263,0.3664,-0.9737,0.2243,-0.03161,-3.13900,-0.0074,-0.1175,-0.0922,-0.0195,0.00000,0.00000,0.4969,-0.9376
702,28.0800,0.2677,0.0000,-0.0470,0.3560,0.0164,0.0226,-0.0854,0.0234,-0.0739,0.3589,-0.9617,0.2239,-0.02646,-3.13406,0.0286,-0.1011,-0.0964,0.0609,0.00000,0.00000,0.4912,-0.9282
703,28.1200,0.2672,0.0000,-0.0470,0.3543,0.0137,0.0196,-0.0731,0.0690,-0.0751,0.3513,-0.9495,0.2237,-0.02483,-3.12814,0.0129,-0.1067,-0.0744,-0.0173,0.00000,0.00000,0.4855,-0.9188
704,28.1600,0.2668,0.0000,-0.0467,0.3569,-0.0053,0.0228,0.0267,0.0197,-0.0557,0.3442,-0.9372,0.2233,-0.02277,-3.12660,0.0085,-0.0927,-0.1002,0.0494,0.00000,0.00000,0.4798,-0.9092
705,28.2000,0.2665,0.0000,-0.0463,0.3650,-0.0009,0.0521,0.0043,-0.1031,-0.0879,0.3374,-0.9245,0.2237,-0.02530,-3.12857,0.0364,-0.1249,-0.1135,0.0182,0.00000,0.00000,0.4741,-0.8997
706,28.2400,0.2661,0.0000,-0.0458,0.3671,-0.0051,0.0230,0.0246,-0.1660,-0.0114,0.3305,-0.9118,0.2243,-0.03076,-3.12997,0.0072,-0.0979,-0.0966,-0.0059,0.00000,0.00000,0.4685,-0.8900
707,28.2800,0.2658,0.0000,-0.0452,0.3544,0.0015,0.0263,-0.0084,0.0238,-0.0740,0.3238,-0.8992,0.2240,-0.03304,-3.13175,0.0375,-0.1009,-0.1078,0.0501,0.00000,0.00000,0.4627,-0.8804
708,28.3200,0.2655,0.0000,-0.0448,0.3460,0.0130,0.0340,-0.0689,0.1505,-0.0493,0.3167,-0.8870,0.2243,-0.02890,-3.12837,0.0144,-0.1236,-0.1136,-0.0135,0.00000,0.00000,0.4570,-0.8706
709,28.3600,0.2653,0.0000,-0.0442,0.3522,0.0076,0.0188,-0.0412,-0.0004,-0.0183,0.3095,-0.8750,0.2242,-0.02639,-3.12343,0.0203,-0.1119,-0.1008,0.0166,0.00000,0.00000,0.4513,-0.8608
710,28.4000,0.2651,0.0000,-0.0437,0.3481,0.0008,0.0271,-0.0058,0.0778,-0.0099,0.3026,-0.8627,0.2240,-0.02474,-3.12248,0.0243,-0.1144,-0.1006,0.0160,0.00000,0.00000,0.4456,-0.8510
711,28.4400,0.2649,0.0000,-0.0435,0.3578,-0.0047,0.0199,0.0237,-0.1143,-0.0919,0.2959,-0.8503,0.2238,-0.02600,-3.12310,0.0187,-0.0899,-0.0896,0.0203,0.00000,0.00000,0.4399,-0.8410
712,28.4800,0.2647,0.0000,-0.0430,0.3532,0.0045,0.0320,-0.0243,-0.0338,-0.0834,0.2893,-0.8378,0.2237,-0.02926,-3.12403,0.0253,-0.1218,-0.0972,-0.0081,0.00000,0.00000,0.4341,-0.8311
713,28.5200,0.2646,0.0000,-0.0424,0.3539,-0.0077,0.0377,0.0385,-0.0783,-0.0111,0.2827,-0.8255,0.2241,-0.03079,-3.12428,0.0219,-0.1026,-0.1222,0.0501,0.00000,0.00000,0.4284,-0.8211
714,28.5600,0.2645,0.0000,-0.0418,0.3553,-0.0246,0.0168,0.1251,-0.1415,0.1260,0.2768,-0.8128,0.2242,-0.03531,-3.13249,-0.0123,-0.1062,-0.1351,-0.0015,0.00000,0.00000,0.4226,-0.8110
715,28.6000,0.2644,0.0000,-0.0418,0.3413,0.0128,0.0344,-0.0665,0.0560,-0.1037,0.2705,-0.8004,0.2241,-0.03743,-3.13570,0.0466,-0.1152,-0.0889,0.0283,0.00000,0.00000,0.4169,-0.8009
716,28.6400,0.2643,0.0000,-0.0421,0.3261,0.0127,0.0330,-0.0662,0.2956,-0.0520,0.2634,-0.7889,0.2246,-0.02840,-3.12899,-0.0059,-0.1176,-0.1192,0.0101,0.00000,0.00000,0.4111,-0.7907
717,28.6800,0.2643,0.0000,-0.0420,0.3378,0.0108,0.0093,-0.0567,0.0586,-0.0229,0.2565,-0.7772,0.2242,-0.02312,-3.12361,0.0194,-0.1182,-0.0682,0.0175,0.00000,0.00000,0.4053,-0.7805
718,28.7200,0.2643,0.0000,-0.0418,0.3473,-0.0125,0.0122,0.0639,-0.1212,-0.0145,0.2501,-0.7652,0.2233,-0.02409,-3.12435,0.0082,-0.0819,-0.1152,0.0328,0.00000,0.00000,0.3995,-0.7702
719,28.7600,0.2644,0.0000,-0.0417,0.3485,0.0012,0.0399,-0.0064,-0.1227,-0.1297,0.2439,-0.7529,0.2233,-0.02985,-3.12806,0.0372,-0.1091,-0.0980,-0.0128,0.00000,0.00000,0.3938,-0.7599
720,28.8000,0.2645,0.0000,-0.0415,0.3290,-0.0016,0.0463,0.0070,0.2226,-0.0378,0.2376,-0.7409,0.2241,-0.02600,-3.12845,-0.0029,-0.1207,-0.1298,0.0074,0.00000,0.00000,0.3880,-0.7495
721,28.8400,0.2646,0.0000,-0.0410,0.3520,-0.0038,0.0284,0.0176,-0.2521,0.0284,0.2313,-0.7289,0.2244,-0.02844,-3.12856,0.0318,-0.1111,-0.1107,0.0453,0.00000,0.00000,0.3822,-0.7391
722,28.8800,0.2648,0.0000,-0.0406,0.3261,0.0140,0.0182,-0.0733,0.2044,-0.0233,0.2249,-0.7169,0.2242,-0.02837,-3.12835,0.0359,-0.1054,-0.0873,-0.0443,0.00000,0.00000,0.3764,-0.7286
723,28.9200,0.2649,0.0000,-0.0405,0.3369,0.0209,0.0252,-0.1092,-0.0452,-0.0918,0.2177,-0.7057,0.2239,-0.02585,-3.11808,0.0224,-0.1209,-0.1006,0.0471,0.00000,0.00000,0.3705,-0.7181
724,28.9600,0.2652,0.0000,-0.0402,0.3275,0.0014,0.0360,-0.0094,0.1625,-0.0100,0.2111,-0.6941,0.2240,-0.02259,-3.11453,0.0155,-0.1326,-0.1150,-0.0272,0.00000,0.00000,0.3647,-0.7076
725,29.0000,0.2654,0.0000,-0.0399,0.3333,-0.0003,0.0244,0.0011,0.0528,-0.0697,0.2049,-0.6823,0.2239,-0.01916,-3.11410,0.0175,-0.1183,-0.0807,0.0124,0.00000,0.00000,0.3589,-0.6970
726,29.0400,0.2657,0.0000,-0.0395,0.3447,-0.0153,0.0365,0.0797,-0.1425,-0.0984,0.1990,-0.6702,0.2239,-0.02109,-3.11762,0.0333,-0.0962,-0.1158,0.0513,0.00000,0.00000,0.3531,-0.6863
727,29.0800,0.2660,0.0000,-0.0388,0.3375,-0.0114,0.0479,0.0577,0.0213,0.0231,0.1934,-0.6578,0.2246,-0.02343,-3.12513,0.0278,-0.1248,-0.1153,-0.0126,0.00000,0.00000,0.3472,-0.6756
728,29.1200,0.2664,0.0000,-0.0381,0.3347,0.0163,0.0170,-0.0843,0.0194,-0.1121,0.1870,-0.6459,0.2246,-0.02297,-3.12336,0.0386,-0.1043,-0.0820,-0.0058,0.00000,0.00000,0.3414,-0.6649
729,29.1600,0.2667,0.0000,-0.0373,0.3309,0.0044,0.0184,-0.0249,0.0908,0.0562,0.1804,-0.6343,0.2241,-0.02004,-3.11808,0.0027,-0.1197,-0.1154,0.0197,0.00000,0.00000,0.3356,-0.6541
730,29.2000,0.2671,0.0000,-0.0367,0.3358,-0.0020,0.0332,0.0110,0.0316,-0.1130,0.1743,-0.6224,0.2238,-0.01796,-3.11810,0.0395,-0.1022,-0.0983,0.0340,0.00000,0.00000,0.3297,-0.6433
731,29.2400,0.2675,0.0000,-0.0361,0.3455,-0.0036,0.0465,0.0161,-0.1153,0.0321,0.1682,-0.6103,0.2244,-0.02048,-3.11926,0.0112,-0.1439,-0.1173,-0.0166,0.00000,0.00000,0.3239,-0.6324
732,29.2800,0.2678,0.0000,-0.0355,0.3426,-0.0059,0.0393,0.0305,-0.0736,-0.0850,0.1622,-0.5981,0.2248,-0.02385,-3.12210,0.0502,-0.1018,-0.1120,0.0447,0.00000,0.00000,0.3180,-0.6215
733,29.3200,0.2682,0.0000,-0.0350,0.3398,-0.0040,0.0272,0.0195,-0.0322,-0.0687,0.1562,-0.5859,0.2250,-0.02579,-3.12473,0.0291,-0.1032,-0.1070,0.0053,0.00000,0.00000,0.3121,-0.6106
734,29.3600,0.2686,0.0000,-0.0341,0.3291,0.0090,0.0095,-0.0477,0.1329,0.0071,0.1501,-0.5739,0.2246,-0.02353,-3.12401,0.0061,-0.1235,-0.1073,-0.0307,0.00000,0.00000,0.3063,-0.5996
735,29.4000,0.2691,0.0000,-0.0334,0.3366,-0.0003,0.0297,-0.0007,-0.0167,0.0639,0.1438,-0.5622,0.2241,-0.02125,-3.12091,0.0075,-0.1271,-0.1358,0.0528,0.00000,0.00000,0.3004,-0.5886
736,29.4400,0.2695,0.0000,-0.0332,0.3454,0.0008,0.0537,-0.0033,-0.1396,-0.1797,0.1376,-0.5501,0.2246,-0.02526,-3.12141,0.0649,-0.1113,-0.0975,0.0349,0.00000,0.00000,0.2945,-0.5775
737,29.4800,0.2699,0.0000,-0.0326,0.3423,-0.0052,0.0405,0.0252,-0.1001,-0.0410,0.1316,-0.5379,0.2256,-0.02971,-3.12291,0.0261,-0.1219,-0.1173,-0.0061,0.00000,0.00000,0.2886,-0.5664
738,29.5200,0.2703,0.0000,-0.0317,0.3337,0.0032,0.0038,-0.0175,-0.0204,-0.0089,0.1257,-0.5258,0.2252,-0.03204,-3.12413,0.0343,-0.1034,-0.0981,0.0047,0.00000,0.00000,0.2827,-0.5553
739,29.5600,0.2707,0.0000,-0.0307,0.3336,0.0006,0.0238,-0.0042,-0.0668,0.0073,0.1196,-0.5141,0.2247,-0.03356,-3.12266,0.0175,-0.1237,-0.1379,0.0479,0.00000,0.00000,0.2768,-0.5441
740,29.6000,0.2712,0.0000,-0.0302,0.3249,0.0001,0.0314,-0.0007,0.0847,-0.0252,0.1137,-0.5023,0.2248,-0.03292,-3.12326,0.0105,-0.1298,-0.1125,-0.0137,0.00000,0.00000,0.2709,-0.5329
741,29.6400,0.2717,0.0000,-0.0297,0.3125,0.0201,0.0253,-0.1040,0.2686,-0.1324,0.1075,-0.4909,0.2248,-0.02565,-3.11858,0.0420,-0.1191,-0.0719,0.0038,0.00000,0.00000,0.2650,-0.5217
742,29.6800,0.2722,0.0000,-0.0288,0.3201,0.0014,0.0178,-0.0089,0.1136,0.0295,0.1012,-0.4797,0.2245,-0.01762,-3.11233,0.0007,-0.1225,-0.1214,0.0142,0.00000,0.00000,0.2591,-0.5104
743,29.7200,0.2727,0.0000,-0.0280,0.3231,-0.0006,0.0351,0.0047,0.1146,-0.2167,0.0955,-0.4680,0.2241,-0.01392,-3.11341,0.0518,-0.1098,-0.0856,0.0299,0.00000,0.00000,0.2532,-0.4991
744,29.7600,0.2733,0.0000,-0.0267,0.3347,-0.0086,0.0531,0.0448,-0.0486,-0.1466,0.0898,-0.4561,0.2248,-0.01265,-3.11493,0.0200,-0.1270,-0.1322,0.0005,0.00000,0.00000,0.2473,-0.4878
745,29.8000,0.2739,0.0000,-0.0247,0.3303,0.0065,0.0420,-0.0343,0.0733,-0.1069,0.0842,-0.4439,0.2254,-0.01293,-3.11658,0.0450,-0.1429,-0.0940,-0.0161,0.00000,0.00000,0.2414,-0.4764
746,29.8400,0.2745,0.0000,-0.0223,0.3337,-0.0016,0.0281,0.0079,0.0214,-0.0572,0.0783,-0.4321,0.2254,-0.01036,-3.11428,0.0144,-0.1242,-0.1307,0.0416,0.00000,0.00000,0.2354,-0.4651
747,29.8800,0.2752,0.0000,-0.0198,0.3395,-0.0005,0.0393,0.0031,-0.0122,-0.1440,0.0726,-0.4198,0.2253,-0.01095,-3.11553,0.0525,-0.1234,-0.0987,0.0297,0.00000,0.00000,0.2295,-0.4536
748,29.9200,0.2758,0.0000,-0.0171,0.3494,-0.0176,0.0393,0.0890,-0.1547,0.0131,0.0671,-0.4073,0.2257,-0.01401,-3.11979,0.0070,-0.1275,-0.1528,0.0164,0.00000,0.00000,0.2236,-0.4422
749,29.9600,0.2764,0.0000,-0.0145,0.3449,-0.0055,0.0184,0.0278,-0.0442,-0.0376,0.0619,-0.3945,0.2255,-0.01862,-3.12706,0.0302,-0.1125,-0.0954,-0.0015,0.00000,0.00000,0.2177,-0.4307
750,30.0000,0.2769,0.0000,-0.0121,0.3420,-0.0080,0.0047,0.0401,0.0074,0.0212,0.0563,-0.3820,0.2247,-0.01857,-3.12973,-0.0242,-0.1023,-0.1181,0.0290,0.00000,0.00000,0.2117,-0.4192
751,30.0400,0.2775,0.0000,-0.0101,0.3498,0.0008,0.0340,-0.0052,-0.1072,-0.0123,0.0507,-0.3694,0.2242,-0.02130,-3.13159,0.0298,-0.1148,-0.1129,0.0392,0.00000,0.00000,0.2058,-0.4077
752,30.0800,0.2779,0.0000,-0.0084,0.3548,0.0036,0.0241,-0.0198,-0.1986,-0.0564,0.0446,-0.3569,0.2243,-0.02764,-3.13030,0.0251,-0.0882,-0.0876,0.0009,0.00000,0.00000,0.1998,-0.3961
753,30.1200,0.2784,0.0000,-0.0067,0.3493,-0.0172,0.0131,0.0881,-0.1244,-0.0231,0.0392,-0.3442,0.2239,-0.03330,-3.13475,-0.0047,-0.0820,-0.1239,0.0470,0.00000,0.00000,0.1939,-0.3845
754,30.1600,0.2788,0.0000,-0.0051,0.3479,-0.0025,0.0406,0.0119,-0.1293,0.0103,0.0338,-0.3315,0.2241,-0.03900,-3.14021,0.0165,-0.1266,-0.1253,0.0211,0.00000,0.00000,0.1879,-0.3729
755,30.2000,0.2792,0.0000,-0.0038,0.3305,0.0236,0.0287,-0.1229,0.1095,-0.0760,0.0276,-0.3194,0.2246,-0.03856,-3.13512,0.0291,-0.1128,-0.0985,-0.0210,0.00000,0.00000,0.1820,-0.3613
756,30.2400,0.2796,0.0000,-0.0024,0.3225,0.0198,-0.0039,-0.1044,0.1888,0.0102,0.0211,-0.3079,0.2239,-0.03235,-3.12343,-0.0068,-0.1081,-0.0712,0.0139,0.00000,0.00000,0.1760,-0.3496
757,30.2800,0.2800,0.0000,-0.0010,0.3399,-0.0139,0.0089,0.0709,-0.1667,0.0307,0.0154,-0.2960,0.2228,-0.03213,-3.12199,0.0054,-0.0847,-0.1313,0.0566,0.00000,0.00000,0.1701,-0.3379
758,30.3200,0.2804,0.0000,-0.0002,0.3460,-0.0219,0.0410,0.1128,-0.2511,-0.0078,0.0106,-0.2834,0.2230,-0.04177,-3.13271,0.0044,-0.1069,-0.0993,0.0110,0.00000,0.00000,0.1641,-0.3262
759,30.3600,0.2808,0.0000,0.0006,0.3134,-0.0001,0.0510,0.0000,0.2764,-0.0482,0.0057,-0.2712,0.2240,-0.03905,-3.13967,0.0155,-0.1108,-0.1238,-0.0056,0.00000,0.00000,0.1581,-0.3145
760,30.4000,0.2812,0.0000,0.0013,0.3080,0.0195,0.0227,-0.1010,0.2949,-0.0438,-0.0002,-0.2600,0.2244,-0.02759,-3.13325,0.0007,-0.1225,-0.1041,0.0096,0.00000,0.00000,0.1522,-0.3028
761,30.4400,0.2817,0.0000,0.0022,0.3157,0.0149,0.0016,-0.0782,0.1378,-0.0359,-0.0063,-0.2487,0.2235,-0.01980,-3.12409,0.0100,-0.0995,-0.0667,0.0199,0.00000,0.00000,0.1462,-0.2910
762,30.4800,0.2822,0.0000,0.0032,0.3287,-0.0141,0.0276,0.0737,-0.0445,-0.1105,-0.0117,-0.2370,0.2228,-0.01817,-3.12442,0.0033,-0.0876,-0.1056,0.0735,0.00000,0.00000,0.1402,-0.2792
763,30.5200,0.2827,0.0000,0.0044,0.3221,-0.0083,0.0602,0.0427,0.1658,-0.0099,-0.0165,-0.2247,0.2235,-0.01566,-3.13213,-0.0028,-0.1416,-0.1167,-0.0388,0.00000,0.00000,0.1342,-0.2674
764,30.5600,0.2832,0.0000,0.0057,0.3293,0.0179,0.0327,-0.0940,0.0294,0.0398,-0.0223,-0.2129,0.2241,-0.01282,-3.12810,0.0160,-0.1285,-0.0770,0.0049,0.00000,0.00000,0.1283,-0.2556
765,30.6000,0.2837,0.0000,0.0068,0.3414,-0.0020,0.0213,0.0084,-0.1652,0.0441,-0.0282,-0.2011,0.2237,-0.01533,-3.12363,0.0180,-0.0938,-0.1171,0.0584,0.00000,0.00000,0.1223,-0.2438
766,30.6400,0.2842,0.0000,0.0074,0.3275,-0.0049,0.0322,0.0242,0.1836,0.0642,-0.0335,-0.1887,0.2236,-0.01430,-3.12766,-0.0071,-0.1219,-0.1053,-0.0307,0.00000,0.00000,0.1163,-0.2319
767,30.6800,0.2846,0.0000,0.0076,0.3370,-0.0065,0.0228,0.0328,0.0390,0.0389,-0.0390,-0.1766,0.2233,-0.01002,-3.12915,-0.0110,-0.0915,-0.0913,0.0446,0.00000,0.00000,0.1103,-0.2201
768,30.7200,0.2850,0.0000,0.0075,0.3486,-0.0146,0.0493,0.0743,-0.0924,0.0366,-0.0443,-0.1640,0.2234,-0.01146,-3.13503,0.0079,-0.1119,-0.1348,0.0448,0.00000,0.00000,0.1043,-0.2082
769,30.7600,0.2854,0.0000,0.0070,0.3479,-0.0030,0.0431,0.0147,-0.0085,0.0026,-0.0498,-0.1511,0.2241,-0.01383,-3.14003,0.0086,-0.1053,-0.0923,-0.0035,0.00000,0.00000,0.0984,-0.1963
770,30.8000,0.2857,0.0000,0.0066,0.3542,0.0038,0.0382,-0.0207,-0.1141,-0.0118,-0.0558,-0.1386,0.2244,-0.01631,-3.13902,0.0225,-0.1055,-0.1223,0.0549,0.00000,0.00000,0.0924,-0.1844
771,30.8400,0.2859,0.0000,0.0062,0.3447,0.0124,0.0269,-0.0655,0.1013,-0.0159,-0.0620,-0.1261,0.2244,-0.01603,-3.13608,0.0131,-0.1124,-0.1089,-0.0268,0.00000,0.00000,0.0864,-0.1725
772,30.8800,0.2862,0.0000,0.0059,0.3364,0.0100,0.0230,-0.0519,0.3013,-0.0334,-0.0684,-0.1138,0.2240,-0.00719,-3.13034,-0.0049,-0.1115,-0.1017,0.0320,0.00000,0.00000,0.0804,-0.1605
773,30.9200,0.2864,0.0000,0.0058,0.3690,0.0096,0.0315,-0.0505,-0.2438,-0.0639,-0.0749,-0.1012,0.2237,-0.00824,-3.12406,0.0478,-0.0960,-0.0800,0.0373,0.00000,0.00000,0.0744,-0.1486
774,30.9600,0.2865,0.0000,0.0060,0.3696,-0.0179,0.0434,0.0913,-0.1697,-0.0028,-0.0807,-0.0879,0.2239,-0.01585,-3.12797,0.0083,-0.1045,-0.1377,0.0169,0.00000,0.00000,0.0684,-0.1367
775,31.0000,0.2867,0.0000,0.0062,0.3670,-0.0122,0.0322,0.0617,-0.0978,0.0285,-0.0862,-0.0744,0.2243,-0.02149,-3.13655,0.0019,-0.1088,-0.1108,0.0005,0.00000,0.00000,0.0624,-0.1247
776,31.0400,0.2867,0.0000,0.0064,0.3592,0.0206,0.0233,-0.1081,0.0224,0.0444,-0.0925,-0.0614,0.2242,-0.02322,-3.13401,0.0215,-0.1216,-0.0848,0.0019,0.00000,0.00000,0.0564,-0.1127
777,31.0800,0.2867,0.0000,0.0064,0.3535,0.0047,0.0279,-0.0268,0.1284,0.0734,-0.0991,-0.0488,0.2240,-0.01827,-3.12709,0.0107,-0.0968,-0.1376,0.0440,0.00000,0.00000,0.0504,-0.1008
778,31.1200,0.2866,0.0000,0.0059,0.3635,-0.0144,0.0174,0.0733,-0.0077,-0.0062,-0.1050,-0.0356,0.2236,-0.01659,-3.13053,-0.0051,-0.0891,-0.1113,-0.0003,0.00000,0.00000,0.0444,-0.0888
779,31.1600,0.2865,0.0000,0.0053,0.3745,0.0095,0.0499,-0.0492,-0.1890,-0.1073,-0.1112,-0.0223,0.2238,-0.02246,-3.13172,0.0488,-0.1213,-0.0842,0.0347,0.00000,0.00000,0.0384,-0.0768
780,31.2000,0.2863,0.0000,0.0052,0.3656,0.0088,0.0368,-0.0473,-0.0350,-0.0799,-0.1179,-0.0092,0.2245,-0.02558,-3.12724,0.0353,-0.0918,-0.0963,0.0062,0.00000,0.00000,0.0324,-0.0648
781,31.2400,0.2862,0.0000,0.0056,0.3662,-0.0034,0.0049,0.0154,-0.0829,0.0341,-0.1241,0.0039,0.2241,-0.02811,-3.12638,0.0069,-0.0972,-0.1023,0.0183,0.00000,0.00000,0.0264,-0.0528
782,31.2800,0.2859,0.0000,0.0061,0.3609,0.0076,0.0244,-0.0405,-0.0097,-0.0237,-0.1303,0.0170,0.2235,-0.03007,-3.12600,0.0369,-0.1052,-0.0934,0.0231,0.00000,0.00000,0.0204,-0.0408
783,31.3200,0.2857,0.0000,0.0065,0.3557,0.0032,0.0375,-0.0188,0.0711,0.0541,-0.1366,0.0298,0.2239,-0.02795,-3.12295,0.0074,-0.1189,-0.1213,0.0007,0.00000,0.00000,0.0144,-0.0289
784,31.3600,0.2854,0.0000,0.0067,0.3532,-0.0040,0.0171,0.0196,0.1003,-0.0118,-0.1426,0.0428,0.2238,-0.02464,-3.12391,0.0057,-0.1012,-0.0931,0.0086,0.00000,0.00000,0.0084,-0.0169
785,31.4000,0.2851,0.0000,0.0068,0.3688,-0.0033,0.0241,0.0157,-0.2122,0.0033,-0.1486,0.0558,0.2235,-0.02811,-3.12510,0.0209,-0.1028,-0.1003,0.0311,0.00000,0.00000,0.0024,-0.0049
786,31.4400,0.2848,0.0000,0.0069,0.3627,0.0038,0.0373,-0.0205,-0.1155,-0.0974,-0.1547,0.0688,0.2237,-0.03453,-3.12594,0.0414,-0.1018,-0.0962,0.0095,0.00000,0.00000,-0.0036,0.0071
787,31.4800,0.2845,0.0000,0.0073,0.3604,-0.0045,0.0292,0.0215,-0.1353,0.0673,-0.1608,0.0817,0.2242,-0.03903,-3.12579,0.0010,-0.1190,-0.1315,0.0042,0.00000,0.00000,-0.0096,0.0191
788,31.5200,0.2841,0.0000,0.0077,0.3441,0.0036,0.0222,-0.0195,0.0956,-0.0183,-0.1666,0.0945,0.2241,-0.03944,-3.12736,0.0253,-0.1148,-0.1038,0.0123,0.00000,0.00000,-0.0156,0.0311
789,31.5600,0.2838,0.0000,0.0080,0.3437,0.0187,0.0378,-0.0979,0.0303,-0.0582,-0.1731,0.1067,0.2244,-0.03699,-3.12067,0.0392,-0.1296,-0.1087,0.0186,0.00000,0.00000,-0.0216,0.0431
790,31.6000,0.2834,0.0000,0.0084,0.3377,0.0050,0.0185,-0.0279,0.0919,0.0845,-0.1794,0.1188,0.2246,-0.03416,-3.11508,0.0059,-0.1297,-0.1051,-0.0170,0.00000,0.00000,-0.0276,0.0551
791,31.6400,0.2831,0.0000,0.0088,0.3416,0.0022,-0.0028,-0.0123,-0.0530,-0.0251,-0.1853,0.1310,0.2236,-0.03412,-3.11354,0.0200,-0.0995,-0.0778,0.0109,0.00000,0.00000,-0.0336,0.0671
792,31.6800,0.2828,0.0000,0.0090,0.3183,0.0029,0.0247,-0.0159,0.3762,0.0194,-0.1910,0.1431,0.2231,-0.02584,-3.11359,0.0027,-0.1170,-0.1041,-0.0310,0.00000,0.00000,-0.0396,0.0791
793,31.7200,0.2825,0.0000,0.0092,0.3264,-0.0032,0.0393,0.0171,0.2459,-0.0376,-0.1967,0.1550,0.2232,-0.01370,-3.11233,0.0042,-0.1176,-0.0988,0.0384,0.00000,0.00000,-0.0456,0.0911
794,31.7600,0.2822,0.0000,0.0094,0.3400,0.0071,0.0296,-0.0371,0.0487,-0.0762,-0.2026,0.1672,0.2232,-0.00951,-3.11154,0.0209,-0.1252,-0.0628,-0.0444,0.00000,0.00000,-0.0516,0.1031
795,31.8000,0.2819,0.0000,0.0101,0.3428,0.0007,0.0429,-0.0057,0.0475,0.0190,-0.2086,0.1795,0.2233,-0.00724,-3.10937,0.0166,-0.1306,-0.1124,0.0196,0.00000,0.00000,-0.0576,0.1150
796,31.8400,0.2817,0.0000,0.0108,0.3553,-0.0122,0.0398,0.0616,-0.0985,0.0807,-0.2143,0.1922,0.2236,-0.00888,-3.11232,0.0146,-0.1178,-0.0937,0.0174,0.00000,0.00000,-0.0636,0.1270
797,31.8800,0.2814,0.0000,0.0112,0.3601,-0.0088,0.0403,0.0459,-0.1328,-0.0598,-0.2198,0.2053,0.2238,-0.01369,-3.11833,0.0378,-0.1033,-0.1011,0.0231,0.00000,0.00000,-0.0695,0.1389
798,31.9200,0.2810,0.0000,0.0115,0.3636,0.0032,0.0538,-0.0180,-0.1565,-0.0155,-0.2258,0.2182,0.2246,-0.01974,-3.11931,0.0428,-0.1293,-0.1094,0.0129,0.00000,0.00000,-0.0755,0.1509
799,31.9600,0.2807,0.0000,0.0121,0.3546,0.0079,0.0226,-0.0428,-0.0037,0.0154,-0.2321,0.2310,0.2249,-0.02203,-3.11701,0.0400,-0.1051,-0.1024,-0.0186,0.00000,0.00000,-0.0815,0.1628
800,32.0000,0.2802,0.0000,0.0126,0.3505,0.0095,0.0214,-0.0502,0.0691,-0.0376,-0.2385,0.2436,0.2245,-0.02070,-3.11258,0.0400,-0.1137,-0.0918,0.0388,0.00000,0.00000,-0.0875,0.1747
801,32.0400,0.2798,0.0000,0.0132,0.3546,-0.0039,0.0355,0.0189,0.0218,-0.0003,-0.2447,0.2563,0.2245,-0.01856,-3.11122,0.0181,-0.1263,-0.1231,0.0081,0.00000,0.00000,-0.0935,0.1867
802,32.0800,0.2793,0.0000,0.0139,0.3653,-0.0195,0.0427,0.0987,-0.1572,0.0517,-0.2503,0.2695,0.2249,-0.02186,-3.11754,0.0213,-0.1280,-0.1374,0.0252,0.00000,0.00000,-0.0995,0.1986
803,32.1200,0.2788,0.0000,0.0143,0.3564,-0.0116,0.0233,0.0583,-0.0056,0.0298,-0.2557,0.2828,0.2251,-0.02480,-3.12649,0.0278,-0.0993,-0.1059,-0.0136,0.00000,0.00000,-0.1055,0.2104
804,32.1600,0.2782,0.0000,0.0146,0.3459,0.0055,0.0151,-0.0309,0.1538,0.1303,-0.2616,0.2955,0.2247,-0.02134,-3.12728,0.0039,-0.1200,-0.1150,0.0017,0.00000,0.00000,-0.1115,0.2223
805,32.2000,0.2776,0.0000,0.0145,0.3450,0.0174,0.0191,-0.0911,0.1791,0.0081,-0.2683,0.3079,0.2240,-0.01480,-3.12083,0.0212,-0.1137,-0.0883,0.0146,0.00000,0.00000,-0.1175,0.2342
806,32.2400,0.2769,0.0000,0.0141,0.3653,-0.0068,0.0294,0.0343,-0.1495,-0.0358,-0.2748,0.3204,0.2237,-0.01481,-3.11738,0.0161,-0.0954,-0.1076,0.0441,0.00000,0.00000,-0.1234,0.2460
807,32.2800,0.2763,0.0000,0.0139,0.3672,-0.0293,0.0615,0.1489,-0.1189,0.0876,-0.2801,0.3339,0.2245,-0.02000,-3.12820,0.0140,-0.1313,-0.1641,0.0165,0.00000,0.00000,-0.1294,0.2579
808,32.3200,0.2755,0.0000,0.0135,0.3545,0.0148,0.0383,-0.0776,0.0986,-0.0151,-0.2861,0.3471,0.2253,-0.02086,-3.13243,0.0516,-0.1178,-0.0823,-0.0432,0.00000,0.00000,-0.1354,0.2697
809,32.3600,0.2748,0.0000,0.0132,0.3608,0.0046,0.0154,-0.0272,-0.0684,0.1036,-0.2930,0.3595,0.2251,-0.01953,-3.12541,0.0069,-0.1067,-0.1401,0.0627,0.00000,0.00000,-0.1414,0.2815
810,32.4000,0.2740,0.0000,0.0127,0.3700,0.0008,0.0057,-0.0065,-0.2381,0.0583,-0.2994,0.3725,0.2242,-0.02694,-3.12527,0.0390,-0.0919,-0.0901,-0.0143,0.00000,0.00000,-0.1473,0.2932
811,32.4400,0.2731,0.0000,0.0119,0.3620,-0.0146,0.0375,0.0745,-0.1175,0.0370,-0.3054,0.3855,0.2241,-0.03269,-3.12896,0.0175,-0.0958,-0.1553,0.0480,0.00000,0.00000,-0.1533,0.3050
812,32.4800,0.2722,0.0000,0.0110,0.3457,0.0061,0.0557,-0.0325,0.1606,-0.0266,-0.3115,0.3983,0.2251,-0.03164,-3.13207,0.0334,-0.1396,-0.1274,-0.0256,0.00000,0.00000,-0.1593,0.3167
813,32.5200,0.2713,0.0000,0.0102,0.3527,-0.0034,0.0085,0.0150,-0.0754,0.0663,-0.3179,0.4106,0.2253,-0.02984,-3.12981,-0.0080,-0.1039,-0.1358,0.0120,0.00000,0.00000,-0.1652,0.3285
814,32.5600,0.2704,0.0000,0.0095,0.3492,-0.0059,0.0364,0.0294,-0.0544,0.0427,-0.3238,0.4232,0.2250,-0.03279,-3.13325,0.0533,-0.1161,-0.1423,0.0609,0.00000,0.00000,-0.1712,0.3402
815,32.6000,0.2695,0.0000,0.0087,0.3412,0.0052,0.0305,-0.0282,0.0409,0.0035,-0.3300,0.4355,0.2255,-0.03270,-3.13336,0.0100,-0.1205,-0.1285,-0.0356,0.00000,0.00000,-0.1772,0.3518
816,32.6400,0.2685,0.0000,0.0079,0.3456,0.0119,0.0020,-0.0620,-0.1441,-0.0641,-0.3366,0.4475,0.2249,-0.03575,-3.12883,0.0330,-0.0940,-0.0882,0.0262,0.00000,0.00000,-0.1831,0.3635
817,32.6800,0.2676,0.0000,0.0077,0.3287,0.0077,0.0122,-0.0405,0.1185,-0.0179,-0.3430,0.4594,0.2242,-0.03525,-3.12533,0.0053,-0.1166,-0.1142,-0.0053,0.00000,0.00000,-0.1891,0.3751
818,32.7200,0.2667,0.0000,0.0077,0.3323,0.0023,0.0234,-0.0128,0.0064,0.0063,-0.3492,0.4711,0.2239,-0.03317,-3.12233,0.0055,-0.1178,-0.0986,0.0289,0.00000,0.00000,-0.1950,0.3867
819,32.7600,0.2658,0.0000,0.0079,0.3257,-0.0241,0.0284,0.1244,0.1110,0.0642,-0.3545,0.4831,0.2239,-0.02971,-3.12850,-0.0191,-0.1076,-0.1375,0.0282,0.00000,0.00000,-0.2010,0.3983
820,32.8000,0.2650,0.0000,0.0079,0.3253,-0.0048,0.0283,0.0247,0.1031,-0.0152,-0.3598,0.4952,0.2239,-0.02659,-3.13584,0.0043,-0.1135,-0.0837,0.0082,0.00000,0.00000,-0.2069,0.4099
821,32.8400,0.2641,0.0000,0.0080,0.3226,0.0163,0.0439,-0.0848,0.1332,-0.0005,-0.3661,0.5067,0.2242,-0.02148,-3.13213,0.0231,-0.1292,-0.1155,0.0217,0.00000,0.00000,-0.2128,0.4214
822,32.8800,0.2633,0.0000,0.0081,0.3270,-0.0025,0.0171,0.0132,0.0704,-0.0595,-0.3723,0.5182,0.2242,-0.01708,-3.12866,-0.0068,-0.0946,-0.1095,0.0198,0.00000,0.00000,-0.2188,0.4329
823,32.9200,0.2625,0.0000,0.0086,0.3342,0.0030,0.0481,-0.0164,-0.0101,-0.0471,-0.3782,0.5301,0.2242,-0.01711,-3.12940,0.0306,-0.1403,-0.1124,0.0326,0.00000,0.00000,-0.2247,0.4444
824,32.9600,0.2616,0.0000,0.0094,0.3405,0.0134,0.0320,-0.0697,-0.1084,-0.1566,-0.3847,0.5419,0.2246,-0.01999,-3.12505,0.0410,-0.0989,-0.0624,0.0086,0.00000,0.00000,-0.2307,0.4558
825,33.0000,0.2608,0.0000,0.0110,0.3310,-0.0005,0.0178,0.0005,0.0819,0.0040,-0.3908,0.5538,0.2243,-0.01936,-3.12298,0.0014,-0.1153,-0.1147,0.0072,0.00000,0.00000,-0.2366,0.4672
826,33.0400,0.2600,0.0000,0.0129,0.3416,-0.0032,0.0171,0.0157,-0.0976,-0.0459,-0.3967,0.5658,0.2237,-0.02045,-3.12370,0.0170,-0.0996,-0.0949,0.0306,0.00000,0.00000,-0.2425,0.4786
827,33.0800,0.2592,0.0000,0.0147,0.3472,-0.0076,0.0443,0.0377,-0.1685,0.0357,-0.4025,0.5781,0.2239,-0.02595,-3.12653,0.0128,-0.1261,-0.1286,0.0166,0.00000,0.00000,-0.2484,0.4900
828,33.1200,0.2583,0.0000,0.0165,0.3417,-0.0174,0.0272,0.0883,-0.0747,0.0574,-0.4080,0.5906,0.2243,-0.03022,-3.13328,-0.0067,-0.1004,-0.1192,0.0117,0.00000,0.00000,-0.2543,0.5013
829,33.1600,0.2573,0.0000,0.0180,0.3315,0.0039,0.0377,-0.0202,0.0834,-0.0057,-0.4136,0.6028,0.2244,-0.02988,-3.13685,0.0266,-0.1207,-0.1182,0.0284,0.00000,0.00000,-0.2602,0.5126
830,33.2000,0.2563,0.0000,0.0193,0.3349,0.0043,0.0183,-0.0239,-0.0203,0.0681,-0.4199,0.6145,0.2245,-0.02850,-3.13356,0.0031,-0.0989,-0.1029,0.0158,0.00000,0.00000,-0.2662,0.5239
831,33.2400,0.2554,0.0000,0.0205,0.3215,0.0061,0.0167,-0.0311,0.2211,-0.0727,-0.4259,0.6263,0.2239,-0.02396,-3.13247,0.0237,-0.0935,-0.0916,0.0280,0.00000,0.00000,-0.2721,0.5351
832,33.2800,0.2543,0.0000,0.0217,0.3339,0.0169,0.0405,-0.0895,-0.0037,-0.0349,-0.4325,0.6378,0.2239,-0.02048,-3.12566,0.0287,-0.1248,-0.0987,0.0127,0.00000,0.00000,-0.2780,0.5463
833,33.3200,0.2533,0.0000,0.0232,0.3413,-0.0103,0.0202,0.0512,-0.1278,0.0179,-0.4386,0.6497,0.2240,-0.02308,-3.12468,0.0020,-0.0977,-0.1117,0.0128,0.00000,0.00000,-0.2838,0.5574
834,33.3600,0.2523,0.0000,0.0248,0.3323,-0.0181,0.0338,0.0944,0.0599,-0.0249,-0.4438,0.6621,0.2238,-0.02402,-3.13316,0.0111,-0.0994,-0.1151,0.0428,0.00000,0.00000,-0.2897,0.5686
835,33.4000,0.2512,0.0000,0.0263,0.3255,0.0113,0.0401,-0.0595,0.1846,0.0135,-0.4496,0.6740,0.2242,-0.01916,-3.13448,0.0044,-0.1346,-0.1069,-0.0282,0.00000,0.00000,-0.2956,0.5796
836,33.4400,0.2501,0.0000,0.0279,0.3261,0.0112,0.0195,-0.0605,0.1781,0.0984,-0.4561,0.6855,0.2241,-0.01153,-3.12809,0.0012,-0.1118,-0.1014,0.0236,0.00000,0.00000,-0.3015,0.5907
837,33.4800,0.2490,0.0000,0.0292,0.3432,0.0066,0.0260,-0.0362,-0.0903,0.0226,-0.4626,0.6973,0.2235,-0.01092,-3.12371,0.0316,-0.1060,-0.0983,0.0274,0.00000,0.00000,-0.3074,0.6017
838,33.5200,0.2478,0.0000,0.0301,0.3387,-0.0085,0.0461,0.0433,0.0842,0.0291,-0.4686,0.7095,0.2237,-0.01024,-3.12514,0.0083,-0.1104,-0.1142,0.0095,0.00000,0.00000,-0.3132,0.6127
839,33.5600,0.2465,0.0000,0.0310,0.3439,-0.0106,0.0349,0.0524,0.0391,0.1256,-0.4745,0.7219,0.2241,-0.00812,-3.12969,-0.0048,-0.1168,-0.1096,0.0035,0.00000,0.00000,-0.3191,0.6236
840,33.6000,0.2452,0.0000,0.0316,0.3518,-0.0156,0.0448,0.0782,-0.0563,0.1112,-0.4803,0.7344,0.2242,-0.00852,-3.13579,0.0167,-0.1038,-0.1362,0.0675,0.00000,0.00000,-0.3250,0.6345
841,33.6400,0.2439,0.0000,0.0315,0.3484,0.0059,0.0463,-0.0309,0.0765,-0.0452,-0.4865,0.7470,0.2247,-0.00825,-3.13861,0.0386,-0.1018,-0.0977,-0.0031,0.00000,0.00000,-0.3308,0.6454
842,33.6800,0.2424,0.0000,0.0317,0.3592,0.0174,0.0261,-0.0924,-0.0980,0.0308,-0.4937,0.7592,0.2248,-0.00948,-3.13188,0.0194,-0.1158,-0.0950,0.0144,0.00000,0.00000,-0.3367,0.6562
843,33.7200,0.2409,0.0000,0.0320,0.3612,-0.0085,0.0257,0.0409,-0.0810,0.0968,-0.5004,0.7718,0.2244,-0.01229,-3.13060,0.0150,-0.0979,-0.1327,0.0518,0.00000,0.00000,-0.3425,0.6669
844,33.7600,0.2394,0.0000,0.0321,0.3689,0.0043,0.0283,-0.0238,-0.1860,0.0260,-0.5070,0.7846,0.2242,-0.01886,-3.13215,0.0358,-0.1033,-0.0873,-0.0103,0.00000,0.00000,-0.3484,0.6777
845,33.8000,0.2377,0.0000,0.0322,0.3692,-0.0121,0.0425,0.0597,-0.1968,0.1454,-0.5137,0.7974,0.2246,-0.02543,-3.13349,0.0178,-0.1022,-0.1543,0.0576,0.00000,0.00000,-0.3542,0.6883
846,33.8400,0.2359,0.0000,0.0318,0.3502,0.0105,0.0148,-0.0547,0.1373,0.0471,-0.5203,0.8102,0.2246,-0.02641,-3.13552,0.0376,-0.0901,-0.0775,-0.0484,0.00000,0.00000,-0.3600,0.6990
847,33.8800,0.2341,0.0000,0.0314,0.3572,0.0058,0.0304,-0.0326,-0.0573,0.1033,-0.5275,0.8222,0.2243,-0.02435,-3.12982,0.0177,-0.1102,-0.1557,0.0698,0.00000,0.00000,-0.3658,0.7096
848,33.9200,0.2323,0.0000,0.0306,0.3617,-0.0012,0.0418,0.0050,-0.1168,-0.0291,-0.5344,0.8348,0.2247,-0.02879,-3.12980,0.0432,-0.1111,-0.1051,0.0145,0.00000,0.00000,-0.3717,0.7201
849,33.9600,0.2303,0.0000,0.0301,0.3612,-0.0153,0.0103,0.0765,-0.1783,0.0661,-0.5409,0.8474,0.2247,-0.03433,-3.13376,-0.0008,-0.0853,-0.1194,-0.0002,0.00000,0.00000,-0.3775,0.7306
850,34.0000,0.2284,0.0000,0.0298,0.3523,-0.0115,0.0154,0.0581,-0.0999,0.1286,-0.5470,0.8601,0.2242,-0.03980,-3.14028,0.0160,-0.0961,-0.1315,0.0350,0.00000,0.00000,-0.3833,0.7411
851,34.0400,0.2264,0.0000,0.0292,0.3423,0.0144,0.0262,-0.0760,-0.0076,0.1575,-0.5538,0.8720,0.2242,-0.04192,-3.13878,0.0085,-0.1260,-0.1245,-0.0232,0.00000,0.00000,-0.3891,0.7515
852,34.0800,0.2243,0.0000,0.0281,0.3218,0.0177,0.0089,-0.0917,0.2759,-0.0530,-0.5611,0.8833,0.2238,-0.03500,-3.13177,0.0223,-0.0735,-0.0908,0.0138,0.00000,0.00000,-0.3949,0.7619
853,34.1200,0.2223,0.0000,0.0273,0.3374,0.0065,0.0309,-0.0356,-0.0606,0.0618,-0.5682,0.8945,0.2236,-0.03195,-3.12543,0.0161,-0.1251,-0.1231,0.0263,0.00000,0.00000,-0.4006,0.7722
854,34.1600,0.2202,0.0000,0.0267,0.3374,-0.0016,0.0446,0.0078,-0.0874,-0.0765,-0.5748,0.9062,0.2240,-0.03538,-3.12544,0.0459,-0.1109,-0.1034,0.0218,0.00000,0.00000,-0.4064,0.7824
855,34.2000,0.2182,0.0000,0.0265,0.3471,-0.0298,0.0279,0.1509,-0.3600,0.1422,-0.5807,0.9181,0.2247,-0.04427,-3.13195,-0.0073,-0.1047,-0.1596,0.0199,0.00000,0.00000,-0.4122,0.7926
856,34.2400,0.2161,0.0000,0.0264,0.3191,0.0064,0.0296,-0.0330,0.0457,-0.0248,-0.5866,0.9299,0.2248,-0.05059,-3.13899,0.0591,-0.1160,-0.1038,-0.0024,0.00000,0.00000,-0.4180,0.8028
857,34.2800,0.2141,0.0000,0.0263,0.2942,0.0364,0.0238,-0.1892,0.3669,0.0229,-0.5938,0.9400,0.2251,-0.04049,-3.12812,0.0102,-0.1356,-0.1137,-0.0155,0.00000,0.00000,-0.4237,0.8129
858,34.3200,0.2121,0.0000,0.0265,0.3078,0.0119,0.0068,-0.0624,0.0309,-0.0150,-0.6009,0.9500,0.2245,-0.03321,-3.11670,0.0221,-0.1134,-0.1113,0.0470,0.00000,0.00000,-0.4295,0.8230
859,34.3600,0.2102,0.0000,0.0270,0.3242,-0.0146,0.0272,0.0753,-0.2938,0.0088,-0.6070,0.9609,0.2241,-0.03994,-3.11813,0.0405,-0.1093,-0.1024,0.0285,0.00000,0.00000,-0.4352,0.8330
860,34.4000,0.2082,0.0000,0.0277,0.2908,-0.0101,0.0386,0.0522,0.2638,-0.0102,-0.6124,0.9720,0.2246,-0.03833,-3.12576,0.0382,-0.0997,-0.1135,-0.0260,0.00000,0.00000,-0.4410,0.8429
861,34.4400,0.2063,0.0000,0.0287,0.2992,0.0054,0.0173,-0.0291,-0.0038,0.0434,-0.6184,0.9822,0.2246,-0.03429,-3.12469,0.0087,-0.1204,-0.1011,0.0230,0.00000,0.00000,-0.4467,0.8528
862,34.4800,0.2045,0.0000,0.0298,0.2895,-0.0109,0.0060,0.0693,0.1242,0.0570,-0.6241,0.9925,0.2239,-0.03077,-3.12677,0.0021,-0.0876,-0.1161,0.0164,0.00000,0.00000,-0.4524,0.8627
863,34.5200,0.2027,0.0000,0.0309,0.3019,-0.0017,0.0275,0.0086,-0.1501,0.0060,-0.6297,1.0029,0.2234,-0.03272,-3.12900,0.0241,-0.1054,-0.1073,0.0159,0.00000,0.00000,-0.4581,0.8725
864,34.5600,0.2009,0.0000,0.0319,0.2861,-0.0024,0.0495,0.0114,0.1080,0.0442,-0.6355,1.0130,0.2241,-0.03218,-3.13047,0.0146,-0.1208,-0.1456,-0.0089,0.00000,0.00000,-0.4638,0.8822
865,34.6000,0.1991,0.0000,0.0330,0.2846,0.0022,0.0350,-0.0140,0.0744,0.1514,-0.6413,1.0229,0.2247,-0.02890,-3.12996,0.0053,-0.1354,-0.1269,-0.0037,0.00000,0.00000,-0.4695,0.8919
866,34.6400,0.1973,0.0000,0.0338,0.2871,0.0157,0.0275,-0.0815,-0.0334,-0.0146,-0.6475,1.0325,0.2245,-0.02895,-3.12583,0.0583,-0.1073,-0.0816,0.0419,0.00000,0.00000,-0.4752,0.9015
867,34.6800,0.1956,0.0000,0.0345,0.2932,-0.0039,0.0291,0.0203,-0.1828,-0.0371,-0.6536,1.0421,0.2246,-0.03283,-3.12302,0.0307,-0.0954,-0.1249,0.0324,0.00000,0.00000,-0.4809,0.9111
868,34.7200,0.1939,0.0000,0.0357,0.2798,-0.0133,0.0448,0.0680,0.0455,0.0429,-0.6589,1.0522,0.2251,-0.03514,-3.12816,0.0169,-0.1374,-0.1425,0.0059,0.00000,0.00000,-0.4866,0.9206
869,34.7600,0.1922,0.0000,0.0369,0.2751,0.0091,0.0284,-0.0480,0.0432,0.0356,-0.6645,1.0617,0.2254,-0.03370,-3.12851,0.0338,-0.1236,-0.0996,-0.0001,0.00000,0.00000,-0.4923,0.9300
870,34.8000,0.1905,0.0000,0.0383,0.2767,-0.0007,-0.0059,0.0023,-0.0815,0.0404,-0.6703,1.0710,0.2246,-0.03418,-3.12611,0.0024,-0.0902,-0.1130,0.0161,0.00000,0.00000,-0.4979,0.9394
871,34.8400,0.1888,0.0000,0.0398,0.2637,-0.0009,0.0235,0.0036,0.1303,0.0655,-0.6758,1.0803,0.2238,-0.03261,-3.12746,0.0085,-0.1231,-0.1336,-0.0082,0.00000,0.00000,-0.5036,0.9487
872,34.8800,0.1872,0.0000,0.0410,0.2634,-0.0003,0.0513,0.0004,0.1147,0.0525,-0.6813,1.0894,0.2243,-0.02768,-3.12688,0.0064,-0.1360,-0.1288,0.0278,0.00000,0.00000,-0.5092,0.9580
873,34.9200,0.1856,0.0000,0.0422,0.2784,-0.0038,0.0427,0.0203,-0.2027,-0.0560,-0.6868,1.0986,0.2250,-0.03056,-3.12740,0.0426,-0.1131,-0.1154,0.0300,0.00000,0.00000,-0.5149,0.9672
874,34.9600,0.1840,0.0000,0.0438,0.2714,-0.0089,0.0234,0.0442,-0.1351,0.1292,-0.6921,1.1080,0.2253,-0.03698,-3.13084,0.0182,-0.1131,-0.1303,-0.0159,0.00000,0.00000,-0.5205,0.9763
875,35.0000,0.1824,0.0000,0.0454,0.2582,0.0010,0.0229,-0.0070,0.0088,0.1349,-0.6973,1.1169,0.2250,-0.03882,-3.13234,0.0240,-0.1174,-0.1439,0.0236,0.00000,0.00000,-0.5261,0.9854
876,35.0400,0.1808,0.0000,0.0464,0.2574,0.0144,0.0324,-0.0754,-0.0533,0.0414,-0.7031,1.1254,0.2250,-0.04019,-3.12826,0.0322,-0.1273,-0.1139,0.0167,0.00000,0.00000,-0.5317,0.9944
877,35.0800,0.1793,0.0000,0.0473,0.2480,-0.0096,0.0290,0.0481,0.0471,0.0766,-0.7085,1.1338,0.2252,-0.03899,-3.12748,0.0034,-0.1161,-0.1476,0.0261,0.00000,0.00000,-0.5374,1.0034
878,35.1200,0.1777,0.0000,0.0482,0.2365,0.0072,0.0044,-0.0381,0.1842,0.0455,-0.7136,1.1422,0.2247,-0.03493,-3.12893,0.0252,-0.1026,-0.0673,-0.0349,0.00000,0.00000,-0.5429,1.0123
879,35.1600,0.1762,0.0000,0.0493,0.2296,0.0173,0.0091,-0.0918,0.2309,0.0421,-0.7192,1.1499,0.2237,-0.02582,-3.12306,0.0141,-0.1043,-0.1057,0.0067,0.00000,0.00000,-0.5485,1.0211
880,35.2000,0.1748,0.0000,0.0504,0.2494,-0.0017,0.0320,0.0230,-0.1253,0.0800,-0.7247,1.1577,0.2233,-0.02487,-3.11922,0.0082,-0.1209,-0.1176,0.0222,0.00000,0.00000,-0.5541,1.0298
881,35.2400,0.1733,0.0000,0.0515,0.2580,-0.0209,0.0501,0.1089,-0.2829,0.0087,-0.7295,1.1664,0.2238,-0.03346,-3.12470,0.0287,-0.1092,-0.1335,0.0160,0.00000,0.00000,-0.5597,1.0385
882,35.2800,0.1719,0.0000,0.0527,0.2358,0.0056,0.0444,-0.0305,0.0624,0.1067,-0.7343,1.1748,0.2247,-0.03731,-3.12880,0.0336,-0.1323,-0.1149,-0.0610,0.00000,0.00000,-0.5653,1.0472
883,35.3200,0.1704,0.0000,0.0540,0.2390,0.0196,0.0129,-0.1024,-0.1397,-0.0302,-0.7401,1.1822,0.2245,-0.03909,-3.12184,0.0458,-0.0960,-0.0958,0.0469,0.00000,0.00000,-0.5708,1.0557
884,35.3600,0.1690,0.0000,0.0555,0.2276,-0.0004,0.0052,0.0013,0.0017,0.0198,-0.7454,1.1897,0.2237,-0.04078,-3.11899,0.0222,-0.0847,-0.1029,-0.0203,0.00000,0.00000,-0.5763,1.0642
885,35.4000,0.1677,0.0000,0.0574,0.2144,0.0051,0.0354,-0.0274,0.1774,0.0352,-0.7503,1.1972,0.2234,-0.03703,-3.11857,0.0304,-0.1250,-0.1050,-0.0000,0.00000,0.00000,-0.5819,1.0726
886,35.4400,0.1663,0.0000,0.0594,0.2200,-0.0010,0.0382,0.0048,0.0027,0.0120,-0.7552,1.2044,0.2238,-0.03360,-3.11681,0.0189,-0.1167,-0.1082,0.0102,0.00000,0.00000,-0.5874,1.0810
887,35.4800,0.1650,0.0000,0.0616,0.2267,-0.0153,0.0442,0.0790,-0.1790,0.0346,-0.7596,1.2119,0.2243,-0.03763,-3.12035,0.0321,-0.1232,-0.1374,0.0206,0.00000,0.00000,-0.5929,1.0893
888,35.5200,0.1638,0.0000,0.0639,0.2064,-0.0104,0.0270,0.0530,0.1163,0.0667,-0.7637,1.2195,0.2246,-0.03784,-3.12644,0.0166,-0.1064,-0.1189,-0.0361,0.00000,0.00000,-0.5984,1.0975
889,35.5600,0.1625,0.0000,0.0664,0.2051,0.0043,0.0189,-0.0240,0.0283,0.0755,-0.7682,1.2264,0.2242,-0.03524,-3.12646,0.0056,-0.1234,-0.1302,0.0095,0.00000,0.00000,-0.6039,1.1056
890,35.6000,0.1613,0.0000,0.0687,0.2014,0.0018,0.0339,-0.0121,0.0449,0.1149,-0.7728,1.2331,0.2241,-0.03356,-3.12494,0.0031,-0.1361,-0.1384,-0.0027,0.00000,0.00000,-0.6094,1.1137
891,35.6400,0.1601,0.0000,0.0708,0.1972,-0.0119,0.0333,0.0610,0.0839,0.0642,-0.7770,1.2398,0.2242,-0.03062,-3.12697,0.0072,-0.1058,-0.1140,0.0315,0.00000,0.00000,-0.6149,1.1217
892,35.6800,0.1590,0.0000,0.0728,0.2031,-0.0045,0.0286,0.0228,-0.0731,0.0270,-0.7812,1.2466,0.2242,-0.03141,-3.13006,0.0203,-0.1095,-0.0982,0.0080,0.00000,0.00000,-0.6204,1.1296
893,35.7200,0.1579,0.0000,0.0751,0.1848,-0.0083,0.0334,0.0418,0.2418,0.1101,-0.7853,1.2533,0.2243,-0.02654,-3.13292,-0.0130,-0.1191,-0.1296,0.0178,0.00000,0.00000,-0.6258,1.1375
894,35.7600,0.1568,0.0000,0.0773,0.1878,-0.0083,0.0207,0.0433,0.1796,-0.0005,-0.7893,1.2598,0.2240,-0.01833,-3.13567,-0.0103,-0.0951,-0.1007,0.0373,0.00000,0.00000,-0.6313,1.1453
895,35.8000,0.1557,0.0000,0.0797,0.1937,0.0148,0.0373,-0.0775,0.1052,-0.0155,-0.7939,1.2662,0.2238,-0.01384,-3.13436,0.0281,-0.1196,-0.0763,0.0069,0.00000,0.00000,-0.6367,1.1530
896,35.8400,0.1547,0.0000,0.0826,0.1919,0.0037,0.0367,-0.0209,0.1920,0.0416,-0.7987,1.2723,0.2239,-0.00679,-3.13056,-0.0026,-0.1124,-0.1158,0.0247,0.00000,0.00000,-0.6421,1.1606
897,35.8800,0.1536,0.0000,0.0857,0.2191,0.0055,0.0348,-0.0292,-0.2572,-0.0053,-0.8036,1.2789,0.2238,-0.01014,-3.12844,0.0488,-0.1025,-0.0927,0.0177,0.00000,0.00000,-0.6475,1.1682
898,35.9200,0.1526,0.0000,0.0891,0.2130,-0.0023,0.0357,0.0103,-0.0894,0.0738,-0.8083,1.2859,0.2239,-0.01642,-3.12870,0.0095,-0.1141,-0.1198,-0.0160,0.00000,0.00000,-0.6530,1.1757
899,35.9600,0.1515,0.0000,0.0926,0.2190,-0.0016,0.0430,0.0066,-0.1937,0.0766,-0.8131,1.2928,0.2242,-0.02238,-3.12901,0.0240,-0.1208,-0.1273,0.0367,0.00000,0.00000,-0.6584,1.1831
900,36.0000,0.1504,0.0000,0.0960,0.1987,0.0036,0.0320,-0.0208,0.1935,0.1340,-0.8178,1.2996,0.2245,-0.02100,-3.12954,0.0066,-0.1218,-0.1145,-0.0357,0.00000,0.00000,-0.6637,1.1904
901,36.0400,0.1492,0.0000,0.0992,0.2179,-0.0253,0.0089,0.1438,-0.1911,0.1704,-0.8222,1.3065,0.2238,-0.02125,-3.13231,-0.0322,-0.0863,-0.1426,0.0749,0.00000,0.00000,-0.6691,1.1977
902,36.0800,0.1480,0.0000,0.1019,0.2145,0.0087,0.0309,-0.0461,-0.1132,0.0429,-0.8267,1.3138,0.2233,-0.02878,-3.13685,0.0409,-0.1098,-0.0793,-0.0494,0.00000,0.00000,-0.6745,1.2049
903,36.1200,0.1467,0.0000,0.1046,0.1926,0.0137,0.0383,-0.0739,0.2519,0.1102,-0.8319,1.3200,0.2236,-0.02332,-3.13175,-0.0160,-0.1157,-0.1401,-0.0013,0.00000,0.00000,-0.6798,1.2120
904,36.1600,0.1454,0.0000,0.1074,0.2123,0.0081,0.0273,-0.0428,-0.1171,0.0027,-0.8372,1.3262,0.2235,-0.02244,-3.12708,0.0285,-0.1060,-0.0877,0.0329,0.00000,0.00000,-0.6852,1.2190
905,36.2000,0.1441,0.0000,0.1104,0.2097,-0.0096,0.0435,0.0509,-0.0494,-0.0565,-0.8420,1.3330,0.2236,-0.02520,-3.12828,0.0299,-0.0940,-0.1099,0.0321,0.00000,0.00000,-0.6905,1.2260
906,36.2400,0.1427,0.0000,0.1140,0.2111,0.0011,0.0342,-0.0070,-0.1007,0.0485,-0.8467,1.3399,0.2240,-0.02892,-3.13008,0.0113,-0.1246,-0.1046,-0.0371,0.00000,0.00000,-0.6958,1.2329
907,36.2800,0.1414,0.0000,0.1182,0.2076,0.0003,0.0308,-0.0029,-0.0978,0.0805,-0.8516,1.3464,0.2240,-0.03255,-3.12939,0.0229,-0.1086,-0.1152,0.0508,0.00000,0.00000,-0.7011,1.2397
908,36.3200,0.1399,0.0000,0.1224,0.2108,0.0039,0.0221,-0.0210,-0.2105,0.0211,-0.8565,1.3529,0.2238,-0.03925,-3.12853,0.0313,-0.0959,-0.0849,0.0061,0.00000,0.00000,-0.7064,1.2464
909,36.3600,0.1385,0.0000,0.1268,0.1997,-0.0034,0.0378,0.0166,-0.0786,0.0902,-0.8612,1.3593,0.2239,-0.04393,-3.12862,0.0209,-0.1142,-0.1367,0.0217,0.00000,0.00000,-0.7117,1.2530
910,36.4000,0.1370,0.0000,0.1312,0.1912,-0.0073,0.0351,0.0370,-0.0053,0.0931,-0.8656,1.3656,0.2243,-0.04523,-3.13057,0.0057,-0.1191,-0.1281,0.0079,0.00000,0.00000,-0.7170,1.2596
911,36.4400,0.1356,0.0000,0.1356,0.1831,0.0032,0.0122,-0.0173,0.0297,0.0493,-0.8699,1.3717,0.2240,-0.04499,-3.13129,0.0011,-0.1103,-0.0919,-0.0093,0.00000,0.00000,-0.7223,1.2660
912,36.4800,0.1341,0.0000,0.1401,0.1682,-0.0066,0.0190,0.0326,0.2179,0.1420,-0.8741,1.3773,0.2234,-0.03842,-3.13178,-0.0221,-0.1093,-0.1379,0.0176,0.00000,0.00000,-0.7275,1.2724
913,36.5200,0.1327,0.0000,0.1446,0.1699,0.0107,0.0185,-0.0560,0.1395,-0.0253,-0.8785,1.3828,0.2229,-0.03239,-3.13091,0.0215,-0.0901,-0.0578,-0.0069,0.00000,0.00000,-0.7328,1.2787
914,36.5600,0.1312,0.0000,0.1494,0.1662,-0.0052,0.0400,0.0251,0.1878,0.1113,-0.8827,1.3881,0.2229,-0.02477,-3.12965,-0.0110,-0.1112,-0.1291,0.0257,0.00000,0.00000,-0.7380,1.2850
915,36.6000,0.1298,0.0000,0.1543,0.1815,-0.0114,0.0341,0.0576,-0.0948,0.1255,-0.8867,1.3939,0.2230,-0.02439,-3.13253,0.0058,-0.1033,-0.0966,0.0101,0.00000,0.00000,-0.7432,1.2911
916,36.6400,0.1284,0.0000,0.1592,0.1622,0.0009,0.0612,-0.0050,0.2708,0.0175,-0.8906,1.3996,0.2236,-0.01971,-3.13516,0.0236,-0.1238,-0.1248,0.0248,0.00000,0.00000,-0.7484,1.2972
917,36.6800,0.1270,0.0000,0.1641,0.1805,0.0145,0.0225,-0.0767,-0.0865,0.0356,-0.8954,1.4047,0.2240,-0.01731,-3.13104,0.0173,-0.0976,-0.0754,-0.0227,0.00000,0.00000,-0.7536,1.3032
918,36.7200,0.1256,0.0000,0.1697,0.1832,-0.0109,0.0294,0.0539,-0.1261,0.1588,-0.8997,1.4102,0.2236,-0.02133,-3.13084,0.0077,-0.1108,-0.1404,0.0595,0.00000,0.00000,-0.7588,1.3091
919,36.7600,0.1242,0.0000,0.1751,0.1785,-0.0020,0.0522,0.0076,-0.0154,0.1727,-0.9039,1.4160,0.2240,-0.02411,-3.13348,0.0186,-0.1297,-0.1253,-0.0179,0.00000,0.00000,-0.7640,1.3149
920,36.8000,0.1228,0.0000,0.1801,0.1664,-0.0042,0.0259,0.0184,0.1854,0.1825,-0.9081,1.4215,0.2243,-0.01944,-3.13425,-0.0136,-0.1034,-0.1212,0.0033,0.00000,0.00000,-0.7691,1.3206
921,36.8400,0.1213,0.0000,0.1849,0.1832,-0.0156,0.0224,0.0770,-0.1297,0.1790,-0.9122,1.4271,0.2238,-0.01929,-3.13685,-0.0116,-0.1020,-0.1367,0.0522,0.00000,0.00000,-0.7743,1.3263
922,36.8800,0.1198,0.0000,0.1893,0.1785,0.0039,0.0533,-0.0222,-0.0093,0.1106,-0.9165,1.4328,0.2240,-0.02251,-3.13921,0.0311,-0.1195,-0.1062,0.0032,0.00000,0.00000,-0.7794,1.3318
923,36.9200,0.1183,0.0000,0.1937,0.1634,0.0194,0.0315,-0.1038,0.2547,0.1205,-0.9214,1.4377,0.2244,-0.01624,-3.13497,0.0054,-0.1147,-0.1079,-0.0279,0.00000,0.00000,-0.7845,1.3373
924,36.9600,0.1168,0.0000,0.1984,0.1783,0.0119,0.0120,-0.0656,-0.0186,0.1273,-0.9265,1.4424,0.2237,-0.01244,-3.12895,0.0140,-0.1042,-0.0969,0.0304,0.00000,0.00000,-0.7896,1.3427
925,37.0000,0.1153,0.0000,0.2032,0.1824,-0.0084,0.0444,0.0407,-0.0206,0.1398,-0.9312,1.4478,0.2235,-0.01312,-3.12889,0.0111,-0.1196,-0.1271,0.0299,0.00000,0.00000,-0.7947,1.3480
926,37.0400,0.1137,0.0000,0.2080,0.1859,-0.0129,0.0493,0.0638,-0.0363,0.1546,-0.9356,1.4536,0.2241,-0.01434,-3.13257,-0.0031,-0.1254,-0.1275,-0.0114,0.00000,0.00000,-0.7998,1.3532
927,37.0800,0.1121,0.0000,0.2129,0.1915,-0.0091,0.0341,0.0440,-0.1343,0.1818,-0.9401,1.4594,0.2244,-0.01825,-3.13581,0.0074,-0.1104,-0.1159,0.0271,0.00000,0.00000,-0.8049,1.3584
928,37.1200,0.1104,0.0000,0.2178,0.1904,-0.0110,0.0309,0.0504,-0.1236,0.3322,-0.9447,1.4653,0.2244,-0.02287,-3.13872,-0.0123,-0.1194,-0.1583,0.0065,0.00000,0.00000,-0.8099,1.3634
929,37.1600,0.1087,0.0000,0.2222,0.1774,0.0089,0.0218,-0.0491,0.1035,0.1656,-0.9495,1.4707,0.2240,-0.02282,-3.13906,0.0236,-0.0859,-0.0977,-0.0006,0.00000,0.00000,-0.8150,1.3684
930,37.2000,0.1070,0.0000,0.2263,0.1846,0.0018,0.0325,-0.0146,-0.0430,0.2052,-0.9547,1.4756,0.2238,-0.02141,-3.13610,-0.0084,-0.1103,-0.1440,0.0330,0.00000,0.00000,-0.8200,1.3732
931,37.2400,0.1052,0.0000,0.2305,0.1757,-0.0010,0.0488,0.0014,0.1610,0.1805,-0.9596,1.4809,0.2242,-0.01896,-3.13660,0.0021,-0.1357,-0.1260,0.0014,0.00000,0.00000,-0.8250,1.3780
932,37.2800,0.1034,0.0000,0.2347,0.1883,0.0063,0.0242,-0.0347,-0.0923,0.0959,-0.9648,1.4860,0.2242,-0.01853,-3.13493,0.0142,-0.0976,-0.0852,0.0147,0.00000,0.00000,-0.8300,1.3827
933,37.3200,0.1015,0.0000,0.2395,0.1938,-0.0122,0.0325,0.0714,-0.1941,0.2272,-0.9699,1.4914,0.2240,-0.02398,-3.13596,0.0118,-0.0999,-0.1407,0.0448,0.00000,0.00000,-0.8350,1.3873
934,37.3600,0.0997,0.0000,0.2444,0.1872,-0.0135,0.0414,0.0674,-0.0769,0.1773,-0.9746,1.4971,0.2243,-0.02905,-3.14029,0.0099,-0.1011,-0.1372,0.0132,0.00000,0.00000,-0.8400,1.3919
935,37.4000,0.0977,0.0000,0.2495,0.1793,-0.0033,0.0427,0.0125,0.0300,0.2754,-0.9794,1.5025,0.2248,-0.02970,3.14096,-0.0142,-0.1336,-0.1505,0.0077,0.00000,0.00000,-0.8449,1.3963
936,37.4400,0.0958,0.0000,0.2544,0.1773,0.0183,0.0139,-0.0971,-0.0008,0.1563,-0.9848,1.5071,0.2245,-0.02967,-3.13937,0.0182,-0.1025,-0.0913,-0.0007,0.00000,0.00000,-0.8499,1.4006
937,37.4800,0.0938,0.0000,0.2596,0.1737,0.0018,0.0117,0.0028,0.0256,0.1721,-0.9901,1.5115,0.2236,-0.02809,-3.13613,-0.0044,-0.0830,-0.1248,0.0315,0.00000,0.00000,-0.8548,1.4049
938,37.5200,0.0919,0.0000,0.2651,0.1814,-0.0030,0.0457,0.0266,-0.1152,0.1644,-0.9952,1.5163,0.2236,-0.03081,-3.13639,0.0181,-0.1174,-0.1270,0.0254,0.00000,0.00000,-0.8598,1.4090
939,37.5600,0.0899,0.0000,0.2710,0.1709,-0.0089,0.0466,0.0412,0.0400,0.3052,-1.0000,1.5213,0.2244,-0.03136,-3.13822,-0.0101,-0.1254,-0.1513,-0.0227,0.00000,0.00000,-0.8647,1.4131
940,37.6000,0.0879,0.0000,0.2768,0.1647,0.0103,0.0303,-0.0572,0.0809,0.2240,-1.0050,1.5257,0.2245,-0.02933,-3.13757,0.0247,-0.1157,-0.1110,0.0149,0.00000,0.00000,-0.8696,1.4171
941,37.6400,0.0859,0.0000,0.2826,0.1635,0.0035,0.0169,-0.0235,0.0517,0.3375,-1.0101,1.5297,0.2241,-0.02596,-3.13487,-0.0201,-0.1171,-0.1434,-0.0147,0.00000,0.00000,-0.8744,1.4210
942,37.6800,0.0839,0.0000,0.2883,0.1789,-0.0119,0.0336,0.0562,-0.2564,0.2599,-1.0150,1.5342,0.2237,-0.03134,-3.13540,0.0106,-0.1078,-0.1328,0.0641,0.00000,0.00000,-0.8793,1.4248
943,37.7200,0.0820,0.0000,0.2937,0.1521,-0.0003,0.0496,-0.0025,0.2224,0.2823,-1.0196,1.5388,0.2243,-0.03035,-3.13783,0.0104,-0.1232,-0.1358,-0.0579,0.00000,0.00000,-0.8842,1.4285
944,37.7600,0.0800,0.0000,0.2993,0.1630,0.0124,0.0297,-0.0591,-0.0614,0.1795,-1.0248,1.5423,0.2245,-0.02819,-3.13450,0.0131,-0.1171,-0.1122,0.0444,0.00000,0.00000,-0.8890,1.4321
945,37.8000,0.0781,0.0000,0.3053,0.1717,-0.0179,0.0243,0.0887,-0.2617,0.2602,-1.0297,1.5465,0.2243,-0.03458,-3.13517,0.0045,-0.0934,-0.1397,0.0347,0.00000,0.00000,-0.8938,1.4356
946,37.8400,0.0761,0.0000,0.3117,0.1623,-0.0058,0.0500,0.0274,-0.1413,0.2455,-1.0342,1.5510,0.2246,-0.04301,-3.13867,0.0228,-0.1362,-0.1408,0.0049,0.00000,0.00000,-0.8986,1.4390
947,37.8800,0.0742,0.0000,0.3182,0.1550,0.0093,0.0295,-0.0511,-0.1399,0.2810,-1.0391,1.5545,0.2251,-0.04813,-3.13707,0.0079,-0.1201,-0.1319,-0.0148,0.00000,0.00000,-0.9034,1.4424
948,37.9200,0.0723,0.0000,0.3250,0.1230,0.0165,0.0276,-0.0892,0.3455,0.2324,-1.0438,1.5575,0.2248,-0.04201,-3.13392,0.0365,-0.1134,-0.1225,0.0143,0.00000,0.00000,-0.9082,1.4456
949,37.9600,0.0705,0.0000,0.3322,0.1309,0.0087,0.0067,-0.0277,0.1021,0.2833,-1.0484,1.5600,0.2242,-0.03332,-3.12962,-0.0083,-0.1104,-0.1170,-0.0216,0.00000,0.00000,-0.9130,1.4488
950,38.0000,0.0687,0.0000,0.3396,0.1438,-0.0205,0.0141,0.1015,-0.1955,0.3375,-1.0526,1.5634,0.2232,-0.03643,-3.13107,-0.0179,-0.1118,-0.1318,0.0241,0.00000,0.00000,-0.9177,1.4519
951,38.0400,0.0670,0.0000,0.3470,0.1338,-0.0115,0.0545,0.0578,-0.0552,0.2365,-1.0564,1.5671,0.2234,-0.04116,-3.13545,0.0186,-0.1172,-0.1280,0.0009,0.00000,0.00000,-0.9225,1.4548
952,38.0800,0.0653,0.0000,0.3547,0.1229,0.0052,0.0524,-0.0316,0.0470,0.2493,-1.0604,1.5700,0.2245,-0.04056,-3.13539,0.0186,-0.1221,-0.1313,-0.0118,0.00000,0.00000,-0.9272,1.4577
953,38.1200,0.0637,0.0000,0.3629,0.1056,0.0140,0.0330,-0.0751,0.2684,0.3529,-1.0645,1.5722,0.2248,-0.03329,-3.13278,0.0169,-0.1381,-0.1353,-0.0170,0.00000,0.00000,-0.9319,1.4605
954,38.1600,0.0621,0.0000,0.3713,0.1059,0.0117,0.0191,-0.0587,0.2142,0.3177,-1.0686,1.5740,0.2243,-0.02375,-3.12957,0.0194,-0.1157,-0.0967,0.0177,0.00000,0.00000,-0.9366,1.4632
955,38.2000,0.0607,0.0000,0.3798,0.1172,-0.0089,0.0182,0.0397,0.0877,0.3735,-1.0724,1.5763,0.2237,-0.01762,-3.12936,0.0032,-0.1200,-0.1248,-0.0150,0.00000,0.00000,-0.9413,1.4658
956,38.2400,0.0593,0.0000,0.3882,0.1387,-0.0127,0.0246,0.0653,-0.1980,0.2697,-1.0764,1.5794,0.2231,-0.02154,-3.13191,0.0233,-0.1142,-0.0957,0.0132,0.00000,0.00000,-0.9460,1.4683
957,38.2800,0.0579,0.0000,0.3970,0.1518,-0.0270,0.0373,0.1388,-0.3661,0.4178,-1.0805,1.5829,0.2232,-0.03275,-3.13640,0.0113,-0.1186,-0.1523,0.0049,0.00000,0.00000,-0.9506,1.4707
958,38.3200,0.0566,0.0000,0.4057,0.1415,-0.0097,0.0356,0.0464,-0.1455,0.4518,-1.0847,1.5864,0.2235,-0.04270,-3.14080,0.0334,-0.1336,-0.1398,-0.0267,0.00000,0.00000,-0.9552,1.4730
959,38.3600,0.0552,0.0000,0.4142,0.1243,0.0232,0.0249,-0.1215,0.1692,0.3753,-1.0894,1.5886,0.2234,-0.04126,-3.13823,0.0297,-0.1442,-0.1152,-0.0249,0.00000,0.00000,-0.9599,1.4752
960,38.4000,0.0539,0.0000,0.4225,0.1185,0.0031,0.0027,-0.0066,0.2791,0.4991,-1.0941,1.5903,0.2226,-0.03075,-3.13520,-0.0085,-0.1183,-0.1288,-0.0181,0.00000,0.00000,-0.9645,1.4773
961,38.4400,0.0527,0.0000,0.4307,0.1354,-0.0175,0.0160,0.1001,-0.0234,0.3328,-1.0985,1.5929,0.2214,-0.02723,-3.13688,0.0107,-0.1084,-0.1122,0.0196,0.00000,0.00000,-0.9690,1.4794
962,38.4800,0.0515,0.0000,0.4389,0.1404,-0.0173,0.0618,0.1040,-0.0877,0.3515,-1.1029,1.5960,0.2219,-0.02983,-3.14098,0.0245,-0.1344,-0.1341,-0.0107,0.00000,0.00000,-0.9736,1.4813
963,38.5200,0.0503,0.0000,0.4463,0.1371,-0.0069,0.0493,0.0332,-0.0676,0.4123,-1.1075,1.5988,0.2230,-0.03295,3.13990,0.0158,-0.1454,-0.1440,-0.0293,0.00000,0.00000,-0.9782,1.4831
964,38.5600,0.0491,0.0000,0.4527,0.1346,-0.0038,0.0253,0.0148,-0.0943,0.4459,-1.1121,1.6011,0.2231,-0.03612,3.13960,0.0176,-0.1311,-0.1412,0.0123,0.00000,0.00000,-0.9827,1.4849
965,38.6000,0.0479,0.0000,0.4584,0.1302,-0.0030,0.0188,0.0127,-0.0696,0.3755,-1.1167,1.6032,0.2225,-0.03928,3.13951,0.0069,-0.1294,-0.1390,-0.0080,0.00000,0.00000,-0.9872,1.4865
966,38.6400,0.0468,0.0000,0.4634,0.1214,-0.0075,0.0436,0.0394,0.0529,0.4398,-1.1211,1.6053,0.2226,-0.03912,3.13881,0.0122,-0.1408,-0.1403,0.0237,0.00000,0.00000,-0.9917,1.4881
967,38.6800,0.0458,0.0000,0.4678,0.1141,-0.0046,0.0302,0.0375,0.1332,0.3287,-1.1253,1.6072,0.2227,-0.03499,3.13762,0.0170,-0.1197,-0.1251,-0.0139,0.00000,0.00000,-0.9962,1.4896
968,38.7200,0.0448,0.0000,0.4716,0.1016,0.0026,0.0386,-0.0164,0.3372,0.4446,-1.1294,1.6089,0.2228,-0.02504,3.13751,0.0132,-0.1492,-0.1422,-0.0102,0.00000,0.00000,-1.0007,1.4909
969,38.7600,0.0438,0.0000,0.4750,0.1149,-0.0087,0.0141,0.1095,0.0811,0.3981,-1.1336,1.6104,0.2224,-0.01726,3.13721,-0.0129,-0.1152,-0.1324,0.0156,0.00000,0.00000,-1.0052,1.4922
970,38.8000,0.0430,0.0000,0.4780,0.1262,0.0047,0.0434,-0.0343,-0.1148,0.3622,-1.1380,1.6121,0.2221,-0.02006,3.13660,0.0394,-0.1434,-0.1113,0.0089,0.00000,0.00000,-1.0096,1.4934
971,38.8400,0.0422,0.0000,0.4807,0.1296,-0.0095,0.0421,0.0421,-0.2004,0.4180,-1.1425,1.6135,0.2226,-0.02573,3.13691,-0.0021,-0.1250,-0.1572,0.0064,0.00000,0.00000,-1.0141,1.4944
972,38.8800,0.0414,0.0000,0.4830,0.1180,0.0001,0.0382,-0.0072,-0.0165,0.3641,-1.1469,1.6152,0.2228,-0.03013,3.13578,0.0397,-0.1272,-0.1248,-0.0053,0.00000,0.00000,-1.0185,1.4954
973,38.9200,0.0407,0.0000,0.4850,0.1138,0.0054,0.0204,-0.0066,-0.0182,0.4677,-1.1513,1.6162,0.2227,-0.03031,3.13725,0.0022,-0.1241,-0.1426,-0.0200,0.00000,0.00000,-1.0229,1.4963
974,38.9600,0.0400,0.0000,0.4868,0.1143,-0.0029,0.0176,0.0166,-0.0945,0.4060,-1.1555,1.6173,0.2219,-0.03301,3.13784,0.0163,-0.1098,-0.1366,0.0113,0.00000,0.00000,-1.0272,1.4971
975,39.0000,0.0394,0.0000,0.4884,0.0891,0.0049,0.0596,-0.0291,0.3433,0.4343,-1.1594,1.6183,0.2223,-0.02656,3.13813,0.0238,-0.1513,-0.1582,-0.0267,0.00000,0.00000,-1.0316,1.4978
976,39.0400,0.0389,0.0000,0.4898,0.1097,0.0003,0.0277,-0.0028,-0.0957,0.3296,-1.1634,1.6188,0.2226,-0.02331,3.13992,0.0048,-0.1240,-0.1088,0.0161,0.00000,0.00000,-1.0360,1.4984
977,39.0800,0.0385,0.0000,0.4910,0.0993,-0.0134,0.0482,0.0802,0.0811,0.4757,-1.1672,1.6201,0.2227,-0.02295,3.13783,0.0180,-0.1496,-0.1653,0.0076,0.00000,0.00000,-1.0403,1.4989
978,39.1200,0.0382,0.0000,0.4921,0.1112,-0.0022,0.0408,0.0027,-0.1895,0.4263,-1.1711,1.6211,0.2232,-0.02661,3.13712,0.0270,-0.1334,-0.1319,0.0006,0.00000,0.00000,-1.0446,1.4993
979,39.1600,0.0379,0.0000,0.4931,0.1044,-0.0110,0.0352,0.0518,-0.1221,0.3892,-1.1749,1.6221,0.2233,-0.03220,3.13617,0.0133,-0.1254,-0.1668,0.0180,0.00000,0.00000,-1.0489,1.4996
980,39.2000,0.0377,0.0000,0.4939,0.0788,0.0101,0.0512,-0.0532,0.3234,0.4047,-1.1785,1.6228,0.2237,-0.02720,3.13611,0.0324,-0.1578,-0.1428,-0.0192,0.00000,0.00000,-1.0532,1.4999
981,39.2400,0.0376,0.0000,0.4946,0.0918,0.0066,0.0065,-0.0379,0.0013,0.3955,-1.1820,1.6226,0.2234,-0.02114,3.13919,-0.0019,-0.1189,-0.1281,-0.0016,0.00000,0.00000,-1.0574,1.5000
982,39.2800,0.0376,0.0000,0.4953,0.0896,-0.0153,0.0273,0.0684,0.0418,0.4348,-1.1855,1.6234,0.2225,-0.02040,3.13816,0.0027,-0.1366,-0.1584,0.0277,0.00000,0.00000,-1.0617,1.5000
983,39.3200,0.0377,0.0000,0.4958,0.0904,0.0001,0.0515,-0.0130,0.0332,0.4173,-1.1890,1.6241,0.2228,-0.01955,3.13694,0.0168,-0.1514,-0.1401,-0.0295,0.00000,0.00000,-1.0659,1.4999
984,39.3600,0.0379,0.0000,0.4963,0.0856,-0.0019,0.0396,0.0074,0.1040,0.3824,-1.1924,1.6244,0.2232,-0.01634,3.13727,0.0129,-0.1286,-0.1368,0.0227,0.00000,0.00000,-1.0701,1.4998
985,39.4000,0.0382,0.0000,0.4968,0.1028,-0.0059,0.0294,0.0216,-0.2245,0.3850,-1.1960,1.6247,0.2231,-0.02050,3.13732,0.0082,-0.1402,-0.1364,0.0199,0.00000,0.00000,-1.0743,1.4995
986,39.4400,0.0386,0.0000,0.4972,0.0973,-0.0019,0.0348,0.0031,-0.1436,0.4102,-1.1996,1.6252,0.2230,-0.02768,3.13664,0.0262,-0.1299,-0.1381,-0.0082,0.00000,0.00000,-1.0785,1.4991
987,39.4800,0.0390,0.0000,0.4975,0.0964,-0.0009,0.0478,-0.0048,-0.1796,0.4104,-1.2031,1.6253,0.2233,-0.03393,3.13721,0.0215,-0.1456,-0.1712,0.0218,0.00000,0.00000,-1.0827,1.4987
988,39.5200,0.0395,0.0000,0.4978,0.0738,0.0046,0.0382,-0.0269,0.1873,0.4832,-1.2063,1.6254,0.2238,-0.03250,3.13776,0.0183,-0.1479,-0.1521,-0.0445,0.00000,0.00000,-1.0868,1.4981
989,39.5600,0.0401,0.0000,0.4981,0.0694,0.0001,0.0048,0.0012,0.1823,0.3819,-1.2093,1.6252,0.2230,-0.02485,3.13894,-0.0002,-0.1106,-0.1277,0.0167,0.00000,0.00000,-1.0909,1.4975
990,39.6000,0.0408,0.0000,0.4983,0.0815,-0.0052,0.0315,0.0200,-0.0574,0.3694,-1.2123,1.6253,0.2223,-0.02337,3.13902,0.0141,-0.1345,-0.1455,0.0113,0.00000,0.00000,-1.0951,1.4967
991,39.6400,0.0417,0.0000,0.4985,0.0931,-0.0126,0.0582,0.0835,-0.2952,0.4511,-1.2154,1.6256,0.2229,-0.03151,3.13777,0.0136,-0.1509,-0.1603,0.0128,0.00000,0.00000,-1.0991,1.4959
992,39.6800,0.0426,0.0000,0.4987,0.0591,0.0188,0.0458,-0.1011,0.2816,0.5075,-1.2183,1.6256,0.2237,-0.03033,3.13816,0.0366,-0.1657,-0.1419,-0.0889,0.00000,0.00000,-1.1032,1.4950
993,39.7200,0.0436,0.0000,0.4988,0.0573,0.0171,0.0154,-0.0883,0.2419,0.3839,-1.2206,1.6243,0.2232,-0.01931,-3.13985,0.0104,-0.1305,-0.1217,0.0525,0.00000,0.00000,-1.1073,1.4939
994,39.7600,0.0448,0.0000,0.4990,0.0690,-0.0054,0.0086,0.0200,0.0515,0.2917,-1.2232,1.6238,0.2221,-0.01407,-3.13876,0.0193,-0.1085,-0.1005,-0.0173,0.00000,0.00000,-1.1113,1.4928
995,39.8000,0.0461,0.0000,0.4991,0.0795,-0.0090,0.0414,0.0464,-0.1171,0.3006,-1.2261,1.6239,0.2218,-0.01647,-3.14002,0.0304,-0.1273,-0.1103,0.0090,0.00000,0.00000,-1.1153,1.4916
996,39.8400,0.0474,0.0000,0.4992,0.0693,-0.0039,0.0611,0.0079,0.0820,0.4205,-1.2289,1.6240,0.2226,-0.01622,-3.14115,0.0162,-0.1618,-0.1598,-0.0371,0.00000,0.00000,-1.1193,1.4903
997,39.8800,0.0487,0.0000,0.4993,0.0733,-0.0015,0.0306,0.0018,-0.0059,0.4538,-1.2317,1.6237,0.2230,-0.01526,-3.14091,0.0079,-0.1433,-0.1233,-0.0015,0.00000,0.00000,-1.1233,1.4889
998,39.9200,0.0502,0.0000,0.4994,0.0743,0.0042,0.0330,-0.0215,-0.0253,0.3874,-1.2344,1.6232,0.2226,-0.01614,-3.14036,0.0377,-0.1370,-0.1235,0.0117,0.00000,0.00000,-1.1273,1.4874
999,39.9600,0.0518,0.0000,0.4995,0.0738,-0.0098,0.0344,0.0406,0.0010,0.5527,-1.2372,1.6229,0.2227,-0.01586,-3.14044,-0.0073,-0.1434,-0.1519,-0.0223,0.00000,0.00000,-1.1312,1.4857
1000,40.0000,0.0535,0.0000,0.4995,0.0658,0.0025,0.0404,-0.0218,0.1732,0.3165,-1.2400,1.6226,0.2226,-0.01244,-3.14103,0.0380,-0.1395,-0.1194,0.0055,0.00000,0.00000,-1.1352,1.4841
1001,40.0400,0.0553,0.0000,0.4996,0.0635,0.0089,0.0438,-0.0468,0.2536,0.4200,-1.2426,1.6217,0.2230,-0.00314,-3.13914,0.0136,-0.1534,-0.1353,-0.0380,0.00000,0.00000,-1.1391,1.4823
1002,40.0800,0.0572,0.0000,0.4996,0.0821,-0.0152,0.0164,0.0631,-0.0470,0.4463,-1.2454,1.6212,0.2226,0.00053,-3.13939,-0.0019,-0.1264,-0.1421,0.0119,0.00000,0.00000,-1.1430,1.4804
1003,40.1200,0.0591,0.0000,0.4997,0.0931,0.0020,0.0450,-0.0133,-0.1607,0.3663,-1.2487,1.6208,0.2223,-0.00577,-3.14116,0.0338,-0.1607,-0.1050,-0.0080,0.00000,0.00000,-1.1469,1.4784
1004,40.1600,0.0612,0.0000,0.4997,0.0935,-0.0011,0.0537,0.0013,-0.1186,0.3380,-1.2520,1.6199,0.2230,-0.00997,-3.14075,0.0284,-0.1287,-0.1347,0.0145,0.00000,0.00000,-1.1507,1.4763
1005,40.2000,0.0632,0.0000,0.4997,0.0919,-0.0077,0.0388,0.0350,-0.0472,0.3064,-1.2555,1.6192,0.2233,-0.01325,3.14135,0.0382,-0.1232,-0.1199,0.0118,0.00000,0.00000,-1.1545,1.4741
1006,40.2400,0.0652,0.0000,0.4998,0.0859,-0.0073,0.0268,0.0356,0.0748,0.4282,-1.2589,1.6187,0.2232,-0.01193,3.13962,0.0073,-0.1345,-0.1480,-0.0189,0.00000,0.00000,-1.1584,1.4719
1007,40.2800,0.0673,0.0000,0.4998,0.0919,0.0058,0.0326,-0.0209,-0.0139,0.4715,-1.2622,1.6177,0.2229,-0.01162,3.13971,0.0148,-0.1553,-0.1346,0.0014,0.00000,0.00000,-1.1622,1.4695
1008,40.3200,0.0695,0.0000,0.4998,0.1046,0.0074,0.0300,-0.0338,-0.2261,0.2958,-1.2656,1.6162,0.2227,-0.01728,-3.14142,0.0301,-0.1254,-0.1087,0.0142,0.00000,0.00000,-1.1660,1.4671
1009,40.3600,0.0717,0.0000,0.4998,0.0886,-0.0181,0.0613,0.0965,0.1005,0.4907,-1.2692,1.6154,0.2233,-0.01770,3.13981,0.0065,-0.1549,-0.1953,0.0051,0.00000,0.00000,-1.1697,1.4645
1010,40.4000,0.0739,0.0000,0.4999,0.0951,-0.0124,0.0300,0.0631,-0.0211,0.4296,-1.2728,1.6148,0.2236,-0.01765,3.13639,-0.0021,-0.1413,-0.1311,-0.0178,0.00000,0.00000,-1.1735,1.4619
1011,40.4400,0.0763,0.0000,0.4999,0.0886,0.0140,0.0310,-0.0624,0.0995,0.3681,-1.2762,1.6135,0.2233,-0.01635,3.13653,0.0199,-0.1544,-0.1245,-0.0005,0.00000,0.00000,-1.1772,1.4591
1012,40.4800,0.0787,0.0000,0.4999,0.0979,0.0124,0.0185,-0.0606,-0.0524,0.3364,-1.2793,1.6115,0.2229,-0.01587,3.14001,0.0183,-0.1158,-0.0809,0.0305,0.00000,0.00000,-1.1809,1.4563
1013,40.5200,0.0811,0.0000,0.4999,0.0882,0.0014,0.0258,0.0017,0.1865,0.3430,-1.2827,1.6099,0.2223,-0.01196,3.14095,0.0158,-0.1288,-0.1136,-0.0013,0.00000,0.00000,-1.1846,1.4534
1014,40.5600,0.0836,0.0000,0.4999,0.0926,-0.0093,0.0194,0.0590,0.1566,0.3975,-1.2861,1.6086,0.2218,-0.00483,3.14030,-0.0181,-0.1189,-0.1126,-0.0020,0.00000,0.00000,-1.1883,1.4504
1015,40.6000,0.0861,0.0000,0.4999,0.1208,-0.0177,0.0361,0.0845,-0.2972,0.3722,-1.2901,1.6075,0.2214,-0.00990,3.13766,0.0064,-0.1213,-0.1171,0.0548,0.00000,0.00000,-1.1919,1.4473
1016,40.6400,0.0886,0.0000,0.4999,0.1180,-0.0068,0.0551,0.0280,-0.1819,0.4230,-1.2944,1.6062,0.2220,-0.01936,3.13456,0.0027,-0.1479,-0.1439,-0.0409,0.00000,0.00000,-1.1956,1.4441
1017,40.6800,0.0912,0.0000,0.4999,0.0955,0.0067,0.0589,-0.0301,0.2557,0.5130,-1.2981,1.6044,0.2230,-0.01626,3.13464,0.0002,-0.1655,-0.1594,0.0104,0.00000,0.00000,-1.1992,1.4408
1018,40.7200,0.0939,0.0000,0.5000,0.0924,0.0242,0.0106,-0.1256,0.3496,0.4392,-1.3013,1.6019,0.2228,-0.00440,3.13870,0.0035,-0.1374,-0.0792,-0.0240,0.00000,0.00000,-1.2028,1.4374
1019,40.7600,0.0967,0.0000,0.5000,0.1126,-0.0033,-0.0064,0.0144,0.0579,0.3936,-1.3047,1.5994,0.2211,0.00342,3.14107,-0.0096,-0.0890,-0.0920,0.0484,0.00000,0.00000,-1.2063,1.4339
1020,40.8000,0.0995,0.0000,0.5000,0.1316,-0.0056,0.0542,0.0348,-0.1200,0.3023,-1.3090,1.5973,0.2206,0.00047,3.13957,0.0250,-0.1341,-0.1015,0.0121,0.00000,0.00000,-1.2099,1.4303
1021,40.8400,0.1023,0.0000,0.5000,0.1462,-0.0127,0.0677,0.0612,-0.2856,0.3898,-1.3137,1.5950,0.2219,-0.00794,3.13771,0.0043,-0.1388,-0.1335,-0.0021,0.00000,0.00000,-1.2134,1.4267
1022,40.8800,0.1051,0.0000,0.5000,0.1259,-0.0022,0.0488,0.0115,0.1412,0.4980,-1.3185,1.5928,0.2228,-0.00943,3.13514,0.0141,-0.1508,-0.1542,-0.0310,0.00000,0.00000,-1.2170,1.4229
1023,40.9200,0.1080,0.0000,0.5000,0.1327,0.0238,0.0073,-0.1305,0.0435,0.4274,-1.3225,1.5896,0.2223,-0.00683,3.13894,0.0030,-0.1356,-0.0891,-0.0166,0.00000,0.00000,-1.2205,1.4191
1024,40.9600,0.1108,0.0000,0.5000,0.1475,0.0001,0.0187,-0.0081,-0.1600,0.3376,-1.3267,1.5861,0.2212,-0.00938,-3.14069,0.0095,-0.1076,-0.1138,0.0554,0.00000,0.00000,-1.2239,1.4152
1025,41.0000,0.1137,0.0000,0.5000,0.1523,-0.0202,0.0524,0.1110,-0.1441,0.4679,-1.3318,1.5834,0.2214,-0.01562,3.13945,-0.0158,-0.1517,-0.1446,-0.0235,0.00000,0.00000,-1.2274,1.4111
1026,41.0400,0.1166,0.0000,0.5000,0.1501,-0.0090,0.0395,0.0402,-0.0906,0.4387,-1.3369,1.5807,0.2219,-0.02056,3.13579,-0.0019,-0.1341,-0.1136,-0.0091,0.00000,0.00000,-1.2308,1.4070
1027,41.0800,0.1195,0.0000,0.5000,0.1484,0.0167,0.0297,-0.0945,-0.0743,0.4283,-1.3414,1.5771,0.2219,-0.02414,3.13777,0.0203,-0.1384,-0.1033,-0.0075,0.00000,0.00000,-1.2342,1.4028
1028,41.1200,0.1224,0.0000,0.5000,0.1441,-0.0057,0.0204,0.0226,0.0005,0.5005,-1.3457,1.5735,0.2215,-0.02415,3.13978,-0.0154,-0.1156,-0.1440,0.0093,0.00000,0.00000,-1.2376,1.3985
1029,41.1600,0.1254,0.0000,0.5000,0.1311,-0.0051,0.0394,0.0337,0.2705,0.5508,-1.3503,1.5704,0.2214,-0.01832,3.13736,-0.0092,-0.1511,-0.1416,-0.0343,0.00000,0.00000,-1.2410,1.3941
1030,41.2000,0.1286,0.0000,0.5000,0.1340,0.0094,0.0360,-0.0450,0.2551,0.3923,-1.3544,1.5668,0.2214,-0.00855,3.13807,-0.0092,-0.1403,-0.0904,0.0002,0.00000,0.00000,-1.2444,1.3897
1031,41.2400,0.1317,0.0000,0.5000,0.1568,-0.0100,0.0218,0.0430,-0.1044,0.3865,-1.3588,1.5630,0.2211,-0.00654,3.13849,-0.0075,-0.1051,-0.0956,0.0287,0.00000,0.00000,-1.2477,1.3851
1032,41.2800,0.1349,0.0000,0.5000,0.1664,-0.0021,0.0514,0.0048,-0.1986,0.3578,-1.3637,1.5592,0.2211,-0.01386,3.13650,0.0221,-0.1449,-0.1186,-0.0021,0.00000,0.00000,-1.2510,1.3804
1033,41.3200,0.1380,0.0000,0.5000,0.1550,-0.0128,0.0593,0.0614,0.0656,0.4444,-1.3685,1.5553,0.2222,-0.01477,3.13462,-0.0194,-0.1435,-0.1607,0.0101,0.00000,0.00000,-1.2543,1.3757
1034,41.3600,0.1412,0.0000,0.5000,0.1668,0.0090,0.0250,-0.0550,-0.1416,0.5013,-1.3732,1.5511,0.2224,-0.01828,3.13466,0.0079,-0.1509,-0.1013,-0.0275,0.00000,0.00000,-1.2576,1.3709
1035,41.4000,0.1444,0.0000,0.5000,0.1616,0.0077,0.0144,-0.0479,-0.0412,0.3768,-1.3774,1.5464,0.2216,-0.02109,3.13783,0.0024,-0.1149,-0.1127,0.0284,0.00000,0.00000,-1.2609,1.3660
1036,41.4400,0.1476,0.0000,0.5000,0.1559,0.0041,0.0391,-0.0319,0.1129,0.4261,-1.3816,1.5417,0.2214,-0.01885,3.13982,0.0029,-0.1407,-0.1290,-0.0231,0.00000,0.00000,-1.2641,1.3610
1037,41.4800,0.1508,0.0000,0.5000,0.1579,-0.0056,0.0342,0.0229,0.1174,0.3361,-1.3860,1.5372,0.2215,-0.01442,3.14017,-0.0076,-0.1286,-0.1029,0.0184,0.00000,0.00000,-1.2673,1.3559
1038,41.5200,0.1540,0.0000,0.5000,0.1670,-0.0067,0.0290,0.0278,-0.0106,0.4603,-1.3906,1.5327,0.2214,-0.01309,3.13860,-0.0200,-0.1483,-0.1153,-0.0231,0.00000,0.00000,-1.2705,1.3507
1039,41.5600,0.1572,0.0000,0.5000,0.1661,0.0097,0.0340,-0.0594,0.0490,0.4049,-1.3950,1.5277,0.2212,-0.01255,3.13948,0.0211,-0.1318,-0.0898,0.0018,0.00000,0.00000,-1.2737,1.3454
1040,41.6000,0.1604,0.0000,0.5000,0.1718,-0.0083,0.0345,0.0345,0.0098,0.4143,-1.3992,1.5227,0.2212,-0.01083,3.14069,-0.0257,-0.1322,-0.1282,0.0219,0.00000,0.00000,-1.2769,1.3401
1041,41.6400,0.1637,0.0000,0.5000,0.1733,-0.0004,0.0434,-0.0036,0.0707,0.4057,-1.4039,1.5176,0.2213,-0.01004,3.13892,0.0018,-0.1557,-0.0986,-0.0172,0.00000,0.00000,-1.2800,1.3347
1042,41.6800,0.1669,0.0000,0.4992,0.1778,-0.0156,0.0388,0.0718,0.0327,0.5579,-1.4085,1.5124,0.2217,-0.00692,3.13708,-0.0234,-0.1310,-0.1544,0.0142,0.00000,0.00000,-1.2831,1.3291
1043,41.7200,0.1703,0.0000,0.4964,0.1792,-0.0019,0.0345,0.0027,0.0971,0.4536,-1.4133,1.5071,0.2215,-0.00532,3.13362,0.0049,-0.1371,-0.1057,-0.0087,0.00000,0.00000,-1.2862,1.3235
1044,41.7600,0.1736,0.0000,0.4917,0.1797,0.0092,0.0345,-0.0579,0.1765,0.3568,-1.4174,1.5012,0.2215,0.00054,3.13581,-0.0081,-0.1310,-0.1039,0.0064,0.00000,0.00000,-1.2893,1.3178
1045,41.8000,0.1769,0.0000,0.4859,0.2009,0.0019,0.0221,-0.0200,-0.1113,0.3435,-1.4215,1.4948,0.2210,0.00075,3.13865,-0.0005,-0.1151,-0.0955,-0.0018,0.00000,0.00000,-1.2924,1.3121
1046,41.8400,0.1802,0.0000,0.4795,0.2194,-0.0253,0.0488,0.1239,-0.3392,0.4058,-1.4266,1.4886,0.2210,-0.00912,3.13431,-0.0142,-0.1319,-0.1477,0.0567,0.00000,0.00000,-1.2954,1.3062
1047,41.8800,0.1834,0.0000,0.4722,0.2123,0.0076,0.0499,-0.0442,-0.1354,0.4759,-1.4318,1.4821,0.2218,-0.01923,3.13010,0.0124,-0.1572,-0.1051,-0.0784,0.00000,0.00000,-1.2984,1.3003
1048,41.9200,0.1865,0.0000,0.4638,0.1818,0.0140,0.0333,-0.0834,0.4407,0.4644,-1.4356,1.4752,0.2220,-0.00966,3.13504,-0.0094,-0.1339,-0.1457,0.0196,0.00000,0.00000,-1.3014,1.2942
1049,41.9600,0.1897,0.0000,0.4543,0.2092,-0.0010,0.0095,-0.0042,0.0137,0.3158,-1.4394,1.4681,0.2212,-0.00247,3.13939,-0.0084,-0.1073,-0.0853,0.0301,0.00000,0.00000,-1.3044,1.2881
1050,42.0000,0.1928,0.0000,0.4444,0.2209,-0.0088,0.0497,0.0363,-0.0906,0.4674,-1.4441,1.4611,0.2211,-0.00497,3.13680,0.0079,-0.1489,-0.1244,-0.0020,0.00000,0.00000,-1.3073,1.2819
1051,42.0400,0.1959,0.0000,0.4339,0.2047,0.0072,0.0485,-0.0464,0.2988,0.3657,-1.4485,1.4538,0.2217,0.00055,3.13592,0.0139,-0.1309,-0.1084,-0.0363,0.00000,0.00000,-1.3103,1.2757
1052,42.0800,0.1989,0.0000,0.4228,0.2227,-0.0007,0.0274,-0.0060,0.0544,0.3141,-1.4524,1.4461,0.2216,0.00695,3.13919,-0.0054,-0.1184,-0.1079,0.0379,0.00000,0.00000,-1.3132,1.2693
1053,42.1200,0.2019,0.0000,0.4118,0.2370,-0.0104,0.0264,0.0436,-0.0766,0.3919,-1.4571,1.4382,0.2211,0.00551,3.13598,-0.0056,-0.1242,-0.1087,-0.0209,0.00000,0.00000,-1.3161,1.2629
1054,42.1600,0.2048,0.0000,0.4005,0.2392,0.0091,0.0469,-0.0568,0.0013,0.3442,-1.4615,1.4299,0.2210,0.00350,3.13573,0.0126,-0.1430,-0.1014,-0.0066,0.00000,0.00000,-1.3189,1.2564
1055,42.2000,0.2075,0.0000,0.3889,0.2555,-0.0054,0.0534,0.0190,-0.1926,0.3220,-1.4656,1.4212,0.2216,-0.00018,3.13823,0.0163,-0.1167,-0.1257,0.0491,0.00000,0.00000,-1.3218,1.2498
1056,42.2400,0.2102,0.0000,0.3774,0.2517,-0.0234,0.0541,0.1127,-0.0015,0.3586,-1.4708,1.4126,0.2223,-0.00347,3.12944,-0.0010,-0.1375,-0.1551,-0.0005,0.00000,0.00000,-1.3246,1.2431
1057,42.2800,0.2128,0.0000,0.3656,0.2571,-0.0012,0.0294,-0.0021,-0.0483,0.3964,-1.4756,1.4037,0.2226,-0.00546,3.12364,-0.0100,-0.1431,-0.1229,-0.0255,0.00000,0.00000,-1.3274,1.2363
1058,42.3200,0.2153,0.0000,0.3537,0.2430,0.0304,0.0394,-0.1667,0.2893,0.2935,-1.4791,1.3943,0.2223,0.00015,3.13131,0.0369,-0.1459,-0.1028,0.0110,0.00000,0.00000,-1.3302,1.2295
1059,42.3600,0.2177,0.0000,0.3416,0.2618,0.0132,0.0136,-0.0774,0.0428,0.2606,-1.4821,1.3845,0.2219,0.00688,-3.13815,-0.0010,-0.1100,-0.0957,-0.0022,0.00000,0.00000,-1.3330,1.2226
1060,42.4000,0.2200,0.0000,0.3300,0.2849,-0.0167,0.0208,0.0810,-0.2441,0.2282,-1.4865,1.3746,0.2208,0.00112,-3.13996,0.0145,-0.1040,-0.0824,0.0410,0.00000,0.00000,-1.3357,1.2156
1061,42.4400,0.2222,0.0000,0.3188,0.2899,-0.0045,0.0610,0.0189,-0.2246,0.2243,-1.4913,1.3645,0.2212,-0.00859,3.13653,0.0244,-0.1452,-0.1193,-0.0289,0.00000,0.00000,-1.3384,1.2085
1062,42.4800,0.2242,0.0000,0.3080,0.2937,-0.0011,0.0371,0.0009,-0.2640,0.2924,-1.4955,1.3540,0.2220,-0.01826,3.13629,0.0151,-0.1175,-0.1016,-0.0034,0.00000,0.00000,-1.3411,1.2014
1063,42.5200,0.2260,0.0000,0.2976,0.2849,-0.0118,0.0276,0.0573,-0.1029,0.3373,-1.5000,1.3437,0.2219,-0.02446,3.13207,0.0254,-0.1059,-0.1307,0.0377,0.00000,0.00000,-1.3438,1.1942
1064,42.5600,0.2278,0.0000,0.2870,0.2776,-0.0069,0.0379,0.0315,0.0336,0.3467,-1.5043,1.3335,0.2220,-0.02540,3.12669,0.0060,-0.1321,-0.1381,-0.0029,0.00000,0.00000,-1.3465,1.1869
1065,42.6000,0.2296,0.0000,0.2760,0.2736,0.0137,0.0267,-0.0773,0.0891,0.2893,-1.5078,1.3231,0.2221,-0.02336,3.12978,0.0172,-0.1328,-0.0928,-0.0159,0.00000,0.00000,-1.3491,1.1795
1066,42.6400,0.2313,0.0000,0.2651,0.2737,0.0112,0.0056,-0.0662,0.0631,0.2762,-1.5107,1.3125,0.2214,-0.01992,3.13935,0.0063,-0.1085,-0.0937,-0.0070,0.00000,0.00000,-1.3517,1.1720
1067,42.6800,0.2329,0.0000,0.2543,0.2716,0.0072,0.0304,-0.0419,0.1460,0.2064,-1.5138,1.3020,0.2207,-0.01579,-3.13755,0.0100,-0.1373,-0.1019,0.0029,0.00000,0.00000,-1.3543,1.1645
1068,42.7200,0.2345,0.0000,0.2436,0.2791,-0.0062,0.0417,0.0277,0.0533,0.2194,-1.5171,1.2915,0.2210,-0.01150,-3.13615,0.0041,-0.1250,-0.1146,-0.0146,0.00000,0.00000,-1.3569,1.1569
1069,42.7600,0.2360,0.0000,0.2335,0.2909,-0.0092,0.0480,0.0437,-0.1190,0.1923,-1.5208,1.2808,0.2214,-0.01398,-3.14152,0.0341,-0.1280,-0.1058,0.0185,0.00000,0.00000,-1.3594,1.1492
1070,42.8000,0.2374,0.0000,0.2238,0.2847,-0.0050,0.0285,0.0210,0.0113,0.2868,-1.5245,1.2701,0.2217,-0.01553,3.13608,0.0073,-0.1214,-0.1136,-0.0465,0.00000,0.00000,-1.3619,1.1415
1071,42.8400,0.2388,0.0000,0.2143,0.2865,-0.0009,0.0258,-0.0008,-0.0155,0.2974,-1.5277,1.2592,0.2214,-0.01594,3.13549,0.0079,-0.1279,-0.1126,0.0280,0.00000,0.00000,-1.3644,1.1337
1072,42.8800,0.2401,0.0000,0.2046,0.2732,0.0184,0.0390,-0.1018,0.2794,0.2041,-1.5304,1.2482,0.2214,-0.00979,-3.14116,0.0228,-0.1423,-0.1044,-0.0515,0.00000,0.00000,-1.3669,1.1258
1073,42.9200,0.2414,0.0000,0.1950,0.2815,0.0034,0.0295,-0.0226,0.1855,0.1523,-1.5327,1.2372,0.2213,-0.00028,-3.12920,0.0024,-0.1185,-0.0957,0.0241,0.00000,0.00000,-1.3694,1.1178
1074,42.9600,0.2427,0.0000,0.1859,0.3135,-0.0190,0.0375,0.0954,-0.3062,0.1026,-1.5360,1.2258,0.2211,-0.00474,-3.13534,0.0339,-0.1062,-0.0953,0.0426,0.00000,0.00000,-1.3718,1.1097
1075,43.0000,0.2438,0.0000,0.1776,0.3065,-0.0164,0.0749,0.0811,-0.0906,0.1976,-1.5400,1.2143,0.2222,-0.01197,3.12966,0.0313,-0.1523,-0.1610,-0.0264,0.00000,0.00000,-1.3742,1.1016
1076,43.0400,0.2448,0.0000,0.1696,0.2988,0.0061,0.0356,-0.0346,0.0670,0.1487,-1.5430,1.2027,0.2231,-0.01229,3.12613,0.0278,-0.1220,-0.0949,-0.0111,0.00000,0.00000,-1.3766,1.0935
1077,43.0800,0.2458,0.0000,0.1622,0.3057,0.0175,0.0103,-0.0952,-0.0730,0.1611,-1.5452,1.1908,0.2224,-0.01282,3.13935,0.0377,-0.1192,-0.1026,0.0074,0.00000,0.00000,-1.3790,1.0852
1078,43.1200,0.2467,0.0000,0.1551,0.3044,-0.0007,0.0219,-0.0007,0.0091,0.1824,-1.5476,1.1790,0.2217,-0.01359,-3.13598,0.0059,-0.1266,-0.1154,0.0099,0.00000,0.00000,-1.3814,1.0769
1079,43.1600,0.2475,0.0000,0.1481,0.3163,-0.0310,0.0324,0.1581,-0.1621,0.1412,-1.5510,1.1672,0.2215,-0.01666,3.13175,-0.0017,-0.0984,-0.1272,0.0461,0.00000,0.00000,-1.3837,1.0685
1080,43.2000,0.2483,0.0000,0.1415,0.3066,-0.0002,0.0488,-0.0019,0.0511,0.2299,-1.5545,1.1553,0.2221,-0.01953,3.11259,0.0187,-0.1562,-0.1148,-0.0635,0.00000,0.00000,-1.3860,1.0601
1081,43.2400,0.2491,0.0000,0.1348,0.3089,-0.0000,0.0306,-0.0051,-0.0272,0.2511,-1.5568,1.1433,0.2224,-0.01830,3.11699,-0.0022,-0.1216,-0.1386,0.0490,0.00000,0.00000,-1.3883,1.0515
1082,43.2800,0.2498,0.0000,0.1279,0.3189,0.0150,0.0318,-0.0799,-0.1941,0.0951,-1.5589,1.1311,0.2222,-0.02449,3.12465,0.0637,-0.1221,-0.0773,0.0124,0.00000,0.00000,-1.3905,1.0429
1083,43.3200,0.2505,0.0000,0.1213,0.3064,0.0139,0.0339,-0.0743,0.0245,0.0289,-1.5606,1.1189,0.2224,-0.02638,3.14045,0.0311,-0.1249,-0.1176,-0.0107,0.00000,0.00000,-1.3928,1.0343
1084,43.3600,0.2511,0.0000,0.1154,0.3050,-0.0077,0.0213,0.0369,0.0354,0.1055,-1.5627,1.1068,0.2224,-0.02466,-3.13936,0.0140,-0.1141,-0.1169,0.0141,0.00000,0.00000,-1.3950,1.0256
1085,43.4000,0.2517,0.0000,0.1102,0.3050,-0.0025,0.0231,0.0104,-0.0144,0.1039,-1.5653,1.0949,0.2220,-0.02525,3.13621,0.0196,-0.1249,-0.1016,-0.0126,0.00000,0.00000,-1.3972,1.0168
1086,43.4400,0.2522,0.0000,0.1053,0.2843,0.0220,0.0455,-0.1167,0.2933,0.0106,-1.5670,1.0831,0.2222,-0.01862,-3.13552,0.0253,-0.1406,-0.1017,-0.0251,0.00000,0.00000,-1.3994,1.0079
1087,43.4800,0.2527,0.0000,0.1010,0.2956,0.0145,0.0295,-0.0789,0.0308,0.0361,-1.5680,1.0714,0.2224,-0.01260,-3.10949,0.0102,-0.1245,-0.0892,0.0058,0.00000,0.00000,-1.4015,0.9990
1088,43.5200,0.2532,0.0000,0.0974,0.2961,-0.0239,0.0430,0.1191,0.0388,0.2415,-1.5704,1.0599,0.2225,-0.01050,-3.11689,-0.0034,-0.1368,-0.1530,0.0260,0.00000,0.00000,-1.4036,0.9900
1089,43.5600,0.2537,0.0000,0.0936,0.2875,-0.0086,0.0368,0.0430,0.2918,0.1063,-1.5733,1.0483,0.2227,-0.00415,-3.14102,0.0180,-0.1292,-0.0850,-0.0215,0.00000,0.00000,-1.4057,0.9810
1090,43.6000,0.2542,0.0000,0.0897,0.3033,0.0008,0.0350,-0.0069,0.0668,0.0634,-1.5752,1.0364,0.2226,0.00266,-3.14025,0.0146,-0.1160,-0.1046,0.0405,0.00000,0.00000,-1.4078,0.9718
1091,43.6400,0.2547,0.0000,0.0861,0.3241,-0.0122,0.0493,0.0590,-0.1846,0.1248,-1.5775,1.0242,0.2228,-0.00081,3.13558,0.0304,-0.1270,-0.1207,0.0414,0.00000,0.00000,-1.4099,0.9627
1092,43.6800,0.2552,0.0000,0.0826,0.3270,-0.0055,0.0475,0.0264,-0.1340,0.0552,-1.5799,1.0116,0.2234,-0.00744,3.12062,0.0376,-0.1262,-0.1143,-0.0013,0.00000,0.00000,-1.4119,0.9534
1093,43.7200,0.2556,0.0000,0.0794,0.3140,0.0186,0.0196,-0.1001,0.1576,0.1662,-1.5816,0.9989,0.2234,-0.00598,3.12866,0.0197,-0.1333,-0.1094,-0.0621,0.00000,0.00000,-1.4139,0.9441
1094,43.7600,0.2560,0.0000,0.0762,0.3280,0.0021,0.0214,-0.0144,-0.0417,0.0945,-1.5828,0.9861,0.2225,-0.00382,-3.13391,0.0277,-0.1056,-0.1168,0.0902,0.00000,0.00000,-1.4159,0.9348
1095,43.8000,0.2563,0.0000,0.0729,0.3345,0.0003,0.0300,-0.0018,-0.0286,-0.0886,-1.5847,0.9730,0.2221,-0.00609,-3.13666,0.0358,-0.1099,-0.0690,-0.0285,0.00000,0.00000,-1.4179,0.9254
1096,43.8400,0.2566,0.0000,0.0704,0.3360,-0.0048,0.0433,0.0231,-0.0406,0.0003,-1.5867,0.9597,0.2223,-0.00740,-3.14045,0.0069,-0.1159,-0.1018,0.0277,0.00000,0.00000,-1.4198,0.9159
1097,43.8800,0.2568,0.0000,0.0687,0.3305,-0.0006,0.0487,0.0007,0.0563,0.0332,-1.5888,0.9466,0.2228,-0.00666,3.13644,0.0161,-0.1229,-0.1169,0.0043,0.00000,0.00000,-1.4218,0.9064
1098,43.9200,0.2569,0.0000,0.0673,0.3286,-0.0007,0.0379,0.0010,0.0896,0.0588,-1.5907,0.9335,0.2231,-0.00334,3.13578,-0.0058,-0.1165,-0.1218,0.0094,0.00000,0.00000,-1.4237,0.8968
1099,43.9600,0.2570,0.0000,0.0661,0.3394,-0.0065,0.0401,0.0299,-0.1017,0.0922,-1.5927,0.9203,0.2232,-0.00428,3.13090,0.0014,-0.1103,-0.1237,0.0392,0.00000,0.00000,-1.4255,0.8871
1100,44.0000,0.2570,0.0000,0.0649,0.3357,0.0190,0.0472,-0.0995,-0.0330,-0.0167,-1.5943,0.9070,0.2235,-0.00758,3.13860,0.0341,-0.1166,-0.0887,-0.0152,0.00000,0.00000,-1.4274,0.8774
1101,44.0400,0.2570,0.0000,0.0640,0.3273,0.0007,0.0487,-0.0057,0.1307,0.0599,-1.5955,0.8938,0.2241,-0.00390,-3.12721,-0.0163,-0.1163,-0.1399,0.0511,0.00000,0.00000,-1.4292,0.8677
1102,44.0800,0.2570,0.0000,0.0632,0.3453,-0.0088,0.0383,0.0438,-0.1847,-0.0009,-1.5975,0.8805,0.2243,-0.00651,-3.13506,0.0148,-0.0960,-0.1096,0.0393,0.00000,0.00000,-1.4310,0.8578
1103,44.1200,0.2569,0.0000,0.0627,0.3538,-0.0133,0.0449,0.0649,-0.3240,0.1516,-1.5998,0.8671,0.2248,-0.01703,3.12975,0.0018,-0.1135,-0.1456,0.0293,0.00000,0.00000,-1.4328,0.8480
1104,44.1600,0.2568,0.0000,0.0621,0.3317,0.0178,0.0308,-0.0920,0.0950,0.0252,-1.6015,0.8536,0.2250,-0.02081,3.12842,0.0400,-0.1051,-0.1034,-0.0133,0.00000,0.00000,-1.4346,0.8380
1105,44.2000,0.2567,0.0000,0.0614,0.3380,0.0238,0.0088,-0.1260,-0.0468,0.0692,-1.6019,0.8402,0.2245,-0.01993,-3.11067,0.0050,-0.1035,-0.0951,0.0290,0.00000,0.00000,-1.4363,0.8281
1106,44.2400,0.2566,0.0000,0.0607,0.3445,-0.0036,0.0058,0.0157,-0.1476,0.0974,-1.6032,0.8267,0.2234,-0.02389,-3.09478,0.0098,-0.0841,-0.1004,0.0317,0.00000,0.00000,-1.4380,0.8180
1107,44.2800,0.2565,0.0000,0.0599,0.3339,0.0041,0.0430,-0.0212,0.0739,-0.0073,-1.6049,0.8133,0.2233,-0.02498,-3.09817,0.0279,-0.1126,-0.1057,-0.0016,0.00000,0.00000,-1.4397,0.8079
1108,44.3200,0.2563,0.0000,0.0592,0.3389,-0.0064,0.0459,0.0304,-0.0277,0.0840,-1.6063,0.8000,0.2242,-0.02375,-3.09493,-0.0126,-0.1268,-0.1402,0.0175,0.00000,0.00000,-1.4414,0.7978
1109,44.3600,0.2562,0.0000,0.0585,0.3325,0.0047,0.0320,-0.0260,0.0926,0.0227,-1.6080,0.7866,0.2244,-0.02310,-3.10034,0.0224,-0.1278,-0.0913,0.0042,0.00000,0.00000,-1.4431,0.7876
1110,44.4000,0.2560,0.0000,0.0580,0.3423,-0.0115,0.0352,0.0568,-0.1106,0.0980,-1.6095,0.7734,0.2246,-0.02285,-3.09992,0.0065,-0.1055,-0.1475,0.0689,0.00000,0.00000,-1.4447,0.7774
1111,44.4400,0.2559,0.0000,0.0573,0.3370,-0.0098,0.0360,0.0509,0.0212,-0.0388,-1.6116,0.7600,0.2248,-0.02495,-3.12740,0.0274,-0.1039,-0.1078,0.0169,0.00000,0.00000,-1.4463,0.7671
1112,44.4800,0.2557,0.0000,0.0569,0.3341,0.0025,0.0175,-0.0141,0.0419,0.0741,-1.6132,0.7466,0.2248,-0.02353,-3.13177,-0.0066,-0.1083,-0.1106,-0.0038,0.00000,0.00000,-1.4479,0.7568
1113,44.5200,0.2556,0.0000,0.0568,0.3435,-0.0075,0.0204,0.0364,-0.1594,0.1057,-1.6146,0.7333,0.2243,-0.02615,-3.13397,0.0035,-0.1022,-0.1452,0.0624,0.00000,0.00000,-1.4494,0.7464
1114,44.5600,0.2554,0.0000,0.0562,0.3521,0.0124,0.0324,-0.0651,-0.3318,-0.0172,-1.6159,0.7197,0.2243,-0.03776,-3.12971,0.0516,-0.1023,-0.0753,0.0115,0.00000,0.00000,-1.4510,0.7359
1115,44.6000,0.2552,0.0000,0.0559,0.3323,0.0040,0.0248,-0.0223,-0.0519,0.0309,-1.6169,0.7064,0.2246,-0.04312,-3.11477,0.0226,-0.0878,-0.1315,0.0169,0.00000,0.00000,-1.4525,0.7255
1116,44.6400,0.2550,0.0000,0.0558,0.3181,0.0063,0.0158,-0.0334,0.1278,0.0416,-1.6180,0.6934,0.2244,-0.04130,-3.10597,0.0121,-0.1111,-0.1123,0.0075,0.00000,0.00000,-1.4540,0.7149
1117,44.6800,0.2549,0.0000,0.0557,0.3227,0.0121,0.0225,-0.0645,-0.0551,0.1134,-1.6187,0.6806,0.2242,-0.04054,-3.07761,0.0104,-0.1337,-0.1213,0.0100,0.00000,0.00000,-1.4554,0.7044
1118,44.7200,0.2548,0.0000,0.0553,0.3237,-0.0042,0.0134,0.0216,-0.1522,-0.0295,-1.6197,0.6679,0.2239,-0.04468,-3.06859,0.0188,-0.0861,-0.1017,0.0335,0.00000,0.00000,-1.4569,0.6937
1119,44.7600,0.2547,0.0000,0.0551,0.3078,-0.0053,0.0351,0.0273,0.0799,0.0103,-1.6212,0.6554,0.2240,-0.04550,-3.08534,0.0125,-0.1193,-0.1173,0.0082,0.00000,0.00000,-1.4583,0.6831
1120,44.8000,0.2547,0.0000,0.0551,0.2907,0.0159,0.0166,-0.0835,0.2967,0.0850,-1.6221,0.6433,0.2242,-0.03751,-3.07148,-0.0016,-0.1274,-0.0876,-0.0359,0.00000,0.00000,-1.4597,0.6724
1121,44.8400,0.2547,0.0000,0.0552,0.2880,0.0101,0.0147,-0.0542,0.2926,0.0587,-1.6224,0.6315,0.2235,-0.02520,-3.03115,-0.0013,-0.1173,-0.1068,0.0439,0.00000,0.00000,-1.4610,0.6616
1122,44.8800,0.2548,0.0000,0.0550,0.2962,-0.0100,0.0315,0.0529,0.1997,-0.0378,-1.6235,0.6196,0.2232,-0.01565,-3.03220,-0.0016,-0.1061,-0.0957,0.0277,0.00000,0.00000,-1.4624,0.6508
1123,44.9200,0.2549,0.0000,0.0550,0.3157,-0.0188,0.0557,0.0980,-0.0980,-0.0189,-1.6252,0.6074,0.2238,-0.01476,-3.06833,0.0159,-0.1180,-0.1214,0.0327,0.00000,0.00000,-1.4637,0.6400
1124,44.9600,0.2551,0.0000,0.0554,0.3203,-0.0131,0.0386,0.0663,-0.1550,0.0480,-1.6271,0.5949,0.2245,-0.02055,-3.10977,-0.0024,-0.1221,-0.1188,-0.0118,0.00000,0.00000,-1.4650,0.6291
1125,45.0000,0.2553,0.0000,0.0560,0.3027,0.0195,0.0287,-0.1015,0.1664,0.0332,-1.6280,0.5825,0.2245,-0.01973,-3.10230,0.0226,-0.1261,-0.0979,0.0006,0.00000,0.00000,-1.4663,0.6182
1126,45.0400,0.2555,0.0000,0.0565,0.3124,0.0071,0.0198,-0.0390,-0.0070,0.0620,-1.6282,0.5702,0.2242,-0.01592,-3.05590,0.0009,-0.1023,-0.1241,0.0456,0.00000,0.00000,-1.4675,0.6073
1127,45.0800,0.2557,0.0000,0.0568,0.3099,0.0039,0.0420,-0.0204,0.1233,-0.0076,-1.6291,0.5577,0.2241,-0.01398,-3.04843,0.0270,-0.1306,-0.1047,0.0047,0.00000,0.00000,-1.4688,0.5963
1128,45.1200,0.2559,0.0000,0.0572,0.3145,-0.0032,0.0367,0.0147,0.0873,0.0638,-1.6300,0.5452,0.2244,-0.00957,-3.04281,-0.0038,-0.1207,-0.1043,0.0138,0.00000,0.00000,-1.4700,0.5852
1129,45.1600,0.2562,0.0000,0.0576,0.3210,0.0016,0.0317,-0.0077,0.0138,-0.0551,-1.6311,0.5324,0.2243,-0.00798,-3.04700,0.0450,-0.0987,-0.0952,0.0278,0.00000,0.00000,-1.4712,0.5742
1130,45.2000,0.2564,0.0000,0.0582,0.3178,0.0006,0.0394,-0.0049,0.1527,0.0638,-1.6320,0.5196,0.2244,-0.00399,-3.04322,-0.0004,-0.1307,-0.1287,-0.0143,0.00000,0.00000,-1.4723,0.5631
1131,45.2400,0.2566,0.0000,0.0589,0.3336,0.0002,0.0335,-0.0018,-0.0677,0.0159,-1.6329,0.5066,0.2243,-0.00348,-3.03600,0.0247,-0.1132,-0.0959,0.0416,0.00000,0.00000,-1.4735,0.5519
1132,45.2800,0.2568,0.0000,0.0595,0.3421,-0.0111,0.0445,0.0555,-0.1379,0.0261,-1.6342,0.4933,0.2245,-0.00757,-3.05207,0.0262,-0.1076,-0.1214,0.0365,0.00000,0.00000,-1.4746,0.5407
1133,45.3200,0.2569,0.0000,0.0601,0.3369,0.0066,0.0430,-0.0354,0.0210,0.0408,-1.6354,0.4798,0.2250,-0.00990,-3.06129,0.0363,-0.1258,-0.1100,-0.0247,0.00000,0.00000,-1.4757,0.5295
1134,45.3600,0.2570,0.0000,0.0607,0.3383,-0.0072,0.0105,0.0361,0.0282,0.0357,-1.6363,0.4663,0.2246,-0.00817,-3.05496,-0.0062,-0.0843,-0.1091,0.0432,0.00000,0.00000,-1.4767,0.5183
1135,45.4000,0.2571,0.0000,0.0613,0.3397,-0.0043,0.0333,0.0193,0.0786,0.1389,-1.6376,0.4528,0.2241,-0.00643,-3.07196,0.0038,-0.1328,-0.1281,0.0037,0.00000,0.00000,-1.4778,0.5070
1136,45.4400,0.2571,0.0000,0.0614,0.3509,0.0014,0.0479,-0.0080,-0.0629,-0.0065,-1.6384,0.4390,0.2243,-0.00656,-3.06722,0.0331,-0.1005,-0.1032,0.0516,0.00000,0.00000,-1.4788,0.4957
1137,45.4800,0.2571,0.0000,0.0615,0.3580,0.0137,0.0492,-0.0726,-0.1318,-0.0154,-1.6389,0.4249,0.2250,-0.01122,-3.04404,0.0532,-0.1242,-0.0987,-0.0053,0.00000,0.00000,-1.4798,0.4844
1138,45.5200,0.2571,0.0000,0.0618,0.3540,-0.0092,0.0233,0.0439,-0.0295,0.1386,-1.6397,0.4109,0.2251,-0.01318,-3.03333,-0.0015,-0.1095,-0.1388,0.0199,0.00000,0.00000,-1.4807,0.4730
1139,45.5600,0.2570,0.0000,0.0619,0.3538,0.0032,0.0121,-0.0188,-0.0000,0.1214,-1.6408,0.3968,0.2244,-0.01466,-3.03951,0.0214,-0.1123,-0.0890,-0.0035,0.00000,0.00000,-1.4817,0.4616
1140,45.6000,0.2568,0.0000,0.0616,0.3653,0.0155,0.0219,-0.0821,-0.2181,0.0093,-1.6409,0.3826,0.2238,-0.01944,-2.98427,0.0395,-0.0940,-0.0930,0.0207,0.00000,0.00000,-1.4826,0.4502
1141,45.6400,0.2567,0.0000,0.0611,0.3701,0.0039,0.0454,-0.0232,-0.2869,0.0959,-1.6412,0.3682,0.2241,-0.02958,-2.93533,0.0427,-0.1240,-0.1266,0.0061,0.00000,0.00000,-1.4835,0.4387
1142,45.6800,0.2565,0.0000,0.0605,0.3642,-0.0222,0.0263,0.1127,-0.2300,0.1299,-1.6424,0.3539,0.2246,-0.03891,-2.96429,0.0232,-0.0882,-0.1340,0.0178,0.00000,0.00000,-1.4844,0.4272
1143,45.7200,0.2562,0.0000,0.0595,0.3319,0.0041,0.0320,-0.0213,0.2884,0.0272,-1.6436,0.3401,0.2247,-0.03651,-3.01133,0.0417,-0.1174,-0.1209,-0.0201,0.00000,0.00000,-1.4852,0.4157
1144,45.7600,0.2560,0.0000,0.0585,0.3335,0.0010,0.0224,-0.0080,0.1751,0.1120,-1.6438,0.3266,0.2249,-0.02679,-2.95514,-0.0212,-0.1251,-0.1423,0.0275,0.00000,0.00000,-1.4861,0.4041
1145,45.8000,0.2558,0.0000,0.0573,0.3377,0.0114,0.0123,-0.0600,0.0771,0.0145,-1.6440,0.3130,0.2242,-0.02349,-2.91856,0.0353,-0.1149,-0.0654,-0.0044,0.00000,0.00000,-1.4869,0.3926
1146,45.8400,0.2556,0.0000,0.0563,0.3429,0.0004,0.0372,-0.0038,-0.0351,0.0420,-1.6441,0.2994,0.2241,-0.02214,-2.85834,0.0204,-0.1166,-0.1303,0.0400,0.00000,0.00000,-1.4877,0.3810
1147,45.8800,0.2553,0.0000,0.0554,0.3448,-0.0151,0.0360,0.0765,-0.0541,0.0786,-1.6450,0.2858,0.2245,-0.02397,-2.89602,0.0226,-0.1047,-0.1169,-0.0015,0.00000,0.00000,-1.4884,0.3694
1148,45.9200,0.2551,0.0000,0.0545,0.3287,0.0045,0.0231,-0.0253,0.2133,0.1068,-1.6457,0.2723,0.2244,-0.02036,-2.91017,0.0161,-0.1199,-0.1099,-0.0372,0.00000,0.00000,-1.4891,0.3577
1149,45.9600,0.2549,0.0000,0.0533,0.3398,-0.0000,0.0145,-0.0034,-0.0147,0.1433,-1.6457,0.2588,0.2239,-0.01674,-2.79201,-0.0059,-0.1056,-0.1155,0.0419,0.00000,0.00000,-1.4898,0.3460
1150,46.0000,0.2547,0.0000,0.0518,0.3339,-0.0009,0.0348,0.0028,0.1427,0.0917,-1.6461,0.2453,0.2236,-0.01396,-2.71875,0.0147,-0.1189,-0.1133,-0.0132,0.00000,0.00000,-1.4905,0.3344
1151,46.0400,0.2545,0.0000,0.0500,0.3345,0.0013,0.0408,-0.0072,0.1744,0.0026,-1.6462,0.2318,0.2238,-0.00743,-2.65956,0.0081,-0.1090,-0.1005,0.0156,0.00000,0.00000,-1.4912,0.3227
1152,46.0800,0.2543,0.0000,0.0485,0.3418,0.0070,0.0484,-0.0388,0.1020,0.0598,-1.6462,0.2181,0.2242,-0.00258,-2.53794,0.0232,-0.1399,-0.1109,-0.0006,0.00000,0.00000,-1.4918,0.3109
1153,46.1200,0.2541,0.0000,0.0471,0.3577,-0.0017,0.0300,0.0064,-0.1322,0.0360,-1.6462,0.2042,0.2243,-0.00383,-2.43445,0.0337,-0.0930,-0.0914,0.0275,0.00000,0.00000,-1.4924,0.2992
1154,46.1600,0.2539,0.0000,0.0459,0.3719,0.0090,0.0328,-0.0477,-0.3502,-0.0397,-1.6461,0.1898,0.2241,-0.01494,-2.38322,0.0661,-0.1026,-0.0822,0.0054,0.00000,0.00000,-1.4930,0.2874
1155,46.2000,0.2536,0.0000,0.0451,0.3604,-0.0202,0.0530,0.1020,-0.1112,0.0900,-1.6466,0.1756,0.2248,-0.02169,-2.31463,0.0172,-0.1094,-0.1815,0.0318,0.00000,0.00000,-1.4936,0.2756
1156,46.2400,0.2532,0.0000,0.0442,0.3479,0.0159,0.0165,-0.0839,0.1094,0.0713,-1.6469,0.1614,0.2250,-0.02287,-2.23741,0.0440,-0.1177,-0.0606,-0.0723,0.00000,0.00000,-1.4941,0.2638
1157,46.2800,0.2529,0.0000,0.0435,0.3575,0.0210,0.0135,-0.1106,-0.1510,0.0118,-1.6458,0.1474,0.2242,-0.02358,-1.82499,0.0470,-0.0998,-0.1084,0.0669,0.00000,0.00000,-1.4947,0.2520
1158,46.3200,0.2525,0.0000,0.0427,0.3533,-0.0147,0.0361,0.0748,-0.0235,0.0324,-1.6458,0.1333,0.2241,-0.02623,-1.69699,0.0148,-0.1157,-0.1326,0.0063,0.00000,0.00000,-1.4952,0.2402
1159,46.3600,0.2520,0.0000,0.0420,0.3471,-0.0080,0.0424,0.0414,0.0795,-0.0114,-1.6464,0.1193,0.2247,-0.02540,-1.69518,0.0347,-0.1228,-0.0990,-0.0046,0.00000,0.00000,-1.4956,0.2283
1160,46.4000,0.2516,0.0000,0.0416,0.3413,0.0017,0.0271,-0.0104,0.1426,0.0597,-1.6465,0.1055,0.2249,-0.02050,-1.54915,0.0160,-0.1226,-0.1112,0.0017,0.00000,0.00000,-1.4961,0.2164
1161,46.4400,0.2511,0.0000,0.0413,0.3611,-0.0060,0.0188,0.0281,-0.2533,0.1042,-1.6465,0.0916,0.2246,-0.02399,-1.15989,0.0232,-0.1132,-0.1187,0.0422,0.00000,0.00000,-1.4965,0.2046
1162,46.4800,0.2507,0.0000,0.0408,0.3519,-0.0106,0.0188,0.0538,-0.0840,0.0317,-1.6469,0.0775,0.2242,-0.03026,-0.79936,0.0175,-0.0972,-0.1071,-0.0081,0.00000,0.00000,-1.4969,0.1927
1163,46.5200,0.2502,0.0000,0.0402,0.3411,-0.0061,0.0222,0.0309,0.0830,0.0434,-1.6472,0.0637,0.2240,-0.02958,-0.56025,-0.0008,-0.1010,-0.1049,0.0202,0.00000,0.00000,-1.4973,0.1807
1164,46.5600,0.2497,0.0000,0.0397,0.3403,0.0140,0.0229,-0.0740,0.0556,0.0530,-1.6468,0.0500,0.2238,-0.02728,-0.55060,0.0335,-0.1067,-0.0790,0.0010,0.00000,0.00000,-1.4976,0.1688
1165,46.6000,0.2492,0.0000,0.0393,0.3450,-0.0097,0.0193,0.0486,-0.0429,0.1355,-1.6464,0.0364,0.2235,-0.02670,-0.44844,-0.0160,-0.1056,-0.1182,0.0467,0.00000,0.00000,-1.4979,0.1569
1166,46.6400,0.2487,0.0000,0.0384,0.3435,-0.0078,0.0269,0.0393,-0.0157,0.0850,-1.6467,0.0227,0.2233,-0.02814,-0.24542,0.0090,-0.1095,-0.1084,-0.0149,0.00000,0.00000,-1.4982,0.1450
1167,46.6800,0.2483,0.0000,0.0373,0.3475,0.0003,0.0376,-0.0021,-0.1183,-0.0636,-1.6465,0.0090,0.2235,-0.03105,-0.22089,0.0231,-0.0959,-0.1057,0.0409,0.00000,0.00000,-1.4985,0.1330
1168,46.7200,0.2478,0.0000,0.0365,0.3366,0.0071,0.0416,-0.0373,0.0720,-0.0185,-1.6461,-0.0046,0.2242,-0.03163,-0.25345,0.0163,-0.1281,-0.1085,-0.0081,0.00000,0.00000,-1.4988,0.1211
1169,46.7600,0.2473,0.0000,0.0363,0.3484,-0.0087,0.0208,0.0431,-0.2196,0.0425,-1.6458,-0.0181,0.2243,-0.03481,-0.25457,0.0149,-0.0950,-0.1237,0.0547,0.00000,0.00000,-1.4990,0.1091
1170,46.8000,0.2468,0.0000,0.0362,0.3326,0.0017,0.0103,-0.0092,0.0248,0.0390,-1.6458,-0.0316,0.2239,-0.03858,-0.16884,0.0330,-0.0880,-0.0806,-0.0212,0.00000,0.00000,-1.4992,0.0971
1171,46.8400,0.2463,0.0000,0.0362,0.3279,-0.0042,0.0178,0.0212,0.0295,0.0049,-1.6455,-0.0447,0.2234,-0.03650,-0.16279,-0.0085,-0.0888,-0.1320,0.0533,0.00000,0.00000,-1.4994,0.0851
1172,46.8800,0.2458,0.0000,0.0362,0.3209,0.0089,0.0331,-0.0469,0.1359,0.0286,-1.6451,-0.0578,0.2235,-0.03370,-0.16252,0.0090,-0.1282,-0.1017,-0.0321,0.00000,0.00000,-1.4996,0.0732
1173,46.9200,0.2454,0.0000,0.0363,0.3223,-0.0054,0.0339,0.0280,0.0587,-0.0009,-1.6446,-0.0707,0.2238,-0.02932,-0.18585,-0.0043,-0.1068,-0.1293,0.0622,0.00000,0.00000,-1.4997,0.0612
1174,46.9600,0.2449,0.0000,0.0366,0.3263,0.0049,0.0268,-0.0257,-0.0350,-0.0239,-1.6443,-0.0837,0.2239,-0.03006,-0.17456,0.0304,-0.1072,-0.0821,-0.0185,0.00000,0.00000,-1.4998,0.0492
1175,47.0000,0.2445,0.0000,0.0372,0.3173,0.0128,0.0241,-0.0665,0.0878,-0.0663,-1.6436,-0.0966,0.2237,-0.02854,-0.26189,0.0208,-0.1034,-0.0875,0.0272,0.00000,0.00000,-1.4999,0.0372
1176,47.0400,0.2440,0.0000,0.0382,0.3128,-0.0012,0.0293,0.0058,0.1724,-0.0099,-1.6430,-0.1093,0.2236,-0.02243,-0.31540,0.0041,-0.1067,-0.1132,0.0240,0.00000,0.00000,-1.4999,0.0252
1177,47.0800,0.2436,0.0000,0.0395,0.3216,-0.0038,0.0327,0.0189,0.0235,0.0215,-1.6428,-0.1221,0.2237,-0.01938,-0.28146,0.0148,-0.1140,-0.1033,0.0107,0.00000,0.00000,-1.5000,0.0132
1178,47.1200,0.2431,0.0000,0.0408,0.3362,-0.0118,0.0266,0.0597,-0.2486,0.0132,-1.6428,-0.1351,0.2236,-0.02478,-0.21125,0.0092,-0.0957,-0.1079,0.0323,0.00000,0.00000,-1.5000,0.0012
1179,47.1600,0.2427,0.0000,0.0420,0.3138,0.0191,0.0391,-0.0999,0.1615,-0.0295,-1.6425,-0.1480,0.2238,-0.02590,-0.21280,0.0445,-0.1197,-0.0891,-0.0387,0.00000,0.00000,-1.5000,-0.0108
1180,47.2000,0.2423,0.0000,0.0434,0.3078,0.0090,0.0257,-0.0486,0.2579,0.0650,-1.6413,-0.1606,0.2240,-0.01611,-0.33572,-0.0206,-0.1224,-0.1221,0.0282,0.00000,0.00000,-1.5000,-0.0228
1181,47.2400,0.2419,0.0000,0.0448,0.3373,-0.0053,0.0292,0.0268,-0.2523,-0.0284,-1.6408,-0.1735,0.2236,-0.01833,-0.34292,0.0427,-0.1021,-0.0878,0.0570,0.00000,0.00000,-1.4999,-0.0348
1182,47.2800,0.2415,0.0000,0.0461,0.3300,-0.0163,0.0460,0.0847,-0.0653,-0.0221,-1.6411,-0.1866,0.2240,-0.02387,-0.24139,0.0202,-0.1036,-0.1151,0.0026,0.00000,0.00000,-1.4998,-0.0468
1183,47.3200,0.2410,0.0000,0.0476,0.3242,-0.0021,0.0351,0.0102,0.0213,0.0264,-1.6412,-0.1996,0.2246,-0.02475,-0.16660,0.0073,-0.1230,-0.1125,0.0045,0.00000,0.00000,-1.4997,-0.0588
1184,47.3600,0.2406,0.0000,0.0492,0.3243,-0.0041,0.0297,0.0194,-0.0125,0.0837,-1.6409,-0.2125,0.2247,-0.02396,-0.13942,0.0134,-0.1100,-0.1405,0.0395,0.00000,0.00000,-1.4996,-0.0708
1185,47.4000,0.2401,0.0000,0.0504,0.3309,-0.0049,0.0332,0.0243,-0.1331,0.0411,-1.6407,-0.2255,0.2247,-0.02768,-0.10237,0.0285,-0.1055,-0.1123,0.0415,0.00000,0.00000,-1.4994,-0.0828
1186,47.4400,0.2397,0.0000,0.0514,0.3317,-0.0113,0.0198,0.0563,-0.1873,0.1493,-1.6407,-0.2385,0.2248,-0.03413,-0.04555,-0.0104,-0.1117,-0.1306,0.0065,0.00000,0.00000,-1.4993,-0.0948
1187,47.4800,0.2392,0.0000,0.0520,0.3238,0.0080,0.0258,-0.0417,-0.1160,0.0375,-1.6403,-0.2514,0.2246,-0.04023,-0.03161,0.0476,-0.0972,-0.1063,0.0335,0.00000,0.00000,-1.4991,-0.1067
1188,47.5200,0.2388,0.0000,0.0523,0.3076,-0.0019,0.0233,0.0089,0.1176,0.0497,-1.6396,-0.2639,0.2247,-0.03829,-0.04694,-0.0055,-0.0954,-0.1417,0.0178,0.00000,0.00000,-1.4988,-0.1187
1189,47.5600,0.2384,0.0000,0.0525,0.3004,0.0035,0.0240,-0.0189,0.1968,0.0479,-1.6390,-0.2762,0.2245,-0.03235,-0.04357,0.0066,-0.1192,-0.1151,0.0108,0.00000,0.00000,-1.4986,-0.1307
1190,47.6000,0.2380,0.0000,0.0526,0.3042,0.0183,0.0153,-0.0952,0.0681,-0.0124,-1.6379,-0.2884,0.2241,-0.02784,-0.10098,0.0153,-0.1102,-0.0841,0.0001,0.00000,0.00000,-1.4983,-0.1426
1191,47.6400,0.2376,0.0000,0.0529,0.3158,-0.0060,0.0298,0.0300,-0.1669,0.0450,-1.6369,-0.3006,0.2239,-0.03003,-0.13009,0.0098,-0.1070,-0.1299,0.0628,0.00000,0.00000,-1.4980,-0.1546
1192,47.6800,0.2373,0.0000,0.0533,0.3004,0.0154,0.0307,-0.0798,0.1090,-0.0908,-1.6363,-0.3129,0.2240,-0.03136,-0.13364,0.0411,-0.1143,-0.0732,-0.0574,0.00000,0.00000,-1.4977,-0.1665
1193,47.7200,0.2369,0.0000,0.0541,0.2963,-0.0038,0.0296,0.0162,0.1335,0.2203,-1.6353,-0.3248,0.2242,-0.02503,-0.16057,-0.0303,-0.1347,-0.1522,0.0343,0.00000,0.00000,-1.4973,-0.1784
1194,47.7600,0.2365,0.0000,0.0544,0.2954,-0.0035,0.0123,0.0168,0.1597,0.1012,-1.6350,-0.3368,0.2236,-0.01999,-0.12133,0.0051,-0.1095,-0.0822,-0.0037,0.00000,0.00000,-1.4970,-0.1903
1195,47.8000,0.2362,0.0000,0.0542,0.3045,-0.0015,0.0464,0.0072,0.0092,0.0297,-1.6343,-0.3488,0.2236,-0.01651,-0.11445,0.0219,-0.1085,-0.1253,0.0505,0.00000,0.00000,-1.4966,-0.2022
1196,47.8400,0.2360,0.0000,0.0539,0.3172,-0.0077,0.0499,0.0401,-0.1766,-0.0315,-1.6337,-0.3611,0.2243,-0.02071,-0.09812,0.0236,-0.1127,-0.1179,0.0083,0.00000,0.00000,-1.4962,-0.2141
1197,47.8800,0.2357,0.0000,0.0538,0.3147,-0.0123,0.0472,0.0627,-0.1340,0.0266,-1.6335,-0.3735,0.2251,-0.02672,-0.05801,0.0329,-0.1110,-0.1321,0.0393,0.00000,0.00000,-1.4957,-0.2260
1198,47.9200,0.2353,0.0000,0.0541,0.3035,0.0115,0.0186,-0.0606,0.0211,0.0921,-1.6328,-0.3858,0.2253,-0.02881,-0.05178,0.0236,-0.1191,-0.1140,-0.0355,0.00000,0.00000,-1.4953,-0.2378
1199,47.9600,0.2350,0.0000,0.0543,0.2981,0.0166,0.0161,-0.0877,0.0770,0.0886,-1.6312,-0.3977,0.2247,-0.02653,-0.10057,0.0091,-0.1270,-0.1175,0.0446,0.00000,0.00000,-1.4948,-0.2497
1200,48.0000,0.2347,0.0000,0.0541,0.2994,0.0086,0.0285,-0.0459,0.0677,0.0433,-1.6298,-0.4097,0.2244,-0.02360,-0.13416,0.0186,-0.1247,-0.1025,0.0132,0.00000,0.00000,-1.4942,-0.2615
1201,48.0400,0.2344,0.0000,0.0538,0.3083,0.0035,0.0379,-0.0194,-0.0986,0.0317,-1.6286,-0.4217,0.2246,-0.02484,-0.14987,0.0466,-0.1165,-0.0965,0.0218,0.00000,0.00000,-1.4937,-0.2733
1202,48.0800,0.2340,0.0000,0.0537,0.3001,-0.0233,0.0271,0.1203,0.0616,0.0302,-1.6283,-0.4338,0.2247,-0.02429,-0.11212,0.0023,-0.0959,-0.1262,0.0319,0.00000,0.00000,-1.4931,-0.2851
1203,48.1200,0.2337,0.0000,0.0536,0.3107,-0.0068,0.0274,0.0338,-0.1596,0.0935,-1.6281,-0.4460,0.2246,-0.02794,-0.06725,0.0108,-0.1336,-0.1180,-0.0049,0.00000,0.00000,-1.4926,-0.2969
1204,48.1600,0.2333,0.0000,0.0535,0.3005,0.0065,0.0287,-0.0343,-0.0153,0.0480,-1.6271,-0.4579,0.2246,-0.03057,-0.06651,0.0355,-0.1006,-0.1101,0.0219,0.00000,0.00000,-1.4920,-0.3086
1205,48.2000,0.2330,0.0000,0.0533,0.2983,-0.0022,0.0219,0.0085,-0.0162,0.1649,-1.6260,-0.4697,0.2246,-0.03057,-0.07132,-0.0012,-0.1158,-0.1444,-0.0003,0.00000,0.00000,-1.4913,-0.3204
1206,48.2400,0.2326,0.0000,0.0526,0.2829,0.0188,0.0245,-0.0992,0.2497,0.0920,-1.6246,-0.4814,0.2242,-0.02615,-0.08327,0.0165,-0.1424,-0.0948,-0.0272,0.00000,0.00000,-1.4907,-0.3321
1207,48.2800,0.2323,0.0000,0.0517,0.2898,0.0128,0.0266,-0.0671,0.0995,-0.0207,-1.6227,-0.4929,0.2240,-0.01886,-0.12783,0.0160,-0.1109,-0.1031,0.0380,0.00000,0.00000,-1.4900,-0.3438
1208,48.3200,0.2320,0.0000,0.0510,0.3017,-0.0215,0.0221,0.1116,-0.0706,0.0262,-1.6218,-0.5047,0.2237,-0.01873,-0.11307,-0.0031,-0.1014,-0.1123,0.0090,0.00000,0.00000,-1.4893,-0.3554
1209,48.3600,0.2316,0.0000,0.0507,0.2996,-0.0144,0.0414,0.0728,-0.0093,0.1053,-1.6217,-0.5167,0.2238,-0.02094,-0.06387,0.0020,-0.1348,-0.1199,-0.0056,0.00000,0.00000,-1.4886,-0.3671
1210,48.4000,0.2312,0.0000,0.0502,0.3028,0.0002,0.0504,-0.0015,-0.0815,0.0226,-1.6207,-0.5286,0.2245,-0.02261,-0.05317,0.0360,-0.1089,-0.1187,0.0480,0.00000,0.00000,-1.4878,-0.3787
1211,48.4400,0.2309,0.0000,0.0498,0.2866,0.0018,0.0224,-0.0130,0.2243,0.1761,-1.6196,-0.5403,0.2248,-0.01844,-0.04945,-0.0098,-0.1242,-0.1343,-0.0549,0.00000,0.00000,-1.4870,-0.3903
1212,48.4800,0.2305,0.0000,0.0492,0.2993,0.0226,0.0208,-0.1189,-0.0243,0.0531,-1.6176,-0.5520,0.2241,-0.01631,-0.07859,0.0420,-0.1201,-0.0752,0.0537,0.00000,0.00000,-1.4862,-0.4019
1213,48.5200,0.2301,0.0000,0.0483,0.3066,-0.0090,0.0252,0.0455,-0.1139,0.0333,-1.6160,-0.5638,0.2238,-0.01804,-0.09112,0.0063,-0.0885,-0.1204,0.0233,0.00000,0.00000,-1.4854,-0.4134
1214,48.5600,0.2296,0.0000,0.0475,0.3108,-0.0099,0.0425,0.0499,-0.1643,0.0843,-1.6152,-0.5760,0.2240,-0.02452,-0.06620,0.0312,-0.1210,-0.1165,-0.0099,0.00000,0.00000,-1.4846,-0.4249
1215,48.6000,0.2292,0.0000,0.0468,0.2973,-0.0087,0.0378,0.0429,0.0496,0.1153,-1.6142,-0.5880,0.2245,-0.02534,-0.04694,0.0131,-0.1040,-0.1400,0.0041,0.00000,0.00000,-1.4837,-0.4364
1216,48.6400,0.2287,0.0000,0.0459,0.3003,0.0091,0.0286,-0.0486,-0.0482,0.0635,-1.6127,-0.5998,0.2246,-0.02630,-0.04905,0.0293,-0.1196,-0.1100,0.0084,0.00000,0.00000,-1.4828,-0.4479
1217,48.6800,0.2282,0.0000,0.0449,0.2866,0.0157,0.0298,-0.0828,0.1853,0.0505,-1.6107,-0.6114,0.2245,-0.02269,-0.06935,0.0205,-0.1261,-0.1101,-0.0047,0.00000,0.00000,-1.4819,-0.4593
1218,48.7200,0.2277,0.0000,0.0440,0.2980,0.0013,0.0227,-0.0075,-0.0342,-0.0044,-1.6087,-0.6230,0.2242,-0.02019,-0.08686,0.0156,-0.1092,-0.1047,0.0363,0.00000,0.00000,-1.4809,-0.4707
1219,48.7600,0.2271,0.0000,0.0435,0.3125,-0.0174,0.0444,0.0898,-0.2865,0.0065,-1.6076,-0.6349,0.2244,-0.02746,-0.07098,0.0340,-0.1158,-0.1329,0.0399,0.00000,0.00000,-1.4800,-0.4821
1220,48.8000,0.2265,0.0000,0.0432,0.2988,-0.0053,0.0460,0.0257,-0.0624,0.1037,-1.6068,-0.6469,0.2253,-0.03409,-0.04668,0.0372,-0.1263,-0.1200,-0.0258,0.00000,0.00000,-1.4790,-0.4935
1221,48.8400,0.2259,0.0000,0.0431,0.2819,0.0178,0.0262,-0.0920,0.1601,-0.0379,-1.6049,-0.6584,0.2255,-0.03117,-0.05851,0.0402,-0.1190,-0.1159,0.0199,0.00000,0.00000,-1.4780,-0.5048
1222,48.8800,0.2252,0.0000,0.0430,0.2863,-0.0045,0.0001,0.0197,0.0317,0.1566,-1.6030,-0.6697,0.2249,-0.02705,-0.07184,-0.0191,-0.1110,-0.1211,0.0048,0.00000,0.00000,-1.4769,-0.5161
1223,48.9200,0.2246,0.0000,0.0431,0.2845,-0.0033,0.0094,0.0151,0.0405,0.1196,-1.6018,-0.6810,0.2237,-0.02627,-0.05931,0.0086,-0.1190,-0.1081,-0.0054,0.00000,0.00000,-1.4759,-0.5273
1224,48.9600,0.2240,0.0000,0.0425,0.2763,0.0069,0.0510,-0.0361,0.2036,-0.0059,-1.6001,-0.6922,0.2238,-0.02059,-0.06310,0.0185,-0.1253,-0.1143,0.0212,0.00000,0.00000,-1.4748,-0.5386
1225,49.0000,0.2233,0.0000,0.0421,0.2902,-0.0032,0.0283,0.0156,-0.0461,0.0235,-1.5983,-0.7034,0.2242,-0.01817,-0.06844,0.0094,-0.1049,-0.0906,-0.0032,0.00000,0.00000,-1.4737,-0.5497
1226,49.0400,0.2227,0.0000,0.0421,0.2883,-0.0090,0.0374,0.0442,-0.0063,0.1367,-1.5970,-0.7148,0.2242,-0.01913,-0.05430,0.0186,-0.1312,-0.1407,0.0142,0.00000,0.00000,-1.4725,-0.5609
1227,49.0800,0.2220,0.0000,0.0418,0.2890,0.0157,0.0274,-0.0832,-0.0231,0.0487,-1.5951,-0.7262,0.2243,-0.02043,-0.05970,0.0259,-0.1230,-0.0859,-0.0320,0.00000,0.00000,-1.4714,-0.5720
1228,49.1200,0.2213,0.0000,0.0415,0.2967,-0.0003,0.0173,-0.0008,-0.1841,0.1056,-1.5929,-0.7375,0.2239,-0.02448,-0.07309,0.0059,-0.1060,-0.1088,0.0384,0.00000,0.00000,-1.4702,-0.5831
1229,49.1600,0.2206,0.0000,0.0411,0.2759,-0.0019,0.0367,0.0078,0.2155,0.1322,-1.5914,-0.7488,0.2238,-0.02221,-0.06329,0.0277,-0.1174,-0.1282,-0.0377,0.00000,0.00000,-1.4690,-0.5941
1230,49.2000,0.2199,0.0000,0.0404,0.2866,0.0077,0.0359,-0.0418,0.0056,0.0433,-1.5892,-0.7599,0.2240,-0.01878,-0.07132,0.0216,-0.1202,-0.0968,0.0190,0.00000,0.00000,-1.4678,-0.6051
1231,49.2400,0.2192,0.0000,0.0396,0.2833,-0.0004,0.0506,0.0017,0.0975,-0.0082,-1.5872,-0.7712,0.2244,-0.01627,-0.07410,0.0396,-0.1259,-0.1154,0.0256,0.00000,0.00000,-1.4665,-0.6161
1232,49.2800,0.2185,0.0000,0.0392,0.2802,-0.0138,0.0355,0.0692,0.1897,0.0947,-1.5857,-0.7825,0.2249,-0.00986,-0.06288,-0.0067,-0.1298,-0.1312,-0.0147,0.00000,0.00000,-1.4653,-0.6270
1233,49.3200,0.2177,0.0000,0.0390,0.2912,-0.0088,0.0389,0.0462,0.0219,-0.0298,-1.5843,-0.7939,0.2249,-0.00664,-0.04858,0.0396,-0.1128,-0.1120,0.0585,0.00000,0.00000,-1.4640,-0.6379
1234,49.3600,0.2169,0.0000,0.0390,0.2967,-0.0144,0.0339,0.0716,-0.0096,0.1128,-1.5829,-0.8056,0.2251,-0.00629,-0.03368,-0.0081,-0.1195,-0.1297,-0.0070,0.00000,0.00000,-1.4627,-0.6487
1235,49.4000,0.2160,0.0000,0.0392,0.3097,-0.0002,0.0205,0.0000,-0.2221,0.0458,-1.5811,-0.8175,0.2246,-0.01249,-0.02509,0.0316,-0.1009,-0.0889,0.0352,0.00000,0.00000,-1.4613,-0.6595
1236,49.4400,0.2151,0.0000,0.0394,0.3077,-0.0038,0.0310,0.0195,-0.1483,-0.0111,-1.5791,-0.8294,0.2244,-0.01901,-0.02275,0.0200,-0.0887,-0.1179,0.0403,0.00000,0.00000,-1.4599,-0.6703
1237,49.4800,0.2140,0.0000,0.0398,0.3065,-0.0104,0.0325,0.0520,-0.1032,0.1205,-1.5774,-0.8414,0.2246,-0.02381,-0.01322,0.0051,-0.1051,-0.1236,0.0146,0.00000,0.00000,-1.4586,-0.6810
1238,49.5200,0.2130,0.0000,0.0402,0.3073,0.0006,0.0214,-0.0037,-0.1519,0.0531,-1.5755,-0.8533,0.2244,-0.02948,-0.00758,0.0225,-0.0960,-0.0991,0.0319,0.00000,0.00000,-1.4571,-0.6917
1239,49.5600,0.2119,0.0000,0.0406,0.3055,0.0097,0.0131,-0.0512,-0.1619,0.0789,-1.5730,-0.8651,0.2240,-0.03575,-0.01520,0.0146,-0.0972,-0.0942,0.0048,0.00000,0.00000,-1.4557,-0.7023
1240,49.6000,0.2107,0.0000,0.0409,0.2990,-0.0198,0.0114,0.1021,-0.0130,0.0685,-1.5711,-0.8768,0.2233,-0.03770,-0.00782,-0.0054,-0.0874,-0.1386,0.0566,0.00000,0.00000,-1.4542,-0.7129
1241,49.6400,0.2095,0.0000,0.0412,0.2990,-0.0003,0.0178,0.0014,0.0248,0.0292,-1.5694,-0.8887,0.2229,-0.03852,0.00524,0.0214,-0.1079,-0.0771,-0.0194,0.00000,0.00000,-1.4528,-0.7234
1242,49.6800,0.2083,0.0000,0.0416,0.2893,0.0181,0.0243,-0.0952,0.2137,0.0944,-1.5666,-0.9002,0.2228,-0.03311,-0.00685,0.0143,-0.1311,-0.0958,0.0065,0.00000,0.00000,-1.4513,-0.7339
1243,49.7200,0.2070,0.0000,0.0420,0.2990,0.0063,0.0022,-0.0333,0.0634,-0.0332,-1.5637,-0.9118,0.2220,-0.02763,-0.02235,0.0289,-0.0811,-0.0693,0.0254,0.00000,0.00000,-1.4497,-0.7443
1244,49.7600,0.2057,0.0000,0.0427,0.2995,-0.0192,0.0103,0.1002,0.1494,0.0382,-1.5618,-0.9237,0.2211,-0.02295,-0.01177,-0.0050,-0.0939,-0.0987,-0.0016,0.00000,0.00000,-1.4482,-0.7547
1245,49.8000,0.2043,0.0000,0.0437,0.3073,0.0038,0.0477,-0.0192,0.0036,-0.0585,-1.5598,-0.9358,0.2211,-0.02149,-0.00347,0.0240,-0.1227,-0.0810,0.0033,0.00000,0.00000,-1.4466,-0.7651
1246,49.8400,0.2029,0.0000,0.0451,0.3146,-0.0060,0.0610,0.0306,-0.1427,0.0060,-1.5573,-0.9478,0.2223,-0.02383,-0.00427,0.0188,-0.1166,-0.1335,0.0318,0.00000,0.00000,-1.4450,-0.7754
1247,49.8800,0.2013,0.0000,0.0468,0.3043,-0.0114,0.0409,0.0586,0.0317,0.0105,-1.5555,-0.9600,0.2231,-0.02563,0.00930,0.0304,-0.1021,-0.1135,0.0076,0.00000,0.00000,-1.4434,-0.7856
1248,49.9200,0.1997,0.0000,0.0488,0.3097,0.0077,0.0283,-0.0403,-0.1483,0.0209,-1.5532,-0.9719,0.2233,-0.02888,0.00923,0.0350,-0.1112,-0.1077,0.0195,0.00000,0.00000,-1.4417,-0.7958
1249,49.9600,0.1981,0.0000,0.0510,0.3071,0.0021,0.0270,-0.0116,-0.1623,0.0250,-1.5506,-0.9837,0.2233,-0.03474,0.00352,0.0268,-0.1022,-0.1219,0.0313,0.00000,0.00000,-1.4401,-0.8060
1250,50.0000,0.1964,0.0000,0.0533,0.2965,-0.0048,0.0306,0.0238,-0.0274,0.0565,-1.5484,-0.9954,0.2234,-0.03799,0.00664,0.0121,-0.1128,-0.1243,0.0156,0.00000,0.00000,-1.4384,-0.8161
1251,50.0400,0.1947,0.0000,0.0555,0.2908,-0.0007,0.0229,0.0031,-0.0244,0.0192,-1.5462,-1.0068,0.2234,-0.03892,0.00961,0.0218,-0.0968,-0.1058,0.0238,0.00000,0.00000,-1.4367,-0.8261
1252,50.0800,0.1929,0.0000,0.0578,0.2767,0.0145,0.0117,-0.0755,0.1353,-0.0156,-1.5436,-1.0180,0.2230,-0.03638,0.00340,0.0137,-0.1035,-0.0918,-0.0212,0.00000,0.00000,-1.4349,-0.8361
1253,50.1200,0.1912,0.0000,0.0603,0.2787,0.0166,0.0296,-0.0871,0.0221,-0.0177,-1.5405,-1.0287,0.2227,-0.03366,-0.01549,0.0193,-0.1222,-0.0979,0.0430,0.00000,0.00000,-1.4332,-0.8460
1254,50.1600,0.1894,0.0000,0.0631,0.2879,-0.0087,0.0411,0.0442,-0.1950,0.0643,-1.5381,-1.0396,0.2231,-0.03716,-0.01920,0.0166,-0.1185,-0.1339,0.0219,0.00000,0.00000,-1.4314,-0.8559
1255,50.2000,0.1877,0.0000,0.0659,0.2733,-0.0182,0.0217,0.0936,-0.0090,0.0307,-1.5367,-1.0506,0.2233,-0.04053,-0.00050,0.0163,-0.0827,-0.1110,-0.0087,0.00000,0.00000,-1.4296,-0.8657
1256,50.2400,0.1859,0.0000,0.0687,0.2597,0.0192,0.0311,-0.1000,0.1237,0.0164,-1.5345,-1.0611,0.2233,-0.03865,-0.00195,0.0246,-0.1321,-0.1001,-0.0063,0.00000,0.00000,-1.4278,-0.8755
1257,50.2800,0.1842,0.0000,0.0715,0.2565,0.0130,0.0106,-0.0699,0.0817,0.0907,-1.5314,-1.0710,0.2230,-0.03380,-0.02165,-0.0153,-0.1110,-0.1063,-0.0023,0.00000,0.00000,-1.4259,-0.8852
1258,50.3200,0.1826,0.0000,0.0743,0.2624,-0.0150,0.0177,0.0774,-0.0757,0.0474,-1.5294,-1.0811,0.2223,-0.03401,-0.01912,-0.0009,-0.0937,-0.1161,0.0488,0.00000,0.00000,-1.4240,-0.8949
1259,50.3600,0.1809,0.0000,0.0769,0.2574,-0.0027,0.0476,0.0141,0.0512,-0.0142,-1.5277,-1.0914,0.2226,-0.03434,-0.00827,0.0316,-0.1199,-0.1097,-0.0225,0.00000,0.00000,-1.4221,-0.9045
1260,50.4000,0.1793,0.0000,0.0797,0.2671,-0.0044,0.0268,0.0214,-0.1409,0.0709,-1.5255,-1.1015,0.2231,-0.03659,-0.00745,0.0239,-0.1076,-0.1084,0.0184,0.00000,0.00000,-1.4202,-0.9140
1261,50.4400,0.1777,0.0000,0.0826,0.2707,-0.0122,0.0175,0.0621,-0.2231,0.1434,-1.5237,-1.1118,0.2228,-0.04434,0.00115,0.0283,-0.1160,-0.1215,0.0285,0.00000,0.00000,-1.4183,-0.9235
1262,50.4800,0.1761,0.0000,0.0851,0.2591,-0.0027,-0.0003,0.0135,-0.0544,0.0889,-1.5218,-1.1220,0.2221,-0.04929,0.00898,0.0170,-0.0933,-0.0969,-0.0285,0.00000,0.00000,-1.4163,-0.9329
1263,50.5200,0.1745,0.0000,0.0873,0.2472,-0.0065,0.0191,0.0325,0.1271,0.1372,-1.5198,-1.1319,0.2215,-0.04649,0.01154,0.0083,-0.1058,-0.1367,0.0294,0.00000,0.00000,-1.4143,-0.9423
1264,50.5600,0.1730,0.0000,0.0891,0.2457,0.0041,0.0132,-0.0216,0.1418,0.0122,-1.5175,-1.1416,0.2211,-0.04173,0.01234,0.0190,-0.1021,-0.0745,-0.0239,0.00000,0.00000,-1.4123,-0.9516
1265,50.6000,0.1715,0.0000,0.0911,0.2477,-0.0076,0.0146,0.0386,0.0853,0.0831,-1.5152,-1.1513,0.2206,-0.03683,0.01264,-0.0021,-0.1046,-0.1155,0.0095,0.00000,0.00000,-1.4103,-0.9609
1266,50.6400,0.1700,0.0000,0.0931,0.2479,-0.0028,0.0431,0.0139,0.0565,0.0553,-1.5132,-1.1611,0.2206,-0.03484,0.01816,0.0168,-0.1294,-0.1179,0.0029,0.00000,0.00000,-1.4082,-0.9700
1267,50.6800,0.1685,0.0000,0.0951,0.2460,0.0020,0.0461,-0.0112,0.0343,0.0368,-1.5108,-1.1706,0.2214,-0.03301,0.01738,0.0200,-0.1181,-0.1048,0.0041,0.00000,0.00000,-1.4061,-0.9792
1268,50.7200,0.1670,0.0000,0.0973,0.2479,-0.0056,0.0377,0.0261,-0.0784,0.1607,-1.5086,-1.1801,0.2219,-0.03393,0.01819,0.0140,-0.1318,-0.1518,0.0010,0.00000,0.00000,-1.4040,-0.9882
1269,50.7600,0.1655,0.0000,0.0992,0.2336,0.0057,0.0238,-0.0307,0.1372,0.0698,-1.5063,-1.1895,0.2219,-0.03286,0.01911,0.0112,-0.1268,-0.0989,-0.0130,0.00000,0.00000,-1.4019,-0.9972
1270,50.8000,0.1640,0.0000,0.1011,0.2414,0.0037,0.0368,-0.0204,-0.0966,0.0506,-1.5036,-1.1985,0.2219,-0.03207,0.01209,0.0229,-0.1217,-0.1410,0.0323,0.00000,0.00000,-1.3998,-1.0062
1271,50.8400,0.1626,0.0000,0.1031,0.2467,-0.0100,0.0266,0.0511,-0.2452,0.0322,-1.5014,-1.2078,0.2221,-0.03997,0.01579,0.0211,-0.1018,-0.0897,0.0134,0.00000,0.00000,-1.3976,-1.0150
1272,50.8800,0.1611,0.0000,0.1055,0.2196,0.0037,0.0318,-0.0200,0.1491,0.0652,-1.4993,-1.2168,0.2221,-0.04053,0.02080,0.0279,-0.1176,-0.1079,-0.0085,0.00000,0.00000,-1.3954,-1.0238
1273,50.9200,0.1597,0.0000,0.1080,0.2122,0.0069,0.0097,-0.0388,0.1684,0.1890,-1.4967,-1.2251,0.2218,-0.03352,0.01356,-0.0218,-0.1188,-0.1179,-0.0197,0.00000,0.00000,-1.3932,-1.0326
1274,50.9600,0.1583,0.0000,0.1102,0.2084,0.0056,0.0305,-0.0311,0.1913,0.0944,-1.4942,-1.2333,0.2212,-0.02660,0.00819,0.0116,-0.1283,-0.1156,0.0265,0.00000,0.00000,-1.3910,-1.0412
1275,51.0000,0.1570,0.0000,0.1121,0.2330,-0.0012,0.0447,0.0054,-0.2251,0.0295,-1.4916,-1.2416,0.2216,-0.02854,0.00361,0.0344,-0.1217,-0.1064,0.0166,0.00000,0.00000,-1.3887,-1.0498
1276,51.0400,0.1557,0.0000,0.1143,0.2136,-0.0246,0.0333,0.1271,0.1812,0.0495,-1.4901,-1.2504,0.2220,-0.02752,0.01853,0.0069,-0.1060,-0.1392,-0.0132,0.00000,0.00000,-1.3864,-1.0584
1277,51.0800,0.1543,0.0000,0.1168,0.2296,-0.0118,0.0436,0.0583,-0.1695,0.1508,-1.4884,-1.2590,0.2223,-0.02913,0.02948,0.0057,-0.1384,-0.1368,0.0441,0.00000,0.00000,-1.3841,-1.0668
1278,51.1200,0.1530,0.0000,0.1192,0.2139,0.0072,0.0186,-0.0398,0.0694,0.1672,-1.4862,-1.2675,0.2223,-0.03051,0.03173,0.0151,-0.1111,-0.1098,-0.0447,0.00000,0.00000,-1.3818,-1.0752
1279,51.1600,0.1518,0.0000,0.1215,0.2235,0.0126,0.0278,-0.0670,-0.1798,0.0817,-1.4831,-1.2756,0.2219,-0.03344,0.02031,0.0325,-0.1129,-0.1239,0.0708,0.00000,0.00000,-1.3795,-1.0836
1280,51.2000,0.1505,0.0000,0.1235,0.2212,-0.0043,0.0363,0.0220,-0.1574,-0.0052,-1.4805,-1.2838,0.2221,-0.03982,0.01858,0.0239,-0.1076,-0.1258,0.0017,0.00000,0.00000,-1.3771,-1.0919
1281,51.2400,0.1492,0.0000,0.1260,0.1952,-0.0019,0.0403,0.0081,0.2587,0.1188,-1.4784,-1.2919,0.2226,-0.03643,0.02296,0.0053,-0.1401,-0.1406,-0.0260,0.00000,0.00000,-1.3747,-1.1000
1282,51.2800,0.1479,0.0000,0.1287,0.2117,0.0132,0.0114,-0.0701,-0.1716,0.0783,-1.4755,-1.2995,0.2223,-0.03652,0.01522,0.0360,-0.1055,-0.0868,0.0238,0.00000,0.00000,-1.3723,-1.1082
1283,51.3200,0.1467,0.0000,0.1316,0.2021,0.0063,0.0182,-0.0344,-0.0617,0.1121,-1.4728,-1.3071,0.2216,-0.04072,0.00903,0.0194,-0.1200,-0.1212,-0.0086,0.00000,0.00000,-1.3699,-1.1162
1284,51.3600,0.1455,0.0000,0.1344,0.1793,0.0098,0.0401,-0.0521,0.3083,0.0344,-1.4702,-1.3144,0.2216,-0.03434,0.00423,0.0270,-0.1250,-0.1112,-0.0053,0.00000,0.00000,-1.3674,-1.1242
1285,51.4000,0.1442,0.0000,0.1375,0.1893,-0.0014,0.0220,0.0037,0.0590,0.1530,-1.4676,-1.3215,0.2217,-0.02757,-0.00072,-0.0028,-0.1248,-0.1126,-0.0158,0.00000,0.00000,-1.3649,-1.1321
1286,51.4400,0.1431,0.0000,0.1407,0.2001,-0.0162,0.0326,0.0819,-0.1734,0.1515,-1.4657,-1.3288,0.2214,-0.03114,0.00548,0.0104,-0.1326,-0.1318,0.0364,0.00000,0.00000,-1.3624,-1.1399
1287,51.4800,0.1420,0.0000,0.1435,0.1839,-0.0132,0.0469,0.0684,0.1134,0.0372,-1.4641,-1.3363,0.2219,-0.03114,0.01688,0.0152,-0.1113,-0.1186,-0.0018,0.00000,0.00000,-1.3599,-1.1477
1288,51.5200,0.1408,0.0000,0.1465,0.1847,-0.0002,0.0240,-0.0009,0.0373,0.1232,-1.4620,-1.3434,0.2221,-0.02856,0.01987,-0.0003,-0.1184,-0.1082,-0.0104,0.00000,0.00000,-1.3574,-1.1554
1289,51.5600,0.1397,0.0000,0.1499,0.1918,0.0091,0.0346,-0.0500,-0.1453,0.1337,-1.4593,-1.3503,0.2219,-0.03172,0.01514,0.0297,-0.1364,-0.1248,0.0359,0.00000,0.00000,-1.3548,-1.1630
1290,51.6000,0.1387,0.0000,0.1531,0.1719,0.0120,0.0421,-0.0644,0.2100,0.0861,-1.4566,-1.3570,0.2222,-0.02891,0.00917,0.0200,-0.1356,-0.1257,-0.0320,0.00000,0.00000,-1.3522,-1.1706
1291,51.6400,0.1376,0.0000,0.1564,0.1880,-0.0032,0.0168,0.0142,-0.1427,0.1245,-1.4539,-1.3636,0.2221,-0.02870,0.00419,0.0063,-0.1124,-0.1033,0.0301,0.00000,0.00000,-1.3496,-1.1780
1292,51.6800,0.1366,0.0000,0.1599,0.1838,-0.0017,0.0276,0.0068,-0.0945,0.1328,-1.4517,-1.3706,0.2216,-0.03379,0.00728,0.0305,-0.1257,-0.1124,-0.0141,0.00000,0.00000,-1.3470,-1.1854
1293,51.7200,0.1356,0.0000,0.1633,0.1679,0.0068,0.0410,-0.0384,0.1562,0.1541,-1.4492,-1.3771,0.2219,-0.03137,0.00494,0.0058,-0.1413,-0.1311,-0.0185,0.00000,0.00000,-1.3443,-1.1927
1294,51.7600,0.1346,0.0000,0.1667,0.1696,-0.0055,0.0247,0.0244,0.0773,0.2004,-1.4467,-1.3834,0.2219,-0.02650,0.00325,0.0093,-0.1114,-0.1167,0.0121,0.00000,0.00000,-1.3417,-1.2000
1295,51.8000,0.1337,0.0000,0.1699,0.1739,-0.0146,0.0227,0.0730,-0.0252,0.1709,-1.4448,-1.3900,0.2214,-0.02607,0.00934,0.0040,-0.1121,-0.1217,0.0089,0.00000,0.00000,-1.3390,-1.2071
1296,51.8400,0.1328,0.0000,0.1729,0.1638,0.0079,0.0405,-0.0437,0.1565,0.1146,-1.4426,-1.3964,0.2214,-0.02348,0.01131,0.0208,-0.1293,-0.0991,-0.0244,0.00000,0.00000,-1.3362,-1.2142
1297,51.8800,0.1319,0.0000,0.1760,0.1651,0.0062,0.0313,-0.0377,0.1048,0.1966,-1.4397,-1.4024,0.2216,-0.01773,0.00519,-0.0021,-0.1276,-0.1310,-0.0117,0.00000,0.00000,-1.3335,-1.2212
1298,51.9200,0.1311,0.0000,0.1790,0.1747,-0.0037,0.0363,0.0158,-0.0494,0.1420,-1.4371,-1.4087,0.2214,-0.01771,0.00422,0.0203,-0.1272,-0.1160,0.0261,0.00000,0.00000,-1.3307,-1.2281
1299,51.9600,0.1302,0.0000,0.1821,0.1739,-0.0278,0.0416,0.1385,-0.0147,0.2551,-1.4353,-1.4153,0.2218,-0.01807,0.01319,-0.0253,-0.1244,-0.1674,-0.0053,0.00000,0.00000,-1.3280,-1.2350
1300,52.0000,0.1294,0.0000,0.1850,0.1701,0.0066,0.0440,-0.0359,0.0641,0.0909,-1.4331,-1.4219,0.2220,-0.01829,0.01918,0.0422,-0.1252,-0.0922,-0.0044,0.00000,0.00000,-1.3252,-1.2418
1301,52.0400,0.1286,0.0000,0.1880,0.1689,0.0171,0.0366,-0.0957,0.0668,0.2412,-1.4298,-1.4278,0.2224,-0.01480,0.01029,0.0124,-0.1349,-0.1409,-0.0179,0.00000,0.00000,-1.3223,-1.2485
1302,52.0800,0.1278,0.0000,0.1911,0.1736,-0.0049,0.0310,0.0368,0.0026,0.1840,-1.4268,-1.4339,0.2222,-0.01353,0.00700,0.0237,-0.1130,-0.1382,0.0426,0.00000,0.00000,-1.3195,-1.2551
1303,52.1200,0.1270,0.0000,0.1940,0.1731,-0.0066,0.0389,0.0287,0.0580,0.2115,-1.4243,-1.4404,0.2223,-0.01279,0.01054,0.0011,-0.1418,-0.1292,-0.0289,0.00000,0.00000,-1.3166,-1.2616
1304,52.1600,0.1262,0.0000,0.1970,0.1888,0.0018,0.0443,-0.0115,-0.2320,0.0899,-1.4214,-1.4468,0.2225,-0.01760,0.01004,0.0395,-0.1225,-0.1120,0.0520,0.00000,0.00000,-1.3138,-1.2681
1305,52.2000,0.1253,0.0000,0.2003,0.1887,-0.0101,0.0225,0.0492,-0.2341,0.1415,-1.4186,-1.4534,0.2226,-0.02648,0.01249,0.0102,-0.1025,-0.1261,-0.0188,0.00000,0.00000,-1.3108,-1.2744
1306,52.2400,0.1244,0.0000,0.2042,0.1803,0.0096,0.0368,-0.0517,-0.1237,0.1300,-1.4156,-1.4599,0.2224,-0.03412,0.01252,0.0414,-0.1364,-0.1162,0.0202,0.00000,0.00000,-1.3079,-1.2807
1307,52.2800,0.1235,0.0000,0.2083,0.1594,-0.0004,0.0304,-0.0032,0.2090,0.2558,-1.4125,-1.4659,0.2227,-0.02984,0.00960,-0.0063,-0.1221,-0.1547,-0.0157,0.00000,0.00000,-1.3050,-1.2869
1308,52.3200,0.1225,0.0000,0.2125,0.1704,-0.0026,0.0169,0.0095,-0.0464,0.1846,-1.4096,-1.4718,0.2221,-0.02825,0.00911,0.0154,-0.1175,-0.1093,0.0280,0.00000,0.00000,-1.3020,-1.2930
1309,52.3600,0.1216,0.0000,0.2166,0.1713,0.0030,0.0364,-0.0188,-0.0912,0.1543,-1.4066,-1.4778,0.2219,-0.03150,0.00845,0.0160,-0.1361,-0.1204,-0.0026,0.00000,0.00000,-1.2990,-1.2991
1310,52.4000,0.1207,0.0000,0.2210,0.1650,0.0078,0.0326,-0.0438,-0.0265,0.1857,-1.4034,-1.4836,0.2221,-0.03356,0.00539,0.0207,-0.1262,-0.1099,-0.0180,0.00000,0.00000,-1.2960,-1.3050
1311,52.4400,0.1198,0.0000,0.2257,0.1481,-0.0110,0.0402,0.0530,0.2400,0.2156,-1.4007,-1.4892,0.2222,-0.02735,0.00614,0.0103,-0.1214,-0.1600,0.0337,0.00000,0.00000,-1.2930,-1.3109
1312,52.4800,0.1189,0.0000,0.2304,0.1635,0.0062,0.0289,-0.0371,-0.0778,0.2263,-1.3977,-1.4948,0.2223,-0.02655,0.00599,0.0176,-0.1444,-0.0994,-0.0349,0.00000,0.00000,-1.2899,-1.3167
1313,52.5200,0.1180,0.0000,0.2351,0.1659,-0.0070,0.0370,0.0336,-0.1663,0.1375,-1.3947,-1.5003,0.2223,-0.03123,0.00519,0.0212,-0.1196,-0.1366,0.0659,0.00000,0.00000,-1.2868,-1.3224
1314,52.5600,0.1171,0.0000,0.2402,0.1505,0.0023,0.0470,-0.0163,0.1011,0.2647,-1.3919,-1.5058,0.2229,-0.03193,0.00689,0.0165,-0.1574,-0.1402,-0.0607,0.00000,0.00000,-1.2838,-1.3280
1315,52.6000,0.1162,0.0000,0.2453,0.1489,-0.0063,0.0248,0.0262,0.0522,0.2991,-1.3890,-1.5110,0.2229,-0.02847,0.00583,-0.0050,-0.1310,-0.1455,0.0376,0.00000,0.00000,-1.2806,-1.3336
1316,52.6400,0.1154,0.0000,0.2503,0.1486,-0.0050,0.0128,0.0202,0.0296,0.3006,-1.3863,-1.5163,0.2222,-0.02753,0.00792,0.0018,-0.1240,-0.1086,-0.0150,0.00000,0.00000,-1.2775,-1.3390
1317,52.6800,0.1147,0.0000,0.2550,0.1441,0.0055,0.0268,-0.0346,0.0846,0.2648,-1.3833,-1.5212,0.2217,-0.02510,0.00665,0.0068,-0.1271,-0.1156,0.0043,0.00000,0.00000,-1.2743,-1.3444
1318,52.7200,0.1140,0.0000,0.2597,0.1552,-0.0010,0.0353,0.0005,-0.1268,0.2008,-1.3801,-1.5261,0.2216,-0.02662,0.00426,0.0135,-0.1171,-0.1103,0.0270,0.00000,0.00000,-1.2712,-1.3497
1319,52.7600,0.1133,0.0000,0.2646,0.1510,-0.0156,0.0558,0.0787,-0.0484,0.1412,-1.3774,-1.5314,0.2222,-0.02943,0.00801,0.0260,-0.1211,-0.1490,0.0291,0.00000,0.00000,-1.2680,-1.3549
1320,52.8000,0.1126,0.0000,0.2701,0.1298,0.0003,0.0429,-0.0054,0.3257,0.2788,-1.3747,-1.5365,0.2230,-0.02307,0.01144,0.0021,-0.1481,-0.1300,-0.0522,0.00000,0.00000,-1.2648,-1.3600
1321,52.8400,0.1119,0.0000,0.2760,0.1307,0.0198,0.0182,-0.1097,0.2700,0.2633,-1.3712,-1.5407,0.2226,-0.01152,0.00568,0.0185,-0.1363,-0.1117,0.0176,0.00000,0.00000,-1.2615,-1.3650
1322,52.8800,0.1113,0.0000,0.2819,0.1443,0.0175,0.0228,-0.0964,0.0783,0.1360,-1.3673,-1.5449,0.2219,-0.00571,-0.00241,0.0281,-0.1284,-0.0887,0.0100,0.00000,0.00000,-1.2583,-1.3699
1323,52.9200,0.1106,0.0000,0.2884,0.1555,-0.0148,0.0514,0.0724,-0.0338,0.1596,-1.3639,-1.5498,0.2220,-0.00457,-0.00279,0.0181,-0.1284,-0.1424,0.0297,0.00000,0.00000,-1.2550,-1.3748
1324,52.9600,0.1099,0.0000,0.2956,0.1732,-0.0171,0.0466,0.0930,-0.3000,0.2533,-1.3610,-1.5555,0.2227,-0.01298,0.00368,0.0238,-0.1367,-0.1225,-0.0267,0.00000,0.00000,-1.2517,-1.3795
1325,53.0000,0.1092,0.0000,0.3033,0.1582,0.0010,0.0368,-0.0134,-0.0389,0.3842,-1.3578,-1.5610,0.2230,-0.01882,0.00657,0.0306,-0.1350,-0.1440,-0.0219,0.00000,0.00000,-1.2484,-1.3842
1326,53.0400,0.1085,0.0000,0.3107,0.1589,0.0083,0.0204,-0.0521,-0.0774,0.3293,-1.3539,-1.5657,0.2226,-0.02110,0.00300,0.0120,-0.1279,-0.1356,0.0079,0.00000,0.00000,-1.2450,-1.3888
1327,53.0800,0.1078,0.0000,0.3177,0.1552,0.0204,0.0244,-0.1106,-0.0058,0.1499,-1.3497,-1.5703,0.2220,-0.02323,-0.00252,0.0430,-0.1264,-0.0841,-0.0176,0.00000,0.00000,-1.2417,-1.3933
1328,53.1200,0.1071,0.0000,0.3253,0.1426,0.0067,0.0480,-0.0238,0.2390,0.2536,-1.3456,-1.5747,0.2223,-0.01689,-0.00732,0.0255,-0.1432,-0.1272,0.0072,0.00000,0.00000,-1.2383,-1.3977
1329,53.1600,0.1064,0.0000,0.3335,0.1495,-0.0127,0.0259,0.0615,0.1343,0.2099,-1.3420,-1.5796,0.2223,-0.00985,-0.00618,0.0126,-0.1211,-0.1046,-0.0015,0.00000,0.00000,-1.2349,-1.4020
1330,53.2000,0.1057,0.0000,0.3422,0.1612,-0.0220,0.0311,0.1059,-0.0584,0.3594,-1.3389,-1.5850,0.2220,-0.00911,-0.00024,0.0011,-0.1359,-0.1411,-0.0039,0.00000,0.00000,-1.2315,-1.4062
1331,53.2400,0.1050,0.0000,0.3509,0.1587,-0.0011,0.0471,-0.0019,0.0377,0.3328,-1.3354,-1.5903,0.2222,-0.01010,0.00341,0.0170,-0.1525,-0.1182,-0.0071,0.00000,0.00000,-1.2281,-1.4103
1332,53.2800,0.1043,0.0000,0.3595,0.1615,-0.0024,0.0160,0.0037,0.0133,0.3331,-1.3313,-1.5951,0.2220,-0.00862,0.00272,-0.0140,-0.1128,-0.1070,-0.0075,0.00000,0.00000,-1.2246,-1.4144
1333,53.3200,0.1036,0.0000,0.3683,0.1778,-0.0113,0.0256,0.0542,-0.2526,0.3286,-1.3273,-1.6003,0.2213,-0.01448,0.00439,0.0126,-0.1137,-0.1258,0.0394,0.00000,0.00000,-1.2211,-1.4183
1334,53.3600,0.1029,0.0000,0.3771,0.1653,-0.0027,0.0601,0.0064,0.0406,0.3877,-1.3233,-1.6056,0.2219,-0.01808,0.00674,0.0076,-0.1533,-0.1382,-0.0225,0.00000,0.00000,-1.2176,-1.4222
1335,53.4000,0.1023,0.0000,0.3858,0.1648,-0.0010,0.0333,-0.0007,0.0507,0.4415,-1.3189,-1.6104,0.2224,-0.01603,0.00604,-0.0157,-0.1405,-0.1263,0.0031,0.00000,0.00000,-1.2141,-1.4259
1336,53.4400,0.1017,0.0000,0.3943,0.1768,-0.0006,0.0103,-0.0018,-0.1735,0.2269,-1.3144,-1.6153,0.2216,-0.01948,0.00555,0.0330,-0.0843,-0.0829,0.0383,0.00000,0.00000,-1.2106,-1.4296
1337,53.4800,0.1010,0.0000,0.4032,0.1579,0.0104,0.0561,-0.0612,0.2163,0.3088,-1.3097,-1.6200,0.2218,-0.01714,0.00424,0.0347,-0.1399,-0.1370,-0.0243,0.00000,0.00000,-1.2070,-1.4332
1338,53.5200,0.1003,0.0000,0.4126,0.1725,-0.0076,0.0304,0.0333,-0.0420,0.3487,-1.3049,-1.6245,0.2222,-0.01430,0.00233,-0.0071,-0.1188,-0.1164,0.0274,0.00000,0.00000,-1.2035,-1.4367
1339,53.5600,0.0997,0.0000,0.4224,0.1660,-0.0136,0.0308,0.0661,0.1194,0.2977,-1.3006,-1.6297,0.2218,-0.01275,0.00634,0.0135,-0.1211,-0.1134,0.0155,0.00000,0.00000,-1.1999,-1.4401
1340,53.6000,0.0990,0.0000,0.4318,0.1752,-0.0043,0.0312,0.0126,-0.0322,0.4274,-1.2959,-1.6347,0.2218,-0.01149,0.00781,-0.0099,-0.1283,-0.1258,-0.0133,0.00000,0.00000,-1.1963,-1.4434
1341,53.6400,0.0983,0.0000,0.4399,0.1802,-0.0041,0.0331,0.0295,-0.0891,0.4393,-1.2910,-1.6395,0.2216,-0.01457,0.00846,0.0021,-0.1266,-0.1229,0.0314,0.00000,0.00000,-1.1926,-1.4466
1342,53.6800,0.0977,0.0000,0.4472,0.1874,0.0131,0.0340,-0.0733,-0.2058,0.2736,-1.2856,-1.6441,0.2216,-0.02141,0.00644,0.0371,-0.1128,-0.0888,-0.0026,0.00000,0.00000,-1.1890,-1.4498
1343,53.7200,0.0970,0.0000,0.4535,0.1827,-0.0022,0.0463,0.0029,-0.1176,0.4220,-1.2801,-1.6485,0.2220,-0.02680,0.00429,0.0080,-0.1353,-0.1560,0.0116,0.00000,0.00000,-1.1853,-1.4528
1344,53.7600,0.0963,0.0000,0.4591,0.1821,-0.0075,0.0281,0.0328,-0.1355,0.3902,-1.2750,-1.6533,0.2222,-0.03238,0.00527,0.0096,-0.1253,-0.1191,-0.0008,0.00000,0.00000,-1.1816,-1.4557
1345,53.8000,0.0957,0.0000,0.4640,0.1814,-0.0099,0.0232,0.0459,-0.1947,0.4559,-1.2699,-1.6580,0.2219,-0.03922,0.00665,-0.0009,-0.1219,-0.1228,0.0229,0.00000,0.00000,-1.1779,-1.4586
1346,53.8400,0.0951,0.0000,0.4683,0.1556,-0.0063,0.0244,0.0267,0.2101,0.4708,-1.2651,-1.6625,0.2217,-0.03686,0.00855,-0.0033,-0.1125,-0.1470,-0.0274,0.00000,0.00000,-1.1742,-1.4613
1347,53.8800,0.0946,0.0000,0.4721,0.1669,0.0056,0.0291,-0.0210,-0.0666,0.3864,-1.2599,-1.6663,0.2214,-0.03563,0.00674,-0.0036,-0.1334,-0.1179,0.0260,0.00000,0.00000,-1.1705,-1.4640
1348,53.9200,0.0941,0.0000,0.4755,0.1497,0.0082,0.0421,-0.0256,0.2222,0.4328,-1.2547,-1.6699,0.2217,-0.03161,0.00510,0.0072,-0.1438,-0.1235,-0.0277,0.00000,0.00000,-1.1667,-1.4666
1349,53.9600,0.0937,0.0000,0.4784,0.1417,0.0147,0.0221,-0.0770,0.3363,0.3804,-1.2494,-1.6729,0.2216,-0.02033,0.00210,0.0039,-0.1282,-0.0860,-0.0129,0.00000,0.00000,-1.1629,-1.4690
1350,54.0000,0.0934,0.0000,0.4810,0.1509,0.0033,0.0170,-0.0238,0.1783,0.4449,-1.2442,-1.6759,0.2209,-0.01013,-0.00032,0.0032,-0.1169,-0.1058,-0.0087,0.00000,0.00000,-1.1591,-1.4714
1351,54.0400,0.0931,0.0000,0.4833,0.1682,-0.0212,0.0280,0.1042,-0.0716,0.4133,-1.2392,-1.6798,0.2203,-0.00922,0.00172,-0.0202,-0.1145,-0.1144,0.0220,0.00000,0.00000,-1.1553,-1.4737
1352,54.0800,0.0929,0.0000,0.4853,0.1809,-0.0045,0.0632,0.0144,-0.2445,0.4147,-1.2339,-1.6839,0.2209,-0.01708,0.00474,0.0196,-0.1505,-0.1174,-0.0154,0.00000,0.00000,-1.1515,-1.4759
1353,54.1200,0.0927,0.0000,0.4870,0.1613,0.0106,0.0641,-0.0639,0.1357,0.3853,-1.2282,-1.6872,0.2222,-0.01753,0.00353,0.0221,-0.1502,-0.1400,-0.0169,0.00000,0.00000,-1.1476,-1.4780
1354,54.1600,0.0925,0.0000,0.4886,0.1759,0.0144,0.0038,-0.0705,-0.1542,0.3964,-1.2221,-1.6900,0.2221,-0.01934,-0.00073,0.0166,-0.1122,-0.0678,-0.0097,0.00000,0.00000,-1.1437,-1.4800
1355,54.2000,0.0923,0.0000,0.4900,0.1610,0.0078,0.0218,-0.0485,0.1372,0.3283,-1.2162,-1.6929,0.2210,-0.01845,-0.00306,0.0384,-0.1148,-0.1062,0.0135,0.00000,0.00000,-1.1398,-1.4819
1356,54.2400,0.0921,0.0000,0.4912,0.1758,-0.0198,0.0385,0.1136,-0.0991,0.4450,-1.2105,-1.6962,0.2211,-0.01773,-0.00246,-0.0245,-0.1290,-0.1426,-0.0001,0.00000,0.00000,-1.1359,-1.4837
1357,54.2800,0.0920,0.0000,0.4922,0.1701,-0.0064,0.0440,0.0395,0.0243,0.4825,-1.2048,-1.7001,0.2214,-0.01997,0.00132,0.0240,-0.1441,-0.1062,-0.0436,0.00000,0.00000,-1.1320,-1.4854
1358,54.3200,0.0919,0.0000,0.4932,0.1607,-0.0073,0.0429,0.0489,0.1848,0.3767,-1.1991,-1.7033,0.2217,-0.01406,0.00207,0.0035,-0.1145,-0.1433,0.0393,0.00000,0.00000,-1.1281,-1.4870
1359,54.3600,0.0919,0.0000,0.4940,0.1717,0.0112,0.0249,-0.0668,0.0209,0.3818,-1.1930,-1.7062,0.2217,-0.01200,0.00112,0.0223,-0.1316,-0.0647,-0.0368,0.00000,0.00000,-1.1241,-1.4886
1360,54.4000,0.0919,0.0000,0.4947,0.1754,-0.0102,0.0247,0.0451,-0.0294,0.3502,-1.1869,-1.7089,0.2211,-0.01131,0.00045,0.0148,-0.0900,-0.1153,0.0640,0.00000,0.00000,-1.1201,-1.4900
1361,54.4400,0.0918,0.0000,0.4953,0.1906,-0.0032,0.0426,0.0072,-0.2567,0.4608,-1.1805,-1.7121,0.2212,-0.01892,0.00175,0.0058,-0.1559,-0.1200,-0.0493,0.00000,0.00000,-1.1161,-1.4913
1362,54.4800,0.0918,0.0000,0.4959,0.1801,-0.0044,0.0476,0.0285,-0.0769,0.5329,-1.1742,-1.7151,0.2218,-0.02443,0.00216,0.0112,-0.1353,-0.1445,0.0066,0.00000,0.00000,-1.1121,-1.4926
1363,54.5200,0.0919,0.0000,0.4964,0.1639,-0.0015,0.0272,-0.0032,0.1980,0.4914,-1.1679,-1.7178,0.2219,-0.02061,0.00254,0.0154,-0.1112,-0.1324,-0.0318,0.00000,0.00000,-1.1081,-1.4937
1364,54.5600,0.0921,0.0000,0.4968,0.1797,0.0152,0.0290,-0.0807,-0.1031,0.3251,-1.1614,-1.7197,0.2215,-0.02099,-0.00035,0.0288,-0.1348,-0.0830,0.0285,0.00000,0.00000,-1.1040,-1.4948
1365,54.6000,0.0923,0.0000,0.4972,0.1701,-0.0087,0.0345,0.0372,0.0832,0.4856,-1.1549,-1.7220,0.2216,-0.01962,-0.00108,-0.0105,-0.1328,-0.1447,-0.0333,0.00000,0.00000,-1.0999,-1.4957
1366,54.6400,0.0925,0.0000,0.4975,0.1780,0.0041,0.0370,-0.0128,-0.0707,0.4501,-1.1485,-1.7243,0.2216,-0.02099,-0.00103,0.0280,-0.1478,-0.1027,-0.0061,0.00000,0.00000,-1.0959,-1.4966
1367,54.6800,0.0928,0.0000,0.4978,0.1688,-0.0136,0.0337,0.0636,0.0883,0.4699,-1.1421,-1.7266,0.2217,-0.01881,-0.00035,-0.0015,-0.1134,-0.1460,-0.0015,0.00000,0.00000,-1.0917,-1.4973
1368,54.7200,0.0931,0.0000,0.4981,0.1663,0.0035,0.0325,-0.0286,0.1534,0.4415,-1.1357,-1.7288,0.2217,-0.01496,0.00048,0.0188,-0.1404,-0.0938,-0.0262,0.00000,0.00000,-1.0876,-1.4980
1369,54.7600,0.0936,0.0000,0.4983,0.1725,0.0052,0.0346,-0.0278,0.0411,0.4658,-1.1292,-1.7303,0.2216,-0.01087,-0.00151,0.0106,-0.1338,-0.1281,0.0009,0.00000,0.00000,-1.0835,-1.4986
1370,54.8000,0.0941,0.0000,0.4985,0.1820,-0.0124,0.0311,0.0522,-0.0912,0.4751,-1.1225,-1.7322,0.2215,-0.01252,-0.00105,0.0027,-0.1266,-0.1227,-0.0025,0.00000,0.00000,-1.0793,-1.4991
1371,54.8400,0.0946,0.0000,0.4987,0.1801,-0.0137,0.0494,0.0662,-0.0341,0.5256,-1.1158,-1.7345,0.2218,-0.01469,0.00166,0.0152,-0.1370,-0.1518,-0.0096,0.00000,0.00000,-1.0751,-1.4994
1372,54.8800,0.0953,0.0000,0.4989,0.1700,0.0011,0.0428,0.0036,0.1795,0.4451,-1.1091,-1.7363,0.2223,-0.01144,0.00267,0.0083,-0.1384,-0.1208,-0.0142,0.00000,0.00000,-1.0710,-1.4997
1373,54.9200,0.0960,0.0000,0.4990,0.1883,-0.0050,0.0170,0.0169,-0.1648,0.4342,-1.1022,-1.7376,0.2220,-0.01204,0.00200,0.0050,-0.1070,-0.1188,0.0153,0.00000,0.00000,-1.0667,-1.4999
1374,54.9600,0.0967,0.0000,0.4991,0.1750,0.0080,0.0417,-0.0538,0.1306,0.4674,-1.0952,-1.7389,0.2218,-0.01261,0.00191,0.0258,-0.1509,-0.1219,-0.0315,0.00000,0.00000,-1.0625,-1.5000
1375,55.0000,0.0975,0.0000,0.4992,0.1801,0.0046,0.0297,-0.0268,0.0547,0.4837,-1.0882,-1.7395,0.2218,-0.00855,-0.00054,-0.0093,-0.1327,-0.1243,-0.0094,0.00000,0.00000,-1.0583,-1.5000
1376,55.0400,0.0983,0.0000,0.4993,0.1920,-0.0141,0.0506,0.0805,-0.1134,0.4483,-1.0810,-1.7408,0.2220,-0.01043,0.00030,0.0263,-0.1360,-0.1461,0.0488,0.00000,0.00000,-1.0540,-1.4999
1377,55.0800,0.0992,0.0000,0.4994,0.2017,-0.0184,0.0408,0.0889,-0.2605,0.4544,-1.0736,-1.7425,0.2225,-0.01868,0.00360,0.0081,-0.1250,-0.1284,-0.0244,0.00000,0.00000,-1.0497,-1.4997
1378,55.1200,0.1001,0.0000,0.4995,0.1889,-0.0040,0.0304,0.0122,-0.0496,0.4431,-1.0662,-1.7438,0.2226,-0.02443,0.00572,0.0138,-0.1283,-0.1330,0.0008,0.00000,0.00000,-1.0454,-1.4994
1379,55.1600,0.1011,0.0000,0.4995,0.1690,0.0198,0.0360,-0.1145,0.3067,0.5288,-1.0591,-1.7440,0.2226,-0.01789,0.00334,0.0056,-0.1612,-0.1501,-0.0441,0.00000,0.00000,-1.0411,-1.4990
1380,55.2000,0.1021,0.0000,0.4996,0.1895,0.0001,0.0039,-0.0088,-0.0783,0.4239,-1.0519,-1.7437,0.2219,-0.01459,-0.00002,-0.0101,-0.1082,-0.1033,0.0331,0.00000,0.00000,-1.0368,-1.4985
1381,55.2400,0.1032,0.0000,0.4996,0.2009,-0.0184,0.0322,0.0880,-0.2503,0.3419,-1.0444,-1.7446,0.2212,-0.02210,0.00208,0.0223,-0.1097,-0.1178,0.0250,0.00000,0.00000,-1.0325,-1.4979
1382,55.2800,0.1043,0.0000,0.4997,0.1787,-0.0120,0.0655,0.0599,0.1718,0.4872,-1.0371,-1.7457,0.2221,-0.02184,0.00542,0.0026,-0.1478,-0.1680,-0.0441,0.00000,0.00000,-1.0281,-1.4973
1383,55.3200,0.1055,0.0000,0.4997,0.1851,0.0149,0.0288,-0.0864,0.0133,0.3973,-1.0298,-1.7455,0.2226,-0.01967,0.00392,0.0177,-0.1396,-0.0977,-0.0010,0.00000,0.00000,-1.0237,-1.4965
1384,55.3600,0.1066,0.0000,0.4998,0.1923,0.0037,0.0292,-0.0276,-0.1397,0.3532,-1.0225,-1.7450,0.2223,-0.02210,0.00120,0.0363,-0.1150,-0.1276,0.0483,0.00000,0.00000,-1.0193,-1.4956
1385,55.4000,0.1078,0.0000,0.4998,0.1869,-0.0196,0.0436,0.0978,-0.0171,0.4692,-1.0151,-1.7453,0.2226,-0.02470,0.00297,-0.0115,-0.1486,-0.1626,-0.0069,0.00000,0.00000,-1.0149,-1.4947
1386,55.4400,0.1091,0.0000,0.4998,0.1699,0.0139,0.0301,-0.0824,0.2757,0.5211,-1.0079,-1.7452,0.2228,-0.01954,0.00346,0.0228,-0.1524,-0.1038,-0.0628,0.00000,0.00000,-1.0105,-1.4936
1387,55.4800,0.1104,0.0000,0.4998,0.1854,0.0239,0.0121,-0.1322,-0.0490,0.2605,-1.0010,-1.7436,0.2220,-0.01593,-0.00228,0.0373,-0.1091,-0.0905,0.0449,0.00000,0.00000,-1.0060,-1.4924
1388,55.5200,0.1118,0.0000,0.4999,0.2039,-0.0117,0.0298,0.0518,-0.3475,0.3665,-0.9935,-1.7428,0.2215,-0.02459,-0.00384,0.0151,-0.1248,-0.1268,-0.0050,0.00000,0.00000,-1.0016,-1.4912
1389,55.5600,0.1131,0.0000,0.4999,0.1832,-0.0361,0.0621,0.1883,0.0316,0.5111,-0.9861,-1.7435,0.2223,-0.02908,0.00193,0.0054,-0.1432,-0.1825,0.0045,0.00000,0.00000,-0.9971,-1.4898
1390,55.6000,0.1145,0.0000,0.4999,0.1810,0.0128,0.0378,-0.0734,0.0090,0.4388,-0.9789,-1.7432,0.2230,-0.02993,0.00360,0.0246,-0.1615,-0.0978,-0.0491,0.00000,0.00000,-0.9926,-1.4884
1391,55.6400,0.1161,0.0000,0.4999,0.1731,0.0071,0.0117,-0.0320,0.0733,0.3994,-0.9721,-1.7417,0.2226,-0.02652,0.00039,0.0148,-0.1070,-0.1366,0.0312,0.00000,0.00000,-0.9881,-1.4869
1392,55.6800,0.1177,0.0000,0.4999,0.1716,-0.0036,0.0141,0.0108,0.1026,0.4813,-0.9653,-1.7407,0.2218,-0.02353,-0.00011,-0.0125,-0.1431,-0.1257,-0.0409,0.00000,0.00000,-0.9836,-1.4852
1393,55.7200,0.1194,0.0000,0.4999,0.1676,-0.0006,0.0538,0.0047,0.1957,0.3708,-0.9585,-1.7397,0.2218,-0.01762,-0.00022,0.0121,-0.1578,-0.1219,0.0421,0.00000,0.00000,-0.9791,-1.4835
1394,55.7600,0.1212,0.0000,0.4999,0.1864,-0.0122,0.0392,0.0577,-0.1458,0.3773,-0.9516,-1.7387,0.2224,-0.01724,0.00037,0.0112,-0.1218,-0.1215,-0.0113,0.00000,0.00000,-0.9745,-1.4817
1395,55.8000,0.1230,0.0000,0.4999,0.1851,-0.0065,0.0442,0.0374,-0.1132,0.4116,-0.9445,-1.7379,0.2227,-0.02332,0.00249,0.0272,-0.1549,-0.1282,0.0147,0.00000,0.00000,-0.9699,-1.4798
1396,55.8400,0.1249,0.0000,0.4999,0.1660,0.0227,0.0389,-0.1274,0.1634,0.4220,-0.9378,-1.7361,0.2231,-0.02146,0.00029,0.0201,-0.1562,-0.1227,-0.0527,0.00000,0.00000,-0.9654,-1.4777
1397,55.8800,0.1269,0.0000,0.5000,0.1666,0.0167,0.0156,-0.0971,0.0666,0.3490,-0.9316,-1.7335,0.2226,-0.01652,-0.00508,0.0153,-0.1148,-0.1060,0.0134,0.00000,0.00000,-0.9608,-1.4756
1398,55.9200,0.1289,0.0000,0.5000,0.1764,-0.0071,0.0490,0.0281,-0.1419,0.4089,-0.9251,-1.7317,0.2226,-0.01883,-0.00644,0.0158,-0.1507,-0.1433,0.0258,0.00000,0.00000,-0.9561,-1.4734
1399,55.9600,0.1310,0.0000,0.5000,0.1679,-0.0104,0.0623,0.0453,-0.0250,0.3936,-0.9186,-1.7305,0.2236,-0.02190,-0.00456,0.0005,-0.1648,-0.1453,-0.0294,0.00000,0.00000,-0.9515,-1.4711
1400,56.0000,0.1332,0.0000,0.5000,0.1474,0.0097,0.0424,-0.0614,0.2720,0.4373,-0.9125,-1.7288,0.2244,-0.01597,-0.00492,0.0076,-0.1616,-0.1260,-0.0299,0.00000,0.00000,-0.9469,-1.4687
1401,56.0400,0.1355,0.0000,0.5000,0.1486,0.0129,0.0138,-0.0794,0.1915,0.4228,-0.9069,-1.7264,0.2239,-0.00658,-0.00834,0.0068,-0.1290,-0.1077,0.0071,0.00000,0.00000,-0.9422,-1.4663
1402,56.0800,0.1379,0.0000,0.5000,0.1604,0.0074,0.0358,-0.0293,-0.0047,0.3584,-0.9012,-1.7240,0.2233,-0.00410,-0.01099,0.0177,-0.1437,-0.0999,0.0254,0.00000,0.00000,-0.9375,-1.4637
1403,56.1200,0.1405,0.0000,0.5000,0.1528,-0.0081,0.0530,0.0291,0.1673,0.4055,-0.8952,-1.7221,0.2238,0.00065,-0.01074,-0.0045,-0.1446,-0.1500,-0.0383,0.00000,0.00000,-0.9328,-1.4610
1404,56.1600,0.1430,0.0000,0.5000,0.1581,0.0109,0.0485,-0.0662,0.0981,0.2803,-0.8893,-1.7199,0.2242,0.00455,-0.01152,0.0309,-0.1483,-0.0843,0.0036,0.00000,0.00000,-0.9281,-1.4582
1405,56.2000,0.1456,0.0000,0.5000,0.1669,0.0058,0.0406,-0.0444,-0.0445,0.3862,-0.8834,-1.7172,0.2246,0.00607,-0.01418,0.0132,-0.1373,-0.1314,-0.0098,0.00000,0.00000,-0.9234,-1.4554
1406,56.2400,0.1483,0.0000,0.5000,0.1584,-0.0004,0.0565,-0.0129,0.1859,0.4082,-0.8774,-1.7148,0.2249,0.00972,-0.01471,0.0225,-0.1596,-0.1473,-0.0012,0.00000,0.00000,-0.9187,-1.4524
1407,56.2800,0.1510,0.0000,0.5000,0.1826,-0.0104,0.0289,0.0397,-0.1823,0.3865,-0.8711,-1.7124,0.2251,0.00875,-0.01450,-0.0050,-0.1291,-0.1192,-0.0070,0.00000,0.00000,-0.9139,-1.4494
1408,56.3200,0.1538,0.0000,0.5000,0.1817,-0.0080,0.0323,0.0383,-0.0711,0.4623,-0.8644,-1.7102,0.2247,0.00377,-0.01206,0.0152,-0.1355,-0.1245,-0.0126,0.00000,0.00000,-0.9091,-1.4463
1409,56.3600,0.1566,0.0000,0.5000,0.1899,0.0146,0.0451,-0.0858,-0.1293,0.3197,-0.8579,-1.7070,0.2248,-0.00075,-0.01385,0.0376,-0.1390,-0.1002,0.0183,0.00000,0.00000,-0.9044,-1.4430
1410,56.4000,0.1595,0.0000,0.5000,0.1915,-0.0022,0.0322,0.0011,-0.0738,0.4781,-0.8514,-1.7035,0.2250,-0.00352,-0.01577,-0.0046,-0.1381,-0.1407,-0.0305,0.00000,0.00000,-0.8996,-1.4397
1411,56.4400,0.1624,0.0000,0.5000,0.1912,-0.0084,0.0369,0.0299,0.0036,0.4784,-0.8445,-1.7005,0.2248,-0.00479,-0.01473,0.0093,-0.1521,-0.1437,0.0074,0.00000,0.00000,-0.8948,-1.4363
1412,56.4800,0.1654,0.0000,0.5000,0.1982,-0.0142,0.0356,0.0656,-0.0621,0.5550,-0.8375,-1.6975,0.2249,-0.00562,-0.01287,-0.0096,-0.1358,-0.1398,-0.0068,0.00000,0.00000,-0.8899,-1.4328
1413,56.5200,0.1684,0.0000,0.5000,0.1937,0.0117,0.0475,-0.0701,0.0939,0.3243,-0.8307,-1.6939,0.2250,-0.00519,-0.01291,0.0493,-0.1424,-0.1026,0.0094,0.00000,0.00000,-0.8851,-1.4292
1414,56.5600,0.1715,0.0000,0.4995,0.1913,0.0104,0.0358,-0.0620,0.2145,0.4491,-0.8242,-1.6895,0.2254,0.00241,-0.01644,-0.0033,-0.1487,-0.1288,-0.0327,0.00000,0.00000,-0.8803,-1.4255
1415,56.6000,0.1746,0.0000,0.4975,0.2122,-0.0163,0.0111,0.0894,-0.0798,0.3941,-0.8172,-1.6856,0.2245,0.00396,-0.01624,-0.0028,-0.1150,-0.1050,0.0503,0.00000,0.00000,-0.8754,-1.4217
1416,56.6400,0.1777,0.0000,0.4941,0.2212,-0.0175,0.0408,0.0799,-0.1282,0.4459,-0.8095,-1.6820,0.2241,-0.00051,-0.01189,0.0098,-0.1301,-0.1227,-0.0063,0.00000,0.00000,-0.8705,-1.4178
1417,56.6800,0.1808,0.0000,0.4892,0.2250,0.0022,0.0515,-0.0222,-0.1191,0.4047,-0.8020,-1.6777,0.2247,-0.00550,-0.01079,0.0152,-0.1426,-0.1279,-0.0111,0.00000,0.00000,-0.8656,-1.4139
1418,56.7200,0.1838,0.0000,0.4831,0.2130,0.0087,0.0417,-0.0373,0.1690,0.4808,-0.7949,-1.6727,0.2251,-0.00285,-0.01260,0.0055,-0.1499,-0.1512,-0.0326,0.00000,0.00000,-0.8607,-1.4098
1419,56.7600,0.1869,0.0000,0.4757,0.2215,0.0004,0.0189,-0.0043,0.0888,0.4845,-0.7879,-1.6676,0.2247,0.00192,-0.01464,-0.0225,-0.1491,-0.1310,-0.0013,0.00000,0.00000,-0.8558,-1.4057
1420,56.8000,0.1900,0.0000,0.4670,0.2428,0.0059,0.0358,-0.0422,-0.2058,0.3599,-0.7805,-1.6621,0.2242,-0.00211,-0.01636,0.0384,-0.1324,-0.0873,0.0259,0.00000,0.00000,-0.8509,-1.4015
1421,56.8400,0.1930,0.0000,0.4576,0.2412,-0.0138,0.0599,0.0783,-0.0765,0.4635,-0.7729,-1.6568,0.2249,-0.00605,-0.01559,0.0092,-0.1424,-0.1616,0.0026,0.00000,0.00000,-0.8459,-1.3971
1422,56.8800,0.1960,0.0000,0.4473,0.2353,0.0005,0.0268,-0.0099,0.1164,0.3532,-0.7650,-1.6513,0.2251,-0.00578,-0.01373,0.0108,-0.1345,-0.0728,-0.0191,0.00000,0.00000,-0.8409,-1.3927
1423,56.9200,0.1989,0.0000,0.4367,0.2360,-0.0011,-0.0004,-0.0026,0.1510,0.4304,-0.7577,-1.6455,0.2241,0.00083,-0.01465,-0.0229,-0.1099,-0.1072,0.0022,0.00000,0.00000,-0.8360,-1.3882
1424,56.9600,0.2018,0.0000,0.4256,0.2710,-0.0007,0.0234,-0.0035,-0.3928,0.2744,-0.7500,-1.6392,0.2229,-0.00650,-0.01566,0.0372,-0.0965,-0.0713,0.0589,0.00000,0.00000,-0.8310,-1.3836
1425,57.0000,0.2046,0.0000,0.4143,0.2731,-0.0474,0.0704,0.2377,-0.3230,0.4818,-0.7414,-1.6335,0.2238,-0.01863,-0.00891,-0.0259,-0.1234,-0.2119,0.0213,0.00000,0.00000,-0.8260,-1.3789
1426,57.0400,0.2073,0.0000,0.4023,0.2524,0.0152,0.0501,-0.0816,0.0906,0.3612,-0.7329,-1.6275,0.2251,-0.02463,-0.00373,0.0381,-0.1572,-0.0774,-0.0798,0.00000,0.00000,-0.8210,-1.3742
1427,57.0800,0.2100,0.0000,0.3901,0.2509,0.0165,0.0107,-0.0919,0.0441,0.3872,-0.7263,-1.6200,0.2249,-0.01980,-0.01109,-0.0160,-0.1146,-0.1419,0.0580,0.00000,0.00000,-0.8159,-1.3693
1428,57.1200,0.2126,0.0000,0.3776,0.2543,-0.0081,0.0062,0.0323,0.0343,0.3989,-0.7189,-1.6132,0.2238,-0.01855,-0.01221,-0.0234,-0.1283,-0.1296,-0.0221,0.00000,0.00000,-0.8109,-1.3644
1429,57.1600,0.2152,0.0000,0.3648,0.2596,-0.0096,0.0414,0.0447,-0.0154,0.2697,-0.7113,-1.6064,0.2234,-0.01872,-0.01033,-0.0067,-0.1273,-0.1085,0.0428,0.00000,0.00000,-0.8058,-1.3593
1430,57.2000,0.2177,0.0000,0.3521,0.2552,0.0035,0.0427,-0.0230,0.1042,0.2580,-0.7038,-1.5994,0.2240,-0.01650,-0.00972,0.0060,-0.1256,-0.0993,-0.0338,0.00000,0.00000,-0.8008,-1.3542
1431,57.2400,0.2201,0.0000,0.3399,0.2639,-0.0135,0.0164,0.0644,-0.0478,0.2836,-0.6964,-1.5922,0.2237,-0.01529,-0.00921,-0.0223,-0.1006,-0.1210,0.0434,0.00000,0.00000,-0.7957,-1.3490
1432,57.2800,0.2224,0.0000,0.3281,0.2779,-0.0131,0.0449,0.0626,-0.2571,0.3057,-0.6886,-1.5851,0.2237,-0.02269,-0.00551,0.0123,-0.1268,-0.1271,0.0400,0.00000,0.00000,-0.7906,-1.3437
1433,57.3200,0.2247,0.0000,0.3164,0.2645,0.0018,0.0368,-0.0119,-0.0012,0.2181,-0.6810,-1.5777,0.2242,-0.02688,-0.00381,0.0058,-0.1092,-0.1106,-0.0246,0.00000,0.00000,-0.7855,-1.3384
1434,57.3600,0.2268,0.0000,0.3051,0.2510,-0.0025,0.0183,0.0054,0.2260,0.4200,-0.6740,-1.5702,0.2241,-0.02079,-0.00438,-0.0381,-0.1241,-0.1485,-0.0003,0.00000,0.00000,-0.7804,-1.3329
1435,57.4000,0.2290,0.0000,0.2935,0.2727,0.0020,0.0275,-0.0148,-0.1675,0.2004,-0.6671,-1.5624,0.2235,-0.02156,-0.00562,0.0166,-0.1086,-0.1104,0.0641,0.00000,0.00000,-0.7752,-1.3274
1436,57.4400,0.2311,0.0000,0.2820,0.2624,0.0027,0.0576,-0.0182,0.0778,0.2132,-0.6600,-1.5545,0.2242,-0.02245,-0.00614,0.0017,-0.1420,-0.1352,-0.0220,0.00000,0.00000,-0.7701,-1.3217
1437,57.4800,0.2331,0.0000,0.2711,0.2513,0.0085,0.0284,-0.0486,0.2886,0.2228,-0.6534,-1.5465,0.2246,-0.01450,-0.00823,-0.0181,-0.1392,-0.1119,-0.0151,0.00000,0.00000,-0.7649,-1.3160
1438,57.5200,0.2351,0.0000,0.2606,0.2581,0.0052,0.0219,-0.0317,0.2060,0.2193,-0.6469,-1.5384,0.2241,-0.00478,-0.01121,0.0026,-0.1203,-0.1002,0.0468,0.00000,0.00000,-0.7598,-1.3102
1439,57.5600,0.2370,0.0000,0.2505,0.2774,0.0002,0.0362,-0.0045,-0.0490,0.1259,-0.6401,-1.5300,0.2238,-0.00263,-0.01256,0.0225,-0.1099,-0.0951,0.0288,0.00000,0.00000,-0.7546,-1.3043
1440,57.6000,0.2388,0.0000,0.2410,0.2890,-0.0177,0.0419,0.0871,-0.1644,0.2142,-0.6326,-1.5218,0.2240,-0.00695,-0.00967,0.0024,-0.1070,-0.1223,0.0156,0.00000,0.00000,-0.7494,-1.2983
1441,57.6400,0.2405,0.0000,0.2320,0.2749,-0.0006,0.0435,-0.0023,0.1690,0.2515,-0.6250,-1.5135,0.2244,-0.00626,-0.00585,0.0026,-0.1385,-0.1290,-0.0263,0.00000,0.00000,-0.7442,-1.2923
1442,57.6800,0.2422,0.0000,0.2230,0.2874,0.0047,0.0246,-0.0115,-0.0143,0.1792,-0.6182,-1.5045,0.2242,-0.00342,-0.00812,-0.0068,-0.1076,-0.1112,0.0414,0.00000,0.00000,-0.7390,-1.2862
1443,57.7200,0.2439,0.0000,0.2143,0.2989,-0.0091,0.0451,0.0417,-0.1288,0.2122,-0.6110,-1.4955,0.2242,-0.00659,-0.00732,0.0144,-0.1193,-0.1356,0.0403,0.00000,0.00000,-0.7338,-1.2799
1444,57.7600,0.2454,0.0000,0.2057,0.2996,-0.0107,0.0419,0.0519,-0.0555,0.1659,-0.6033,-1.4865,0.2246,-0.01032,-0.00369,0.0015,-0.1118,-0.1121,0.0125,0.00000,0.00000,-0.7285,-1.2737
1445,57.8000,0.2469,0.0000,0.1975,0.3016,-0.0200,0.0424,0.0968,-0.0521,0.2915,-0.5956,-1.4775,0.2250,-0.01185,0.00127,-0.0157,-0.1194,-0.1612,0.0513,0.00000,0.00000,-0.7233,-1.2673
1446,57.8400,0.2483,0.0000,0.1892,0.2969,0.0146,0.0207,-0.0768,0.0763,0.1157,-0.5882,-1.4680,0.2248,-0.01229,0.00255,0.0109,-0.1151,-0.0877,-0.0235,0.00000,0.00000,-0.7180,-1.2608
1447,57.8800,0.2497,0.0000,0.1811,0.3042,0.0232,0.0282,-0.1236,-0.0299,0.1313,-0.5820,-1.4577,0.2244,-0.01127,-0.00599,0.0045,-0.1249,-0.1165,0.0422,0.00000,0.00000,-0.7127,-1.2543
1448,57.9200,0.2509,0.0000,0.1736,0.3153,-0.0089,0.0146,0.0425,-0.1624,0.1536,-0.5751,-1.4476,0.2239,-0.01517,-0.00838,-0.0100,-0.0929,-0.1095,0.0178,0.00000,0.00000,-0.7074,-1.2476
1449,57.9600,0.2521,0.0000,0.1665,0.3153,-0.0185,0.0523,0.0941,-0.1017,0.0995,-0.5672,-1.4380,0.2240,-0.02036,-0.00259,0.0113,-0.1162,-0.1429,0.0555,0.00000,0.00000,-0.7021,-1.2409
1450,58.0000,0.2532,0.0000,0.1597,0.2965,0.0022,0.0445,-0.0145,0.2874,0.1950,-0.5597,-1.4283,0.2250,-0.01571,0.00085,-0.0217,-0.1395,-0.1211,-0.0465,0.00000,0.00000,-0.6968,-1.2342
1451,58.0400,0.2542,0.0000,0.1532,0.3054,0.0117,0.0043,-0.0645,0.1169,0.1707,-0.5531,-1.4180,0.2243,-0.00805,-0.00328,-0.0106,-0.1043,-0.1008,0.0424,0.00000,0.00000,-0.6915,-1.2273
1452,58.0800,0.2552,0.0000,0.1468,0.3178,0.0158,0.0337,-0.0835,-0.0226,0.0454,-0.5466,-1.4073,0.2236,-0.00707,-0.00876,0.0268,-0.1170,-0.1016,0.0326,0.00000,0.00000,-0.6862,-1.2204
1453,58.1200,0.2562,0.0000,0.1407,0.3181,-0.0008,0.0536,0.0006,0.0869,0.1238,-0.5397,-1.3966,0.2241,-0.00498,-0.01146,0.0008,-0.1267,-0.1213,-0.0003,0.00000,0.00000,-0.6809,-1.2133
1454,58.1600,0.2570,0.0000,0.1351,0.3297,-0.0094,0.0490,0.0455,-0.0547,0.1200,-0.5322,-1.3861,0.2247,-0.00496,-0.00952,0.0154,-0.1295,-0.1327,0.0316,0.00000,0.00000,-0.6755,-1.2063
1455,58.2000,0.2578,0.0000,0.1298,0.3363,0.0102,0.0347,-0.0540,-0.1096,0.0498,-0.5249,-1.3750,0.2250,-0.00940,-0.00971,0.0397,-0.1173,-0.0776,0.0018,0.00000,0.00000,-0.6701,-1.1991
1456,58.2400,0.2585,0.0000,0.1250,0.3370,0.0091,0.0357,-0.0495,-0.0944,0.0606,-0.5180,-1.3637,0.2250,-0.01251,-0.01389,0.0457,-0.1044,-0.1227,0.0384,0.00000,0.00000,-0.6648,-1.1918
1457,58.2800,0.2590,0.0000,0.1206,0.3410,-0.0202,0.0242,0.0987,-0.1168,0.2497,-0.5103,-1.3527,0.2250,-0.01623,-0.01162,-0.0129,-0.1162,-0.1555,0.0008,0.00000,0.00000,-0.6594,-1.1845
1458,58.3200,0.2596,0.0000,0.1160,0.3434,-0.0171,0.0260,0.0862,-0.1520,0.1119,-0.5022,-1.3419,0.2246,-0.02232,-0.00410,0.0207,-0.0970,-0.1197,0.0410,0.00000,0.00000,-0.6540,-1.1771
1459,58.3600,0.2601,0.0000,0.1113,0.3277,0.0131,0.0368,-0.0694,0.1364,0.0616,-0.4949,-1.3307,0.2248,-0.02187,-0.00346,0.0165,-0.1217,-0.1148,-0.0261,0.00000,0.00000,-0.6486,-1.1696
1460,58.4000,0.2606,0.0000,0.1068,0.3335,0.0138,0.0213,-0.0743,0.0125,0.0906,-0.4885,-1.3191,0.2247,-0.01908,-0.01035,0.0007,-0.1232,-0.1125,0.0302,0.00000,0.00000,-0.6432,-1.1621
1461,58.4400,0.2610,0.0000,0.1027,0.3426,0.0070,0.0198,-0.0392,-0.1499,0.0932,-0.4817,-1.3075,0.2242,-0.02254,-0.01445,0.0357,-0.1084,-0.0974,0.0104,0.00000,0.00000,-0.6377,-1.1545
1462,58.4800,0.2614,0.0000,0.0989,0.3347,-0.0026,0.0321,0.0113,0.0091,0.0631,-0.4746,-1.2961,0.2241,-0.02449,-0.01497,0.0180,-0.1092,-0.1171,0.0137,0.00000,0.00000,-0.6323,-1.1468
1463,58.5200,0.2617,0.0000,0.0952,0.3346,0.0047,0.0373,-0.0261,0.0034,0.0412,-0.4676,-1.2848,0.2244,-0.02448,-0.01562,0.0352,-0.1158,-0.0985,0.0065,0.00000,0.00000,-0.6269,-1.1390
1464,58.5600,0.2620,0.0000,0.0919,0.3270,-0.0047,0.0226,0.0202,0.1261,0.1965,-0.4607,-1.2735,0.2245,-0.02087,-0.01583,-0.0094,-0.1262,-0.1360,-0.0174,0.00000,0.00000,-0.6214,-1.1311
1465,58.6000,0.2623,0.0000,0.0884,0.3256,0.0021,0.0165,-0.0130,0.1592,0.0725,-0.4537,-1.2623,0.2238,-0.01560,-0.01549,0.0145,-0.1068,-0.0879,0.0183,0.00000,0.00000,-0.6159,-1.1232
1466,58.6400,0.2626,0.0000,0.0849,0.3287,0.0183,0.0407,-0.0965,0.1466,-0.0273,-0.4474,-1.2506,0.2237,-0.00978,-0.02038,0.0267,-0.1313,-0.0924,-0.0030,0.00000,0.00000,-0.6105,-1.1152
1467,58.6800,0.2629,0.0000,0.0819,0.3471,-0.0089,0.0380,0.0449,-0.1285,-0.0152,-0.4407,-1.2389,0.2240,-0.00972,-0.02300,0.0109,-0.1083,-0.1119,0.0364,0.00000,0.00000,-0.6050,-1.1072
1468,58.7200,0.2631,0.0000,0.0796,0.3442,-0.0199,0.0393,0.1001,-0.0058,0.1414,-0.4328,-1.2276,0.2242,-0.01234,-0.01541,0.0061,-0.1311,-0.1323,-0.0259,0.00000,0.00000,-0.5995,-1.0990
1469,58.7600,0.2633,0.0000,0.0773,0.3370,0.0061,0.0434,-0.0340,0.1535,0.1190,-0.4256,-1.2160,0.2246,-0.00925,-0.01315,0.0211,-0.1354,-0.1136,0.0081,0.00000,0.00000,-0.5940,-1.0908
1470,58.8000,0.2635,0.0000,0.0747,0.3361,0.0263,0.0357,-0.1385,0.2259,0.0426,-0.4194,-1.2038,0.2247,-0.00154,-0.02112,0.0365,-0.1299,-0.0857,-0.0026,0.00000,0.00000,-0.5885,-1.0826
1471,58.8400,0.2636,0.0000,0.0723,0.3528,-0.0161,0.0307,0.0791,0.0071,0.0999,-0.4127,-1.1917,0.2245,0.00375,-0.02386,0.0087,-0.0985,-0.1466,0.0514,0.00000,0.00000,-0.5829,-1.0742
1472,58.8800,0.2638,0.0000,0.0698,0.3754,-0.0251,0.0647,0.1282,-0.2720,0.0066,-0.4045,-1.1797,0.2249,-0.00365,-0.01397,0.0587,-0.1167,-0.1243,0.0499,0.00000,0.00000,-0.5774,-1.0658
1473,58.9200,0.2639,0.0000,0.0675,0.3661,0.0084,0.0437,-0.0451,-0.0487,0.0078,-0.3968,-1.1672,0.2259,-0.01002,-0.00986,0.0397,-0.1226,-0.0973,-0.0577,0.00000,0.00000,-0.5719,-1.0573
1474,58.9600,0.2639,0.0000,0.0657,0.3681,0.0168,0.0090,-0.0895,-0.1055,0.0862,-0.3902,-1.1543,0.2254,-0.01282,-0.01675,0.0317,-0.1075,-0.1075,0.0413,0.00000,0.00000,-0.5663,-1.0488
1475,59.0000,0.2639,0.0000,0.0641,0.3715,0.0125,0.0229,-0.0661,-0.1396,-0.0085,-0.3835,-1.1413,0.2246,-0.01775,-0.02273,0.0627,-0.1020,-0.1050,0.0233,0.00000,0.00000,-0.5607,-1.0402
1476,59.0400,0.2638,0.0000,0.0625,0.3592,-0.0180,0.0398,0.0925,0.1433,-0.0160,-0.3760,-1.1287,0.2248,-0.01578,-0.02044,0.0052,-0.1065,-0.1465,0.0157,0.00000,0.00000,-0.5552,-1.0315
1477,59.0800,0.2636,0.0000,0.0613,0.3668,-0.0257,0.0298,0.1301,0.0264,0.1094,-0.3678,-1.1166,0.2250,-0.01336,-0.01082,-0.0112,-0.1237,-0.1279,0.0041,0.00000,0.00000,-0.5496,-1.0228
1478,59.1200,0.2635,0.0000,0.0601,0.3763,0.0138,0.0397,-0.0719,-0.1689,0.0093,-0.3603,-1.1038,0.2250,-0.01805,-0.00893,0.0643,-0.1246,-0.0896,0.0304,0.00000,0.00000,-0.5440,-1.0139
1479,59.1600,0.2633,0.0000,0.0590,0.3693,0.0105,0.0380,-0.0566,-0.0466,0.0471,-0.3537,-1.0907,0.2255,-0.02063,-0.01477,0.0363,-0.1098,-0.1398,0.0123,0.00000,0.00000,-0.5384,-1.0051
1480,59.2000,0.2630,0.0000,0.0579,0.3823,-0.0091,0.0067,0.0439,-0.3105,0.1254,-0.3465,-1.0778,0.2252,-0.02905,-0.01520,0.0211,-0.0989,-0.1035,0.0287,0.00000,0.00000,-0.5328,-0.9961
1481,59.2400,0.2628,0.0000,0.0567,0.3716,-0.0144,0.0231,0.0731,-0.1661,0.1175,-0.3387,-1.0653,0.2247,-0.03772,-0.00912,0.0317,-0.1004,-0.1412,0.0303,0.00000,0.00000,-0.5272,-0.9871
1482,59.2800,0.2626,0.0000,0.0549,0.3668,0.0149,0.0272,-0.0783,-0.1737,0.0774,-0.3318,-1.0525,0.2250,-0.04510,-0.01004,0.0390,-0.1211,-0.1065,-0.0231,0.00000,0.00000,-0.5216,-0.9781
1483,59.3200,0.2624,0.0000,0.0530,0.3404,0.0212,0.0232,-0.1116,0.2041,0.0377,-0.3258,-1.0398,0.2251,-0.04265,-0.01805,0.0420,-0.1144,-0.1092,0.0196,0.00000,0.00000,-0.5159,-0.9689
1484,59.3600,0.2622,0.0000,0.0511,0.3331,0.0047,-0.0027,-0.0263,0.2646,-0.0077,-0.3198,-1.0274,0.2244,-0.03269,-0.02400,-0.0053,-0.1033,-0.0908,0.0031,0.00000,0.00000,-0.5103,-0.9597
1485,59.4000,0.2621,0.0000,0.0496,0.3529,-0.0195,0.0249,0.0997,-0.1336,0.0469,-0.3130,-1.0155,0.2237,-0.03143,-0.02105,0.0086,-0.1167,-0.1276,0.0620,0.00000,0.00000,-0.5047,-0.9505
1486,59.4400,0.2620,0.0000,0.0481,0.3483,0.0072,0.0343,-0.0388,-0.0766,-0.0232,-0.3060,-1.0034,0.2240,-0.03654,-0.01697,0.0497,-0.1161,-0.0737,-0.0624,0.00000,0.00000,-0.4990,-0.9412
1487,59.4800,0.2619,0.0000,0.0470,0.3326,0.0113,0.0402,-0.0600,0.1256,0.0734,-0.3000,-0.9913,0.2246,-0.03393,-0.02221,0.0182,-0.1381,-0.1429,0.0241,0.00000,0.00000,-0.4933,-0.9318
1488,59.5200,0.2618,0.0000,0.0458,0.3333,-0.0087,0.0022,0.0428,0.0652,0.1391,-0.2938,-0.9794,0.2243,-0.03019,-0.02308,-0.0152,-0.1124,-0.1047,-0.0115,0.00000,0.00000,-0.4877,-0.9224
1489,59.5600,0.2618,0.0000,0.0444,0.3297,-0.0094,0.0066,0.0485,0.0987,0.0556,-0.2870,-0.9679,0.2232,-0.02704,-0.01852,0.0117,-0.0906,-0.0874,0.0229,0.00000,0.00000,-0.4820,-0.9129
1490,59.6000,0.2619,0.0000,0.0427,0.3281,-0.0088,0.0430,0.0454,0.1495,0.0352,-0.2805,-0.9564,0.2232,-0.02161,-0.01490,-0.0028,-0.1109,-0.1161,0.0252,0.00000,0.00000,-0.4763,-0.9033
1491,59.6400,0.2621,0.0000,0.0411,0.3303,-0.0053,0.0491,0.0264,0.1404,0.0417,-0.2741,-0.9447,0.2239,-0.01619,-0.01179,-0.0016,-0.1320,-0.1128,0.0066,0.00000,0.00000,-0.4706,-0.8937
1492,59.6800,0.2623,0.0000,0.0395,0.3384,0.0094,0.0314,-0.0501,0.0009,0.0283,-0.2680,-0.9327,0.2242,-0.01429,-0.01333,0.0208,-0.1226,-0.0911,0.0013,0.00000,0.00000,-0.4649,-0.8840
1493,59.7200,0.2625,0.0000,0.0380,0.3467,-0.0012,0.0106,0.0047,-0.1304,-0.0171,-0.2620,-0.9206,0.2236,-0.01705,-0.01550,0.0067,-0.0860,-0.0892,0.0302,0.00000,0.00000,-0.4592,-0.8743
1494,59.7600,0.2627,0.0000,0.0369,0.3430,-0.0109,0.0308,0.0541,-0.0099,0.1572,-0.2554,-0.9086,0.2233,-0.01942,-0.01185,-0.0032,-0.1128,-0.1161,0.0077,0.00000,0.00000,-0.4535,-0.8645
1495,59.8000,0.2629,0.0000,0.0354,0.3383,0.0029,0.0289,-0.0163,0.0993,0.0197,-0.2490,-0.8965,0.2232,-0.01752,-0.01007,0.0096,-0.0964,-0.0837,0.0080,0.00000,0.00000,-0.4478,-0.8547
1496,59.8400,0.2632,0.0000,0.0338,0.3513,-0.0019,0.0448,0.0094,-0.1087,-0.0555,-0.2429,-0.8842,0.2235,-0.01798,-0.01140,0.0196,-0.1006,-0.1172,0.0601,0.00000,0.00000,-0.4420,-0.8448
1497,59.8800,0.2634,0.0000,0.0325,0.3473,0.0045,0.0370,-0.0245,0.0186,0.0142,-0.2365,-0.8718,0.2240,-0.02024,-0.01074,0.0245,-0.1137,-0.0745,-0.0209,0.00000,0.00000,-0.4363,-0.8349
1498,59.9200,0.2636,0.0000,0.0317,0.3384,0.0184,0.0188,-0.0967,0.1673,-0.0577,-0.2307,-0.8593,0.2237,-0.01582,-0.01621,0.0241,-0.1028,-0.0826,0.0150,0.00000,0.00000,-0.4305,-0.8249
1499,59.9600,0.2638,0.0000,0.0312,0.3555,-0.0003,0.0112,-0.0013,-0.1110,0.0650,-0.2249,-0.8467,0.2230,-0.01521,-0.02135,-0.0038,-0.0976,-0.0937,0.0148,0.00000,0.00000,-0.4248,-0.8148
1500,60.0000,0.2640,0.0000,0.0307,0.3538,-0.0200,0.0367,0.1030,-0.0077,0.0849,-0.2179,-0.8344,0.2227,-0.01727,-0.01491,0.0036,-0.1017,-0.1159,0.0286,0.00000,0.00000,-0.4190,-0.8047
1501,60.0400,0.2642,0.0000,0.0299,0.3562,-0.0090,0.0397,0.0451,-0.0188,0.0393,-0.2109,-0.8221,0.2231,-0.01804,-0.00815,-0.0030,-0.1033,-0.1028,-0.0109,0.00000,0.00000,-0.4133,-0.7946
1502,60.0800,0.2645,0.0000,0.0289,0.3588,0.0170,0.0377,-0.0896,-0.0702,0.0023,-0.2048,-0.8092,0.2234,-0.02057,-0.01070,0.0371,-0.1114,-0.0828,0.0104,0.00000,0.00000,-0.4075,-0.7844
1503,60.1200,0.2646,0.0000,0.0280,0.3576,-0.0013,0.0289,0.0043,-0.0378,0.0697,-0.1988,-0.7963,0.2236,-0.02169,-0.01478,0.0045,-0.0984,-0.1183,0.0347,0.00000,0.00000,-0.4017,-0.7741
1504,60.1600,0.2648,0.0000,0.0270,0.3588,-0.0153,0.0263,0.0777,-0.0372,0.0553,-0.1920,-0.7838,0.2235,-0.02324,-0.00973,0.0034,-0.0971,-0.1168,0.0193,0.00000,0.00000,-0.3959,-0.7638
1505,60.2000,0.2650,0.0000,0.0258,0.3653,-0.0048,0.0383,0.0227,-0.1701,0.0789,-0.1853,-0.7712,0.2237,-0.02812,-0.00527,0.0068,-0.1193,-0.1270,0.0068,0.00000,0.00000,-0.3902,-0.7534
1506,60.2400,0.2652,0.0000,0.0244,0.3494,0.0039,0.0297,-0.0219,0.0992,0.0666,-0.1790,-0.7584,0.2240,-0.02856,-0.00464,0.0127,-0.0995,-0.1046,0.0066,0.00000,0.00000,-0.3844,-0.7430
1507,60.2800,0.2654,0.0000,0.0229,0.3524,0.0098,0.0223,-0.0526,0.0012,0.0428,-0.1732,-0.7456,0.2239,-0.02674,-0.00897,0.0225,-0.0985,-0.1024,0.0330,0.00000,0.00000,-0.3786,-0.7326
1508,60.3200,0.2656,0.0000,0.0213,0.3529,-0.0011,0.0229,0.0042,-0.0170,0.0252,-0.1673,-0.7329,0.2237,-0.02686,-0.01071,0.0109,-0.0956,-0.1142,0.0133,0.00000,0.00000,-0.3727,-0.7221
1509,60.3600,0.2658,0.0000,0.0197,0.3598,-0.0105,0.0375,0.0523,-0.1585,0.0593,-0.1609,-0.7203,0.2238,-0.03094,-0.00780,0.0071,-0.1135,-0.1303,0.0337,0.00000,0.00000,-0.3669,-0.7116
1510,60.4000,0.2660,0.0000,0.0181,0.3515,0.0084,0.0403,-0.0442,-0.0416,-0.0586,-0.1547,-0.7076,0.2244,-0.03521,-0.00641,0.0397,-0.1124,-0.0917,0.0079,0.00000,0.00000,-0.3611,-0.7010
1511,60.4400,0.2662,0.0000,0.0167,0.3430,0.0101,0.0233,-0.0544,0.0373,0.0778,-0.1492,-0.6949,0.2247,-0.03432,-0.01152,0.0042,-0.1228,-0.1274,0.0007,0.00000,0.00000,-0.3553,-0.6903
1512,60.4800,0.2664,0.0000,0.0155,0.3365,0.0025,-0.0056,-0.0140,0.1064,0.0403,-0.1436,-0.6825,0.2238,-0.03142,-0.01420,-0.0087,-0.0984,-0.0908,0.0069,0.00000,0.00000,-0.3494,-0.6797
1513,60.5200,0.2666,0.0000,0.0141,0.3493,-0.0043,0.0200,0.0220,-0.1614,-0.0574,-0.1378,-0.6702,0.2230,-0.03315,-0.01422,0.0154,-0.0887,-0.1105,0.0509,0.00000,0.00000,-0.3436,-0.6689
1514,60.5600,0.2669,0.0000,0.0130,0.3391,-0.0143,0.0610,0.0728,0.0454,0.0438,-0.1314,-0.6581,0.2239,-0.03467,-0.00832,0.0014,-0.1320,-0.1478,0.0040,0.00000,0.00000,-0.3378,-0.6582
1515,60.6000,0.2671,0.0000,0.0119,0.3349,-0.0004,0.0364,0.0004,0.0512,0.0657,-0.1253,-0.6461,0.2249,-0.03306,-0.00494,0.0073,-0.1264,-0.1168,-0.0021,0.00000,0.00000,-0.3319,-0.6474
1516,60.6400,0.2674,0.0000,0.0108,0.3326,0.0238,0.0105,-0.1237,0.0100,-0.1203,-0.1202,-0.6337,0.2245,-0.03247,-0.01119,0.0524,-0.0900,-0.0633,0.0327,0.00000,0.00000,-0.3261,-0.6365
1517,60.6800,0.2677,0.0000,0.0102,0.3336,0.0179,0.0067,-0.0956,-0.0571,-0.0083,-0.1155,-0.6212,0.2238,-0.03317,-0.02185,0.0138,-0.1066,-0.0953,-0.0104,0.00000,0.00000,-0.3202,-0.6256
1518,60.7200,0.2681,0.0000,0.0099,0.3302,-0.0295,0.0287,0.1523,0.0000,0.0909,-0.1095,-0.6095,0.2234,-0.03294,-0.01794,-0.0131,-0.0994,-0.1632,0.0591,0.00000,0.00000,-0.3143,-0.6147
1519,60.7600,0.2684,0.0000,0.0092,0.3170,0.0010,0.0390,-0.0055,0.2370,-0.0202,-0.1031,-0.5980,0.2238,-0.02901,-0.00892,0.0203,-0.1220,-0.0800,-0.0536,0.00000,0.00000,-0.3085,-0.6038
1520,60.8000,0.2688,0.0000,0.0086,0.3159,0.0101,0.0319,-0.0527,0.1968,-0.0247,-0.0981,-0.5862,0.2241,-0.01954,-0.01403,0.0001,-0.1136,-0.1236,0.0385,0.00000,0.00000,-0.3026,-0.5928
1521,60.8400,0.2693,0.0000,0.0082,0.3322,-0.0027,0.0299,0.0122,-0.0747,0.0595,-0.0927,-0.5743,0.2240,-0.01860,-0.01612,0.0120,-0.1215,-0.1049,0.0262,0.00000,0.00000,-0.2967,-0.5817
1522,60.8800,0.2697,0.0000,0.0078,0.3178,-0.0035,0.0469,0.0172,0.2267,0.0311,-0.0869,-0.5626,0.2243,-0.01429,-0.01307,0.0276,-0.1152,-0.1262,0.0103,0.00000,0.00000,-0.2908,-0.5706
1523,60.9200,0.2703,0.0000,0.0071,0.3264,-0.0017,0.0394,0.0088,0.1037,-0.0142,-0.0814,-0.5508,0.2248,-0.00809,-0.01288,0.0008,-0.1228,-0.1241,0.0192,0.00000,0.00000,-0.2849,-0.5595
1524,60.9600,0.2708,0.0000,0.0064,0.3360,-0.0050,0.0300,0.0255,-0.0129,0.0018,-0.0756,-0.5388,0.2247,-0.00713,-0.01098,0.0082,-0.1178,-0.1082,0.0230,0.00000,0.00000,-0.2791,-0.5484
1525,61.0000,0.2713,0.0000,0.0059,0.3433,0.0106,0.0371,-0.0548,-0.1014,-0.0855,-0.0701,-0.5265,0.2246,-0.01008,-0.01227,0.0506,-0.1055,-0.0915,0.0241,0.00000,0.00000,-0.2732,-0.5372
1526,61.0400,0.2718,0.0000,0.0057,0.3457,-0.0098,0.0335,0.0485,-0.0881,0.0090,-0.0643,-0.5141,0.2248,-0.01301,-0.01242,0.0045,-0.1015,-0.1325,0.0323,0.00000,0.00000,-0.2673,-0.5260
1527,61.0800,0.2723,0.0000,0.0057,0.3478,-0.0118,0.0425,0.0588,-0.0847,0.0489,-0.0579,-0.5019,0.2250,-0.01681,-0.00596,0.0278,-0.1181,-0.1348,0.0305,0.00000,0.00000,-0.2613,-0.5147
1528,61.1200,0.2727,0.0000,0.0055,0.3471,-0.0017,0.0255,0.0076,-0.0717,0.0054,-0.0519,-0.4895,0.2252,-0.01994,-0.00267,0.0081,-0.1057,-0.1207,0.0032,0.00000,0.00000,-0.2554,-0.5034
1529,61.1600,0.2732,0.0000,0.0052,0.3413,0.0103,0.0289,-0.0549,0.0334,0.0376,-0.0463,-0.4769,0.2250,-0.02050,-0.00484,0.0176,-0.1245,-0.1263,0.0168,0.00000,0.00000,-0.2495,-0.4921
1530,61.2000,0.2736,0.0000,0.0048,0.3307,0.0218,0.0158,-0.1129,0.2407,-0.0361,-0.0412,-0.4643,0.2246,-0.01432,-0.01276,0.0148,-0.1110,-0.0954,-0.0213,0.00000,0.00000,-0.2436,-0.4807
1531,61.2400,0.2740,0.0000,0.0044,0.3380,-0.0023,0.0212,0.0105,0.1597,0.0344,-0.0360,-0.4517,0.2240,-0.00620,-0.01838,-0.0197,-0.1202,-0.1227,0.0438,0.00000,0.00000,-0.2377,-0.4694
1532,61.2800,0.2745,0.0000,0.0040,0.3579,-0.0078,0.0420,0.0392,-0.1203,-0.0234,-0.0299,-0.4392,0.2238,-0.00683,-0.01509,0.0351,-0.1055,-0.0999,0.0195,0.00000,0.00000,-0.2318,-0.4579
1533,61.3200,0.2749,0.0000,0.0036,0.3553,-0.0118,0.0654,0.0597,0.0122,0.0101,-0.0235,-0.4265,0.2248,-0.00846,-0.00935,0.0162,-0.1294,-0.1422,0.0275,0.00000,0.00000,-0.2258,-0.4465
1534,61.3600,0.2752,0.0000,0.0032,0.3637,-0.0023,0.0369,0.0104,-0.1076,-0.0234,-0.0172,-0.4136,0.2255,-0.01107,-0.00598,0.0268,-0.1086,-0.1088,0.0151,0.00000,0.00000,-0.2199,-0.4350
1535,61.4000,0.2755,0.0000,0.0030,0.3696,0.0060,0.0352,-0.0323,-0.2141,-0.0016,-0.0113,-0.4005,0.2255,-0.01778,-0.00715,0.0510,-0.1117,-0.1327,0.0414,0.00000,0.00000,-0.2140,-0.4235
1536,61.4400,0.2758,0.0000,0.0028,0.3639,0.0078,0.0225,-0.0422,-0.0989,0.0197,-0.0055,-0.3872,0.2255,-0.02374,-0.01016,0.0301,-0.1080,-0.1110,0.0025,0.00000,0.00000,-0.2080,-0.4120
1537,61.4800,0.2760,0.0000,0.0026,0.3556,0.0084,0.0135,-0.0452,0.0297,0.0438,0.0001,-0.3740,0.2250,-0.02460,-0.01398,0.0201,-0.1109,-0.1104,0.0156,0.00000,0.00000,-0.2021,-0.4005
1538,61.5200,0.2762,0.0000,0.0021,0.3639,0.0029,0.0350,-0.0162,-0.1343,-0.0049,0.0058,-0.3609,0.2249,-0.02710,-0.01743,0.0362,-0.1189,-0.1248,0.0541,0.00000,0.00000,-0.1961,-0.3889
1539,61.5600,0.2764,0.0000,0.0015,0.3580,-0.0054,0.0198,0.0258,-0.0408,0.0423,0.0119,-0.3480,0.2250,-0.03017,-0.01554,0.0126,-0.1068,-0.1127,-0.0319,0.00000,0.00000,-0.1902,-0.3773
1540,61.6000,0.2765,0.0000,0.0009,0.3386,-0.0030,0.0253,0.0155,0.2870,0.0061,0.0179,-0.3353,0.2247,-0.02407,-0.01261,0.0108,-0.1134,-0.1235,0.0389,0.00000,0.00000,-0.1842,-0.3656
1541,61.6400,0.2767,0.0000,0.0001,0.3539,0.0063,0.0195,-0.0333,-0.0182,-0.0381,0.0235,-0.3225,0.2244,-0.01981,-0.01478,0.0149,-0.1059,-0.0997,0.0025,0.00000,0.00000,-0.1783,-0.3540
1542,61.6800,0.2768,0.0000,-0.0004,0.3555,0.0101,0.0330,-0.0537,-0.0383,-0.0122,0.0291,-0.3094,0.2242,-0.02155,-0.01839,0.0357,-0.1231,-0.1008,0.0106,0.00000,0.00000,-0.1723,-0.3423
1543,61.7200,0.2770,0.0000,-0.0009,0.3468,0.0051,0.0304,-0.0287,0.1255,0.0476,0.0346,-0.2965,0.2244,-0.01877,-0.02185,0.0106,-0.1218,-0.1198,-0.0154,0.00000,0.00000,-0.1663,-0.3306
1544,61.7600,0.2771,0.0000,-0.0014,0.3507,-0.0086,0.0365,0.0431,0.0792,0.0078,0.0404,-0.2837,0.2244,-0.01481,-0.02122,0.0167,-0.1156,-0.1168,0.0580,0.00000,0.00000,-0.1604,-0.3189
1545,61.8000,0.2772,0.0000,-0.0022,0.3565,-0.0081,0.0373,0.0402,0.0105,0.0218,0.0466,-0.2710,0.2247,-0.01337,-0.01643,0.0206,-0.1151,-0.1148,-0.0080,0.00000,0.00000,-0.1544,-0.3072
1546,61.8400,0.2773,0.0000,-0.0029,0.3677,-0.0162,0.0303,0.0811,-0.1821,0.0888,0.0530,-0.2581,0.2247,-0.01745,-0.01072,0.0045,-0.1088,-0.1281,0.0455,0.00000,0.00000,-0.1484,-0.2954
1547,61.8800,0.2774,0.0000,-0.0039,0.3678,0.0046,0.0394,-0.0242,-0.1772,-0.0531,0.0592,-0.2450,0.2249,-0.02532,-0.00705,0.0574,-0.1042,-0.0965,0.0306,0.00000,0.00000,-0.1425,-0.2836
1548,61.9200,0.2775,0.0000,-0.0050,0.3610,0.0190,0.0347,-0.0995,-0.0887,-0.0198,0.0645,-0.2316,0.2254,-0.03000,-0.01366,0.0374,-0.1215,-0.1166,-0.0016,0.00000,0.00000,-0.1365,-0.2719
1549,61.9600,0.2776,0.0000,-0.0058,0.3491,-0.0095,0.0040,0.0465,0.0975,0.0832,0.0701,-0.2186,0.2250,-0.02833,-0.01539,-0.0153,-0.1030,-0.1350,0.0216,0.00000,0.00000,-0.1305,-0.2600
1550,62.0000,0.2776,0.0000,-0.0067,0.3641,-0.0040,0.0291,0.0200,-0.2023,0.0064,0.0762,-0.2058,0.2245,-0.03240,-0.01206,0.0305,-0.1250,-0.1106,0.0589,0.00000,0.00000,-0.1245,-0.2482
1551,62.0400,0.2776,0.0000,-0.0080,0.3483,0.0022,0.0447,-0.0122,0.0705,-0.0486,0.0820,-0.1929,0.2252,-0.03359,-0.01054,0.0262,-0.1175,-0.1263,-0.0083,0.00000,0.00000,-0.1186,-0.2364
1552,62.0800,0.2777,0.0000,-0.0089,0.3602,0.0055,0.0175,-0.0296,-0.2372,-0.0655,0.0874,-0.1800,0.2254,-0.03819,-0.01351,0.0297,-0.1094,-0.1018,0.0351,0.00000,0.00000,-0.1126,-0.2245
1553,62.1200,0.2777,0.0000,-0.0095,0.3458,0.0121,0.0004,-0.0643,-0.0585,-0.0597,0.0929,-0.1671,0.2247,-0.04370,-0.01628,0.0369,-0.0986,-0.0858,-0.0127,0.00000,0.00000,-0.1066,-0.2126
1554,62.1600,0.2776,0.0000,-0.0097,0.3418,-0.0128,0.0140,0.0643,-0.0778,0.1448,0.0984,-0.1547,0.2242,-0.04528,-0.01691,-0.0146,-0.1117,-0.1547,0.0460,0.00000,0.00000,-0.1006,-0.2008
1555,62.2000,0.2777,0.0000,-0.0103,0.3310,-0.0038,0.0309,0.0197,0.0665,0.0012,0.1043,-0.1427,0.2241,-0.04589,-0.01124,0.0239,-0.1186,-0.1033,0.0055,0.00000,0.00000,-0.0946,-0.1889
1556,62.2400,0.2777,0.0000,-0.0114,0.3126,0.0129,0.0106,-0.0677,0.3093,0.0153,0.1094,-0.1307,0.2241,-0.03746,-0.01401,-0.0165,-0.1153,-0.0849,-0.0293,0.00000,0.00000,-0.0886,-0.1769
1557,62.2800,0.2779,0.0000,-0.0123,0.3177,-0.0095,0.0049,0.0488,0.1660,0.0353,0.1144,-0.1189,0.2232,-0.02767,-0.01593,-0.0249,-0.0966,-0.1175,0.0648,0.00000,0.00000,-0.0826,-0.1650
1558,62.3200,0.2780,0.0000,-0.0135,0.3330,-0.0133,0.0328,0.0698,-0.0741,-0.0322,0.1202,-0.1071,0.2228,-0.02747,-0.00925,0.0021,-0.1037,-0.0882,0.0274,0.00000,0.00000,-0.0766,-0.1531
1559,62.3600,0.2782,0.0000,-0.0145,0.3231,0.0067,0.0496,-0.0354,0.1085,0.0043,0.1257,-0.0952,0.2236,-0.02637,-0.00682,0.0085,-0.1283,-0.1088,-0.0242,0.00000,0.00000,-0.0707,-0.1411
1560,62.4000,0.2785,0.0000,-0.0155,0.3315,0.0043,0.0146,-0.0235,-0.0814,-0.0270,0.1306,-0.0831,0.2236,-0.02629,-0.01108,0.0025,-0.0884,-0.0805,0.0436,0.00000,0.00000,-0.0647,-0.1292
1561,62.4400,0.2787,0.0000,-0.0163,0.3239,0.0071,0.0254,-0.0371,0.0786,-0.0669,0.1357,-0.0710,0.2232,-0.02621,-0.01257,0.0130,-0.1129,-0.0913,0.0140,0.00000,0.00000,-0.0587,-0.1172
1562,62.4800,0.2789,0.0000,-0.0169,0.3266,0.0079,0.0392,-0.0416,0.0451,-0.0254,0.1406,-0.0589,0.2234,-0.02357,-0.01718,0.0077,-0.1188,-0.0972,0.0191,0.00000,0.00000,-0.0527,-0.1053
1563,62.5200,0.2791,0.0000,-0.0173,0.3268,-0.0105,0.0312,0.0543,0.0640,-0.0052,0.1460,-0.0470,0.2236,-0.02082,-0.01571,0.0005,-0.1043,-0.1183,0.0218,0.00000,0.00000,-0.0467,-0.0933
1564,62.5600,0.2794,0.0000,-0.0177,0.3256,0.0063,0.0352,-0.0325,0.1207,-0.0748,0.1515,-0.0350,0.2237,-0.01790,-0.01382,0.0234,-0.1172,-0.0787,0.0058,0.00000,0.00000,-0.0407,-0.0813
1565,62.6000,0.2796,0.0000,-0.0179,0.3357,0.0135,0.0264,-0.0716,-0.0561,-0.0327,0.1563,-0.0227,0.2237,-0.01709,-0.02017,0.0200,-0.1090,-0.0794,0.0151,0.00000,0.00000,-0.0347,-0.0693
1566,62.6400,0.2798,0.0000,-0.0178,0.3395,-0.0084,0.0285,0.0418,-0.0774,0.0296,0.1618,-0.0104,0.2235,-0.01950,-0.02073,0.0042,-0.1114,-0.1153,0.0329,0.00000,0.00000,-0.0287,-0.0573
1567,62.6800,0.2800,0.0000,-0.0180,0.3378,-0.0157,0.0259,0.0806,-0.0019,0.0753,0.1679,0.0016,0.2234,-0.02094,-0.01348,-0.0143,-0.1077,-0.1051,-0.0032,0.00000,0.00000,-0.0227,-0.0453
1568,62.7200,0.2802,0.0000,-0.0185,0.3370,0.0084,0.0422,-0.0438,0.0252,-0.0757,0.1734,0.0139,0.2235,-0.02084,-0.01181,0.0370,-0.1079,-0.0866,0.0363,0.00000,0.00000,-0.0167,-0.0333
1569,62.7600,0.2803,0.0000,-0.0191,0.3316,0.0004,0.0329,-0.0044,0.1577,0.1054,0.1787,0.0263,0.2240,-0.01586,-0.01451,-0.0121,-0.1149,-0.1220,-0.0119,0.00000,0.00000,-0.0107,-0.0213
1570,62.8000,0.2805,0.0000,-0.0198,0.3544,-0.0031,0.0157,0.0152,-0.2589,-0.0089,0.1842,0.0387,0.2234,-0.01985,-0.01439,0.0318,-0.0841,-0.0828,0.0576,0.00000,0.00000,-0.0047,-0.0093
1571,62.8400,0.2806,0.0000,-0.0208,0.3371,0.0144,0.0336,-0.0761,0.1002,-0.1185,0.1896,0.0514,0.2233,-0.02228,-0.01537,0.0359,-0.0998,-0.0733,-0.0267,0.00000,0.00000,0.0013,0.0027
1572,62.8800,0.2807,0.0000,-0.0214,0.3396,-0.0040,0.0311,0.0194,0.0715,0.0459,0.1947,0.0640,0.2235,-0.01814,-0.01947,-0.0272,-0.1191,-0.1174,0.0421,0.00000,0.00000,0.0073,0.0147
1573,62.9200,0.2808,0.0000,-0.0220,0.3457,-0.0084,0.0283,0.0421,-0.0042,0.0248,0.2007,0.0764,0.2233,-0.01752,-0.01495,0.0092,-0.1135,-0.1016,0.0073,0.00000,0.00000,0.0133,0.0266
1574,62.9600,0.2808,0.0000,-0.0228,0.3403,0.0040,0.0441,-0.0211,0.1405,-0.0950,0.2063,0.0890,0.2235,-0.01441,-0.01346,0.0207,-0.1070,-0.0933,0.0244,0.00000,0.00000,0.0193,0.0387
1575,63.0000,0.2808,0.0000,-0.0234,0.3580,0.0018,0.0441,-0.0099,-0.1475,-0.0968,0.2117,0.1018,0.2241,-0.01533,-0.01599,0.0244,-0.1112,-0.1075,0.0370,0.00000,0.00000,0.0253,0.0506
1576,63.0400,0.2807,0.0000,-0.0236,0.3580,-0.0165,0.0326,0.0839,-0.0979,-0.0224,0.2180,0.1145,0.2244,-0.01997,-0.01046,0.0168,-0.0951,-0.1135,0.0301,0.00000,0.00000,0.0313,0.0626
1577,63.0800,0.2806,0.0000,-0.0235,0.3487,0.0209,0.0235,-0.1090,0.0685,-0.0729,0.2237,0.1275,0.2242,-0.02119,-0.01077,0.0364,-0.1189,-0.0701,-0.0237,0.00000,0.00000,0.0373,0.0746
1578,63.1200,0.2804,0.0000,-0.0233,0.3532,0.0020,0.0225,-0.0124,-0.0228,0.0270,0.2288,0.1405,0.2240,-0.01890,-0.01840,0.0074,-0.0903,-0.1290,0.0608,0.00000,0.00000,0.0433,0.0866
1579,63.1600,0.2801,0.0000,-0.0232,0.3624,-0.0172,0.0204,0.0889,-0.1421,-0.0989,0.2351,0.1533,0.2235,-0.02301,-0.01250,0.0186,-0.0793,-0.1040,0.0171,0.00000,0.00000,0.0493,0.0986
1580,63.2000,0.2799,0.0000,-0.0230,0.3605,-0.0108,0.0411,0.0542,-0.1055,0.0401,0.2417,0.1660,0.2238,-0.02822,-0.00478,-0.0026,-0.1200,-0.1239,0.0035,0.00000,0.00000,0.0553,0.1106
1581,63.2400,0.2795,0.0000,-0.0229,0.3467,0.0080,0.0360,-0.0427,0.1079,0.0382,0.2475,0.1788,0.2243,-0.02740,-0.00398,0.0172,-0.1151,-0.1163,0.0083,0.00000,0.00000,0.0613,0.1225
1582,63.2800,0.2792,0.0000,-0.0231,0.3484,0.0132,0.0169,-0.0689,0.0356,-0.0737,0.2527,0.1918,0.2241,-0.02454,-0.01026,0.0164,-0.0953,-0.1012,0.0223,0.00000,0.00000,0.0673,0.1345
1583,63.3200,0.2788,0.0000,-0.0234,0.3531,-0.0030,0.0436,0.0144,-0.0404,-0.0135,0.2583,0.2046,0.2242,-0.02453,-0.01242,0.0193,-0.1218,-0.1488,0.0373,0.00000,0.00000,0.0733,0.1464
1584,63.3600,0.2784,0.0000,-0.0236,0.3565,-0.0102,0.0262,0.0512,-0.1075,-0.0115,0.2644,0.2173,0.2245,-0.02813,-0.00799,0.0016,-0.1071,-0.1106,-0.0110,0.00000,0.00000,0.0793,0.1584
1585,63.4000,0.2780,0.0000,-0.0238,0.3554,0.0120,0.0341,-0.0626,-0.1429,-0.0985,0.2702,0.2301,0.2246,-0.03396,-0.00829,0.0526,-0.1123,-0.0909,0.0484,0.00000,0.00000,0.0853,0.1703
1586,63.4400,0.2775,0.0000,-0.0239,0.3391,0.0059,0.0254,-0.0328,0.1070,0.0588,0.2755,0.2429,0.2249,-0.03267,-0.01249,0.0014,-0.1173,-0.1404,-0.0191,0.00000,0.00000,0.0913,0.1822
1587,63.4800,0.2771,0.0000,-0.0240,0.3301,0.0073,0.0061,-0.0383,0.2362,-0.0137,0.2809,0.2553,0.2242,-0.02590,-0.01528,0.0058,-0.1087,-0.0935,0.0111,0.00000,0.00000,0.0973,0.1941
1588,63.5200,0.2766,0.0000,-0.0244,0.3489,-0.0032,0.0323,0.0168,-0.1148,-0.0709,0.2864,0.2678,0.2238,-0.02443,-0.01740,0.0131,-0.1116,-0.1203,0.0652,0.00000,0.00000,0.1032,0.2060
1589,63.5600,0.2761,0.0000,-0.0247,0.3488,-0.0204,0.0570,0.1038,-0.0741,0.0180,0.2927,0.2801,0.2247,-0.02793,-0.00961,0.0138,-0.1260,-0.1480,0.0079,0.00000,0.00000,0.1092,0.2179
1590,63.6000,0.2756,0.0000,-0.0251,0.3508,-0.0017,0.0195,0.0075,-0.1705,-0.0587,0.2990,0.2925,0.2251,-0.03407,-0.00367,0.0256,-0.0984,-0.0804,0.0120,0.00000,0.00000,0.1152,0.2298
1591,63.6400,0.2751,0.0000,-0.0253,0.3424,0.0040,0.0038,-0.0213,-0.1127,-0.0455,0.3046,0.3049,0.2245,-0.03869,-0.00425,0.0230,-0.0782,-0.1169,0.0329,0.00000,0.00000,0.1212,0.2416
1592,63.6800,0.2746,0.0000,-0.0254,0.3256,0.0064,0.0203,-0.0340,0.1474,-0.0716,0.3100,0.3171,0.2240,-0.03674,-0.00576,0.0281,-0.0830,-0.1186,0.0115,0.00000,0.00000,0.1272,0.2534
1593,63.7200,0.2740,0.0000,-0.0253,0.3384,0.0021,0.0212,-0.0126,-0.1530,-0.0338,0.3153,0.3293,0.2239,-0.03830,-0.00900,0.0022,-0.1081,-0.1032,0.0303,0.00000,0.00000,0.1332,0.2653
1594,63.7600,0.2735,0.0000,-0.0252,0.3244,0.0025,0.0350,-0.0142,0.0466,-0.0291,0.3208,0.3412,0.2240,-0.03982,-0.00838,0.0255,-0.1165,-0.1168,0.0088,0.00000,0.00000,0.1391,0.2771
1595,63.8000,0.2730,0.0000,-0.0252,0.3226,0.0099,0.0212,-0.0527,-0.0159,-0.0127,0.3259,0.3531,0.2242,-0.03927,-0.01200,0.0068,-0.1171,-0.1132,-0.0092,0.00000,0.00000,0.1451,0.2888
1596,63.8400,0.2724,0.0000,-0.0252,0.3103,0.0038,0.0186,-0.0199,0.1486,-0.0378,0.3311,0.3647,0.2239,-0.03589,-0.01466,0.0006,-0.1168,-0.1220,0.0118,0.00000,0.00000,0.1511,0.3006
1597,63.8800,0.2720,0.0000,-0.0253,0.3067,-0.0020,0.0307,0.0090,0.1886,0.0623,0.3363,0.3760,0.2239,-0.02899,-0.01518,-0.0108,-0.1308,-0.1191,0.0090,0.00000,0.00000,0.1570,0.3124
1598,63.9200,0.2715,0.0000,-0.0257,0.3053,0.0035,0.0180,-0.0177,0.1980,-0.0561,0.3415,0.3873,0.2236,-0.02156,-0.01520,-0.0029,-0.1115,-0.0888,-0.0061,0.00000,0.00000,0.1630,0.3241
1599,63.9600,0.2711,0.0000,-0.0262,0.3014,0.0028,0.0415,-0.0173,0.3038,0.0943,0.3466,0.3986,0.2236,-0.01083,-0.01699,-0.0086,-0.1408,-0.1331,-0.0006,0.00000,0.00000,0.1690,0.3358
1600,64.0000,0.2708,0.0000,-0.0271,0.3241,-0.0123,0.0312,0.0637,-0.0618,0.0057,0.3520,0.4100,0.2236,-0.00700,-0.01549,0.0000,-0.0999,-0.1206,0.0293,0.00000,0.00000,0.1749,0.3475
1601,64.0400,0.2704,0.0000,-0.0283,0.3293,-0.0054,0.0474,0.0297,-0.0739,-0.0876,0.3579,0.4216,0.2238,-0.01061,-0.00969,0.0354,-0.1037,-0.0966,0.0157,0.00000,0.00000,0.1809,0.3591
1602,64.0800,0.2701,0.0000,-0.0293,0.3188,0.0128,0.0414,-0.0662,0.1665,-0.0569,0.3632,0.4335,0.2244,-0.00804,-0.01138,0.0129,-0.1215,-0.1025,-0.0190,0.00000,0.00000,0.1868,0.3708
1603,64.1200,0.2697,0.0000,-0.0300,0.3309,0.0113,0.0330,-0.0600,-0.0191,-0.0116,0.3681,0.4456,0.2244,-0.00545,-0.01848,0.0206,-0.1242,-0.1214,0.0304,0.00000,0.00000,0.1928,0.3824
1604,64.1600,0.2692,0.0000,-0.0307,0.3482,-0.0123,0.0330,0.0639,-0.2538,-0.0924,0.3738,0.4578,0.2242,-0.01175,-0.01763,0.0260,-0.0937,-0.1058,0.0545,0.00000,0.00000,0.1987,0.3940
1605,64.2000,0.2687,0.0000,-0.0312,0.3496,-0.0054,0.0499,0.0266,-0.2336,-0.0079,0.3801,0.4700,0.2248,-0.02184,-0.01181,0.0327,-0.1309,-0.1292,-0.0153,0.00000,0.00000,0.2047,0.4056
1606,64.2400,0.2681,0.0000,-0.0317,0.3366,0.0066,0.0265,-0.0353,-0.0214,-0.0214,0.3858,0.4822,0.2251,-0.02601,-0.01193,0.0319,-0.1005,-0.1042,0.0114,0.00000,0.00000,0.2106,0.4171
1607,64.2800,0.2675,0.0000,-0.0322,0.3271,0.0161,0.0179,-0.0848,0.1224,-0.0077,0.3910,0.4945,0.2248,-0.02329,-0.01758,0.0214,-0.1225,-0.1220,-0.0029,0.00000,0.00000,0.2166,0.4286
1608,64.3200,0.2669,0.0000,-0.0328,0.3372,0.0196,0.0230,-0.1025,-0.0735,-0.1043,0.3958,0.5070,0.2243,-0.02338,-0.02710,0.0399,-0.1187,-0.0850,0.0186,0.00000,0.00000,0.2225,0.4401
1609,64.3600,0.2662,0.0000,-0.0333,0.3427,-0.0198,0.0424,0.1013,-0.1596,0.0054,0.4016,0.5190,0.2246,-0.02727,-0.02622,0.0084,-0.1244,-0.1615,0.0370,0.00000,0.00000,0.2284,0.4516
1610,64.4000,0.2655,0.0000,-0.0338,0.3413,-0.0095,0.0332,0.0477,-0.1554,-0.0580,0.4081,0.5309,0.2251,-0.03464,-0.01704,0.0465,-0.1131,-0.0943,-0.0191,0.00000,0.00000,0.2344,0.4630
1611,64.4400,0.2647,0.0000,-0.0342,0.3152,0.0144,0.0143,-0.0752,0.2425,-0.0203,0.4137,0.5428,0.2249,-0.03125,-0.01807,0.0137,-0.1192,-0.1108,-0.0232,0.00000,0.00000,0.2403,0.4744
1612,64.4800,0.2639,0.0000,-0.0346,0.3241,0.0110,0.0040,-0.0580,0.0288,-0.0122,0.4185,0.5548,0.2241,-0.02643,-0.02616,-0.0001,-0.1175,-0.0995,0.0330,0.00000,0.00000,0.2462,0.4858
1613,64.5200,0.2631,0.0000,-0.0352,0.3404,-0.0044,0.0354,0.0237,-0.2612,-0.1566,0.4241,0.5667,0.2237,-0.03217,-0.02704,0.0470,-0.1055,-0.1014,0.0537,0.00000,0.00000,0.2521,0.4971
1614,64.5600,0.2623,0.0000,-0.0355,0.3292,-0.0101,0.0450,0.0505,-0.0670,-0.0471,0.4302,0.5783,0.2245,-0.03796,-0.02135,0.0182,-0.1265,-0.1257,-0.0455,0.00000,0.00000,0.2580,0.5084
1615,64.6000,0.2614,0.0000,-0.0354,0.3219,0.0065,0.0178,-0.0343,-0.0458,-0.0138,0.4359,0.5899,0.2247,-0.04049,-0.02061,0.0310,-0.1175,-0.0969,0.0092,0.00000,0.00000,0.2640,0.5197
1616,64.6400,0.2605,0.0000,-0.0355,0.3038,0.0132,0.0058,-0.0703,0.2063,0.0454,0.4410,0.6014,0.2241,-0.03605,-0.02541,0.0054,-0.1223,-0.1091,-0.0206,0.00000,0.00000,0.2699,0.5309
1617,64.6800,0.2596,0.0000,-0.0359,0.3110,-0.0121,0.0114,0.0626,0.0337,0.0356,0.4463,0.6126,0.2233,-0.03120,-0.02676,-0.0162,-0.1042,-0.1191,0.0471,0.00000,0.00000,0.2758,0.5421
1618,64.7200,0.2588,0.0000,-0.0368,0.3090,-0.0106,0.0432,0.0557,0.0904,-0.0306,0.4524,0.6236,0.2234,-0.02917,-0.01973,0.0130,-0.1264,-0.1069,-0.0092,0.00000,0.00000,0.2817,0.5533
1619,64.7600,0.2580,0.0000,-0.0380,0.3066,-0.0017,0.0548,0.0093,0.1142,-0.0701,0.4579,0.6346,0.2243,-0.02481,-0.01716,0.0188,-0.1258,-0.1159,0.0247,0.00000,0.00000,0.2875,0.5644
1620,64.8000,0.2571,0.0000,-0.0389,0.3086,0.0115,0.0346,-0.0610,0.0509,0.0276,0.4631,0.6459,0.2250,-0.02197,-0.01966,0.0341,-0.1330,-0.1087,-0.0221,0.00000,0.00000,0.2934,0.5755
1621,64.8400,0.2563,0.0000,-0.0399,0.3159,0.0012,0.0264,-0.0072,-0.1055,-0.0141,0.4682,0.6572,0.2248,-0.02334,-0.02341,0.0260,-0.1196,-0.1273,0.0510,0.00000,0.00000,0.2993,0.5866
1622,64.8800,0.2555,0.0000,-0.0412,0.3177,-0.0148,0.0342,0.0766,-0.1174,-0.0238,0.4740,0.6683,0.2249,-0.02772,-0.01917,0.0185,-0.1139,-0.1254,0.0199,0.00000,0.00000,0.3052,0.5976
1623,64.9200,0.2546,0.0000,-0.0425,0.3147,-0.0005,0.0371,0.0027,-0.0949,-0.0488,0.4798,0.6793,0.2253,-0.03235,-0.01490,0.0330,-0.1277,-0.1167,0.0027,0.00000,0.00000,0.3111,0.6086
1624,64.9600,0.2537,0.0000,-0.0437,0.2932,0.0140,0.0114,-0.0737,0.2505,0.0288,0.4849,0.6905,0.2251,-0.02786,-0.01784,0.0035,-0.1239,-0.1083,-0.0372,0.00000,0.00000,0.3169,0.6196
1625,65.0000,0.2529,0.0000,-0.0450,0.2981,0.0082,-0.0023,-0.0427,0.1316,-0.0307,0.4895,0.7016,0.2239,-0.02047,-0.02440,-0.0011,-0.1046,-0.0927,0.0360,0.00000,0.00000,0.3228,0.6305
1626,65.0400,0.2520,0.0000,-0.0465,0.3011,0.0075,0.0419,-0.0375,0.1362,-0.1126,0.4946,0.7126,0.2234,-0.01533,-0.02743,0.0375,-0.1218,-0.0966,0.0053,0.00000,0.00000,0.3287,0.6413
1627,65.0800,0.2511,0.0000,-0.0478,0.3087,-0.0083,0.0421,0.0457,0.0578,-0.1592,0.5000,0.7237,0.2239,-0.01154,-0.02691,0.0120,-0.1055,-0.0920,0.0115,0.00000,0.00000,0.3345,0.6522
1628,65.1200,0.2502,0.0000,-0.0483,0.3004,-0.0040,0.0222,0.0210,0.2763,-0.0790,0.5059,0.7346,0.2238,-0.00499,-0.02209,-0.0002,-0.1213,-0.0738,-0.0276,0.00000,0.00000,0.3404,0.6629
1629,65.1600,0.2492,0.0000,-0.0484,0.3256,0.0080,0.0235,-0.0410,-0.1530,-0.1311,0.5113,0.7460,0.2231,-0.00394,-0.02474,0.0370,-0.0933,-0.0739,0.0470,0.00000,0.00000,0.3462,0.6737
1630,65.2000,0.2482,0.0000,-0.0483,0.3414,-0.0112,0.0453,0.0573,-0.3411,-0.0469,0.5173,0.7576,0.2233,-0.01425,-0.02337,0.0261,-0.1060,-0.1160,0.0154,0.00000,0.00000,0.3520,0.6844
1631,65.2400,0.2470,0.0000,-0.0481,0.3341,-0.0134,0.0368,0.0685,-0.1610,0.0026,0.5239,0.7690,0.2238,-0.02412,-0.01601,0.0071,-0.1134,-0.1037,-0.0129,0.00000,0.00000,0.3579,0.6951
1632,65.2800,0.2459,0.0000,-0.0481,0.3287,-0.0084,0.0219,0.0432,-0.0935,-0.0509,0.5303,0.7804,0.2237,-0.02853,-0.01106,0.0142,-0.0823,-0.0983,0.0471,0.00000,0.00000,0.3637,0.7057
1633,65.3200,0.2447,0.0000,-0.0483,0.3149,0.0118,0.0253,-0.0618,0.1503,-0.0467,0.5362,0.7920,0.2235,-0.02681,-0.01124,0.0208,-0.1053,-0.0898,-0.0140,0.00000,0.00000,0.3695,0.7162
1634,65.3600,0.2434,0.0000,-0.0486,0.3271,0.0061,0.0206,-0.0327,-0.1033,-0.0706,0.5415,0.8036,0.2233,-0.02627,-0.01673,0.0080,-0.0978,-0.1031,0.0398,0.00000,0.00000,0.3753,0.7268
1635,65.4000,0.2421,0.0000,-0.0489,0.3232,-0.0102,0.0377,0.0520,0.0023,-0.0231,0.5476,0.8150,0.2233,-0.02816,-0.01413,0.0044,-0.1173,-0.1115,0.0170,0.00000,0.00000,0.3811,0.7372
1636,65.4400,0.2407,0.0000,-0.0493,0.3178,-0.0004,0.0414,0.0008,0.0922,-0.0427,0.5538,0.8263,0.2239,-0.02612,-0.01129,0.0084,-0.1231,-0.1058,0.0060,0.00000,0.00000,0.3869,0.7477
1637,65.4800,0.2393,0.0000,-0.0499,0.3216,0.0114,0.0175,-0.0612,-0.0100,-0.0383,0.5594,0.8379,0.2238,-0.02499,-0.01438,0.0233,-0.0990,-0.0708,0.0088,0.00000,0.00000,0.3927,0.7580
1638,65.5200,0.2379,0.0000,-0.0504,0.3142,-0.0030,0.0099,0.0151,0.1255,-0.0711,0.5651,0.8493,0.2230,-0.02139,-0.01552,-0.0019,-0.0833,-0.1138,0.0131,0.00000,0.00000,0.3985,0.7684
1639,65.5600,0.2364,0.0000,-0.0510,0.3311,-0.0007,0.0355,0.0026,-0.1519,-0.0337,0.5711,0.8607,0.2228,-0.02368,-0.01502,0.0157,-0.1123,-0.0890,0.0217,0.00000,0.00000,0.4043,0.7786
1640,65.6000,0.2349,0.0000,-0.0517,0.3295,-0.0099,0.0361,0.0506,-0.1218,-0.0434,0.5775,0.8721,0.2232,-0.02855,-0.01173,0.0205,-0.0833,-0.1030,0.0168,0.00000,0.00000,0.4101,0.7889
1641,65.6400,0.2333,0.0000,-0.0524,0.3208,-0.0051,0.0489,0.0256,0.0259,-0.0571,0.5838,0.8833,0.2238,-0.03012,-0.00756,0.0249,-0.1113,-0.1194,0.0373,0.00000,0.00000,0.4158,0.7991
1642,65.6800,0.2317,0.0000,-0.0533,0.3217,0.0173,0.0284,-0.0914,-0.0442,-0.1249,0.5895,0.8949,0.2243,-0.03119,-0.01069,0.0355,-0.1073,-0.0774,-0.0028,0.00000,0.00000,0.4216,0.8092
1643,65.7200,0.2301,0.0000,-0.0538,0.3119,0.0069,0.0214,-0.0373,0.1001,-0.1236,0.5950,0.9063,0.2240,-0.02891,-0.01554,0.0247,-0.0957,-0.1055,0.0440,0.00000,0.00000,0.4273,0.8193
1644,65.7600,0.2284,0.0000,-0.0540,0.3199,-0.0097,0.0250,0.0486,-0.0612,0.0090,0.6010,0.9174,0.2239,-0.02836,-0.01453,-0.0020,-0.1173,-0.1383,-0.0012,0.00000,0.00000,0.4331,0.8293
1645,65.8000,0.2266,0.0000,-0.0545,0.3122,0.0023,0.0341,-0.0104,0.0693,-0.1668,0.6073,0.9284,0.2239,-0.02860,-0.01158,0.0286,-0.1104,-0.0941,0.0128,0.00000,0.00000,0.4388,0.8393
1646,65.8400,0.2249,0.0000,-0.0548,0.3143,0.0022,0.0425,-0.0128,0.0020,-0.0420,0.6131,0.9395,0.2245,-0.02685,-0.01320,0.0088,-0.1264,-0.1265,0.0211,0.00000,0.00000,0.4446,0.8492
1647,65.8800,0.2231,0.0000,-0.0549,0.3097,-0.0112,0.0175,0.0571,0.0752,-0.0408,0.6194,0.9503,0.2244,-0.02507,-0.01016,-0.0044,-0.1044,-0.1125,0.0182,0.00000,0.00000,0.4503,0.8591
1648,65.9200,0.2213,0.0000,-0.0552,0.2937,0.0093,0.0333,-0.0499,0.3821,0.0406,0.6255,0.9611,0.2242,-0.01525,-0.00901,0.0056,-0.1369,-0.1137,-0.0123,0.00000,0.00000,0.4560,0.8689
1649,65.9600,0.2195,0.0000,-0.0560,0.3112,-0.0048,0.0280,0.0257,0.0946,-0.1130,0.6311,0.9721,0.2240,-0.00591,-0.01168,0.0063,-0.0816,-0.1092,0.0795,0.00000,0.00000,0.4617,0.8786
1650,66.0000,0.2177,0.0000,-0.0569,0.3256,0.0093,0.0284,-0.0497,-0.0822,-0.0691,0.6374,0.9833,0.2237,-0.00785,-0.01150,0.0320,-0.1141,-0.0653,-0.0467,0.00000,0.00000,0.4674,0.8883
1651,66.0400,0.2158,0.0000,-0.0576,0.3276,-0.0012,0.0390,0.0070,-0.0812,-0.1217,0.6434,0.9947,0.2237,-0.01023,-0.01357,0.0288,-0.0842,-0.1143,0.0729,0.00000,0.00000,0.4731,0.8980
1652,66.0800,0.2138,0.0000,-0.0582,0.3289,-0.0014,0.0511,0.0064,-0.0323,-0.0550,0.6500,1.0061,0.2243,-0.01255,-0.01187,0.0330,-0.1170,-0.1222,-0.0174,0.00000,0.00000,0.4788,0.9075
1653,66.1200,0.2118,0.0000,-0.0587,0.3414,0.0053,0.0374,-0.0267,-0.2566,-0.1595,0.6563,1.0177,0.2247,-0.01972,-0.01309,0.0365,-0.1129,-0.0971,0.0449,0.00000,0.00000,0.4845,0.9171
1654,66.1600,0.2097,0.0000,-0.0591,0.3218,-0.0084,0.0406,0.0426,0.1264,-0.0654,0.6630,1.0290,0.2251,-0.01999,-0.01069,0.0163,-0.1129,-0.1530,0.0066,0.00000,0.00000,0.4902,0.9265
1655,66.2000,0.2076,0.0000,-0.0593,0.3356,0.0108,0.0295,-0.0559,-0.1520,-0.1233,0.6695,1.0405,0.2252,-0.02242,-0.01168,0.0538,-0.1101,-0.0880,0.0275,0.00000,0.00000,0.4958,0.9359
1656,66.2400,0.2054,0.0000,-0.0594,0.3247,0.0080,0.0230,-0.0423,0.0295,-0.0837,0.6757,1.0520,0.2251,-0.02369,-0.01478,0.0380,-0.0998,-0.1143,0.0069,0.00000,0.00000,0.5015,0.9453
1657,66.2800,0.2031,0.0000,-0.0595,0.3220,0.0042,0.0270,-0.0223,0.0713,-0.0898,0.6820,1.0634,0.2248,-0.02158,-0.01690,0.0303,-0.1126,-0.1122,0.0258,0.00000,0.00000,0.5072,0.9546
1658,66.3200,0.2008,0.0000,-0.0596,0.3289,0.0030,0.0221,-0.0164,-0.0653,-0.1238,0.6885,1.0747,0.2246,-0.02222,-0.01812,0.0355,-0.1003,-0.0829,0.0160,0.00000,0.00000,0.5128,0.9638
1659,66.3600,0.1984,0.0000,-0.0596,0.3308,-0.0027,0.0263,0.0136,-0.1209,-0.1289,0.6952,1.0859,0.2244,-0.02583,-0.01746,0.0369,-0.0981,-0.1144,0.0154,0.00000,0.00000,0.5184,0.9730
1660,66.4000,0.1960,0.0000,-0.0595,0.3262,-0.0059,0.0303,0.0300,-0.0524,-0.1383,0.7022,1.0969,0.2244,-0.02913,-0.01472,0.0284,-0.0994,-0.1102,0.0142,0.00000,0.00000,0.5241,0.9821
1661,66.4400,0.1935,0.0000,-0.0592,0.3264,0.0034,0.0425,-0.0185,-0.1084,-0.0772,0.7089,1.1080,0.2248,-0.03272,-0.01404,0.0370,-0.1314,-0.1285,0.0144,0.00000,0.00000,0.5297,0.9911
1662,66.4800,0.1910,0.0000,-0.0590,0.3167,-0.0113,0.0185,0.0574,0.0130,-0.0355,0.7158,1.1187,0.2250,-0.03352,-0.01178,-0.0005,-0.1027,-0.1338,0.0095,0.00000,0.00000,0.5353,1.0001
1663,66.5200,0.1884,0.0000,-0.0590,0.3145,0.0052,0.0245,-0.0272,-0.0099,-0.1291,0.7225,1.1294,0.2247,-0.03438,-0.01004,0.0369,-0.1158,-0.1022,0.0273,0.00000,0.00000,0.5409,1.0090
1664,66.5600,0.1859,0.0000,-0.0592,0.3179,0.0183,0.0278,-0.0960,-0.1549,-0.1039,0.7286,1.1404,0.2248,-0.03793,-0.01520,0.0417,-0.1166,-0.1065,-0.0069,0.00000,0.00000,0.5465,1.0178
1665,66.6000,0.1833,0.0000,-0.0592,0.3137,-0.0133,0.0193,0.0677,-0.1558,-0.0116,0.7351,1.1509,0.2247,-0.04325,-0.01543,0.0140,-0.1001,-0.1441,0.0384,0.00000,0.00000,0.5521,1.0266
1666,66.6400,0.1807,0.0000,-0.0596,0.2956,-0.0045,0.0174,0.0236,0.0951,-0.1323,0.7421,1.1609,0.2244,-0.04418,-0.00994,0.0365,-0.0899,-0.0952,-0.0086,0.00000,0.00000,0.5576,1.0353
1667,66.6800,0.1781,0.0000,-0.0601,0.3037,0.0014,0.0336,-0.0080,-0.1902,-0.0871,0.7483,1.1710,0.2246,-0.04646,-0.01050,0.0284,-0.1113,-0.1438,0.0421,0.00000,0.00000,0.5632,1.0440
1668,66.7200,0.1756,0.0000,-0.0606,0.2901,0.0045,0.0207,-0.0238,-0.0474,-0.1140,0.7546,1.1809,0.2247,-0.05114,-0.01013,0.0462,-0.0946,-0.0963,-0.0115,0.00000,0.00000,0.5688,1.0526
1669,66.7600,0.1730,0.0000,-0.0611,0.2678,0.0089,0.0096,-0.0461,0.2161,-0.1491,0.7605,1.1905,0.2243,-0.04648,-0.01205,0.0154,-0.0974,-0.1115,0.0095,0.00000,0.00000,0.5743,1.0611
1670,66.8000,0.1705,0.0000,-0.0614,0.2640,0.0111,0.0209,-0.0585,0.1923,-0.0535,0.7660,1.1999,0.2239,-0.03862,-0.01602,0.0088,-0.1273,-0.1061,0.0027,0.00000,0.00000,0.5798,1.0695
1671,66.8400,0.1680,0.0000,-0.0618,0.2721,-0.0167,0.0274,0.0870,-0.0204,-0.0401,0.7719,1.2088,0.2238,-0.03515,-0.01493,0.0064,-0.0982,-0.1325,0.0491,0.00000,0.00000,0.5854,1.0779
1672,66.8800,0.1655,0.0000,-0.0627,0.2699,-0.0123,0.0469,0.0643,-0.0109,-0.0913,0.7785,1.2174,0.2243,-0.03651,-0.00801,0.0250,-0.1217,-0.1236,0.0007,0.00000,0.00000,0.5909,1.0862
1673,66.9200,0.1631,0.0000,-0.0637,0.2658,0.0191,0.0310,-0.0986,-0.0392,-0.1441,0.7842,1.2264,0.2248,-0.03816,-0.00953,0.0457,-0.1102,-0.0801,-0.0075,0.00000,0.00000,0.5964,1.0945
1674,66.9600,0.1608,0.0000,-0.0646,0.2528,0.0146,0.0158,-0.0756,0.1101,-0.1176,0.7893,1.2355,0.2245,-0.03547,-0.01568,0.0300,-0.1010,-0.1115,0.0247,0.00000,0.00000,0.6019,1.1026
1675,67.0000,0.1584,0.0000,-0.0654,0.2628,-0.0065,0.0223,0.0341,-0.1233,-0.0814,0.7949,1.2441,0.2241,-0.03631,-0.01705,0.0230,-0.1030,-0.1198,0.0371,0.00000,0.00000,0.6074,1.1107
1676,67.0400,0.1561,0.0000,-0.0663,0.2603,-0.0046,0.0379,0.0248,-0.1245,-0.1913,0.8010,1.2525,0.2242,-0.04183,-0.01355,0.0448,-0.1065,-0.1024,0.0099,0.00000,0.00000,0.6129,1.1188
1677,67.0800,0.1539,0.0000,-0.0671,0.2489,-0.0012,0.0473,0.0057,-0.0078,-0.0627,0.8068,1.2607,0.2251,-0.04372,-0.01215,0.0174,-0.1382,-0.1471,0.0040,0.00000,0.00000,0.6184,1.1267
1678,67.1200,0.1516,0.0000,-0.0679,0.2550,-0.0093,0.0168,0.0477,-0.2567,-0.0610,0.8126,1.2687,0.2252,-0.04971,-0.01039,0.0213,-0.1040,-0.1235,0.0408,0.00000,0.00000,0.6238,1.1346
1679,67.1600,0.1494,0.0000,-0.0690,0.2442,-0.0128,0.0176,0.0657,-0.1994,-0.0387,0.8186,1.2763,0.2249,-0.05827,-0.00530,0.0285,-0.0951,-0.1429,0.0214,0.00000,0.00000,0.6293,1.1424
1680,67.2000,0.1472,0.0000,-0.0705,0.2212,0.0037,0.0090,-0.0192,0.0490,-0.0288,0.8241,1.2836,0.2245,-0.06030,-0.00302,0.0169,-0.0876,-0.1194,-0.0230,0.00000,0.00000,0.6347,1.1502
1681,67.2400,0.1451,0.0000,-0.0723,0.2031,0.0250,0.0290,-0.1299,0.2199,-0.0458,0.8284,1.2911,0.2243,-0.05473,-0.00876,0.0216,-0.1341,-0.1160,0.0251,0.00000,0.00000,0.6401,1.1578
1682,67.2800,0.1431,0.0000,-0.0747,0.2065,-0.0002,0.0163,0.0011,0.0188,-0.1001,0.8326,1.2983,0.2241,-0.04959,-0.01368,0.0068,-0.0893,-0.1141,0.0309,0.00000,0.00000,0.6456,1.1654
1683,67.3200,0.1412,0.0000,-0.0771,0.1890,-0.0007,0.0314,0.0033,0.2605,-0.0138,0.8374,1.3047,0.2240,-0.04403,-0.01158,0.0146,-0.1321,-0.1120,-0.0264,0.00000,0.00000,0.6510,1.1729
1684,67.3600,0.1394,0.0000,-0.0798,0.1813,0.0114,0.0318,-0.0588,0.3019,-0.0806,0.8416,1.3112,0.2241,-0.03243,-0.01411,0.0124,-0.1192,-0.1033,0.0120,0.00000,0.00000,0.6564,1.1804
1685,67.4000,0.1377,0.0000,-0.0828,0.1992,-0.0009,0.0248,0.0066,-0.0728,-0.1472,0.8458,1.3177,0.2239,-0.02909,-0.01634,0.0199,-0.1024,-0.1003,0.0325,0.00000,0.00000,0.6618,1.1878
1686,67.4400,0.1360,0.0000,-0.0857,0.1997,-0.0212,0.0479,0.1110,-0.0785,-0.0703,0.8509,1.3237,0.2242,-0.03219,-0.01103,0.0073,-0.1226,-0.1384,0.0315,0.00000,0.00000,0.6671,1.1950
1687,67.4800,0.1344,0.0000,-0.0886,0.1989,0.0014,0.0383,-0.0077,-0.1287,-0.0002,0.8559,1.3298,0.2248,-0.03718,-0.00708,0.0263,-0.1255,-0.1065,-0.0245,0.00000,0.00000,0.6725,1.2023
1688,67.5200,0.1328,0.0000,-0.0918,0.1720,0.0178,0.0230,-0.0920,0.2791,-0.0871,0.8599,1.3361,0.2246,-0.03211,-0.01019,0.0395,-0.0939,-0.1074,0.0163,0.00000,0.00000,0.6779,1.2094
1689,67.5600,0.1313,0.0000,-0.0953,0.1832,0.0107,0.0254,-0.0535,0.0348,-0.1773,0.8635,1.3424,0.2242,-0.02642,-0.01613,0.0288,-0.1021,-0.1096,0.0402,0.00000,0.00000,0.6832,1.2165
1690,67.6000,0.1298,0.0000,-0.0986,0.1858,-0.0040,0.0472,0.0220,0.0009,-0.1137,0.8678,1.3485,0.2245,-0.02619,-0.01611,0.0377,-0.1228,-0.1119,0.0127,0.00000,0.00000,0.6885,1.2234
1691,67.6400,0.1284,0.0000,-0.1018,0.1778,0.0013,0.0286,-0.0071,0.1175,-0.0389,0.8723,1.3543,0.2248,-0.02375,-0.01484,0.0103,-0.1286,-0.1059,-0.0324,0.00000,0.00000,0.6939,1.2303
1692,67.6800,0.1270,0.0000,-0.1051,0.1708,-0.0035,0.0177,0.0200,0.2281,-0.1048,0.8766,1.3600,0.2242,-0.01594,-0.01436,0.0066,-0.0995,-0.1153,0.0354,0.00000,0.00000,0.6992,1.2372
1693,67.7200,0.1256,0.0000,-0.1087,0.1879,-0.0050,0.0346,0.0280,-0.0520,-0.1028,0.8811,1.3657,0.2239,-0.01357,-0.01301,0.0219,-0.1066,-0.1116,0.0152,0.00000,0.00000,0.7045,1.2439
1694,67.7600,0.1242,0.0000,-0.1123,0.1988,-0.0181,0.0447,0.0964,-0.2133,-0.1464,0.8861,1.3714,0.2242,-0.01949,-0.00849,0.0107,-0.1046,-0.1298,0.0358,0.00000,0.00000,0.7098,1.2506
1695,67.8000,0.1229,0.0000,-0.1158,0.1897,-0.0042,0.0520,0.0212,-0.0424,0.0036,0.8913,1.3771,0.2250,-0.02438,-0.00366,0.0182,-0.1338,-0.1397,-0.0217,0.00000,0.00000,0.7151,1.2572
1696,67.8400,0.1215,0.0000,-0.1197,0.1783,0.0035,0.0195,-0.0186,0.1239,-0.0001,0.8957,1.3830,0.2250,-0.02182,-0.00384,-0.0003,-0.1038,-0.1233,0.0214,0.00000,0.00000,0.7203,1.2637
1697,67.8800,0.1201,0.0000,-0.1242,0.1877,0.0115,0.0357,-0.0576,-0.0517,-0.1327,0.8998,1.3891,0.2246,-0.02142,-0.00690,0.0351,-0.1174,-0.1120,0.0608,0.00000,0.00000,0.7256,1.2701
1698,67.9200,0.1187,0.0000,-0.1290,0.1947,-0.0018,0.0397,0.0124,-0.1641,-0.2111,0.9043,1.3952,0.2249,-0.02568,-0.00809,0.0290,-0.0961,-0.1137,0.0219,0.00000,0.00000,0.7308,1.2764
1699,67.9600,0.1173,0.0000,-0.1333,0.1858,-0.0066,0.0395,0.0357,-0.0043,-0.1855,0.9092,1.4009,0.2252,-0.02883,-0.00519,0.0211,-0.1160,-0.1208,0.0223,0.00000,0.00000,0.7361,1.2827
1700,68.0000,0.1159,0.0000,-0.1372,0.1777,0.0215,0.0292,-0.1102,0.0921,-0.1668,0.9135,1.4069,0.2253,-0.02735,-0.00737,0.0354,-0.1275,-0.0906,-0.0081,0.00000,0.00000,0.7413,1.2889
1701,68.0400,0.1144,0.0000,-0.1409,0.1771,-0.0094,0.0109,0.0479,0.0700,0.0140,0.9176,1.4127,0.2248,-0.02258,-0.00970,-0.0211,-0.1014,-0.1516,0.0407,0.00000,0.00000,0.7465,1.2950
1702,68.0800,0.1129,0.0000,-0.1450,0.1805,0.0108,0.0412,-0.0513,0.0375,-0.3060,0.9223,1.4183,0.2243,-0.02222,-0.00866,0.0633,-0.1151,-0.0825,0.0276,0.00000,0.00000,0.7517,1.3010
1703,68.1200,0.1114,0.0000,-0.1491,0.1991,-0.0121,0.0465,0.0630,-0.3181,-0.0697,0.9268,1.4241,0.2251,-0.02765,-0.00934,-0.0047,-0.1160,-0.1520,0.0203,0.00000,0.00000,0.7569,1.3069
1704,68.1600,0.1099,0.0000,-0.1530,0.1826,-0.0002,0.0239,0.0024,-0.0469,-0.2514,0.9321,1.4295,0.2250,-0.03529,-0.00479,0.0611,-0.0887,-0.0789,0.0081,0.00000,0.00000,0.7621,1.3128
1705,68.2000,0.1083,0.0000,-0.1567,0.1748,0.0189,0.0272,-0.0970,0.0099,-0.2379,0.9362,1.4353,0.2249,-0.03541,-0.00834,0.0264,-0.1073,-0.1010,0.0301,0.00000,0.00000,0.7672,1.3185
1706,68.2400,0.1068,0.0000,-0.1600,0.1820,-0.0101,0.0304,0.0530,-0.1777,-0.1208,0.9406,1.4407,0.2248,-0.03841,-0.00955,0.0107,-0.1092,-0.1546,0.0486,0.00000,0.00000,0.7724,1.3242
1707,68.2800,0.1052,0.0000,-0.1635,0.1663,-0.0036,0.0363,0.0188,0.0696,-0.1230,0.9455,1.4456,0.2249,-0.04065,-0.00551,0.0212,-0.1268,-0.1176,-0.0212,0.00000,0.00000,0.7775,1.3298
1708,68.3200,0.1036,0.0000,-0.1673,0.1636,0.0030,0.0300,-0.0143,0.0065,-0.1487,0.9498,1.4506,0.2251,-0.03876,-0.00589,0.0069,-0.1139,-0.1328,0.0367,0.00000,0.00000,0.7826,1.3353
1709,68.3600,0.1020,0.0000,-0.1713,0.1551,0.0119,0.0347,-0.0604,0.1100,-0.1951,0.9538,1.4557,0.2251,-0.03660,-0.00736,0.0341,-0.1233,-0.1051,0.0113,0.00000,0.00000,0.7878,1.3408
1710,68.4000,0.1005,0.0000,-0.1754,0.1403,0.0153,0.0134,-0.0784,0.3234,-0.1657,0.9575,1.4607,0.2247,-0.02694,-0.01103,0.0138,-0.1023,-0.0861,-0.0160,0.00000,0.00000,0.7929,1.3461
1711,68.4400,0.0989,0.0000,-0.1794,0.1508,0.0000,0.0208,0.0037,0.1184,-0.2243,0.9613,1.4655,0.2239,-0.01862,-0.01342,0.0241,-0.0941,-0.1026,0.0655,0.00000,0.00000,0.7979,1.3513
1712,68.4800,0.0974,0.0000,-0.1834,0.1685,-0.0076,0.0487,0.0435,-0.1605,-0.2329,0.9658,1.4700,0.2240,-0.02078,-0.01151,0.0267,-0.1199,-0.1212,-0.0029,0.00000,0.00000,0.8030,1.3565
1713,68.5200,0.0959,0.0000,-0.1874,0.1598,-0.0067,0.0514,0.0376,0.0161,-0.2856,0.9706,1.4745,0.2248,-0.02342,-0.00808,0.0338,-0.1064,-0.1014,0.0225,0.00000,0.00000,0.8081,1.3616
1714,68.5600,0.0944,0.0000,-0.1910,0.1595,-0.0080,0.0290,0.0414,-0.0179,-0.0445,0.9752,1.4789,0.2252,-0.02306,-0.00572,-0.0007,-0.1174,-0.1402,0.0021,0.00000,0.00000,0.8131,1.3666
1715,68.6000,0.0928,0.0000,-0.1950,0.1698,0.0168,0.0244,-0.0836,-0.2551,-0.2964,0.9796,1.4837,0.2246,-0.03052,-0.00693,0.0623,-0.1011,-0.0800,0.0475,0.00000,0.00000,0.8182,1.3715
1716,68.6400,0.0913,0.0000,-0.1993,0.1650,0.0090,0.0414,-0.0461,-0.2069,-0.1367,0.9836,1.4887,0.2249,-0.03855,-0.01048,0.0257,-0.1189,-0.1410,-0.0077,0.00000,0.00000,0.8232,1.3763
1717,68.6800,0.0897,0.0000,-0.2037,0.1639,0.0050,0.0275,-0.0252,-0.2761,-0.2858,0.9878,1.4933,0.2249,-0.04902,-0.01157,0.0517,-0.1012,-0.0937,0.0370,0.00000,0.00000,0.8282,1.3810
1718,68.7200,0.0881,0.0000,-0.2081,0.1454,-0.0072,0.0280,0.0373,-0.0548,-0.1962,0.9922,1.4974,0.2249,-0.05394,-0.00995,0.0210,-0.0995,-0.1355,0.0069,0.00000,0.00000,0.8332,1.3857
1719,68.7600,0.0866,0.0000,-0.2126,0.1268,0.0238,0.0156,-0.1240,0.1372,-0.1504,0.9959,1.5015,0.2245,-0.05277,-0.01146,0.0291,-0.1304,-0.0824,-0.0479,0.00000,0.00000,0.8382,1.3902
1720,68.8000,0.0850,0.0000,-0.2174,0.1338,-0.0051,0.0214,0.0271,-0.1447,-0.0875,0.9992,1.5054,0.2240,-0.05234,-0.01510,-0.0020,-0.1079,-0.1483,0.0832,0.00000,0.00000,0.8431,1.3947
1721,68.8400,0.0836,0.0000,-0.2231,0.1066,-0.0069,0.0339,0.0369,0.2928,-0.2504,1.0032,1.5084,0.2238,-0.04811,-0.01071,0.0527,-0.0792,-0.0929,-0.0457,0.00000,0.00000,0.8481,1.3990
1722,68.8800,0.0822,0.0000,-0.2289,0.1101,-0.0139,0.0355,0.0742,0.1112,-0.1907,1.0067,1.5113,0.2241,-0.04044,-0.00824,-0.0233,-0.1124,-0.1293,0.0528,0.00000,0.00000,0.8530,1.4033
1723,68.9200,0.0808,0.0000,-0.2350,0.1211,0.0109,0.0334,-0.0553,-0.1900,-0.3560,1.0102,1.5144,0.2240,-0.04438,-0.00692,0.0669,-0.0968,-0.0612,0.0063,0.00000,0.00000,0.8580,1.4075
1724,68.9600,0.0795,0.0000,-0.2407,0.1021,0.0042,0.0479,-0.0213,0.0702,-0.2034,1.0132,1.5175,0.2245,-0.04511,-0.00838,0.0101,-0.1253,-0.1357,0.0277,0.00000,0.00000,0.8629,1.4116
1725,69.0000,0.0783,0.0000,-0.2465,0.0795,0.0066,0.0186,-0.0335,0.4037,-0.1490,1.0160,1.5202,0.2245,-0.03454,-0.00871,0.0089,-0.1078,-0.0956,-0.0281,0.00000,0.00000,0.8678,1.4156
1726,69.0400,0.0771,0.0000,-0.2527,0.0895,-0.0021,0.0163,0.0142,0.1712,-0.1877,1.0187,1.5228,0.2236,-0.02370,-0.00966,-0.0021,-0.1034,-0.1077,0.0557,0.00000,0.00000,0.8727,1.4196
1727,69.0800,0.0760,0.0000,-0.2595,0.1031,0.0009,0.0479,0.0005,-0.0421,-0.3466,1.0218,1.5254,0.2235,-0.02250,-0.00879,0.0398,-0.1050,-0.0895,0.0174,0.00000,0.00000,0.8775,1.4234
1728,69.1200,0.0750,0.0000,-0.2662,0.1028,-0.0060,0.0573,0.0343,-0.0161,-0.2774,1.0250,1.5279,0.2245,-0.02348,-0.00736,0.0127,-0.1222,-0.1204,0.0111,0.00000,0.00000,0.8824,1.4271
1729,69.1600,0.0740,0.0000,-0.2728,0.0894,0.0076,0.0306,-0.0367,0.2181,-0.2589,1.0282,1.5304,0.2248,-0.01909,-0.00651,0.0283,-0.1100,-0.0898,-0.0098,0.00000,0.00000,0.8872,1.4308
1730,69.2000,0.0730,0.0000,-0.2794,0.1008,0.0124,0.0221,-0.0596,-0.0086,-0.3195,1.0309,1.5333,0.2242,-0.01543,-0.00964,0.0401,-0.0909,-0.0913,0.0505,0.00000,0.00000,0.8921,1.4343
1731,69.2400,0.0721,0.0000,-0.2861,0.1120,-0.0145,0.0387,0.0800,-0.1499,-0.2792,1.0343,1.5358,0.2241,-0.01884,-0.00859,0.0118,-0.1017,-0.1267,0.0372,0.00000,0.00000,0.8969,1.4378
1732,69.2800,0.0711,0.0000,-0.2930,0.1206,-0.0021,0.0449,0.0095,-0.2628,-0.2601,1.0381,1.5382,0.2245,-0.02850,-0.00552,0.0346,-0.1161,-0.0976,0.0012,0.00000,0.00000,0.9017,1.4412
1733,69.3200,0.0702,0.0000,-0.3000,0.1042,0.0218,0.0469,-0.1149,0.0229,-0.3867,1.0414,1.5412,0.2249,-0.03216,-0.00764,0.0581,-0.1115,-0.1119,0.0283,0.00000,0.00000,0.9065,1.4445
1734,69.3600,0.0693,0.0000,-0.3070,0.0990,0.0084,0.0200,-0.0438,0.1224,-0.3265,1.0443,1.5443,0.2249,-0.02822,-0.01133,0.0041,-0.1077,-0.1217,0.0113,0.00000,0.00000,0.9113,1.4477
1735,69.4000,0.0683,0.0000,-0.3139,0.1078,-0.0084,0.0176,0.0440,-0.0116,-0.3119,1.0478,1.5467,0.2241,-0.02688,-0.01044,0.0163,-0.1019,-0.1131,0.0476,0.00000,0.00000,0.9160,1.4507
1736,69.4400,0.0674,0.0000,-0.3210,0.1075,-0.0046,0.0354,0.0235,0.0343,-0.2533,1.0517,1.5488,0.2239,-0.02654,-0.00802,0.0125,-0.1111,-0.1180,0.0026,0.00000,0.00000,0.9208,1.4538
1737,69.4800,0.0665,0.0000,-0.3285,0.1031,0.0040,0.0379,-0.0196,0.1370,-0.3886,1.0553,1.5513,0.2240,-0.02274,-0.00757,0.0289,-0.0937,-0.1118,0.0365,0.00000,0.00000,0.9255,1.4567
1738,69.5200,0.0656,0.0000,-0.3361,0.1119,-0.0043,0.0188,0.0231,0.0134,-0.2635,1.0590,1.5537,0.2238,-0.02018,-0.00731,-0.0187,-0.1061,-0.1206,0.0014,0.00000,0.00000,0.9302,1.4595
1739,69.5600,0.0647,0.0000,-0.3439,0.1280,-0.0091,0.0349,0.0492,-0.2433,-0.3315,1.0632,1.5560,0.2234,-0.02596,-0.00520,0.0208,-0.0965,-0.1324,0.0761,0.00000,0.00000,0.9349,1.4622
1740,69.6000,0.0638,0.0000,-0.3523,0.1166,0.0141,0.0571,-0.0739,0.0090,-0.3768,1.0673,1.5585,0.2240,-0.03037,-0.00485,0.0453,-0.1125,-0.1102,-0.0122,0.00000,0.00000,0.9396,1.4648
1741,69.6400,0.0628,0.0000,-0.3606,0.1184,0.0189,0.0403,-0.0957,-0.0647,-0.4854,1.0708,1.5617,0.2246,-0.03128,-0.00899,0.0415,-0.1042,-0.1280,0.0544,0.00000,0.00000,0.9443,1.4674
1742,69.6800,0.0618,0.0000,-0.3687,0.1224,-0.0062,0.0320,0.0319,-0.1298,-0.3426,1.0748,1.5643,0.2247,-0.03531,-0.00949,0.0152,-0.1148,-0.1469,0.0383,0.00000,0.00000,0.9489,1.4698
1743,69.7200,0.0609,0.0000,-0.3767,0.1225,-0.0021,0.0212,0.0098,-0.1781,-0.4080,1.0792,1.5664,0.2243,-0.04222,-0.00733,0.0270,-0.1006,-0.1221,0.0217,0.00000,0.00000,0.9536,1.4722
1744,69.7600,0.0599,0.0000,-0.3849,0.1085,0.0156,0.0196,-0.0815,0.0040,-0.4035,1.0831,1.5688,0.2239,-0.04517,-0.00811,0.0198,-0.1023,-0.1200,-0.0035,0.00000,0.00000,0.9582,1.4744
1745,69.8000,0.0589,0.0000,-0.3932,0.0984,0.0153,0.0260,-0.0773,0.1264,-0.5073,1.0865,1.5715,0.2234,-0.04181,-0.01108,0.0251,-0.0952,-0.1228,0.0448,0.00000,0.00000,0.9628,1.4766
1746,69.8400,0.0580,0.0000,-0.4013,0.0987,-0.0088,0.0329,0.0476,0.1104,-0.3838,1.0902,1.5734,0.2233,-0.03701,-0.01086,-0.0015,-0.1044,-0.1330,0.0300,0.00000,0.00000,0.9674,1.4786
1747,69.8800,0.0571,0.0000,-0.4093,0.1034,-0.0059,0.0333,0.0317,-0.0130,-0.4626,1.0942,1.5748,0.2233,-0.03603,-0.00800,0.0333,-0.0919,-0.1174,0.0264,0.00000,0.00000,0.9720,1.4806
1748,69.9200,0.0562,0.0000,-0.4175,0.1074,-0.0057,0.0350,0.0309,-0.1323,-0.4552,1.0981,1.5763,0.2234,-0.03932,-0.00609,-0.0021,-0.1014,-0.1457,0.0345,0.00000,0.00000,0.9765,1.4825
1749,69.9600,0.0554,0.0000,-0.4258,0.0933,0.0027,0.0481,-0.0134,0.1008,-0.4449,1.1019,1.5777,0.2237,-0.03951,-0.00459,0.0293,-0.1078,-0.1281,0.0425,0.00000,0.00000,0.9811,1.4843
1750,70.0000,0.0546,0.0000,-0.4341,0.0924,0.0082,0.0156,-0.0407,0.0318,-0.3337,1.1053,1.5795,0.2237,-0.03679,-0.00546,-0.0083,-0.1034,-0.1352,-0.0097,0.00000,0.00000,0.9856,1.4860
1751,70.0400,0.0539,0.0000,-0.4420,0.0825,0.0181,0.0267,-0.0897,0.1808,-0.5111,1.1085,1.5814,0.2229,-0.03264,-0.00757,0.0382,-0.0951,-0.1042,0.0625,0.00000,0.00000,0.9901,1.4875
1752,70.0800,0.0532,0.0000,-0.4489,0.1005,-0.0046,0.0258,0.0285,-0.1583,-0.4659,1.1119,1.5831,0.2227,-0.03272,-0.00887,-0.0071,-0.0821,-0.1291,0.0361,0.00000,0.00000,0.9946,1.4890
1753,70.1200,0.0526,0.0000,-0.4551,0.0969,-0.0095,0.0461,0.0517,-0.0805,-0.5691,1.1158,1.5839,0.2227,-0.03816,-0.00559,0.0243,-0.1004,-0.1262,0.0495,0.00000,0.00000,0.9991,1.4904
1754,70.1600,0.0521,0.0000,-0.4605,0.0925,-0.0047,0.0485,0.0250,-0.0472,-0.4146,1.1194,1.5848,0.2236,-0.04010,-0.00332,-0.0033,-0.1094,-0.1559,0.0136,0.00000,0.00000,1.0036,1.4917
1755,70.2000,0.0516,0.0000,-0.4652,0.0878,0.0182,0.0190,-0.0914,-0.0617,-0.4657,1.1228,1.5861,0.2234,-0.04320,-0.00401,0.0191,-0.1043,-0.1123,0.0175,0.00000,0.00000,1.0080,1.4930
1756,70.2400,0.0512,0.0000,-0.4694,0.0702,0.0087,0.0244,-0.0425,0.2070,-0.4492,1.1258,1.5876,0.2228,-0.03840,-0.00606,-0.0075,-0.0925,-0.1443,0.0549,0.00000,0.00000,1.0125,1.4941
1757,70.2800,0.0508,0.0000,-0.4731,0.0744,0.0133,0.0225,-0.0647,0.0970,-0.5231,1.1288,1.5890,0.2224,-0.03333,-0.00759,0.0143,-0.0903,-0.0994,0.0087,0.00000,0.00000,1.0169,1.4951
1758,70.3200,0.0505,0.0000,-0.4763,0.0793,-0.0023,0.0382,0.0176,-0.0086,-0.5441,1.1318,1.5900,0.2222,-0.03171,-0.00800,0.0043,-0.0905,-0.1355,0.0677,0.00000,0.00000,1.0213,1.4960
1759,70.3600,0.0503,0.0000,-0.4791,0.0800,0.0072,0.0551,-0.0345,-0.0182,-0.5556,1.1350,1.5908,0.2228,-0.03319,-0.00738,0.0412,-0.1062,-0.1058,0.0230,0.00000,0.00000,1.0257,1.4968
1760,70.4000,0.0502,0.0000,-0.4816,0.0722,-0.0067,0.0385,0.0367,0.0839,-0.3950,1.1381,1.5914,0.2233,-0.03071,-0.00670,-0.0120,-0.1055,-0.1612,0.0394,0.00000,0.00000,1.0300,1.4976
1761,70.4400,0.0502,0.0000,-0.4838,0.0773,0.0093,0.0108,-0.0443,-0.0626,-0.4501,1.1412,1.5920,0.2227,-0.03192,-0.00621,0.0093,-0.0966,-0.1049,0.0076,0.00000,0.00000,1.0344,1.4982
1762,70.4800,0.0503,0.0000,-0.4858,0.0836,0.0018,0.0302,-0.0024,-0.2182,-0.5269,1.1441,1.5929,0.2221,-0.03752,-0.00700,0.0073,-0.0816,-0.1407,0.0815,0.00000,0.00000,1.0387,1.4987
1763,70.5200,0.0504,0.0000,-0.4875,0.0680,-0.0024,0.0521,0.0153,0.0731,-0.5774,1.1472,1.5931,0.2225,-0.03962,-0.00524,0.0117,-0.0944,-0.1344,0.0134,0.00000,0.00000,1.0430,1.4992
1764,70.5600,0.0506,0.0000,-0.4890,0.0735,-0.0093,0.0361,0.0503,-0.1144,-0.4283,1.1500,1.5933,0.2230,-0.04093,-0.00348,-0.0241,-0.1047,-0.1567,0.0455,0.00000,0.00000,1.0473,1.4995
1765,70.6000,0.0509,0.0000,-0.4903,0.0672,0.0129,0.0384,-0.0635,-0.0875,-0.5059,1.1528,1.5936,0.2230,-0.04571,-0.00265,0.0332,-0.1058,-0.1270,0.0338,0.00000,0.00000,1.0516,1.4998
1766,70.6400,0.0513,0.0000,-0.4915,0.0435,0.0154,0.0368,-0.0783,0.2780,-0.4554,1.1551,1.5945,0.2232,-0.04006,-0.00473,-0.0089,-0.1071,-0.1310,0.0344,0.00000,0.00000,1.0559,1.4999
1767,70.6800,0.0517,0.0000,-0.4925,0.0509,0.0327,0.0073,-0.1653,0.0333,-0.5778,1.1573,1.5959,0.2224,-0.03545,-0.00930,0.0453,-0.0760,-0.0616,0.0186,0.00000,0.00000,1.0602,1.5000
1768,70.7200,0.0524,0.0000,-0.4934,0.0548,0.0038,0.0205,-0.0142,-0.0754,-0.5063,1.1594,1.5968,0.2215,-0.03617,-0.01230,-0.0066,-0.0891,-0.1326,0.0577,0.00000,0.00000,1.0644,1.5000
1769,70.7600,0.0531,0.0000,-0.4942,0.0522,-0.0226,0.0631,0.1225,-0.0133,-0.4305,1.1615,1.5963,0.2219,-0.03755,-0.00879,-0.0025,-0.1108,-0.1754,0.0424,0.00000,0.00000,1.0686,1.4998
1770,70.8000,0.0539,0.0000,-0.4949,0.0303,0.0108,0.0634,-0.0516,0.3512,-0.5886,1.1635,1.5960,0.2232,-0.03075,-0.00615,0.0384,-0.1109,-0.1017,-0.0041,0.00000,0.00000,1.0728,1.4996
1771,70.8400,0.0549,0.0000,-0.4955,0.0390,0.0055,0.0123,-0.0205,0.0984,-0.5446,1.1652,1.5965,0.2231,-0.02183,-0.00808,-0.0065,-0.0753,-0.1208,0.0597,0.00000,0.00000,1.0770,1.4993
1772,70.8800,0.0560,0.0000,-0.4960,0.0392,0.0014,0.0332,0.0011,0.1154,-0.4911,1.1671,1.5966,0.2224,-0.01824,-0.00756,0.0252,-0.1037,-0.1349,0.0449,0.00000,0.00000,1.0812,1.4989
1773,70.9200,0.0572,0.0000,-0.4965,0.0546,-0.0015,0.0350,0.0166,-0.1549,-0.5242,1.1691,1.5966,0.2224,-0.02030,-0.00733,-0.0036,-0.0918,-0.1154,0.0377,0.00000,0.00000,1.0853,1.4983
1774,70.9600,0.0585,0.0000,-0.4969,0.0645,0.0101,0.0509,-0.0536,-0.3139,-0.5967,1.1713,1.5966,0.2227,-0.03091,-0.00746,0.0425,-0.1127,-0.1224,0.0422,0.00000,0.00000,1.0894,1.4977
1775,71.0000,0.0599,0.0000,-0.4973,0.0447,0.0192,0.0333,-0.0981,0.0132,-0.5201,1.1735,1.5970,0.2231,-0.03577,-0.00957,0.0219,-0.1021,-0.1191,-0.0195,0.00000,0.00000,1.0936,1.4970
1776,71.0400,0.0614,0.0000,-0.4976,0.0494,0.0037,0.0091,-0.0185,-0.1655,-0.4393,1.1754,1.5974,0.2223,-0.03942,-0.01162,-0.0141,-0.1007,-0.1255,0.0623,0.00000,0.00000,1.0977,1.4962
1777,71.0800,0.0630,0.0000,-0.4979,0.0324,0.0116,0.0310,-0.0609,0.1076,-0.4607,1.1771,1.5974,0.2216,-0.04012,-0.01176,0.0209,-0.1048,-0.1042,-0.0045,0.00000,0.00000,1.1017,1.4953
1778,71.1200,0.0647,0.0000,-0.4982,0.0237,0.0113,0.0466,-0.0587,0.2116,-0.4957,1.1786,1.5978,0.2218,-0.03291,-0.01384,0.0180,-0.0993,-0.1148,0.0427,0.00000,0.00000,1.1058,1.4943
1779,71.1600,0.0665,0.0000,-0.4984,0.0340,-0.0220,0.0240,0.1157,0.0054,-0.4924,1.1798,1.5973,0.2218,-0.02918,-0.01191,-0.0215,-0.0781,-0.1209,0.0483,0.00000,0.00000,1.1099,1.4932
1780,71.2000,0.0684,0.0000,-0.4986,0.0289,-0.0037,0.0552,0.0199,0.1072,-0.5875,1.1811,1.5963,0.2219,-0.02793,-0.00780,0.0319,-0.1078,-0.1052,0.0426,0.00000,0.00000,1.1139,1.4920
1781,71.2400,0.0704,0.0000,-0.4987,0.0280,0.0102,0.0423,-0.0507,0.0811,-0.5193,1.1825,1.5963,0.2226,-0.02379,-0.00846,0.0053,-0.0990,-0.1214,0.0056,0.00000,0.00000,1.1179,1.4908
1782,71.2800,0.0726,0.0000,-0.4989,0.0312,0.0159,0.0240,-0.0800,-0.0039,-0.5680,1.1840,1.5966,0.2222,-0.02335,-0.01073,0.0290,-0.0971,-0.0977,0.0406,0.00000,0.00000,1.1219,1.4894
1783,71.3200,0.0748,0.0000,-0.4990,0.0215,0.0057,0.0421,-0.0281,0.2066,-0.4895,1.1854,1.5968,0.2221,-0.01841,-0.01233,0.0131,-0.1047,-0.1146,0.0476,0.00000,0.00000,1.1259,1.4879
1784,71.3600,0.0772,0.0000,-0.4991,0.0243,-0.0217,0.0178,0.1151,0.2047,-0.4113,1.1864,1.5960,0.2219,-0.00963,-0.00988,-0.0284,-0.0762,-0.1223,0.0249,0.00000,0.00000,1.1298,1.4863
1785,71.4000,0.0797,0.0000,-0.4992,0.0411,-0.0120,0.0290,0.0680,-0.0453,-0.5506,1.1877,1.5948,0.2212,-0.00854,-0.00561,-0.0030,-0.0846,-0.1075,0.0514,0.00000,0.00000,1.1337,1.4847
1786,71.4400,0.0822,0.0000,-0.4993,0.0437,-0.0018,0.0790,0.0142,-0.0046,-0.4577,1.1893,1.5940,0.2222,-0.00922,-0.00388,0.0083,-0.1218,-0.1568,0.0492,0.00000,0.00000,1.1377,1.4829
1787,71.4800,0.0848,0.0000,-0.4994,0.0539,0.0080,0.0308,-0.0358,-0.1660,-0.5022,1.1912,1.5935,0.2229,-0.01367,-0.00422,0.0055,-0.0932,-0.1161,-0.0102,0.00000,0.00000,1.1416,1.4811
1788,71.5200,0.0874,0.0000,-0.4995,0.0428,0.0021,0.0355,-0.0083,0.0811,-0.3591,1.1931,1.5929,0.2227,-0.01461,-0.00461,-0.0162,-0.1223,-0.1481,0.0720,0.00000,0.00000,1.1455,1.4791
1789,71.5600,0.0900,0.0000,-0.4995,0.0677,0.0000,0.0316,0.0139,-0.3586,-0.5643,1.1952,1.5923,0.2224,-0.02155,-0.00484,0.0174,-0.0752,-0.1197,0.0622,0.00000,0.00000,1.1493,1.4771
1790,71.6000,0.0927,0.0000,-0.4996,0.0589,-0.0053,0.0546,0.0324,-0.1492,-0.4520,1.1972,1.5911,0.2229,-0.03136,-0.00260,0.0028,-0.1150,-0.1479,0.0184,0.00000,0.00000,1.1532,1.4749
1791,71.6400,0.0955,0.0000,-0.4997,0.0318,0.0056,0.0364,-0.0284,0.3274,-0.3978,1.1990,1.5903,0.2233,-0.02587,-0.00164,-0.0202,-0.1092,-0.1335,0.0264,0.00000,0.00000,1.1570,1.4727
1792,71.6800,0.0982,0.0000,-0.4997,0.0373,0.0324,0.0094,-0.1660,0.1852,-0.5407,1.2011,1.5905,0.2225,-0.01680,-0.00620,0.0395,-0.0733,-0.0558,0.0536,0.00000,0.00000,1.1608,1.4704
1793,71.7200,0.1011,0.0000,-0.4997,0.0489,0.0134,0.0316,-0.0626,0.0189,-0.6047,1.2034,1.5907,0.2218,-0.01275,-0.01140,0.0250,-0.0817,-0.1198,0.0750,0.00000,0.00000,1.1646,1.4680
1794,71.7600,0.1040,0.0000,-0.4998,0.0562,-0.0056,0.0495,0.0325,-0.0083,-0.5683,1.2054,1.5897,0.2221,-0.01337,-0.01118,0.0122,-0.1030,-0.1088,0.0215,0.00000,0.00000,1.1684,1.4654
1795,71.8000,0.1070,0.0000,-0.4998,0.0674,-0.0256,0.0409,0.1371,-0.1771,-0.4962,1.2072,1.5879,0.2225,-0.01751,-0.00685,-0.0144,-0.0926,-0.1471,0.0651,0.00000,0.00000,1.1721,1.4628
1796,71.8400,0.1101,0.0000,-0.4998,0.0409,0.0143,0.0443,-0.0725,0.3614,-0.4758,1.2091,1.5862,0.2228,-0.01325,-0.00402,0.0144,-0.1252,-0.1060,-0.0168,0.00000,0.00000,1.1759,1.4601
1797,71.8800,0.1132,0.0000,-0.4998,0.0529,0.0188,0.0083,-0.0924,0.1439,-0.5126,1.2116,1.5861,0.2223,-0.00313,-0.00938,-0.0111,-0.0777,-0.0962,0.0729,0.00000,0.00000,1.1796,1.4573
1798,71.9200,0.1163,0.0000,-0.4999,0.0737,-0.0065,0.0230,0.0404,-0.1179,-0.4838,1.2140,1.5848,0.2213,-0.00385,-0.01027,0.0076,-0.0793,-0.1174,0.0593,0.00000,0.00000,1.1833,1.4545
1799,71.9600,0.1195,0.0000,-0.4999,0.0758,-0.0003,0.0502,0.0064,-0.0380,-0.5361,1.2165,1.5829,0.2214,-0.00750,-0.00843,0.0038,-0.1046,-0.1115,-0.0002,0.00000,0.00000,1.1869,1.4515
1800,72.0000,0.1227,0.0000,-0.4999,0.0709,0.0091,0.0450,-0.0438,0.1227,-0.4878,1.2192,1.5814,0.2219,-0.00553,-0.00944,-0.0027,-0.1089,-0.1003,0.0296,0.00000,0.00000,1.1906,1.4484
1801,72.0400,0.1259,0.0000,-0.4999,0.0805,0.0087,0.0307,-0.0370,0.0084,-0.4777,1.2221,1.5799,0.2219,-0.00326,-0.01182,0.0203,-0.0902,-0.1048,0.0481,0.00000,0.00000,1.1942,1.4452
1802,72.0800,0.1291,0.0000,-0.4999,0.0820,0.0071,0.0399,-0.0296,0.0926,-0.5531,1.2251,1.5781,0.2217,-0.00143,-0.01336,0.0145,-0.1050,-0.1105,0.0280,0.00000,0.00000,1.1979,1.4420
1803,72.1200,0.1323,0.0000,-0.4999,0.0921,-0.0096,0.0328,0.0584,0.0210,-0.4205,1.2280,1.5759,0.2218,0.00069,-0.01300,-0.0158,-0.0941,-0.1151,0.0309,0.00000,0.00000,1.2015,1.4386
1804,72.1600,0.1355,0.0000,-0.4999,0.0949,0.0009,0.0430,0.0058,0.0772,-0.4623,1.2308,1.5732,0.2218,0.00206,-0.01112,0.0203,-0.1093,-0.1170,0.0236,0.00000,0.00000,1.2051,1.4352
1805,72.2000,0.1386,0.0000,-0.4999,0.1048,-0.0066,0.0459,0.0433,0.0188,-0.4312,1.2340,1.5705,0.2222,0.00399,-0.01068,-0.0143,-0.1054,-0.1319,0.0469,0.00000,0.00000,1.2086,1.4316
1806,72.2400,0.1418,0.0000,-0.4999,0.1229,-0.0031,0.0446,0.0232,-0.1970,-0.4965,1.2374,1.5673,0.2224,-0.00118,-0.00903,0.0194,-0.1028,-0.1165,0.0456,0.00000,0.00000,1.2122,1.4280
1807,72.2800,0.1448,0.0000,-0.5000,0.1218,0.0106,0.0450,-0.0462,-0.0862,-0.5510,1.2411,1.5642,0.2227,-0.00688,-0.00965,0.0238,-0.1032,-0.1102,0.0267,0.00000,0.00000,1.2157,1.4243
1808,72.3200,0.1479,0.0000,-0.4994,0.1222,0.0003,0.0489,0.0095,-0.0127,-0.5507,1.2449,1.5611,0.2232,-0.00809,-0.01096,0.0050,-0.1140,-0.1496,0.0729,0.00000,0.00000,1.2192,1.4205
1809,72.3600,0.1509,0.0000,-0.4969,0.1142,0.0017,0.0159,-0.0013,0.2352,-0.4411,1.2484,1.5575,0.2231,-0.00355,-0.01017,-0.0191,-0.1122,-0.0978,-0.0232,0.00000,0.00000,1.2227,1.4166
1810,72.4000,0.1539,0.0000,-0.4928,0.1314,0.0040,0.0274,-0.0140,-0.0079,-0.4867,1.2522,1.5540,0.2222,-0.00013,-0.01164,0.0176,-0.0931,-0.1023,0.1183,0.00000,0.00000,1.2261,1.4126
1811,72.4400,0.1568,0.0000,-0.4877,0.1334,0.0013,0.0392,-0.0010,0.1130,-0.5305,1.2561,1.5500,0.2222,0.00220,-0.01184,0.0032,-0.0953,-0.1026,0.0101,0.00000,0.00000,1.2296,1.4085
1812,72.4800,0.1597,0.0000,-0.4812,0.1452,0.0043,0.0411,-0.0169,0.0148,-0.4741,1.2601,1.5459,0.2223,0.00389,-0.01303,0.0079,-0.1102,-0.1062,0.0485,0.00000,0.00000,1.2330,1.4043
1813,72.5200,0.1626,0.0000,-0.4736,0.1622,0.0036,0.0380,-0.0136,-0.1878,-0.4489,1.2644,1.5414,0.2224,-0.00043,-0.01444,0.0217,-0.1004,-0.1178,0.0372,0.00000,0.00000,1.2364,1.4001
1814,72.5600,0.1653,0.0000,-0.4653,0.1620,-0.0050,0.0433,0.0293,-0.0585,-0.4543,1.2685,1.5364,0.2225,-0.00518,-0.01367,0.0010,-0.1073,-0.1287,0.0516,0.00000,0.00000,1.2398,1.3957
1815,72.6000,0.1680,0.0000,-0.4564,0.1513,0.0033,0.0434,-0.0134,0.2421,-0.3862,1.2725,1.5313,0.2229,-0.00052,-0.01274,-0.0011,-0.1207,-0.1338,0.0075,0.00000,0.00000,1.2432,1.3913
1816,72.6400,0.1706,0.0000,-0.4471,0.1689,0.0045,0.0204,-0.0162,0.0021,-0.4688,1.2769,1.5263,0.2225,0.00327,-0.01497,0.0028,-0.0905,-0.1064,0.0554,0.00000,0.00000,1.2465,1.3868
1817,72.6800,0.1731,0.0000,-0.4372,0.1742,0.0042,0.0354,-0.0173,0.0452,-0.3816,1.2813,1.5208,0.2221,0.00377,-0.01602,0.0044,-0.1149,-0.1148,0.0205,0.00000,0.00000,1.2499,1.3821
1818,72.7200,0.1756,0.0000,-0.4270,0.1789,0.0122,0.0378,-0.0581,0.0818,-0.3776,1.2859,1.5152,0.2221,0.00603,-0.01922,0.0041,-0.1175,-0.1062,0.0159,0.00000,0.00000,1.2532,1.3774
1819,72.7600,0.1779,0.0000,-0.4168,0.1910,0.0143,0.0370,-0.0657,-0.0102,-0.5539,1.2909,1.5094,0.2219,0.00659,-0.02481,0.0344,-0.0938,-0.0808,0.0539,0.00000,0.00000,1.2564,1.3726
1820,72.8000,0.1802,0.0000,-0.4058,0.2084,-0.0188,0.0330,0.0999,-0.1811,-0.2696,1.2953,1.5028,0.2220,0.00276,-0.02412,-0.0218,-0.1037,-0.1386,0.0215,0.00000,0.00000,1.2597,1.3678
1821,72.8400,0.1824,0.0000,-0.3947,0.2065,-0.0067,0.0490,0.0390,-0.0153,-0.4230,1.2993,1.4954,0.2220,-0.00192,-0.01799,0.0153,-0.1205,-0.1222,0.0370,0.00000,0.00000,1.2630,1.3628
1822,72.8800,0.1844,0.0000,-0.3839,0.2180,0.0087,0.0541,-0.0419,-0.1434,-0.3554,1.3041,1.4884,0.2228,-0.00532,-0.01991,0.0148,-0.1161,-0.1226,0.0256,0.00000,0.00000,1.2662,1.3577
1823,72.9200,0.1863,0.0000,-0.3728,0.2281,-0.0002,0.0242,0.0022,-0.2706,-0.3154,1.3089,1.4811,0.2228,-0.01429,-0.02150,0.0195,-0.0944,-0.1130,0.0464,0.00000,0.00000,1.2694,1.3526
1824,72.9600,0.1881,0.0000,-0.3619,0.2194,-0.0020,0.0341,0.0129,-0.0634,-0.4374,1.3134,1.4735,0.2225,-0.02018,-0.02005,0.0245,-0.0896,-0.1302,0.0540,0.00000,0.00000,1.2726,1.3474
1825,73.0000,0.1898,0.0000,-0.3510,0.2154,0.0127,0.0417,-0.0650,0.0463,-0.3948,1.3181,1.4660,0.2229,-0.02072,-0.02238,0.0140,-0.1213,-0.1093,0.0099,0.00000,0.00000,1.2757,1.3420
1826,73.0400,0.1915,0.0000,-0.3397,0.2063,0.0075,0.0183,-0.0392,0.2292,-0.1915,1.3227,1.4587,0.2227,-0.01431,-0.02656,-0.0151,-0.1221,-0.1224,0.0124,0.00000,0.00000,1.2789,1.3366
1827,73.0800,0.1930,0.0000,-0.3289,0.2196,0.0006,0.0065,0.0008,0.0288,-0.3962,1.3272,1.4512,0.2215,-0.01035,-0.02881,0.0005,-0.0841,-0.0889,0.0673,0.00000,0.00000,1.2820,1.3311
1828,73.1200,0.1945,0.0000,-0.3183,0.2379,-0.0001,0.0475,0.0017,-0.2079,-0.3094,1.3315,1.4432,0.2214,-0.01525,-0.02936,0.0126,-0.1185,-0.1081,0.0266,0.00000,0.00000,1.2851,1.3256
1829,73.1600,0.1960,0.0000,-0.3078,0.2290,-0.0017,0.0518,0.0084,0.0130,-0.2439,1.3357,1.4349,0.2222,-0.01824,-0.02812,0.0123,-0.1170,-0.1282,0.0097,0.00000,0.00000,1.2882,1.3199
1830,73.2000,0.1973,0.0000,-0.2977,0.2278,0.0049,0.0249,-0.0244,0.0556,-0.3501,1.3400,1.4267,0.2223,-0.01717,-0.02925,0.0108,-0.0976,-0.0918,0.0423,0.00000,0.00000,1.2913,1.3142
1831,73.2400,0.1986,0.0000,-0.2876,0.2351,0.0069,0.0270,-0.0354,-0.0423,-0.3206,1.3444,1.4184,0.2220,-0.01751,-0.03282,0.0179,-0.1033,-0.0935,0.0474,0.00000,0.00000,1.2943,1.3083
1832,73.2800,0.1998,0.0000,-0.2776,0.2333,0.0049,0.0208,-0.0259,0.0383,-0.3028,1.3486,1.4100,0.2216,-0.01749,-0.03564,0.0108,-0.0915,-0.0830,0.0157,0.00000,0.00000,1.2973,1.3024
1833,73.3200,0.2010,0.0000,-0.2676,0.2452,-0.0049,0.0342,0.0259,-0.1425,-0.2936,1.3527,1.4014,0.2213,-0.02003,-0.03650,0.0173,-0.0924,-0.1143,0.0667,0.00000,0.00000,1.3003,1.2964
1834,73.3600,0.2021,0.0000,-0.2578,0.2397,0.0048,0.0370,-0.0258,0.0109,-0.3562,1.3565,1.3924,0.2215,-0.02298,-0.03574,0.0156,-0.1079,-0.0905,-0.0103,0.00000,0.00000,1.3033,1.2904
1835,73.4000,0.2032,0.0000,-0.2480,0.2303,0.0146,0.0384,-0.0769,0.1925,-0.2734,1.3608,1.3838,0.2218,-0.01829,-0.04202,0.0137,-0.1209,-0.0992,0.0294,0.00000,0.00000,1.3063,1.2842
1836,73.4400,0.2043,0.0000,-0.2382,0.2408,-0.0044,0.0053,0.0222,0.0291,-0.1715,1.3648,1.3751,0.2213,-0.01411,-0.04596,-0.0171,-0.0900,-0.0926,0.0224,0.00000,0.00000,1.3092,1.2779
1837,73.4800,0.2053,0.0000,-0.2289,0.2484,-0.0159,0.0338,0.0836,-0.0302,-0.2039,1.3680,1.3658,0.2206,-0.01473,-0.03947,0.0016,-0.0994,-0.1167,0.0645,0.00000,0.00000,1.3121,1.2716
1838,73.5200,0.2062,0.0000,-0.2204,0.2538,-0.0069,0.0525,0.0356,-0.0465,-0.2811,1.3712,1.3563,0.2212,-0.01670,-0.03351,0.0043,-0.1008,-0.0993,0.0178,0.00000,0.00000,1.3150,1.2652
1839,73.5600,0.2071,0.0000,-0.2121,0.2580,0.0119,0.0375,-0.0625,-0.1113,-0.2124,1.3751,1.3468,0.2217,-0.02048,-0.03585,0.0180,-0.1148,-0.1039,-0.0018,0.00000,0.00000,1.3179,1.2587
1840,73.6000,0.2080,0.0000,-0.2039,0.2510,0.0214,0.0221,-0.1122,0.0237,-0.2523,1.3794,1.3376,0.2215,-0.02211,-0.04667,0.0250,-0.1031,-0.0782,0.0323,0.00000,0.00000,1.3208,1.2522
1841,73.6400,0.2088,0.0000,-0.1960,0.2495,0.0009,0.0326,-0.0028,0.0092,-0.1042,1.3834,1.3284,0.2213,-0.02046,-0.05409,0.0132,-0.1007,-0.1109,0.0315,0.00000,0.00000,1.3236,1.2455
1842,73.6800,0.2096,0.0000,-0.1888,0.2438,-0.0123,0.0356,0.0707,0.1138,-0.2317,1.3864,1.3189,0.2213,-0.01811,-0.04900,0.0026,-0.1005,-0.0900,0.0164,0.00000,0.00000,1.3264,1.2388
1843,73.7200,0.2103,0.0000,-0.1820,0.2568,-0.0003,0.0434,0.0012,-0.0798,-0.1943,1.3896,1.3094,0.2218,-0.01862,-0.04627,0.0147,-0.1156,-0.0817,0.0267,0.00000,0.00000,1.3292,1.2320
1844,73.7600,0.2111,0.0000,-0.1754,0.2453,-0.0019,0.0415,0.0102,0.1965,-0.1768,1.3928,1.2998,0.2222,-0.01482,-0.04511,0.0110,-0.1097,-0.1263,0.0314,0.00000,0.00000,1.3320,1.2251
1845,73.8000,0.2118,0.0000,-0.1691,0.2630,-0.0016,0.0171,0.0092,-0.0600,-0.2037,1.3961,1.2900,0.2219,-0.01352,-0.04613,-0.0044,-0.0976,-0.0877,0.0361,0.00000,0.00000,1.3347,1.2181
1846,73.8400,0.2125,0.0000,-0.1630,0.2772,-0.0068,0.0231,0.0351,-0.2490,-0.1260,1.3992,1.2798,0.2214,-0.02057,-0.04365,0.0157,-0.0865,-0.0950,0.0571,0.00000,0.00000,1.3374,1.2111
1847,73.8800,0.2131,0.0000,-0.1572,0.2708,0.0053,0.0437,-0.0273,-0.0734,-0.1797,1.4024,1.2696,0.2215,-0.02657,-0.04237,0.0186,-0.1117,-0.1220,0.0168,0.00000,0.00000,1.3402,1.2040
1848,73.9200,0.2137,0.0000,-0.1520,0.2695,0.0029,0.0172,-0.0155,-0.0370,-0.1006,1.4059,1.2594,0.2216,-0.02836,-0.04648,-0.0189,-0.0988,-0.1120,0.0031,0.00000,0.00000,1.3428,1.1968
1849,73.9600,0.2143,0.0000,-0.1470,0.2664,-0.0030,0.0186,0.0161,0.0114,-0.1320,1.4091,1.2492,0.2210,-0.02888,-0.04614,0.0043,-0.0920,-0.1096,0.0599,0.00000,0.00000,1.3455,1.1895
1850,74.0000,0.2149,0.0000,-0.1426,0.2557,-0.0021,0.0413,0.0129,0.1588,-0.0979,1.4120,1.2391,0.2211,-0.02460,-0.04369,-0.0019,-0.1033,-0.1090,0.0026,0.00000,0.00000,1.3481,1.1822
1851,74.0400,0.2154,0.0000,-0.1386,0.2629,-0.0209,0.0301,0.1091,-0.0231,-0.0405,1.4146,1.2290,0.2213,-0.02241,-0.03612,-0.0291,-0.0905,-0.1019,0.0546,0.00000,0.00000,1.3508,1.1747
1852,74.0800,0.2159,0.0000,-0.1352,0.2519,0.0029,0.0459,-0.0103,0.1398,-0.1770,1.4171,1.2189,0.2215,-0.02022,-0.02718,0.0126,-0.1152,-0.1032,-0.0101,0.00000,0.00000,1.3534,1.1672
1853,74.1200,0.2165,0.0000,-0.1322,0.2531,0.0061,0.0532,-0.0284,0.0793,-0.1305,1.4204,1.2092,0.2223,-0.01551,-0.03332,0.0073,-0.1068,-0.1042,0.0418,0.00000,0.00000,1.3559,1.1597
1854,74.1600,0.2170,0.0000,-0.1291,0.2564,-0.0147,0.0260,0.0772,-0.0003,-0.0482,1.4229,1.1993,0.2225,-0.01407,-0.02863,-0.0138,-0.0980,-0.1130,0.0099,0.00000,0.00000,1.3585,1.1520
1855,74.2000,0.2176,0.0000,-0.1264,0.2417,0.0034,0.0465,-0.0130,0.2765,-0.1521,1.4254,1.1894,0.2225,-0.00849,-0.02228,0.0080,-0.1226,-0.0942,0.0210,0.00000,0.00000,1.3610,1.1443
1856,74.2400,0.2182,0.0000,-0.1240,0.2548,0.0075,0.0461,-0.0349,0.0337,-0.1309,1.4286,1.1798,0.2231,-0.00252,-0.02994,0.0193,-0.0960,-0.0859,0.0290,0.00000,0.00000,1.3635,1.1365
1857,74.2800,0.2188,0.0000,-0.1215,0.2677,-0.0126,0.0472,0.0671,-0.1086,-0.1083,1.4311,1.1697,0.2235,-0.00408,-0.02579,0.0081,-0.1167,-0.1446,0.0358,0.00000,0.00000,1.3660,1.1286
1858,74.3200,0.2194,0.0000,-0.1194,0.2691,-0.0095,0.0404,0.0512,-0.0045,-0.1834,1.4334,1.1592,0.2238,-0.00683,-0.01551,-0.0111,-0.1183,-0.1109,0.0191,0.00000,0.00000,1.3685,1.1207
1859,74.3600,0.2200,0.0000,-0.1170,0.2806,0.0155,0.0368,-0.0795,-0.1608,-0.1196,1.4364,1.1487,0.2240,-0.01097,-0.01976,0.0351,-0.1128,-0.0969,0.0286,0.00000,0.00000,1.3709,1.1127
1860,74.4000,0.2206,0.0000,-0.1145,0.2792,0.0197,0.0235,-0.1008,-0.0686,-0.1941,1.4401,1.1382,0.2237,-0.01525,-0.03507,0.0316,-0.0985,-0.0906,0.0370,0.00000,0.00000,1.3734,1.1046
1861,74.4400,0.2212,0.0000,-0.1119,0.2895,-0.0080,0.0246,0.0398,-0.1902,-0.1178,1.4431,1.1274,0.2234,-0.02006,-0.04034,0.0016,-0.0973,-0.1338,0.0520,0.00000,0.00000,1.3758,1.0964
1862,74.4800,0.2217,0.0000,-0.1093,0.2871,0.0078,0.0326,-0.0399,-0.0932,-0.1712,1.4457,1.1163,0.2233,-0.02662,-0.03770,0.0305,-0.1207,-0.0940,-0.0140,0.00000,0.00000,1.3781,1.0882
1863,74.5200,0.2223,0.0000,-0.1066,0.2756,-0.0020,0.0333,0.0104,0.1031,-0.1175,1.4486,1.1055,0.2235,-0.02516,-0.04230,-0.0096,-0.1104,-0.1307,0.0517,0.00000,0.00000,1.3805,1.0799
1864,74.5600,0.2228,0.0000,-0.1039,0.2760,0.0012,0.0124,-0.0057,0.0309,-0.1375,1.4511,1.0946,0.2231,-0.02318,-0.04108,0.0247,-0.0827,-0.0613,-0.0075,0.00000,0.00000,1.3828,1.0715
1865,74.6000,0.2233,0.0000,-0.1011,0.2757,-0.0082,0.0479,0.0433,-0.0273,-0.0857,1.4534,1.0839,0.2231,-0.02271,-0.03832,0.0181,-0.1107,-0.1368,0.0560,0.00000,0.00000,1.3852,1.0631
1866,74.6400,0.2238,0.0000,-0.0986,0.2745,-0.0154,0.0407,0.0788,-0.0398,-0.0389,1.4553,1.0730,0.2238,-0.02435,-0.02556,-0.0076,-0.1122,-0.1084,-0.0259,0.00000,0.00000,1.3874,1.0546
1867,74.6800,0.2243,0.0000,-0.0965,0.2614,-0.0027,0.0445,0.0146,0.1420,-0.1166,1.4572,1.0624,0.2242,-0.02162,-0.01518,0.0175,-0.1170,-0.1138,0.0338,0.00000,0.00000,1.3897,1.0460
1868,74.7200,0.2249,0.0000,-0.0947,0.2621,0.0152,0.0317,-0.0794,0.1352,-0.1420,1.4599,1.0521,0.2245,-0.01637,-0.02314,0.0157,-0.1160,-0.0877,-0.0021,0.00000,0.00000,1.3920,1.0374
1869,74.7600,0.2254,0.0000,-0.0927,0.2797,0.0041,0.0159,-0.0220,-0.1858,-0.0954,1.4627,1.0417,0.2240,-0.01829,-0.03478,0.0111,-0.1051,-0.1056,0.0319,0.00000,0.00000,1.3942,1.0287
1870,74.8000,0.2260,0.0000,-0.0908,0.2769,0.0026,0.0379,-0.0131,-0.0898,-0.2072,1.4650,1.0309,0.2237,-0.02384,-0.03560,0.0384,-0.1058,-0.1014,0.0151,0.00000,0.00000,1.3964,1.0199
1871,74.8400,0.2266,0.0000,-0.0887,0.2662,-0.0092,0.0480,0.0471,0.1378,-0.1359,1.4670,1.0202,0.2244,-0.02153,-0.03167,-0.0102,-0.1243,-0.1330,0.0160,0.00000,0.00000,1.3986,1.0111
1872,74.8800,0.2272,0.0000,-0.0863,0.2797,-0.0037,0.0251,0.0177,-0.1281,-0.0777,1.4689,1.0095,0.2246,-0.02278,-0.02543,0.0192,-0.1113,-0.0970,0.0160,0.00000,0.00000,1.4007,1.0022
1873,74.9200,0.2278,0.0000,-0.0840,0.2758,0.0111,0.0153,-0.0586,-0.0757,-0.1022,1.4712,0.9987,0.2241,-0.02711,-0.02882,0.0201,-0.1078,-0.0873,0.0034,0.00000,0.00000,1.4029,0.9933
1874,74.9600,0.2285,0.0000,-0.0819,0.2703,0.0197,0.0340,-0.1044,0.0152,-0.0665,1.4740,0.9881,0.2239,-0.02773,-0.04747,0.0254,-0.1269,-0.1057,0.0104,0.00000,0.00000,1.4050,0.9842
1875,75.0000,0.2291,0.0000,-0.0800,0.2667,-0.0123,0.0314,0.0631,0.0928,-0.0504,1.4761,0.9776,0.2240,-0.02414,-0.05099,-0.0020,-0.1018,-0.1344,0.0285,0.00000,0.00000,1.4071,0.9751
1876,75.0400,0.2298,0.0000,-0.0785,0.2767,-0.0104,0.0346,0.0530,-0.0788,-0.0597,1.4776,0.9668,0.2241,-0.02555,-0.03623,0.0114,-0.1274,-0.1058,0.0036,0.00000,0.00000,1.4091,0.9660
1877,75.0800,0.2304,0.0000,-0.0773,0.2655,-0.0051,0.0306,0.0259,0.1187,-0.0712,1.4792,0.9561,0.2242,-0.02378,-0.02639,-0.0054,-0.1123,-0.1162,0.0066,0.00000,0.00000,1.4112,0.9568
1878,75.1200,0.2311,0.0000,-0.0762,0.2841,0.0063,0.0253,-0.0335,-0.2623,-0.0603,1.4813,0.9454,0.2241,-0.02801,-0.03033,0.0263,-0.1088,-0.1136,0.0134,0.00000,0.00000,1.4132,0.9475
1879,75.1600,0.2318,0.0000,-0.0753,0.2645,0.0011,0.0377,-0.0062,0.1097,-0.1496,1.4833,0.9347,0.2242,-0.02976,-0.03122,0.0188,-0.1079,-0.1149,0.0247,0.00000,0.00000,1.4152,0.9382
1880,75.2000,0.2325,0.0000,-0.0743,0.2627,-0.0120,0.0244,0.0612,0.1276,-0.0198,1.4849,0.9242,0.2243,-0.02442,-0.02500,-0.0335,-0.1176,-0.1308,0.0038,0.00000,0.00000,1.4172,0.9288
1881,75.2400,0.2332,0.0000,-0.0734,0.2728,0.0006,0.0405,-0.0035,-0.0620,-0.0972,1.4865,0.9135,0.2243,-0.02467,-0.01763,0.0334,-0.1220,-0.1059,0.0554,0.00000,0.00000,1.4191,0.9193
1882,75.2800,0.2340,0.0000,-0.0726,0.2719,-0.0025,0.0251,0.0125,-0.0446,-0.1766,1.4883,0.9028,0.2244,-0.02629,-0.01645,0.0040,-0.0864,-0.0984,0.0116,0.00000,0.00000,1.4211,0.9098
1883,75.3200,0.2347,0.0000,-0.0714,0.2516,0.0308,0.0165,-0.1615,0.3202,-0.1194,1.4906,0.8924,0.2240,-0.02047,-0.03158,0.0219,-0.1278,-0.0782,-0.0593,0.00000,0.00000,1.4230,0.9002
1884,75.3600,0.2355,0.0000,-0.0700,0.2614,0.0267,0.0254,-0.1394,0.1506,-0.1963,1.4938,0.8823,0.2234,-0.01105,-0.07895,0.0207,-0.1133,-0.0877,0.0608,0.00000,0.00000,1.4249,0.8906
1885,75.4000,0.2364,0.0000,-0.0682,0.2643,-0.0228,0.0383,0.1175,0.2224,0.0136,1.4954,0.8717,0.2234,-0.00264,-0.07683,-0.0278,-0.1288,-0.1315,-0.0082,0.00000,0.00000,1.4267,0.8809
1886,75.4400,0.2372,0.0000,-0.0667,0.2868,-0.0189,0.0430,0.0987,-0.1012,-0.1043,1.4961,0.8605,0.2235,-0.00244,-0.04628,0.0246,-0.1046,-0.0862,0.0323,0.00000,0.00000,1.4286,0.8712
1887,75.4800,0.2381,0.0000,-0.0653,0.2804,-0.0020,0.0634,0.0094,0.1142,-0.0097,1.4972,0.8492,0.2243,-0.00142,-0.03040,0.0119,-0.1381,-0.1332,-0.0067,0.00000,0.00000,1.4304,0.8614
1888,75.5200,0.2389,0.0000,-0.0643,0.2847,0.0218,0.0384,-0.1133,0.1145,-0.0918,1.4995,0.8379,0.2248,0.00257,-0.04838,0.0386,-0.1202,-0.0764,0.0146,0.00000,0.00000,1.4322,0.8515
1889,75.5600,0.2397,0.0000,-0.0634,0.3070,-0.0031,0.0310,0.0168,-0.2025,-0.1083,1.5018,0.8263,0.2245,0.00060,-0.06627,0.0372,-0.0880,-0.1155,0.0759,0.00000,0.00000,1.4340,0.8416
1890,75.6000,0.2404,0.0000,-0.0624,0.3084,-0.0137,0.0349,0.0725,-0.0912,-0.1105,1.5029,0.8141,0.2244,-0.00551,-0.04773,0.0221,-0.1049,-0.1073,-0.0159,0.00000,0.00000,1.4357,0.8317
1891,75.6400,0.2411,0.0000,-0.0613,0.3118,0.0161,0.0388,-0.0834,-0.1176,-0.1428,1.5047,0.8019,0.2245,-0.01058,-0.05285,0.0483,-0.1158,-0.0772,0.0122,0.00000,0.00000,1.4374,0.8217
1892,75.6800,0.2418,0.0000,-0.0600,0.3159,-0.0091,0.0322,0.0458,-0.1576,0.0022,1.5066,0.7897,0.2247,-0.01479,-0.06021,0.0031,-0.1079,-0.1504,0.0405,0.00000,0.00000,1.4391,0.8116
1893,75.7200,0.2424,0.0000,-0.0589,0.3199,-0.0077,0.0461,0.0396,-0.1800,-0.1356,1.5077,0.7772,0.2249,-0.02259,-0.04223,0.0511,-0.1157,-0.1091,0.0461,0.00000,0.00000,1.4408,0.8015
1894,75.7600,0.2429,0.0000,-0.0579,0.3146,-0.0016,0.0301,0.0066,-0.1053,-0.0313,1.5091,0.7648,0.2255,-0.02751,-0.03472,0.0079,-0.1174,-0.1331,-0.0243,0.00000,0.00000,1.4425,0.7913
1895,75.8000,0.2434,0.0000,-0.0569,0.3028,0.0117,0.0277,-0.0595,0.0818,-0.1134,1.5109,0.7526,0.2253,-0.02780,-0.04230,0.0374,-0.1234,-0.1122,0.0458,0.00000,0.00000,1.4441,0.7811
1896,75.8400,0.2439,0.0000,-0.0560,0.3011,-0.0066,0.0189,0.0336,0.0971,-0.0046,1.5125,0.7406,0.2251,-0.02296,-0.04838,-0.0110,-0.1087,-0.1437,0.0092,0.00000,0.00000,1.4457,0.7708
1897,75.8800,0.2443,0.0000,-0.0553,0.3027,-0.0127,0.0140,0.0654,0.0792,0.0116,1.5135,0.7284,0.2245,-0.02030,-0.02740,-0.0139,-0.1189,-0.1200,0.0109,0.00000,0.00000,1.4473,0.7605
1898,75.9200,0.2447,0.0000,-0.0550,0.2970,0.0189,0.0380,-0.0969,0.1993,-0.0877,1.5151,0.7164,0.2242,-0.01499,-0.03329,0.0311,-0.1236,-0.0873,0.0042,0.00000,0.00000,1.4489,0.7501
1899,75.9600,0.2452,0.0000,-0.0549,0.3210,0.0104,0.0307,-0.0550,-0.2383,-0.0470,1.5175,0.7043,0.2244,-0.01662,-0.06778,0.0243,-0.1066,-0.1077,0.0342,0.00000,0.00000,1.4504,0.7397
1900,76.0000,0.2456,0.0000,-0.0547,0.3071,-0.0027,0.0368,0.0148,0.0777,-0.0876,1.5190,0.6919,0.2244,-0.01907,-0.06535,0.0328,-0.1148,-0.1148,0.0012,0.00000,0.00000,1.4519,0.7293
1901,76.0400,0.2459,0.0000,-0.0547,0.3083,-0.0004,0.0352,0.0028,0.0609,-0.0787,1.5204,0.6796,0.2247,-0.01609,-0.06584,0.0098,-0.1185,-0.1207,0.0090,0.00000,0.00000,1.4534,0.7187
1902,76.0800,0.2463,0.0000,-0.0544,0.3105,0.0049,0.0425,-0.0255,0.0465,-0.0228,1.5219,0.6672,0.2249,-0.01439,-0.06988,0.0299,-0.1378,-0.1211,0.0136,0.00000,0.00000,1.4549,0.7082
1903,76.1200,0.2466,0.0000,-0.0544,0.3236,-0.0120,0.0169,0.0609,-0.1779,0.0239,1.5232,0.6547,0.2248,-0.01761,-0.06572,-0.0085,-0.1092,-0.1121,0.0280,0.00000,0.00000,1.4563,0.6976
1904,76.1600,0.2470,0.0000,-0.0546,0.3131,-0.0068,0.0241,0.0355,0.0423,-0.0377,1.5240,0.6421,0.2243,-0.01987,-0.04096,0.0174,-0.1060,-0.1110,0.0083,0.00000,0.00000,1.4578,0.6869
1905,76.2000,0.2472,0.0000,-0.0552,0.3147,0.0154,0.0400,-0.0796,0.0203,-0.1572,1.5258,0.6296,0.2244,-0.01877,-0.05463,0.0264,-0.1180,-0.1063,0.0114,0.00000,0.00000,1.4592,0.6763
1906,76.2400,0.2475,0.0000,-0.0554,0.3258,0.0074,0.0434,-0.0400,-0.1689,-0.0225,1.5278,0.6171,0.2249,-0.02235,-0.08102,0.0302,-0.1324,-0.1155,0.0253,0.00000,0.00000,1.4606,0.6655
1907,76.2800,0.2478,0.0000,-0.0556,0.3189,0.0007,0.0150,-0.0043,-0.0535,-0.1255,1.5292,0.6044,0.2247,-0.02643,-0.08418,0.0383,-0.0918,-0.0904,0.0003,0.00000,0.00000,1.4619,0.6547
1908,76.3200,0.2480,0.0000,-0.0555,0.3229,0.0082,0.0359,-0.0432,-0.1577,-0.1081,1.5308,0.5918,0.2246,-0.03120,-0.09758,0.0409,-0.1286,-0.1155,0.0328,0.00000,0.00000,1.4632,0.6439
1909,76.3600,0.2483,0.0000,-0.0552,0.3127,-0.0167,0.0285,0.0864,0.0122,-0.0275,1.5317,0.5792,0.2250,-0.03253,-0.08571,-0.0025,-0.1096,-0.1436,0.0072,0.00000,0.00000,1.4645,0.6331
1910,76.4000,0.2485,0.0000,-0.0550,0.2968,0.0048,0.0203,-0.0249,0.2724,-0.0391,1.5325,0.5669,0.2247,-0.02704,-0.06708,0.0122,-0.1332,-0.0996,-0.0251,0.00000,0.00000,1.4658,0.6222
1911,76.4400,0.2487,0.0000,-0.0549,0.3055,0.0039,0.0162,-0.0210,0.0729,0.0094,1.5341,0.5548,0.2243,-0.02006,-0.08631,-0.0026,-0.1094,-0.1125,0.0390,0.00000,0.00000,1.4671,0.6112
1912,76.4800,0.2490,0.0000,-0.0550,0.3234,-0.0094,0.0367,0.0488,-0.2295,0.0043,1.5352,0.5424,0.2241,-0.02450,-0.07852,0.0315,-0.1127,-0.1186,0.0420,0.00000,0.00000,1.4683,0.6003
1913,76.5200,0.2492,0.0000,-0.0556,0.3137,-0.0173,0.0458,0.0899,-0.0369,-0.0471,1.5356,0.5298,0.2247,-0.02886,-0.04289,0.0134,-0.1067,-0.1375,0.0073,0.00000,0.00000,1.4695,0.5892
1914,76.5600,0.2495,0.0000,-0.0563,0.3119,0.0024,0.0454,-0.0123,-0.0522,-0.0418,1.5365,0.5174,0.2255,-0.03110,-0.02799,0.0314,-0.1297,-0.1302,0.0205,0.00000,0.00000,1.4707,0.5782
1915,76.6000,0.2497,0.0000,-0.0570,0.2988,0.0239,0.0178,-0.1236,0.1220,-0.0385,1.5383,0.5053,0.2256,-0.02913,-0.05777,0.0354,-0.1187,-0.1069,-0.0251,0.00000,0.00000,1.4719,0.5671
1916,76.6400,0.2500,0.0000,-0.0577,0.2973,0.0054,0.0026,-0.0275,0.1177,-0.0698,1.5402,0.4934,0.2246,-0.02388,-0.09549,0.0017,-0.0997,-0.1075,0.0529,0.00000,0.00000,1.4730,0.5560
1917,76.6800,0.2502,0.0000,-0.0584,0.3016,0.0015,0.0198,-0.0068,0.0682,-0.1091,1.5413,0.4813,0.2238,-0.02094,-0.10188,0.0163,-0.1125,-0.0843,-0.0043,0.00000,0.00000,1.4742,0.5448
1918,76.7200,0.2505,0.0000,-0.0588,0.3034,-0.0054,0.0404,0.0294,0.0577,-0.0950,1.5423,0.4692,0.2239,-0.01815,-0.10014,0.0046,-0.1194,-0.1181,0.0191,0.00000,0.00000,1.4753,0.5336
1919,76.7600,0.2509,0.0000,-0.0589,0.3085,0.0024,0.0495,-0.0124,-0.0091,-0.0484,1.5433,0.4569,0.2245,-0.01784,-0.09737,0.0303,-0.1359,-0.1135,-0.0021,0.00000,0.00000,1.4763,0.5224
1920,76.8000,0.2512,0.0000,-0.0590,0.3137,0.0024,0.0359,-0.0135,-0.1063,-0.0594,1.5445,0.4447,0.2249,-0.02039,-0.10776,0.0330,-0.1173,-0.1111,0.0264,0.00000,0.00000,1.4774,0.5111
1921,76.8400,0.2515,0.0000,-0.0591,0.2980,0.0133,0.0152,-0.0697,0.1970,-0.0267,1.5457,0.4324,0.2247,-0.01787,-0.12421,0.0245,-0.1167,-0.0858,-0.0377,0.00000,0.00000,1.4784,0.4998
1922,76.8800,0.2518,0.0000,-0.0591,0.3199,-0.0162,0.0072,0.0834,-0.2046,-0.0327,1.5468,0.4202,0.2237,-0.01861,-0.13039,-0.0091,-0.0847,-0.1114,0.0908,0.00000,0.00000,1.4794,0.4885
1923,76.9200,0.2521,0.0000,-0.0594,0.3103,-0.0069,0.0321,0.0355,0.0491,-0.0254,1.5470,0.4075,0.2233,-0.02204,-0.08400,0.0144,-0.1176,-0.0810,-0.0445,0.00000,0.00000,1.4804,0.4771
1924,76.9600,0.2524,0.0000,-0.0598,0.3077,0.0070,0.0273,-0.0361,0.0849,-0.1026,1.5481,0.3952,0.2233,-0.01888,-0.09593,0.0057,-0.0922,-0.0731,0.0399,0.00000,0.00000,1.4814,0.4657
1925,77.0000,0.2527,0.0000,-0.0601,0.3246,0.0094,0.0356,-0.0497,-0.2062,-0.1322,1.5495,0.3827,0.2233,-0.02237,-0.12788,0.0398,-0.1098,-0.0949,0.0227,0.00000,0.00000,1.4823,0.4543
1926,77.0400,0.2530,0.0000,-0.0601,0.3302,-0.0060,0.0282,0.0299,-0.2914,-0.1335,1.5504,0.3699,0.2235,-0.03264,-0.13799,0.0211,-0.0949,-0.0881,0.0172,0.00000,0.00000,1.4832,0.4428
1927,77.0800,0.2533,0.0000,-0.0596,0.3012,0.0048,0.0313,-0.0264,0.2147,-0.1367,1.5510,0.3574,0.2236,-0.03238,-0.12872,0.0280,-0.1077,-0.1034,-0.0247,0.00000,0.00000,1.4841,0.4314
1928,77.1200,0.2536,0.0000,-0.0588,0.3036,0.0169,0.0249,-0.0897,0.1193,-0.0360,1.5524,0.3452,0.2236,-0.02589,-0.18644,0.0066,-0.1295,-0.1022,-0.0027,0.00000,0.00000,1.4849,0.4199
1929,77.1600,0.2539,0.0000,-0.0579,0.3061,-0.0114,0.0180,0.0580,0.0896,-0.0082,1.5533,0.3329,0.2232,-0.02148,-0.19503,-0.0038,-0.1018,-0.1004,0.0392,0.00000,0.00000,1.4858,0.4083
1930,77.2000,0.2541,0.0000,-0.0574,0.3174,0.0016,0.0398,-0.0084,-0.0961,-0.1375,1.5537,0.3204,0.2231,-0.02301,-0.18068,0.0424,-0.1129,-0.0847,-0.0018,0.00000,0.00000,1.4866,0.3968
1931,77.2400,0.2544,0.0000,-0.0568,0.3135,0.0061,0.0531,-0.0328,-0.0072,-0.1393,1.5546,0.3079,0.2239,-0.02478,-0.21463,0.0251,-0.1302,-0.1019,0.0101,0.00000,0.00000,1.4874,0.3852
1932,77.2800,0.2547,0.0000,-0.0559,0.3137,0.0076,0.0297,-0.0408,-0.0200,-0.2200,1.5555,0.2953,0.2243,-0.02563,-0.28092,0.0412,-0.1093,-0.0677,0.0238,0.00000,0.00000,1.4881,0.3736
1933,77.3200,0.2550,0.0000,-0.0542,0.3152,-0.0012,0.0085,0.0049,-0.0689,-0.1038,1.5562,0.2828,0.2239,-0.02733,-0.33519,0.0130,-0.1048,-0.0862,-0.0000,0.00000,0.00000,1.4889,0.3619
1934,77.3600,0.2552,0.0000,-0.0522,0.3107,-0.0135,0.0253,0.0706,0.0224,-0.0642,1.5562,0.2704,0.2234,-0.02767,-0.29985,0.0074,-0.1091,-0.1170,0.0347,0.00000,0.00000,1.4896,0.3503
1935,77.4000,0.2555,0.0000,-0.0504,0.3061,-0.0056,0.0365,0.0292,0.1320,-0.0897,1.5561,0.2579,0.2235,-0.02465,-0.26101,0.0059,-0.1150,-0.0846,0.0058,0.00000,0.00000,1.4903,0.3386
1936,77.4400,0.2558,0.0000,-0.0486,0.3061,-0.0027,0.0214,0.0149,0.1239,-0.1221,1.5564,0.2456,0.2235,-0.01912,-0.26777,-0.0042,-0.1015,-0.1046,0.0025,0.00000,0.00000,1.4910,0.3269
1937,77.4800,0.2560,0.0000,-0.0468,0.3181,0.0052,0.0322,-0.0281,-0.0703,0.0107,1.5568,0.2330,0.2233,-0.01942,-0.29879,0.0104,-0.1313,-0.0963,0.0089,0.00000,0.00000,1.4916,0.3152
1938,77.5200,0.2563,0.0000,-0.0452,0.3180,-0.0047,0.0405,0.0237,-0.0425,-0.0563,1.5571,0.2204,0.2235,-0.02090,-0.29889,0.0245,-0.0986,-0.1164,0.0371,0.00000,0.00000,1.4922,0.3034
1939,77.5600,0.2565,0.0000,-0.0440,0.3233,-0.0216,0.0492,0.1104,-0.1054,0.0745,1.5568,0.2077,0.2243,-0.02383,-0.18065,0.0059,-0.1150,-0.1403,0.0336,0.00000,0.00000,1.4928,0.2917
1940,77.6000,0.2567,0.0000,-0.0434,0.3266,-0.0191,0.0313,0.0977,-0.1833,-0.0290,1.5562,0.1949,0.2247,-0.03032,-0.00823,0.0122,-0.0962,-0.1138,0.0444,0.00000,0.00000,1.4934,0.2799
1941,77.6400,0.2568,0.0000,-0.0433,0.3168,0.0142,0.0257,-0.0743,-0.0661,-0.0492,1.5564,0.1822,0.2248,-0.03515,0.01632,0.0253,-0.1128,-0.1157,-0.0185,0.00000,0.00000,1.4939,0.2681
1942,77.6800,0.2570,0.0000,-0.0433,0.3053,0.0251,0.0141,-0.1305,0.0919,-0.0835,1.5577,0.1698,0.2244,-0.03417,-0.17379,0.0076,-0.1144,-0.0894,0.0308,0.00000,0.00000,1.4945,0.2563
1943,77.7200,0.2571,0.0000,-0.0431,0.3005,0.0044,0.0071,-0.0221,0.1604,-0.1454,1.5587,0.1575,0.2236,-0.02811,-0.35607,0.0008,-0.0870,-0.0960,0.0276,0.00000,0.00000,1.4950,0.2444
1944,77.7600,0.2573,0.0000,-0.0427,0.3088,-0.0137,0.0392,0.0721,0.0455,-0.0806,1.5586,0.1452,0.2235,-0.02466,-0.34524,-0.0113,-0.1276,-0.1236,0.0384,0.00000,0.00000,1.4955,0.2326
1945,77.8000,0.2574,0.0000,-0.0421,0.3157,-0.0010,0.0538,0.0055,-0.0711,-0.1244,1.5584,0.1327,0.2243,-0.02603,-0.32305,0.0368,-0.1183,-0.0987,0.0141,0.00000,0.00000,1.4959,0.2207
1946,77.8400,0.2576,0.0000,-0.0412,0.3121,-0.0048,0.0161,0.0242,-0.0341,-0.0485,1.5584,0.1203,0.2245,-0.02774,-0.35958,-0.0143,-0.1049,-0.1105,0.0043,0.00000,0.00000,1.4963,0.2088
1947,77.8800,0.2578,0.0000,-0.0403,0.2984,0.0106,0.0256,-0.0547,0.2118,-0.0800,1.5586,0.1079,0.2240,-0.02373,-0.48437,0.0236,-0.1128,-0.0980,0.0348,0.00000,0.00000,1.4967,0.1970
1948,77.9200,0.2579,0.0000,-0.0394,0.3056,0.0049,0.0216,-0.0255,0.0989,-0.0531,1.5592,0.0957,0.2238,-0.01734,-0.98515,-0.0102,-0.1031,-0.1007,0.0177,0.00000,0.00000,1.4971,0.1851
1949,77.9600,0.2581,0.0000,-0.0386,0.3098,0.0054,0.0230,-0.0282,0.0686,-0.0537,1.5594,0.0833,0.2233,-0.01479,-1.23098,0.0034,-0.1197,-0.0923,-0.0083,0.00000,0.00000,1.4975,0.1731
1950,78.0000,0.2582,0.0000,-0.0380,0.3138,0.0120,0.0376,-0.0617,0.0411,-0.1059,1.5599,0.0707,0.2232,-0.01274,-1.69535,0.0243,-0.1094,-0.0839,0.0178,0.00000,0.00000,1.4978,0.1612
1951,78.0400,0.2583,0.0000,-0.0372,0.3305,-0.0110,0.0543,0.0576,-0.2041,-0.1157,1.5599,0.0580,0.2238,-0.01611,-2.06957,0.0295,-0.1045,-0.1350,0.0580,0.00000,0.00000,1.4981,0.1493
1952,78.0800,0.2584,0.0000,-0.0364,0.3221,-0.0068,0.0445,0.0347,0.0096,-0.0458,1.5592,0.0450,0.2247,-0.02021,-2.53624,0.0224,-0.1246,-0.1041,-0.0327,0.00000,0.00000,1.4984,0.1373
1953,78.1200,0.2585,0.0000,-0.0354,0.3156,0.0060,0.0114,-0.0310,0.0963,-0.0449,1.5592,0.0322,0.2244,-0.01749,-2.61267,0.0084,-0.0965,-0.0962,0.0231,0.00000,0.00000,1.4987,0.1254
1954,78.1600,0.2585,0.0000,-0.0346,0.3180,0.0083,0.0258,-0.0431,0.0885,-0.1154,1.5594,0.0195,0.2238,-0.01383,-2.60352,0.0221,-0.1061,-0.1046,0.0359,0.00000,0.00000,1.4989,0.1134
1955,78.2000,0.2585,0.0000,-0.0339,0.3271,-0.0047,0.0453,0.0237,-0.0080,-0.0037,1.5594,0.0065,0.2240,-0.01237,-2.63858,0.0077,-0.1220,-0.1188,0.0146,0.00000,0.00000,1.4991,0.1014
1956,78.2400,0.2585,0.0000,-0.0332,0.3240,-0.0068,0.0315,0.0341,0.0961,0.0537,1.5588,-0.0066,0.2243,-0.01050,-2.69386,-0.0032,-0.1243,-0.1199,-0.0188,0.00000,0.00000,1.4993,0.0895
1957,78.2800,0.2584,0.0000,-0.0331,0.3336,0.0013,0.0268,-0.0072,-0.0450,-0.0019,1.5586,-0.0197,0.2240,-0.01032,-2.67123,0.0109,-0.1084,-0.0942,0.0414,0.00000,0.00000,1.4995,0.0775
1958,78.3200,0.2583,0.0000,-0.0335,0.3478,-0.0071,0.0383,0.0370,-0.2482,-0.0854,1.5584,-0.0331,0.2240,-0.01655,-2.75990,0.0288,-0.0890,-0.1080,0.0550,0.00000,0.00000,1.4996,0.0655
1959,78.3600,0.2581,0.0000,-0.0339,0.3577,-0.0168,0.0406,0.0850,-0.4037,-0.0236,1.5576,-0.0468,0.2245,-0.03007,-2.99530,0.0271,-0.0936,-0.1232,0.0280,0.00000,0.00000,1.4998,0.0535
1960,78.4000,0.2579,0.0000,-0.0342,0.3226,0.0074,0.0353,-0.0384,0.2066,-0.1008,1.5570,-0.0603,0.2249,-0.03198,-3.13977,0.0379,-0.1008,-0.1233,-0.0162,0.00000,0.00000,1.4999,0.0415
1961,78.4400,0.2576,0.0000,-0.0345,0.3196,0.0302,0.0213,-0.1576,0.1994,0.0365,1.5579,-0.0734,0.2250,-0.02394,-2.85508,0.0107,-0.1350,-0.1090,0.0047,0.00000,0.00000,1.4999,0.0295
1962,78.4800,0.2573,0.0000,-0.0350,0.3345,0.0040,0.0126,-0.0204,-0.0845,-0.1312,1.5586,-0.0865,0.2242,-0.02229,-2.71074,0.0350,-0.0846,-0.0996,0.0785,0.00000,0.00000,1.5000,0.0175
1963,78.5200,0.2569,0.0000,-0.0354,0.3302,-0.0169,0.0464,0.0874,0.0526,-0.0186,1.5578,-0.0998,0.2244,-0.02239,-2.84096,0.0069,-0.1282,-0.1479,-0.0161,0.00000,0.00000,1.5000,0.0055
1964,78.5600,0.2566,0.0000,-0.0358,0.3372,-0.0028,0.0341,0.0130,-0.1041,-0.0245,1.5571,-0.1131,0.2249,-0.02477,-2.94283,0.0220,-0.1172,-0.0982,0.0120,0.00000,0.00000,1.5000,-0.0065
1965,78.6000,0.2562,0.0000,-0.0362,0.3294,-0.0012,0.0231,0.0044,-0.0040,0.0879,1.5568,-0.1262,0.2249,-0.02595,-2.94350,0.0159,-0.1089,-0.1367,0.0114,0.00000,0.00000,1.5000,-0.0185
1966,78.6400,0.2557,0.0000,-0.0372,0.3283,-0.0008,0.0188,0.0042,-0.0025,-0.0250,1.5565,-0.1394,0.2244,-0.02625,-2.93898,0.0235,-0.0885,-0.1017,0.0456,0.00000,0.00000,1.4999,-0.0305
1967,78.6800,0.2553,0.0000,-0.0385,0.3188,0.0051,0.0240,-0.0261,0.1703,-0.0664,1.5563,-0.1524,0.2241,-0.02230,-2.94448,0.0061,-0.1062,-0.1098,-0.0117,0.00000,0.00000,1.4999,-0.0425
1968,78.7200,0.2548,0.0000,-0.0397,0.3295,0.0054,0.0325,-0.0281,-0.0296,-0.0259,1.5564,-0.1654,0.2241,-0.02047,-2.88755,0.0087,-0.1233,-0.1083,0.0360,0.00000,0.00000,1.4998,-0.0545
1969,78.7600,0.2543,0.0000,-0.0409,0.3359,-0.0032,0.0435,0.0168,-0.1289,-0.1369,1.5562,-0.1786,0.2244,-0.02393,-2.92361,0.0449,-0.0984,-0.1044,0.0556,0.00000,0.00000,1.4996,-0.0665
1970,78.8000,0.2539,0.0000,-0.0418,0.3309,-0.0011,0.0421,0.0042,-0.0425,-0.0619,1.5556,-0.1918,0.2251,-0.02695,-2.98234,0.0315,-0.1173,-0.1275,-0.0123,0.00000,0.00000,1.4995,-0.0785
1971,78.8400,0.2533,0.0000,-0.0424,0.3189,0.0041,0.0256,-0.0218,0.1460,-0.0110,1.5553,-0.2049,0.2252,-0.02432,-2.98179,0.0156,-0.1208,-0.1208,0.0204,0.00000,0.00000,1.4993,-0.0904
1972,78.8800,0.2528,0.0000,-0.0431,0.3273,0.0012,0.0137,-0.0084,-0.0431,0.0823,1.5552,-0.2178,0.2248,-0.02262,-2.93445,-0.0005,-0.1216,-0.1326,0.0093,0.00000,0.00000,1.4991,-0.1024
1973,78.9200,0.2523,0.0000,-0.0443,0.3148,0.0026,0.0312,-0.0128,0.2166,-0.0599,1.5548,-0.2308,0.2244,-0.01866,-2.93514,0.0261,-0.1077,-0.0998,0.0348,0.00000,0.00000,1.4989,-0.1144
1974,78.9600,0.2517,0.0000,-0.0458,0.3323,-0.0006,0.0309,0.0013,-0.1028,0.0002,1.5547,-0.2437,0.2245,-0.01717,-2.91399,0.0088,-0.1115,-0.1143,0.0102,0.00000,0.00000,1.4987,-0.1263
1975,79.0000,0.2511,0.0000,-0.0472,0.3319,0.0056,0.0294,-0.0295,-0.0823,-0.0584,1.5543,-0.2569,0.2244,-0.02145,-2.92081,0.0379,-0.1143,-0.1031,-0.0027,0.00000,0.00000,1.4984,-0.1383
1976,79.0400,0.2505,0.0000,-0.0487,0.3322,0.0181,0.0354,-0.0941,-0.1066,-0.1121,1.5546,-0.2701,0.2245,-0.02539,-2.86502,0.0552,-0.1066,-0.0849,0.0223,0.00000,0.00000,1.4981,-0.1502
1977,79.0800,0.2499,0.0000,-0.0498,0.3333,0.0009,0.0149,-0.0062,-0.1671,-0.0312,1.5546,-0.2832,0.2244,-0.03025,-2.83451,0.0323,-0.0903,-0.1122,-0.0049,0.00000,0.00000,1.4978,-0.1622
1978,79.1200,0.2492,0.0000,-0.0507,0.3250,0.0062,0.0190,-0.0330,-0.0639,-0.0917,1.5543,-0.2962,0.2239,-0.03512,-2.84653,0.0495,-0.1030,-0.0933,-0.0035,0.00000,0.00000,1.4975,-0.1741
1979,79.1600,0.2486,0.0000,-0.0516,0.3271,-0.0177,0.0373,0.0904,-0.1646,0.0318,1.5536,-0.3090,0.2242,-0.03901,-2.86879,-0.0029,-0.1197,-0.1588,0.0412,0.00000,0.00000,1.4971,-0.1860
1980,79.2000,0.2479,0.0000,-0.0527,0.3138,-0.0041,0.0197,0.0211,0.0086,-0.0488,1.5525,-0.3218,0.2243,-0.04258,-2.95903,0.0274,-0.1075,-0.0849,-0.0363,0.00000,0.00000,1.4967,-0.1979
1981,79.2400,0.2472,0.0000,-0.0539,0.3117,0.0065,0.0354,-0.0350,-0.0787,-0.0153,1.5523,-0.3341,0.2244,-0.04378,-2.93404,0.0283,-0.1244,-0.1285,0.0615,0.00000,0.00000,1.4963,-0.2098
1982,79.2800,0.2466,0.0000,-0.0552,0.2848,0.0054,0.0231,-0.0293,0.3609,-0.0733,1.5520,-0.3462,0.2246,-0.03629,-2.93184,0.0101,-0.1155,-0.1148,-0.0385,0.00000,0.00000,1.4959,-0.2217
1983,79.3200,0.2460,0.0000,-0.0564,0.3001,-0.0043,0.0082,0.0209,0.0036,-0.0186,1.5517,-0.3581,0.2241,-0.03039,-2.92208,-0.0068,-0.1102,-0.0947,0.0490,0.00000,0.00000,1.4954,-0.2335
1984,79.3600,0.2454,0.0000,-0.0575,0.3004,-0.0057,0.0232,0.0291,-0.0220,-0.1069,1.5509,-0.3700,0.2235,-0.03096,-2.96968,0.0235,-0.1013,-0.1064,-0.0001,0.00000,0.00000,1.4949,-0.2454
1985,79.4000,0.2448,0.0000,-0.0586,0.2994,0.0040,0.0574,-0.0219,-0.0246,-0.0578,1.5504,-0.3820,0.2242,-0.03196,-2.97945,0.0274,-0.1368,-0.1291,0.0129,0.00000,0.00000,1.4944,-0.2572
1986,79.4400,0.2443,0.0000,-0.0595,0.2921,0.0017,0.0221,-0.0100,0.0652,-0.0981,1.5500,-0.3938,0.2247,-0.03086,-2.98408,0.0049,-0.1127,-0.0983,-0.0086,0.00000,0.00000,1.4939,-0.2690
1987,79.4800,0.2438,0.0000,-0.0601,0.2912,-0.0085,0.0132,0.0423,0.0333,0.0546,1.5492,-0.4054,0.2242,-0.02869,-2.99943,-0.0082,-0.1163,-0.1239,0.0265,0.00000,0.00000,1.4934,-0.2808
1988,79.5200,0.2433,0.0000,-0.0610,0.2841,0.0043,0.0234,-0.0237,0.1564,0.0566,1.5485,-0.4170,0.2237,-0.02486,-3.00623,0.0091,-0.1172,-0.0994,-0.0122,0.00000,0.00000,1.4928,-0.2926
1989,79.5600,0.2428,0.0000,-0.0624,0.2952,0.0042,0.0491,-0.0212,-0.0442,-0.1266,1.5484,-0.4286,0.2239,-0.02307,-2.97689,0.0319,-0.1107,-0.1125,0.0770,0.00000,0.00000,1.4922,-0.3044
1990,79.6000,0.2423,0.0000,-0.0639,0.2912,-0.0018,0.0463,0.0082,0.0690,-0.0904,1.5478,-0.4404,0.2248,-0.02226,-2.99746,0.0134,-0.1316,-0.1196,-0.0367,0.00000,0.00000,1.4916,-0.3161
1991,79.6400,0.2418,0.0000,-0.0650,0.2976,-0.0146,0.0162,0.0732,-0.0826,0.0771,1.5468,-0.4521,0.2248,-0.02283,-3.02823,-0.0156,-0.1176,-0.1310,0.0245,0.00000,0.00000,1.4909,-0.3278
1992,79.6800,0.2414,0.0000,-0.0663,0.2847,0.0170,0.0338,-0.0888,0.1661,-0.0186,1.5462,-0.4638,0.2244,-0.02133,-3.02838,0.0339,-0.1398,-0.1029,-0.0093,0.00000,0.00000,1.4902,-0.3395
1993,79.7200,0.2409,0.0000,-0.0681,0.3005,0.0095,0.0185,-0.0509,-0.1429,-0.0382,1.5465,-0.4754,0.2243,-0.02076,-2.95566,0.0032,-0.0986,-0.1112,0.0152,0.00000,0.00000,1.4895,-0.3512
1994,79.7600,0.2404,0.0000,-0.0698,0.3041,-0.0104,0.0285,0.0537,-0.1774,-0.0825,1.5458,-0.4874,0.2239,-0.02772,-2.97927,0.0399,-0.0937,-0.1000,0.0403,0.00000,0.00000,1.4888,-0.3629
1995,79.8000,0.2399,0.0000,-0.0714,0.2938,0.0071,0.0484,-0.0376,-0.0036,-0.1290,1.5450,-0.4992,0.2244,-0.03097,-3.00306,0.0433,-0.1206,-0.1075,-0.0155,0.00000,0.00000,1.4881,-0.3745
1996,79.8400,0.2394,0.0000,-0.0726,0.2853,0.0206,0.0286,-0.1085,0.0949,-0.0843,1.5451,-0.5108,0.2248,-0.02876,-2.96145,0.0238,-0.1343,-0.1061,-0.0223,0.00000,0.00000,1.4873,-0.3861
1997,79.8800,0.2389,0.0000,-0.0734,0.2855,0.0090,0.0127,-0.0481,0.0566,-0.0766,1.5451,-0.5223,0.2243,-0.02577,-2.92099,0.0195,-0.1204,-0.0952,0.0236,0.00000,0.00000,1.4865,-0.3977
1998,79.9200,0.2384,0.0000,-0.0742,0.2834,-0.0229,0.0133,0.1193,0.1289,-0.0942,1.5440,-0.5338,0.2236,-0.02140,-2.96099,-0.0125,-0.0936,-0.0979,0.0333,0.00000,0.00000,1.4857,-0.4092
1999,79.9600,0.2379,0.0000,-0.0747,0.2883,-0.0179,0.0292,0.0923,0.0771,-0.0385,1.5422,-0.5452,0.2232,-0.01807,-3.03444,-0.0057,-0.1112,-0.0915,-0.0035,0.00000,0.00000,1.4849,-0.4208
